run,type,module,name,attrname,attrvalue,vectime,vecvalue
Ieee802154Power-2-20260924-21:43:54-1666,runattr,,,configname,Ieee802154Power,,
Ieee802154Power-2-20260924-21:43:54-1666,runattr,,,datetime,20260924-21:43:54,,
Ieee802154Power-2-20260924-21:43:54-1666,runattr,,,datetimef,20260924-214354,,
Ieee802154Power-2-20260924-21:43:54-1666,runattr,,,experiment,Ieee802154Power,,
Ieee802154Power-2-20260924-21:43:54-1666,runattr,,,inifile,omnetpp.ini,,
Ieee802154Power-2-20260924-21:43:54-1666,runattr,,,iterationvars,,,
Ieee802154Power-2-20260924-21:43:54-1666,runattr,,,iterationvarsd,,,
Ieee802154Power-2-20260924-21:43:54-1666,runattr,,,iterationvarsf,,,
Ieee802154Power-2-20260924-21:43:54-1666,runattr,,,measurement,,,
Ieee802154Power-2-20260924-21:43:54-1666,runattr,,,network,Ieee802154Showcase,,
Ieee802154Power-2-20260924-21:43:54-1666,runattr,,,processid,1666,,
Ieee802154Power-2-20260924-21:43:54-1666,runattr,,,repetition,2,,
Ieee802154Power-2-20260924-21:43:54-1666,runattr,,,replication,#2,,
Ieee802154Power-2-20260924-21:43:54-1666,runattr,,,resultdir,results,,
Ieee802154Power-2-20260924-21:43:54-1666,runattr,,,runnumber,2,,
Ieee802154Power-2-20260924-21:43:54-1666,runattr,,,seedset,2,,
Ieee802154Power-2-20260924-21:43:54-1666,config,,,extends,Ieee802154,,
Ieee802154Power-2-20260924-21:43:54-1666,config,,,sim-time-limit,100s,,
Ieee802154Power-2-20260924-21:43:54-1666,config,,,repeat,10,,
Ieee802154Power-2-20260924-21:43:54-1666,config,,,**.energyStorage.residualEnergyCapacity.result-recording-modes,+last,,
Ieee802154Power-2-20260924-21:43:54-1666,config,,,network,Ieee802154Showcase,,
Ieee802154Power-2-20260924-21:43:54-1666,config,,,**.arp.typename,GlobalArp,,
Ieee802154Power-2-20260924-21:43:54-1666,config,,,**.netmaskRoutes,"""""",,
Ieee802154Power-2-20260924-21:43:54-1666,config,,,*.radioMedium.backgroundNoise.power,-110dBm,,
Ieee802154Power-2-20260924-21:43:54-1666,config,,,*.configurator.config,"xmldoc(""startopology.xml"")",,
Ieee802154Power-2-20260924-21:43:54-1666,config,,,*.configurator.addStaticRoutes,false,,
Ieee802154Power-2-20260924-21:43:54-1666,config,,,*.sensor*.numApps,1,,
Ieee802154Power-2-20260924-21:43:54-1666,config,,,*.sensor*.app[*].typename,UdpBasicApp,,
Ieee802154Power-2-20260924-21:43:54-1666,config,,,*.sensor*.app[*].destAddresses,"""controller""",,
Ieee802154Power-2-20260924-21:43:54-1666,config,,,*.sensor*.app[*].destPort,1000,,
Ieee802154Power-2-20260924-21:43:54-1666,config,,,*.sensor*.app[*].sendInterval,1s,,
Ieee802154Power-2-20260924-21:43:54-1666,config,,,*.sensor*.app[*].startTime,"uniform(0s,1s)",,
Ieee802154Power-2-20260924-21:43:54-1666,config,,,*.sensor*.app[*].messageLength,10Byte,,
Ieee802154Power-2-20260924-21:43:54-1666,config,,,*.sensor*.app[*].packetName,"""SensorData""",,
Ieee802154Power-2-20260924-21:43:54-1666,config,,,*.controller.numApps,2,,
Ieee802154Power-2-20260924-21:43:54-1666,config,,,*.controller.app[0].typename,UdpBasicApp,,
Ieee802154Power-2-20260924-21:43:54-1666,config,,,*.controller.app[0].destAddresses,"""lamp1 lamp2 lamp3 lamp4 lamp5 lamp6 lamp7 lamp8""",,
Ieee802154Power-2-20260924-21:43:54-1666,config,,,*.controller.app[0].destPort,1000,,
Ieee802154Power-2-20260924-21:43:54-1666,config,,,*.controller.app[0].sendInterval,1s,,
Ieee802154Power-2-20260924-21:43:54-1666,config,,,*.controller.app[0].startTime,exponential(1s),,
Ieee802154Power-2-20260924-21:43:54-1666,config,,,*.controller.app[0].messageLength,10Byte,,
Ieee802154Power-2-20260924-21:43:54-1666,config,,,*.controller.app[0].packetName,"""ControlData""",,
Ieee802154Power-2-20260924-21:43:54-1666,config,,,*.controller.app[1].typename,UdpSink,,
Ieee802154Power-2-20260924-21:43:54-1666,config,,,*.controller.app[1].localPort,1000,,
Ieee802154Power-2-20260924-21:43:54-1666,config,,,*.lamp*.numApps,1,,
Ieee802154Power-2-20260924-21:43:54-1666,config,,,*.lamp*.app[0].typename,UdpSink,,
Ieee802154Power-2-20260924-21:43:54-1666,config,,,*.lamp*.app[0].localPort,1000,,
Ieee802154Power-2-20260924-21:43:54-1666,config,,,*.visualizer.routingTableVisualizer[0].displayRoutingTables,false,,
Ieee802154Power-2-20260924-21:43:54-1666,config,,,*.visualizer.routingTableVisualizer[0].displayRoutesIndividually,false,,
Ieee802154Power-2-20260924-21:43:54-1666,config,,,*.visualizer.routingTableVisualizer[0].lineShift,0,,
Ieee802154Power-2-20260924-21:43:54-1666,config,,,*.visualizer.routingTableVisualizer[0].displayLabels,false,,
Ieee802154Power-2-20260924-21:43:54-1666,config,,,*.visualizer.interfaceTableVisualizer[0].displayInterfaceTables,false,,
Ieee802154Power-2-20260924-21:43:54-1666,config,,,*.visualizer.numDataLinkVisualizers,2,,
Ieee802154Power-2-20260924-21:43:54-1666,config,,,*.visualizer.dataLinkVisualizer[*].displayLinks,true,,
Ieee802154Power-2-20260924-21:43:54-1666,config,,,*.visualizer.dataLinkVisualizer[0].nodeFilter,"""sensor* or controller""",,
Ieee802154Power-2-20260924-21:43:54-1666,config,,,*.visualizer.dataLinkVisualizer[1].*Color,"""blue""",,
Ieee802154Power-2-20260924-21:43:54-1666,config,,,*.visualizer.dataLinkVisualizer[1].nodeFilter,"""lamp* or controller""",,
Ieee802154Power-2-20260924-21:43:54-1666,config,,,*.visualizer.numStatisticVisualizers,2,,
Ieee802154Power-2-20260924-21:43:54-1666,config,,,*.visualizer.statisticVisualizer[*].zIndex,1,,
Ieee802154Power-2-20260924-21:43:54-1666,config,,,*.visualizer.statisticVisualizer[0].displayStatistics,true,,
Ieee802154Power-2-20260924-21:43:54-1666,config,,,*.visualizer.statisticVisualizer[0].signalName,"""packetSent""",,
Ieee802154Power-2-20260924-21:43:54-1666,config,,,*.visualizer.statisticVisualizer[0].statisticExpression,"""count""",,
Ieee802154Power-2-20260924-21:43:54-1666,config,,,*.visualizer.statisticVisualizer[0].sourceFilter,"""**.controller.udp OR **.sensor*.udp""",,
Ieee802154Power-2-20260924-21:43:54-1666,config,,,*.visualizer.statisticVisualizer[0].format,"""sent: %v pks""",,
Ieee802154Power-2-20260924-21:43:54-1666,config,,,*.visualizer.statisticVisualizer[1].displayStatistics,true,,
Ieee802154Power-2-20260924-21:43:54-1666,config,,,*.visualizer.statisticVisualizer[1].signalName,"""packetReceived""",,
Ieee802154Power-2-20260924-21:43:54-1666,config,,,*.visualizer.statisticVisualizer[1].statisticExpression,"""count""",,
Ieee802154Power-2-20260924-21:43:54-1666,config,,,*.visualizer.statisticVisualizer[1].sourceFilter,"""**.controller.udp OR **.lamp*.udp""",,
Ieee802154Power-2-20260924-21:43:54-1666,config,,,*.visualizer.statisticVisualizer[1].format,"""rcvd: %v pks""",,
Ieee802154Power-1-20260924-21:43:54-1666,runattr,,,configname,Ieee802154Power,,
Ieee802154Power-1-20260924-21:43:54-1666,runattr,,,datetime,20260924-21:43:54,,
Ieee802154Power-1-20260924-21:43:54-1666,runattr,,,datetimef,20260924-214354,,
Ieee802154Power-1-20260924-21:43:54-1666,runattr,,,experiment,Ieee802154Power,,
Ieee802154Power-1-20260924-21:43:54-1666,runattr,,,inifile,omnetpp.ini,,
Ieee802154Power-1-20260924-21:43:54-1666,runattr,,,iterationvars,,,
Ieee802154Power-1-20260924-21:43:54-1666,runattr,,,iterationvarsd,,,
Ieee802154Power-1-20260924-21:43:54-1666,runattr,,,iterationvarsf,,,
Ieee802154Power-1-20260924-21:43:54-1666,runattr,,,measurement,,,
Ieee802154Power-1-20260924-21:43:54-1666,runattr,,,network,Ieee802154Showcase,,
Ieee802154Power-1-20260924-21:43:54-1666,runattr,,,processid,1666,,
Ieee802154Power-1-20260924-21:43:54-1666,runattr,,,repetition,1,,
Ieee802154Power-1-20260924-21:43:54-1666,runattr,,,replication,#1,,
Ieee802154Power-1-20260924-21:43:54-1666,runattr,,,resultdir,results,,
Ieee802154Power-1-20260924-21:43:54-1666,runattr,,,runnumber,1,,
Ieee802154Power-1-20260924-21:43:54-1666,runattr,,,seedset,1,,
Ieee802154Power-1-20260924-21:43:54-1666,config,,,extends,Ieee802154,,
Ieee802154Power-1-20260924-21:43:54-1666,config,,,sim-time-limit,100s,,
Ieee802154Power-1-20260924-21:43:54-1666,config,,,repeat,10,,
Ieee802154Power-1-20260924-21:43:54-1666,config,,,**.energyStorage.residualEnergyCapacity.result-recording-modes,+last,,
Ieee802154Power-1-20260924-21:43:54-1666,config,,,network,Ieee802154Showcase,,
Ieee802154Power-1-20260924-21:43:54-1666,config,,,**.arp.typename,GlobalArp,,
Ieee802154Power-1-20260924-21:43:54-1666,config,,,**.netmaskRoutes,"""""",,
Ieee802154Power-1-20260924-21:43:54-1666,config,,,*.radioMedium.backgroundNoise.power,-110dBm,,
Ieee802154Power-1-20260924-21:43:54-1666,config,,,*.configurator.config,"xmldoc(""startopology.xml"")",,
Ieee802154Power-1-20260924-21:43:54-1666,config,,,*.configurator.addStaticRoutes,false,,
Ieee802154Power-1-20260924-21:43:54-1666,config,,,*.sensor*.numApps,1,,
Ieee802154Power-1-20260924-21:43:54-1666,config,,,*.sensor*.app[*].typename,UdpBasicApp,,
Ieee802154Power-1-20260924-21:43:54-1666,config,,,*.sensor*.app[*].destAddresses,"""controller""",,
Ieee802154Power-1-20260924-21:43:54-1666,config,,,*.sensor*.app[*].destPort,1000,,
Ieee802154Power-1-20260924-21:43:54-1666,config,,,*.sensor*.app[*].sendInterval,1s,,
Ieee802154Power-1-20260924-21:43:54-1666,config,,,*.sensor*.app[*].startTime,"uniform(0s,1s)",,
Ieee802154Power-1-20260924-21:43:54-1666,config,,,*.sensor*.app[*].messageLength,10Byte,,
Ieee802154Power-1-20260924-21:43:54-1666,config,,,*.sensor*.app[*].packetName,"""SensorData""",,
Ieee802154Power-1-20260924-21:43:54-1666,config,,,*.controller.numApps,2,,
Ieee802154Power-1-20260924-21:43:54-1666,config,,,*.controller.app[0].typename,UdpBasicApp,,
Ieee802154Power-1-20260924-21:43:54-1666,config,,,*.controller.app[0].destAddresses,"""lamp1 lamp2 lamp3 lamp4 lamp5 lamp6 lamp7 lamp8""",,
Ieee802154Power-1-20260924-21:43:54-1666,config,,,*.controller.app[0].destPort,1000,,
Ieee802154Power-1-20260924-21:43:54-1666,config,,,*.controller.app[0].sendInterval,1s,,
Ieee802154Power-1-20260924-21:43:54-1666,config,,,*.controller.app[0].startTime,exponential(1s),,
Ieee802154Power-1-20260924-21:43:54-1666,config,,,*.controller.app[0].messageLength,10Byte,,
Ieee802154Power-1-20260924-21:43:54-1666,config,,,*.controller.app[0].packetName,"""ControlData""",,
Ieee802154Power-1-20260924-21:43:54-1666,config,,,*.controller.app[1].typename,UdpSink,,
Ieee802154Power-1-20260924-21:43:54-1666,config,,,*.controller.app[1].localPort,1000,,
Ieee802154Power-1-20260924-21:43:54-1666,config,,,*.lamp*.numApps,1,,
Ieee802154Power-1-20260924-21:43:54-1666,config,,,*.lamp*.app[0].typename,UdpSink,,
Ieee802154Power-1-20260924-21:43:54-1666,config,,,*.lamp*.app[0].localPort,1000,,
Ieee802154Power-1-20260924-21:43:54-1666,config,,,*.visualizer.routingTableVisualizer[0].displayRoutingTables,false,,
Ieee802154Power-1-20260924-21:43:54-1666,config,,,*.visualizer.routingTableVisualizer[0].displayRoutesIndividually,false,,
Ieee802154Power-1-20260924-21:43:54-1666,config,,,*.visualizer.routingTableVisualizer[0].lineShift,0,,
Ieee802154Power-1-20260924-21:43:54-1666,config,,,*.visualizer.routingTableVisualizer[0].displayLabels,false,,
Ieee802154Power-1-20260924-21:43:54-1666,config,,,*.visualizer.interfaceTableVisualizer[0].displayInterfaceTables,false,,
Ieee802154Power-1-20260924-21:43:54-1666,config,,,*.visualizer.numDataLinkVisualizers,2,,
Ieee802154Power-1-20260924-21:43:54-1666,config,,,*.visualizer.dataLinkVisualizer[*].displayLinks,true,,
Ieee802154Power-1-20260924-21:43:54-1666,config,,,*.visualizer.dataLinkVisualizer[0].nodeFilter,"""sensor* or controller""",,
Ieee802154Power-1-20260924-21:43:54-1666,config,,,*.visualizer.dataLinkVisualizer[1].*Color,"""blue""",,
Ieee802154Power-1-20260924-21:43:54-1666,config,,,*.visualizer.dataLinkVisualizer[1].nodeFilter,"""lamp* or controller""",,
Ieee802154Power-1-20260924-21:43:54-1666,config,,,*.visualizer.numStatisticVisualizers,2,,
Ieee802154Power-1-20260924-21:43:54-1666,config,,,*.visualizer.statisticVisualizer[*].zIndex,1,,
Ieee802154Power-1-20260924-21:43:54-1666,config,,,*.visualizer.statisticVisualizer[0].displayStatistics,true,,
Ieee802154Power-1-20260924-21:43:54-1666,config,,,*.visualizer.statisticVisualizer[0].signalName,"""packetSent""",,
Ieee802154Power-1-20260924-21:43:54-1666,config,,,*.visualizer.statisticVisualizer[0].statisticExpression,"""count""",,
Ieee802154Power-1-20260924-21:43:54-1666,config,,,*.visualizer.statisticVisualizer[0].sourceFilter,"""**.controller.udp OR **.sensor*.udp""",,
Ieee802154Power-1-20260924-21:43:54-1666,config,,,*.visualizer.statisticVisualizer[0].format,"""sent: %v pks""",,
Ieee802154Power-1-20260924-21:43:54-1666,config,,,*.visualizer.statisticVisualizer[1].displayStatistics,true,,
Ieee802154Power-1-20260924-21:43:54-1666,config,,,*.visualizer.statisticVisualizer[1].signalName,"""packetReceived""",,
Ieee802154Power-1-20260924-21:43:54-1666,config,,,*.visualizer.statisticVisualizer[1].statisticExpression,"""count""",,
Ieee802154Power-1-20260924-21:43:54-1666,config,,,*.visualizer.statisticVisualizer[1].sourceFilter,"""**.controller.udp OR **.lamp*.udp""",,
Ieee802154Power-1-20260924-21:43:54-1666,config,,,*.visualizer.statisticVisualizer[1].format,"""rcvd: %v pks""",,
Ieee802154Power-9-20260924-21:43:57-1666,runattr,,,configname,Ieee802154Power,,
Ieee802154Power-9-20260924-21:43:57-1666,runattr,,,datetime,20260924-21:43:57,,
Ieee802154Power-9-20260924-21:43:57-1666,runattr,,,datetimef,20260924-214357,,
Ieee802154Power-9-20260924-21:43:57-1666,runattr,,,experiment,Ieee802154Power,,
Ieee802154Power-9-20260924-21:43:57-1666,runattr,,,inifile,omnetpp.ini,,
Ieee802154Power-9-20260924-21:43:57-1666,runattr,,,iterationvars,,,
Ieee802154Power-9-20260924-21:43:57-1666,runattr,,,iterationvarsd,,,
Ieee802154Power-9-20260924-21:43:57-1666,runattr,,,iterationvarsf,,,
Ieee802154Power-9-20260924-21:43:57-1666,runattr,,,measurement,,,
Ieee802154Power-9-20260924-21:43:57-1666,runattr,,,network,Ieee802154Showcase,,
Ieee802154Power-9-20260924-21:43:57-1666,runattr,,,processid,1666,,
Ieee802154Power-9-20260924-21:43:57-1666,runattr,,,repetition,9,,
Ieee802154Power-9-20260924-21:43:57-1666,runattr,,,replication,#9,,
Ieee802154Power-9-20260924-21:43:57-1666,runattr,,,resultdir,results,,
Ieee802154Power-9-20260924-21:43:57-1666,runattr,,,runnumber,9,,
Ieee802154Power-9-20260924-21:43:57-1666,runattr,,,seedset,9,,
Ieee802154Power-9-20260924-21:43:57-1666,config,,,extends,Ieee802154,,
Ieee802154Power-9-20260924-21:43:57-1666,config,,,sim-time-limit,100s,,
Ieee802154Power-9-20260924-21:43:57-1666,config,,,repeat,10,,
Ieee802154Power-9-20260924-21:43:57-1666,config,,,**.energyStorage.residualEnergyCapacity.result-recording-modes,+last,,
Ieee802154Power-9-20260924-21:43:57-1666,config,,,network,Ieee802154Showcase,,
Ieee802154Power-9-20260924-21:43:57-1666,config,,,**.arp.typename,GlobalArp,,
Ieee802154Power-9-20260924-21:43:57-1666,config,,,**.netmaskRoutes,"""""",,
Ieee802154Power-9-20260924-21:43:57-1666,config,,,*.radioMedium.backgroundNoise.power,-110dBm,,
Ieee802154Power-9-20260924-21:43:57-1666,config,,,*.configurator.config,"xmldoc(""startopology.xml"")",,
Ieee802154Power-9-20260924-21:43:57-1666,config,,,*.configurator.addStaticRoutes,false,,
Ieee802154Power-9-20260924-21:43:57-1666,config,,,*.sensor*.numApps,1,,
Ieee802154Power-9-20260924-21:43:57-1666,config,,,*.sensor*.app[*].typename,UdpBasicApp,,
Ieee802154Power-9-20260924-21:43:57-1666,config,,,*.sensor*.app[*].destAddresses,"""controller""",,
Ieee802154Power-9-20260924-21:43:57-1666,config,,,*.sensor*.app[*].destPort,1000,,
Ieee802154Power-9-20260924-21:43:57-1666,config,,,*.sensor*.app[*].sendInterval,1s,,
Ieee802154Power-9-20260924-21:43:57-1666,config,,,*.sensor*.app[*].startTime,"uniform(0s,1s)",,
Ieee802154Power-9-20260924-21:43:57-1666,config,,,*.sensor*.app[*].messageLength,10Byte,,
Ieee802154Power-9-20260924-21:43:57-1666,config,,,*.sensor*.app[*].packetName,"""SensorData""",,
Ieee802154Power-9-20260924-21:43:57-1666,config,,,*.controller.numApps,2,,
Ieee802154Power-9-20260924-21:43:57-1666,config,,,*.controller.app[0].typename,UdpBasicApp,,
Ieee802154Power-9-20260924-21:43:57-1666,config,,,*.controller.app[0].destAddresses,"""lamp1 lamp2 lamp3 lamp4 lamp5 lamp6 lamp7 lamp8""",,
Ieee802154Power-9-20260924-21:43:57-1666,config,,,*.controller.app[0].destPort,1000,,
Ieee802154Power-9-20260924-21:43:57-1666,config,,,*.controller.app[0].sendInterval,1s,,
Ieee802154Power-9-20260924-21:43:57-1666,config,,,*.controller.app[0].startTime,exponential(1s),,
Ieee802154Power-9-20260924-21:43:57-1666,config,,,*.controller.app[0].messageLength,10Byte,,
Ieee802154Power-9-20260924-21:43:57-1666,config,,,*.controller.app[0].packetName,"""ControlData""",,
Ieee802154Power-9-20260924-21:43:57-1666,config,,,*.controller.app[1].typename,UdpSink,,
Ieee802154Power-9-20260924-21:43:57-1666,config,,,*.controller.app[1].localPort,1000,,
Ieee802154Power-9-20260924-21:43:57-1666,config,,,*.lamp*.numApps,1,,
Ieee802154Power-9-20260924-21:43:57-1666,config,,,*.lamp*.app[0].typename,UdpSink,,
Ieee802154Power-9-20260924-21:43:57-1666,config,,,*.lamp*.app[0].localPort,1000,,
Ieee802154Power-9-20260924-21:43:57-1666,config,,,*.visualizer.routingTableVisualizer[0].displayRoutingTables,false,,
Ieee802154Power-9-20260924-21:43:57-1666,config,,,*.visualizer.routingTableVisualizer[0].displayRoutesIndividually,false,,
Ieee802154Power-9-20260924-21:43:57-1666,config,,,*.visualizer.routingTableVisualizer[0].lineShift,0,,
Ieee802154Power-9-20260924-21:43:57-1666,config,,,*.visualizer.routingTableVisualizer[0].displayLabels,false,,
Ieee802154Power-9-20260924-21:43:57-1666,config,,,*.visualizer.interfaceTableVisualizer[0].displayInterfaceTables,false,,
Ieee802154Power-9-20260924-21:43:57-1666,config,,,*.visualizer.numDataLinkVisualizers,2,,
Ieee802154Power-9-20260924-21:43:57-1666,config,,,*.visualizer.dataLinkVisualizer[*].displayLinks,true,,
Ieee802154Power-9-20260924-21:43:57-1666,config,,,*.visualizer.dataLinkVisualizer[0].nodeFilter,"""sensor* or controller""",,
Ieee802154Power-9-20260924-21:43:57-1666,config,,,*.visualizer.dataLinkVisualizer[1].*Color,"""blue""",,
Ieee802154Power-9-20260924-21:43:57-1666,config,,,*.visualizer.dataLinkVisualizer[1].nodeFilter,"""lamp* or controller""",,
Ieee802154Power-9-20260924-21:43:57-1666,config,,,*.visualizer.numStatisticVisualizers,2,,
Ieee802154Power-9-20260924-21:43:57-1666,config,,,*.visualizer.statisticVisualizer[*].zIndex,1,,
Ieee802154Power-9-20260924-21:43:57-1666,config,,,*.visualizer.statisticVisualizer[0].displayStatistics,true,,
Ieee802154Power-9-20260924-21:43:57-1666,config,,,*.visualizer.statisticVisualizer[0].signalName,"""packetSent""",,
Ieee802154Power-9-20260924-21:43:57-1666,config,,,*.visualizer.statisticVisualizer[0].statisticExpression,"""count""",,
Ieee802154Power-9-20260924-21:43:57-1666,config,,,*.visualizer.statisticVisualizer[0].sourceFilter,"""**.controller.udp OR **.sensor*.udp""",,
Ieee802154Power-9-20260924-21:43:57-1666,config,,,*.visualizer.statisticVisualizer[0].format,"""sent: %v pks""",,
Ieee802154Power-9-20260924-21:43:57-1666,config,,,*.visualizer.statisticVisualizer[1].displayStatistics,true,,
Ieee802154Power-9-20260924-21:43:57-1666,config,,,*.visualizer.statisticVisualizer[1].signalName,"""packetReceived""",,
Ieee802154Power-9-20260924-21:43:57-1666,config,,,*.visualizer.statisticVisualizer[1].statisticExpression,"""count""",,
Ieee802154Power-9-20260924-21:43:57-1666,config,,,*.visualizer.statisticVisualizer[1].sourceFilter,"""**.controller.udp OR **.lamp*.udp""",,
Ieee802154Power-9-20260924-21:43:57-1666,config,,,*.visualizer.statisticVisualizer[1].format,"""rcvd: %v pks""",,
Ieee802154Power-6-20260924-21:43:56-1666,runattr,,,configname,Ieee802154Power,,
Ieee802154Power-6-20260924-21:43:56-1666,runattr,,,datetime,20260924-21:43:56,,
Ieee802154Power-6-20260924-21:43:56-1666,runattr,,,datetimef,20260924-214356,,
Ieee802154Power-6-20260924-21:43:56-1666,runattr,,,experiment,Ieee802154Power,,
Ieee802154Power-6-20260924-21:43:56-1666,runattr,,,inifile,omnetpp.ini,,
Ieee802154Power-6-20260924-21:43:56-1666,runattr,,,iterationvars,,,
Ieee802154Power-6-20260924-21:43:56-1666,runattr,,,iterationvarsd,,,
Ieee802154Power-6-20260924-21:43:56-1666,runattr,,,iterationvarsf,,,
Ieee802154Power-6-20260924-21:43:56-1666,runattr,,,measurement,,,
Ieee802154Power-6-20260924-21:43:56-1666,runattr,,,network,Ieee802154Showcase,,
Ieee802154Power-6-20260924-21:43:56-1666,runattr,,,processid,1666,,
Ieee802154Power-6-20260924-21:43:56-1666,runattr,,,repetition,6,,
Ieee802154Power-6-20260924-21:43:56-1666,runattr,,,replication,#6,,
Ieee802154Power-6-20260924-21:43:56-1666,runattr,,,resultdir,results,,
Ieee802154Power-6-20260924-21:43:56-1666,runattr,,,runnumber,6,,
Ieee802154Power-6-20260924-21:43:56-1666,runattr,,,seedset,6,,
Ieee802154Power-6-20260924-21:43:56-1666,config,,,extends,Ieee802154,,
Ieee802154Power-6-20260924-21:43:56-1666,config,,,sim-time-limit,100s,,
Ieee802154Power-6-20260924-21:43:56-1666,config,,,repeat,10,,
Ieee802154Power-6-20260924-21:43:56-1666,config,,,**.energyStorage.residualEnergyCapacity.result-recording-modes,+last,,
Ieee802154Power-6-20260924-21:43:56-1666,config,,,network,Ieee802154Showcase,,
Ieee802154Power-6-20260924-21:43:56-1666,config,,,**.arp.typename,GlobalArp,,
Ieee802154Power-6-20260924-21:43:56-1666,config,,,**.netmaskRoutes,"""""",,
Ieee802154Power-6-20260924-21:43:56-1666,config,,,*.radioMedium.backgroundNoise.power,-110dBm,,
Ieee802154Power-6-20260924-21:43:56-1666,config,,,*.configurator.config,"xmldoc(""startopology.xml"")",,
Ieee802154Power-6-20260924-21:43:56-1666,config,,,*.configurator.addStaticRoutes,false,,
Ieee802154Power-6-20260924-21:43:56-1666,config,,,*.sensor*.numApps,1,,
Ieee802154Power-6-20260924-21:43:56-1666,config,,,*.sensor*.app[*].typename,UdpBasicApp,,
Ieee802154Power-6-20260924-21:43:56-1666,config,,,*.sensor*.app[*].destAddresses,"""controller""",,
Ieee802154Power-6-20260924-21:43:56-1666,config,,,*.sensor*.app[*].destPort,1000,,
Ieee802154Power-6-20260924-21:43:56-1666,config,,,*.sensor*.app[*].sendInterval,1s,,
Ieee802154Power-6-20260924-21:43:56-1666,config,,,*.sensor*.app[*].startTime,"uniform(0s,1s)",,
Ieee802154Power-6-20260924-21:43:56-1666,config,,,*.sensor*.app[*].messageLength,10Byte,,
Ieee802154Power-6-20260924-21:43:56-1666,config,,,*.sensor*.app[*].packetName,"""SensorData""",,
Ieee802154Power-6-20260924-21:43:56-1666,config,,,*.controller.numApps,2,,
Ieee802154Power-6-20260924-21:43:56-1666,config,,,*.controller.app[0].typename,UdpBasicApp,,
Ieee802154Power-6-20260924-21:43:56-1666,config,,,*.controller.app[0].destAddresses,"""lamp1 lamp2 lamp3 lamp4 lamp5 lamp6 lamp7 lamp8""",,
Ieee802154Power-6-20260924-21:43:56-1666,config,,,*.controller.app[0].destPort,1000,,
Ieee802154Power-6-20260924-21:43:56-1666,config,,,*.controller.app[0].sendInterval,1s,,
Ieee802154Power-6-20260924-21:43:56-1666,config,,,*.controller.app[0].startTime,exponential(1s),,
Ieee802154Power-6-20260924-21:43:56-1666,config,,,*.controller.app[0].messageLength,10Byte,,
Ieee802154Power-6-20260924-21:43:56-1666,config,,,*.controller.app[0].packetName,"""ControlData""",,
Ieee802154Power-6-20260924-21:43:56-1666,config,,,*.controller.app[1].typename,UdpSink,,
Ieee802154Power-6-20260924-21:43:56-1666,config,,,*.controller.app[1].localPort,1000,,
Ieee802154Power-6-20260924-21:43:56-1666,config,,,*.lamp*.numApps,1,,
Ieee802154Power-6-20260924-21:43:56-1666,config,,,*.lamp*.app[0].typename,UdpSink,,
Ieee802154Power-6-20260924-21:43:56-1666,config,,,*.lamp*.app[0].localPort,1000,,
Ieee802154Power-6-20260924-21:43:56-1666,config,,,*.visualizer.routingTableVisualizer[0].displayRoutingTables,false,,
Ieee802154Power-6-20260924-21:43:56-1666,config,,,*.visualizer.routingTableVisualizer[0].displayRoutesIndividually,false,,
Ieee802154Power-6-20260924-21:43:56-1666,config,,,*.visualizer.routingTableVisualizer[0].lineShift,0,,
Ieee802154Power-6-20260924-21:43:56-1666,config,,,*.visualizer.routingTableVisualizer[0].displayLabels,false,,
Ieee802154Power-6-20260924-21:43:56-1666,config,,,*.visualizer.interfaceTableVisualizer[0].displayInterfaceTables,false,,
Ieee802154Power-6-20260924-21:43:56-1666,config,,,*.visualizer.numDataLinkVisualizers,2,,
Ieee802154Power-6-20260924-21:43:56-1666,config,,,*.visualizer.dataLinkVisualizer[*].displayLinks,true,,
Ieee802154Power-6-20260924-21:43:56-1666,config,,,*.visualizer.dataLinkVisualizer[0].nodeFilter,"""sensor* or controller""",,
Ieee802154Power-6-20260924-21:43:56-1666,config,,,*.visualizer.dataLinkVisualizer[1].*Color,"""blue""",,
Ieee802154Power-6-20260924-21:43:56-1666,config,,,*.visualizer.dataLinkVisualizer[1].nodeFilter,"""lamp* or controller""",,
Ieee802154Power-6-20260924-21:43:56-1666,config,,,*.visualizer.numStatisticVisualizers,2,,
Ieee802154Power-6-20260924-21:43:56-1666,config,,,*.visualizer.statisticVisualizer[*].zIndex,1,,
Ieee802154Power-6-20260924-21:43:56-1666,config,,,*.visualizer.statisticVisualizer[0].displayStatistics,true,,
Ieee802154Power-6-20260924-21:43:56-1666,config,,,*.visualizer.statisticVisualizer[0].signalName,"""packetSent""",,
Ieee802154Power-6-20260924-21:43:56-1666,config,,,*.visualizer.statisticVisualizer[0].statisticExpression,"""count""",,
Ieee802154Power-6-20260924-21:43:56-1666,config,,,*.visualizer.statisticVisualizer[0].sourceFilter,"""**.controller.udp OR **.sensor*.udp""",,
Ieee802154Power-6-20260924-21:43:56-1666,config,,,*.visualizer.statisticVisualizer[0].format,"""sent: %v pks""",,
Ieee802154Power-6-20260924-21:43:56-1666,config,,,*.visualizer.statisticVisualizer[1].displayStatistics,true,,
Ieee802154Power-6-20260924-21:43:56-1666,config,,,*.visualizer.statisticVisualizer[1].signalName,"""packetReceived""",,
Ieee802154Power-6-20260924-21:43:56-1666,config,,,*.visualizer.statisticVisualizer[1].statisticExpression,"""count""",,
Ieee802154Power-6-20260924-21:43:56-1666,config,,,*.visualizer.statisticVisualizer[1].sourceFilter,"""**.controller.udp OR **.lamp*.udp""",,
Ieee802154Power-6-20260924-21:43:56-1666,config,,,*.visualizer.statisticVisualizer[1].format,"""rcvd: %v pks""",,
Ieee802154Power-4-20260924-21:43:55-1666,runattr,,,configname,Ieee802154Power,,
Ieee802154Power-4-20260924-21:43:55-1666,runattr,,,datetime,20260924-21:43:55,,
Ieee802154Power-4-20260924-21:43:55-1666,runattr,,,datetimef,20260924-214355,,
Ieee802154Power-4-20260924-21:43:55-1666,runattr,,,experiment,Ieee802154Power,,
Ieee802154Power-4-20260924-21:43:55-1666,runattr,,,inifile,omnetpp.ini,,
Ieee802154Power-4-20260924-21:43:55-1666,runattr,,,iterationvars,,,
Ieee802154Power-4-20260924-21:43:55-1666,runattr,,,iterationvarsd,,,
Ieee802154Power-4-20260924-21:43:55-1666,runattr,,,iterationvarsf,,,
Ieee802154Power-4-20260924-21:43:55-1666,runattr,,,measurement,,,
Ieee802154Power-4-20260924-21:43:55-1666,runattr,,,network,Ieee802154Showcase,,
Ieee802154Power-4-20260924-21:43:55-1666,runattr,,,processid,1666,,
Ieee802154Power-4-20260924-21:43:55-1666,runattr,,,repetition,4,,
Ieee802154Power-4-20260924-21:43:55-1666,runattr,,,replication,#4,,
Ieee802154Power-4-20260924-21:43:55-1666,runattr,,,resultdir,results,,
Ieee802154Power-4-20260924-21:43:55-1666,runattr,,,runnumber,4,,
Ieee802154Power-4-20260924-21:43:55-1666,runattr,,,seedset,4,,
Ieee802154Power-4-20260924-21:43:55-1666,config,,,extends,Ieee802154,,
Ieee802154Power-4-20260924-21:43:55-1666,config,,,sim-time-limit,100s,,
Ieee802154Power-4-20260924-21:43:55-1666,config,,,repeat,10,,
Ieee802154Power-4-20260924-21:43:55-1666,config,,,**.energyStorage.residualEnergyCapacity.result-recording-modes,+last,,
Ieee802154Power-4-20260924-21:43:55-1666,config,,,network,Ieee802154Showcase,,
Ieee802154Power-4-20260924-21:43:55-1666,config,,,**.arp.typename,GlobalArp,,
Ieee802154Power-4-20260924-21:43:55-1666,config,,,**.netmaskRoutes,"""""",,
Ieee802154Power-4-20260924-21:43:55-1666,config,,,*.radioMedium.backgroundNoise.power,-110dBm,,
Ieee802154Power-4-20260924-21:43:55-1666,config,,,*.configurator.config,"xmldoc(""startopology.xml"")",,
Ieee802154Power-4-20260924-21:43:55-1666,config,,,*.configurator.addStaticRoutes,false,,
Ieee802154Power-4-20260924-21:43:55-1666,config,,,*.sensor*.numApps,1,,
Ieee802154Power-4-20260924-21:43:55-1666,config,,,*.sensor*.app[*].typename,UdpBasicApp,,
Ieee802154Power-4-20260924-21:43:55-1666,config,,,*.sensor*.app[*].destAddresses,"""controller""",,
Ieee802154Power-4-20260924-21:43:55-1666,config,,,*.sensor*.app[*].destPort,1000,,
Ieee802154Power-4-20260924-21:43:55-1666,config,,,*.sensor*.app[*].sendInterval,1s,,
Ieee802154Power-4-20260924-21:43:55-1666,config,,,*.sensor*.app[*].startTime,"uniform(0s,1s)",,
Ieee802154Power-4-20260924-21:43:55-1666,config,,,*.sensor*.app[*].messageLength,10Byte,,
Ieee802154Power-4-20260924-21:43:55-1666,config,,,*.sensor*.app[*].packetName,"""SensorData""",,
Ieee802154Power-4-20260924-21:43:55-1666,config,,,*.controller.numApps,2,,
Ieee802154Power-4-20260924-21:43:55-1666,config,,,*.controller.app[0].typename,UdpBasicApp,,
Ieee802154Power-4-20260924-21:43:55-1666,config,,,*.controller.app[0].destAddresses,"""lamp1 lamp2 lamp3 lamp4 lamp5 lamp6 lamp7 lamp8""",,
Ieee802154Power-4-20260924-21:43:55-1666,config,,,*.controller.app[0].destPort,1000,,
Ieee802154Power-4-20260924-21:43:55-1666,config,,,*.controller.app[0].sendInterval,1s,,
Ieee802154Power-4-20260924-21:43:55-1666,config,,,*.controller.app[0].startTime,exponential(1s),,
Ieee802154Power-4-20260924-21:43:55-1666,config,,,*.controller.app[0].messageLength,10Byte,,
Ieee802154Power-4-20260924-21:43:55-1666,config,,,*.controller.app[0].packetName,"""ControlData""",,
Ieee802154Power-4-20260924-21:43:55-1666,config,,,*.controller.app[1].typename,UdpSink,,
Ieee802154Power-4-20260924-21:43:55-1666,config,,,*.controller.app[1].localPort,1000,,
Ieee802154Power-4-20260924-21:43:55-1666,config,,,*.lamp*.numApps,1,,
Ieee802154Power-4-20260924-21:43:55-1666,config,,,*.lamp*.app[0].typename,UdpSink,,
Ieee802154Power-4-20260924-21:43:55-1666,config,,,*.lamp*.app[0].localPort,1000,,
Ieee802154Power-4-20260924-21:43:55-1666,config,,,*.visualizer.routingTableVisualizer[0].displayRoutingTables,false,,
Ieee802154Power-4-20260924-21:43:55-1666,config,,,*.visualizer.routingTableVisualizer[0].displayRoutesIndividually,false,,
Ieee802154Power-4-20260924-21:43:55-1666,config,,,*.visualizer.routingTableVisualizer[0].lineShift,0,,
Ieee802154Power-4-20260924-21:43:55-1666,config,,,*.visualizer.routingTableVisualizer[0].displayLabels,false,,
Ieee802154Power-4-20260924-21:43:55-1666,config,,,*.visualizer.interfaceTableVisualizer[0].displayInterfaceTables,false,,
Ieee802154Power-4-20260924-21:43:55-1666,config,,,*.visualizer.numDataLinkVisualizers,2,,
Ieee802154Power-4-20260924-21:43:55-1666,config,,,*.visualizer.dataLinkVisualizer[*].displayLinks,true,,
Ieee802154Power-4-20260924-21:43:55-1666,config,,,*.visualizer.dataLinkVisualizer[0].nodeFilter,"""sensor* or controller""",,
Ieee802154Power-4-20260924-21:43:55-1666,config,,,*.visualizer.dataLinkVisualizer[1].*Color,"""blue""",,
Ieee802154Power-4-20260924-21:43:55-1666,config,,,*.visualizer.dataLinkVisualizer[1].nodeFilter,"""lamp* or controller""",,
Ieee802154Power-4-20260924-21:43:55-1666,config,,,*.visualizer.numStatisticVisualizers,2,,
Ieee802154Power-4-20260924-21:43:55-1666,config,,,*.visualizer.statisticVisualizer[*].zIndex,1,,
Ieee802154Power-4-20260924-21:43:55-1666,config,,,*.visualizer.statisticVisualizer[0].displayStatistics,true,,
Ieee802154Power-4-20260924-21:43:55-1666,config,,,*.visualizer.statisticVisualizer[0].signalName,"""packetSent""",,
Ieee802154Power-4-20260924-21:43:55-1666,config,,,*.visualizer.statisticVisualizer[0].statisticExpression,"""count""",,
Ieee802154Power-4-20260924-21:43:55-1666,config,,,*.visualizer.statisticVisualizer[0].sourceFilter,"""**.controller.udp OR **.sensor*.udp""",,
Ieee802154Power-4-20260924-21:43:55-1666,config,,,*.visualizer.statisticVisualizer[0].format,"""sent: %v pks""",,
Ieee802154Power-4-20260924-21:43:55-1666,config,,,*.visualizer.statisticVisualizer[1].displayStatistics,true,,
Ieee802154Power-4-20260924-21:43:55-1666,config,,,*.visualizer.statisticVisualizer[1].signalName,"""packetReceived""",,
Ieee802154Power-4-20260924-21:43:55-1666,config,,,*.visualizer.statisticVisualizer[1].statisticExpression,"""count""",,
Ieee802154Power-4-20260924-21:43:55-1666,config,,,*.visualizer.statisticVisualizer[1].sourceFilter,"""**.controller.udp OR **.lamp*.udp""",,
Ieee802154Power-4-20260924-21:43:55-1666,config,,,*.visualizer.statisticVisualizer[1].format,"""rcvd: %v pks""",,
Ieee802154Power-0-20260924-21:43:53-1666,runattr,,,configname,Ieee802154Power,,
Ieee802154Power-0-20260924-21:43:53-1666,runattr,,,datetime,20260924-21:43:53,,
Ieee802154Power-0-20260924-21:43:53-1666,runattr,,,datetimef,20260924-214353,,
Ieee802154Power-0-20260924-21:43:53-1666,runattr,,,experiment,Ieee802154Power,,
Ieee802154Power-0-20260924-21:43:53-1666,runattr,,,inifile,omnetpp.ini,,
Ieee802154Power-0-20260924-21:43:53-1666,runattr,,,iterationvars,,,
Ieee802154Power-0-20260924-21:43:53-1666,runattr,,,iterationvarsd,,,
Ieee802154Power-0-20260924-21:43:53-1666,runattr,,,iterationvarsf,,,
Ieee802154Power-0-20260924-21:43:53-1666,runattr,,,measurement,,,
Ieee802154Power-0-20260924-21:43:53-1666,runattr,,,network,Ieee802154Showcase,,
Ieee802154Power-0-20260924-21:43:53-1666,runattr,,,processid,1666,,
Ieee802154Power-0-20260924-21:43:53-1666,runattr,,,repetition,0,,
Ieee802154Power-0-20260924-21:43:53-1666,runattr,,,replication,#0,,
Ieee802154Power-0-20260924-21:43:53-1666,runattr,,,resultdir,results,,
Ieee802154Power-0-20260924-21:43:53-1666,runattr,,,runnumber,0,,
Ieee802154Power-0-20260924-21:43:53-1666,runattr,,,seedset,0,,
Ieee802154Power-0-20260924-21:43:53-1666,config,,,extends,Ieee802154,,
Ieee802154Power-0-20260924-21:43:53-1666,config,,,sim-time-limit,100s,,
Ieee802154Power-0-20260924-21:43:53-1666,config,,,repeat,10,,
Ieee802154Power-0-20260924-21:43:53-1666,config,,,**.energyStorage.residualEnergyCapacity.result-recording-modes,+last,,
Ieee802154Power-0-20260924-21:43:53-1666,config,,,network,Ieee802154Showcase,,
Ieee802154Power-0-20260924-21:43:53-1666,config,,,**.arp.typename,GlobalArp,,
Ieee802154Power-0-20260924-21:43:53-1666,config,,,**.netmaskRoutes,"""""",,
Ieee802154Power-0-20260924-21:43:53-1666,config,,,*.radioMedium.backgroundNoise.power,-110dBm,,
Ieee802154Power-0-20260924-21:43:53-1666,config,,,*.configurator.config,"xmldoc(""startopology.xml"")",,
Ieee802154Power-0-20260924-21:43:53-1666,config,,,*.configurator.addStaticRoutes,false,,
Ieee802154Power-0-20260924-21:43:53-1666,config,,,*.sensor*.numApps,1,,
Ieee802154Power-0-20260924-21:43:53-1666,config,,,*.sensor*.app[*].typename,UdpBasicApp,,
Ieee802154Power-0-20260924-21:43:53-1666,config,,,*.sensor*.app[*].destAddresses,"""controller""",,
Ieee802154Power-0-20260924-21:43:53-1666,config,,,*.sensor*.app[*].destPort,1000,,
Ieee802154Power-0-20260924-21:43:53-1666,config,,,*.sensor*.app[*].sendInterval,1s,,
Ieee802154Power-0-20260924-21:43:53-1666,config,,,*.sensor*.app[*].startTime,"uniform(0s,1s)",,
Ieee802154Power-0-20260924-21:43:53-1666,config,,,*.sensor*.app[*].messageLength,10Byte,,
Ieee802154Power-0-20260924-21:43:53-1666,config,,,*.sensor*.app[*].packetName,"""SensorData""",,
Ieee802154Power-0-20260924-21:43:53-1666,config,,,*.controller.numApps,2,,
Ieee802154Power-0-20260924-21:43:53-1666,config,,,*.controller.app[0].typename,UdpBasicApp,,
Ieee802154Power-0-20260924-21:43:53-1666,config,,,*.controller.app[0].destAddresses,"""lamp1 lamp2 lamp3 lamp4 lamp5 lamp6 lamp7 lamp8""",,
Ieee802154Power-0-20260924-21:43:53-1666,config,,,*.controller.app[0].destPort,1000,,
Ieee802154Power-0-20260924-21:43:53-1666,config,,,*.controller.app[0].sendInterval,1s,,
Ieee802154Power-0-20260924-21:43:53-1666,config,,,*.controller.app[0].startTime,exponential(1s),,
Ieee802154Power-0-20260924-21:43:53-1666,config,,,*.controller.app[0].messageLength,10Byte,,
Ieee802154Power-0-20260924-21:43:53-1666,config,,,*.controller.app[0].packetName,"""ControlData""",,
Ieee802154Power-0-20260924-21:43:53-1666,config,,,*.controller.app[1].typename,UdpSink,,
Ieee802154Power-0-20260924-21:43:53-1666,config,,,*.controller.app[1].localPort,1000,,
Ieee802154Power-0-20260924-21:43:53-1666,config,,,*.lamp*.numApps,1,,
Ieee802154Power-0-20260924-21:43:53-1666,config,,,*.lamp*.app[0].typename,UdpSink,,
Ieee802154Power-0-20260924-21:43:53-1666,config,,,*.lamp*.app[0].localPort,1000,,
Ieee802154Power-0-20260924-21:43:53-1666,config,,,*.visualizer.routingTableVisualizer[0].displayRoutingTables,false,,
Ieee802154Power-0-20260924-21:43:53-1666,config,,,*.visualizer.routingTableVisualizer[0].displayRoutesIndividually,false,,
Ieee802154Power-0-20260924-21:43:53-1666,config,,,*.visualizer.routingTableVisualizer[0].lineShift,0,,
Ieee802154Power-0-20260924-21:43:53-1666,config,,,*.visualizer.routingTableVisualizer[0].displayLabels,false,,
Ieee802154Power-0-20260924-21:43:53-1666,config,,,*.visualizer.interfaceTableVisualizer[0].displayInterfaceTables,false,,
Ieee802154Power-0-20260924-21:43:53-1666,config,,,*.visualizer.numDataLinkVisualizers,2,,
Ieee802154Power-0-20260924-21:43:53-1666,config,,,*.visualizer.dataLinkVisualizer[*].displayLinks,true,,
Ieee802154Power-0-20260924-21:43:53-1666,config,,,*.visualizer.dataLinkVisualizer[0].nodeFilter,"""sensor* or controller""",,
Ieee802154Power-0-20260924-21:43:53-1666,config,,,*.visualizer.dataLinkVisualizer[1].*Color,"""blue""",,
Ieee802154Power-0-20260924-21:43:53-1666,config,,,*.visualizer.dataLinkVisualizer[1].nodeFilter,"""lamp* or controller""",,
Ieee802154Power-0-20260924-21:43:53-1666,config,,,*.visualizer.numStatisticVisualizers,2,,
Ieee802154Power-0-20260924-21:43:53-1666,config,,,*.visualizer.statisticVisualizer[*].zIndex,1,,
Ieee802154Power-0-20260924-21:43:53-1666,config,,,*.visualizer.statisticVisualizer[0].displayStatistics,true,,
Ieee802154Power-0-20260924-21:43:53-1666,config,,,*.visualizer.statisticVisualizer[0].signalName,"""packetSent""",,
Ieee802154Power-0-20260924-21:43:53-1666,config,,,*.visualizer.statisticVisualizer[0].statisticExpression,"""count""",,
Ieee802154Power-0-20260924-21:43:53-1666,config,,,*.visualizer.statisticVisualizer[0].sourceFilter,"""**.controller.udp OR **.sensor*.udp""",,
Ieee802154Power-0-20260924-21:43:53-1666,config,,,*.visualizer.statisticVisualizer[0].format,"""sent: %v pks""",,
Ieee802154Power-0-20260924-21:43:53-1666,config,,,*.visualizer.statisticVisualizer[1].displayStatistics,true,,
Ieee802154Power-0-20260924-21:43:53-1666,config,,,*.visualizer.statisticVisualizer[1].signalName,"""packetReceived""",,
Ieee802154Power-0-20260924-21:43:53-1666,config,,,*.visualizer.statisticVisualizer[1].statisticExpression,"""count""",,
Ieee802154Power-0-20260924-21:43:53-1666,config,,,*.visualizer.statisticVisualizer[1].sourceFilter,"""**.controller.udp OR **.lamp*.udp""",,
Ieee802154Power-0-20260924-21:43:53-1666,config,,,*.visualizer.statisticVisualizer[1].format,"""rcvd: %v pks""",,
Ieee802154Power-5-20260924-21:43:56-1666,runattr,,,configname,Ieee802154Power,,
Ieee802154Power-5-20260924-21:43:56-1666,runattr,,,datetime,20260924-21:43:56,,
Ieee802154Power-5-20260924-21:43:56-1666,runattr,,,datetimef,20260924-214356,,
Ieee802154Power-5-20260924-21:43:56-1666,runattr,,,experiment,Ieee802154Power,,
Ieee802154Power-5-20260924-21:43:56-1666,runattr,,,inifile,omnetpp.ini,,
Ieee802154Power-5-20260924-21:43:56-1666,runattr,,,iterationvars,,,
Ieee802154Power-5-20260924-21:43:56-1666,runattr,,,iterationvarsd,,,
Ieee802154Power-5-20260924-21:43:56-1666,runattr,,,iterationvarsf,,,
Ieee802154Power-5-20260924-21:43:56-1666,runattr,,,measurement,,,
Ieee802154Power-5-20260924-21:43:56-1666,runattr,,,network,Ieee802154Showcase,,
Ieee802154Power-5-20260924-21:43:56-1666,runattr,,,processid,1666,,
Ieee802154Power-5-20260924-21:43:56-1666,runattr,,,repetition,5,,
Ieee802154Power-5-20260924-21:43:56-1666,runattr,,,replication,#5,,
Ieee802154Power-5-20260924-21:43:56-1666,runattr,,,resultdir,results,,
Ieee802154Power-5-20260924-21:43:56-1666,runattr,,,runnumber,5,,
Ieee802154Power-5-20260924-21:43:56-1666,runattr,,,seedset,5,,
Ieee802154Power-5-20260924-21:43:56-1666,config,,,extends,Ieee802154,,
Ieee802154Power-5-20260924-21:43:56-1666,config,,,sim-time-limit,100s,,
Ieee802154Power-5-20260924-21:43:56-1666,config,,,repeat,10,,
Ieee802154Power-5-20260924-21:43:56-1666,config,,,**.energyStorage.residualEnergyCapacity.result-recording-modes,+last,,
Ieee802154Power-5-20260924-21:43:56-1666,config,,,network,Ieee802154Showcase,,
Ieee802154Power-5-20260924-21:43:56-1666,config,,,**.arp.typename,GlobalArp,,
Ieee802154Power-5-20260924-21:43:56-1666,config,,,**.netmaskRoutes,"""""",,
Ieee802154Power-5-20260924-21:43:56-1666,config,,,*.radioMedium.backgroundNoise.power,-110dBm,,
Ieee802154Power-5-20260924-21:43:56-1666,config,,,*.configurator.config,"xmldoc(""startopology.xml"")",,
Ieee802154Power-5-20260924-21:43:56-1666,config,,,*.configurator.addStaticRoutes,false,,
Ieee802154Power-5-20260924-21:43:56-1666,config,,,*.sensor*.numApps,1,,
Ieee802154Power-5-20260924-21:43:56-1666,config,,,*.sensor*.app[*].typename,UdpBasicApp,,
Ieee802154Power-5-20260924-21:43:56-1666,config,,,*.sensor*.app[*].destAddresses,"""controller""",,
Ieee802154Power-5-20260924-21:43:56-1666,config,,,*.sensor*.app[*].destPort,1000,,
Ieee802154Power-5-20260924-21:43:56-1666,config,,,*.sensor*.app[*].sendInterval,1s,,
Ieee802154Power-5-20260924-21:43:56-1666,config,,,*.sensor*.app[*].startTime,"uniform(0s,1s)",,
Ieee802154Power-5-20260924-21:43:56-1666,config,,,*.sensor*.app[*].messageLength,10Byte,,
Ieee802154Power-5-20260924-21:43:56-1666,config,,,*.sensor*.app[*].packetName,"""SensorData""",,
Ieee802154Power-5-20260924-21:43:56-1666,config,,,*.controller.numApps,2,,
Ieee802154Power-5-20260924-21:43:56-1666,config,,,*.controller.app[0].typename,UdpBasicApp,,
Ieee802154Power-5-20260924-21:43:56-1666,config,,,*.controller.app[0].destAddresses,"""lamp1 lamp2 lamp3 lamp4 lamp5 lamp6 lamp7 lamp8""",,
Ieee802154Power-5-20260924-21:43:56-1666,config,,,*.controller.app[0].destPort,1000,,
Ieee802154Power-5-20260924-21:43:56-1666,config,,,*.controller.app[0].sendInterval,1s,,
Ieee802154Power-5-20260924-21:43:56-1666,config,,,*.controller.app[0].startTime,exponential(1s),,
Ieee802154Power-5-20260924-21:43:56-1666,config,,,*.controller.app[0].messageLength,10Byte,,
Ieee802154Power-5-20260924-21:43:56-1666,config,,,*.controller.app[0].packetName,"""ControlData""",,
Ieee802154Power-5-20260924-21:43:56-1666,config,,,*.controller.app[1].typename,UdpSink,,
Ieee802154Power-5-20260924-21:43:56-1666,config,,,*.controller.app[1].localPort,1000,,
Ieee802154Power-5-20260924-21:43:56-1666,config,,,*.lamp*.numApps,1,,
Ieee802154Power-5-20260924-21:43:56-1666,config,,,*.lamp*.app[0].typename,UdpSink,,
Ieee802154Power-5-20260924-21:43:56-1666,config,,,*.lamp*.app[0].localPort,1000,,
Ieee802154Power-5-20260924-21:43:56-1666,config,,,*.visualizer.routingTableVisualizer[0].displayRoutingTables,false,,
Ieee802154Power-5-20260924-21:43:56-1666,config,,,*.visualizer.routingTableVisualizer[0].displayRoutesIndividually,false,,
Ieee802154Power-5-20260924-21:43:56-1666,config,,,*.visualizer.routingTableVisualizer[0].lineShift,0,,
Ieee802154Power-5-20260924-21:43:56-1666,config,,,*.visualizer.routingTableVisualizer[0].displayLabels,false,,
Ieee802154Power-5-20260924-21:43:56-1666,config,,,*.visualizer.interfaceTableVisualizer[0].displayInterfaceTables,false,,
Ieee802154Power-5-20260924-21:43:56-1666,config,,,*.visualizer.numDataLinkVisualizers,2,,
Ieee802154Power-5-20260924-21:43:56-1666,config,,,*.visualizer.dataLinkVisualizer[*].displayLinks,true,,
Ieee802154Power-5-20260924-21:43:56-1666,config,,,*.visualizer.dataLinkVisualizer[0].nodeFilter,"""sensor* or controller""",,
Ieee802154Power-5-20260924-21:43:56-1666,config,,,*.visualizer.dataLinkVisualizer[1].*Color,"""blue""",,
Ieee802154Power-5-20260924-21:43:56-1666,config,,,*.visualizer.dataLinkVisualizer[1].nodeFilter,"""lamp* or controller""",,
Ieee802154Power-5-20260924-21:43:56-1666,config,,,*.visualizer.numStatisticVisualizers,2,,
Ieee802154Power-5-20260924-21:43:56-1666,config,,,*.visualizer.statisticVisualizer[*].zIndex,1,,
Ieee802154Power-5-20260924-21:43:56-1666,config,,,*.visualizer.statisticVisualizer[0].displayStatistics,true,,
Ieee802154Power-5-20260924-21:43:56-1666,config,,,*.visualizer.statisticVisualizer[0].signalName,"""packetSent""",,
Ieee802154Power-5-20260924-21:43:56-1666,config,,,*.visualizer.statisticVisualizer[0].statisticExpression,"""count""",,
Ieee802154Power-5-20260924-21:43:56-1666,config,,,*.visualizer.statisticVisualizer[0].sourceFilter,"""**.controller.udp OR **.sensor*.udp""",,
Ieee802154Power-5-20260924-21:43:56-1666,config,,,*.visualizer.statisticVisualizer[0].format,"""sent: %v pks""",,
Ieee802154Power-5-20260924-21:43:56-1666,config,,,*.visualizer.statisticVisualizer[1].displayStatistics,true,,
Ieee802154Power-5-20260924-21:43:56-1666,config,,,*.visualizer.statisticVisualizer[1].signalName,"""packetReceived""",,
Ieee802154Power-5-20260924-21:43:56-1666,config,,,*.visualizer.statisticVisualizer[1].statisticExpression,"""count""",,
Ieee802154Power-5-20260924-21:43:56-1666,config,,,*.visualizer.statisticVisualizer[1].sourceFilter,"""**.controller.udp OR **.lamp*.udp""",,
Ieee802154Power-5-20260924-21:43:56-1666,config,,,*.visualizer.statisticVisualizer[1].format,"""rcvd: %v pks""",,
Ieee802154Power-3-20260924-21:43:55-1666,runattr,,,configname,Ieee802154Power,,
Ieee802154Power-3-20260924-21:43:55-1666,runattr,,,datetime,20260924-21:43:55,,
Ieee802154Power-3-20260924-21:43:55-1666,runattr,,,datetimef,20260924-214355,,
Ieee802154Power-3-20260924-21:43:55-1666,runattr,,,experiment,Ieee802154Power,,
Ieee802154Power-3-20260924-21:43:55-1666,runattr,,,inifile,omnetpp.ini,,
Ieee802154Power-3-20260924-21:43:55-1666,runattr,,,iterationvars,,,
Ieee802154Power-3-20260924-21:43:55-1666,runattr,,,iterationvarsd,,,
Ieee802154Power-3-20260924-21:43:55-1666,runattr,,,iterationvarsf,,,
Ieee802154Power-3-20260924-21:43:55-1666,runattr,,,measurement,,,
Ieee802154Power-3-20260924-21:43:55-1666,runattr,,,network,Ieee802154Showcase,,
Ieee802154Power-3-20260924-21:43:55-1666,runattr,,,processid,1666,,
Ieee802154Power-3-20260924-21:43:55-1666,runattr,,,repetition,3,,
Ieee802154Power-3-20260924-21:43:55-1666,runattr,,,replication,#3,,
Ieee802154Power-3-20260924-21:43:55-1666,runattr,,,resultdir,results,,
Ieee802154Power-3-20260924-21:43:55-1666,runattr,,,runnumber,3,,
Ieee802154Power-3-20260924-21:43:55-1666,runattr,,,seedset,3,,
Ieee802154Power-3-20260924-21:43:55-1666,config,,,extends,Ieee802154,,
Ieee802154Power-3-20260924-21:43:55-1666,config,,,sim-time-limit,100s,,
Ieee802154Power-3-20260924-21:43:55-1666,config,,,repeat,10,,
Ieee802154Power-3-20260924-21:43:55-1666,config,,,**.energyStorage.residualEnergyCapacity.result-recording-modes,+last,,
Ieee802154Power-3-20260924-21:43:55-1666,config,,,network,Ieee802154Showcase,,
Ieee802154Power-3-20260924-21:43:55-1666,config,,,**.arp.typename,GlobalArp,,
Ieee802154Power-3-20260924-21:43:55-1666,config,,,**.netmaskRoutes,"""""",,
Ieee802154Power-3-20260924-21:43:55-1666,config,,,*.radioMedium.backgroundNoise.power,-110dBm,,
Ieee802154Power-3-20260924-21:43:55-1666,config,,,*.configurator.config,"xmldoc(""startopology.xml"")",,
Ieee802154Power-3-20260924-21:43:55-1666,config,,,*.configurator.addStaticRoutes,false,,
Ieee802154Power-3-20260924-21:43:55-1666,config,,,*.sensor*.numApps,1,,
Ieee802154Power-3-20260924-21:43:55-1666,config,,,*.sensor*.app[*].typename,UdpBasicApp,,
Ieee802154Power-3-20260924-21:43:55-1666,config,,,*.sensor*.app[*].destAddresses,"""controller""",,
Ieee802154Power-3-20260924-21:43:55-1666,config,,,*.sensor*.app[*].destPort,1000,,
Ieee802154Power-3-20260924-21:43:55-1666,config,,,*.sensor*.app[*].sendInterval,1s,,
Ieee802154Power-3-20260924-21:43:55-1666,config,,,*.sensor*.app[*].startTime,"uniform(0s,1s)",,
Ieee802154Power-3-20260924-21:43:55-1666,config,,,*.sensor*.app[*].messageLength,10Byte,,
Ieee802154Power-3-20260924-21:43:55-1666,config,,,*.sensor*.app[*].packetName,"""SensorData""",,
Ieee802154Power-3-20260924-21:43:55-1666,config,,,*.controller.numApps,2,,
Ieee802154Power-3-20260924-21:43:55-1666,config,,,*.controller.app[0].typename,UdpBasicApp,,
Ieee802154Power-3-20260924-21:43:55-1666,config,,,*.controller.app[0].destAddresses,"""lamp1 lamp2 lamp3 lamp4 lamp5 lamp6 lamp7 lamp8""",,
Ieee802154Power-3-20260924-21:43:55-1666,config,,,*.controller.app[0].destPort,1000,,
Ieee802154Power-3-20260924-21:43:55-1666,config,,,*.controller.app[0].sendInterval,1s,,
Ieee802154Power-3-20260924-21:43:55-1666,config,,,*.controller.app[0].startTime,exponential(1s),,
Ieee802154Power-3-20260924-21:43:55-1666,config,,,*.controller.app[0].messageLength,10Byte,,
Ieee802154Power-3-20260924-21:43:55-1666,config,,,*.controller.app[0].packetName,"""ControlData""",,
Ieee802154Power-3-20260924-21:43:55-1666,config,,,*.controller.app[1].typename,UdpSink,,
Ieee802154Power-3-20260924-21:43:55-1666,config,,,*.controller.app[1].localPort,1000,,
Ieee802154Power-3-20260924-21:43:55-1666,config,,,*.lamp*.numApps,1,,
Ieee802154Power-3-20260924-21:43:55-1666,config,,,*.lamp*.app[0].typename,UdpSink,,
Ieee802154Power-3-20260924-21:43:55-1666,config,,,*.lamp*.app[0].localPort,1000,,
Ieee802154Power-3-20260924-21:43:55-1666,config,,,*.visualizer.routingTableVisualizer[0].displayRoutingTables,false,,
Ieee802154Power-3-20260924-21:43:55-1666,config,,,*.visualizer.routingTableVisualizer[0].displayRoutesIndividually,false,,
Ieee802154Power-3-20260924-21:43:55-1666,config,,,*.visualizer.routingTableVisualizer[0].lineShift,0,,
Ieee802154Power-3-20260924-21:43:55-1666,config,,,*.visualizer.routingTableVisualizer[0].displayLabels,false,,
Ieee802154Power-3-20260924-21:43:55-1666,config,,,*.visualizer.interfaceTableVisualizer[0].displayInterfaceTables,false,,
Ieee802154Power-3-20260924-21:43:55-1666,config,,,*.visualizer.numDataLinkVisualizers,2,,
Ieee802154Power-3-20260924-21:43:55-1666,config,,,*.visualizer.dataLinkVisualizer[*].displayLinks,true,,
Ieee802154Power-3-20260924-21:43:55-1666,config,,,*.visualizer.dataLinkVisualizer[0].nodeFilter,"""sensor* or controller""",,
Ieee802154Power-3-20260924-21:43:55-1666,config,,,*.visualizer.dataLinkVisualizer[1].*Color,"""blue""",,
Ieee802154Power-3-20260924-21:43:55-1666,config,,,*.visualizer.dataLinkVisualizer[1].nodeFilter,"""lamp* or controller""",,
Ieee802154Power-3-20260924-21:43:55-1666,config,,,*.visualizer.numStatisticVisualizers,2,,
Ieee802154Power-3-20260924-21:43:55-1666,config,,,*.visualizer.statisticVisualizer[*].zIndex,1,,
Ieee802154Power-3-20260924-21:43:55-1666,config,,,*.visualizer.statisticVisualizer[0].displayStatistics,true,,
Ieee802154Power-3-20260924-21:43:55-1666,config,,,*.visualizer.statisticVisualizer[0].signalName,"""packetSent""",,
Ieee802154Power-3-20260924-21:43:55-1666,config,,,*.visualizer.statisticVisualizer[0].statisticExpression,"""count""",,
Ieee802154Power-3-20260924-21:43:55-1666,config,,,*.visualizer.statisticVisualizer[0].sourceFilter,"""**.controller.udp OR **.sensor*.udp""",,
Ieee802154Power-3-20260924-21:43:55-1666,config,,,*.visualizer.statisticVisualizer[0].format,"""sent: %v pks""",,
Ieee802154Power-3-20260924-21:43:55-1666,config,,,*.visualizer.statisticVisualizer[1].displayStatistics,true,,
Ieee802154Power-3-20260924-21:43:55-1666,config,,,*.visualizer.statisticVisualizer[1].signalName,"""packetReceived""",,
Ieee802154Power-3-20260924-21:43:55-1666,config,,,*.visualizer.statisticVisualizer[1].statisticExpression,"""count""",,
Ieee802154Power-3-20260924-21:43:55-1666,config,,,*.visualizer.statisticVisualizer[1].sourceFilter,"""**.controller.udp OR **.lamp*.udp""",,
Ieee802154Power-3-20260924-21:43:55-1666,config,,,*.visualizer.statisticVisualizer[1].format,"""rcvd: %v pks""",,
Ieee802154Power-8-20260924-21:43:57-1666,runattr,,,configname,Ieee802154Power,,
Ieee802154Power-8-20260924-21:43:57-1666,runattr,,,datetime,20260924-21:43:57,,
Ieee802154Power-8-20260924-21:43:57-1666,runattr,,,datetimef,20260924-214357,,
Ieee802154Power-8-20260924-21:43:57-1666,runattr,,,experiment,Ieee802154Power,,
Ieee802154Power-8-20260924-21:43:57-1666,runattr,,,inifile,omnetpp.ini,,
Ieee802154Power-8-20260924-21:43:57-1666,runattr,,,iterationvars,,,
Ieee802154Power-8-20260924-21:43:57-1666,runattr,,,iterationvarsd,,,
Ieee802154Power-8-20260924-21:43:57-1666,runattr,,,iterationvarsf,,,
Ieee802154Power-8-20260924-21:43:57-1666,runattr,,,measurement,,,
Ieee802154Power-8-20260924-21:43:57-1666,runattr,,,network,Ieee802154Showcase,,
Ieee802154Power-8-20260924-21:43:57-1666,runattr,,,processid,1666,,
Ieee802154Power-8-20260924-21:43:57-1666,runattr,,,repetition,8,,
Ieee802154Power-8-20260924-21:43:57-1666,runattr,,,replication,#8,,
Ieee802154Power-8-20260924-21:43:57-1666,runattr,,,resultdir,results,,
Ieee802154Power-8-20260924-21:43:57-1666,runattr,,,runnumber,8,,
Ieee802154Power-8-20260924-21:43:57-1666,runattr,,,seedset,8,,
Ieee802154Power-8-20260924-21:43:57-1666,config,,,extends,Ieee802154,,
Ieee802154Power-8-20260924-21:43:57-1666,config,,,sim-time-limit,100s,,
Ieee802154Power-8-20260924-21:43:57-1666,config,,,repeat,10,,
Ieee802154Power-8-20260924-21:43:57-1666,config,,,**.energyStorage.residualEnergyCapacity.result-recording-modes,+last,,
Ieee802154Power-8-20260924-21:43:57-1666,config,,,network,Ieee802154Showcase,,
Ieee802154Power-8-20260924-21:43:57-1666,config,,,**.arp.typename,GlobalArp,,
Ieee802154Power-8-20260924-21:43:57-1666,config,,,**.netmaskRoutes,"""""",,
Ieee802154Power-8-20260924-21:43:57-1666,config,,,*.radioMedium.backgroundNoise.power,-110dBm,,
Ieee802154Power-8-20260924-21:43:57-1666,config,,,*.configurator.config,"xmldoc(""startopology.xml"")",,
Ieee802154Power-8-20260924-21:43:57-1666,config,,,*.configurator.addStaticRoutes,false,,
Ieee802154Power-8-20260924-21:43:57-1666,config,,,*.sensor*.numApps,1,,
Ieee802154Power-8-20260924-21:43:57-1666,config,,,*.sensor*.app[*].typename,UdpBasicApp,,
Ieee802154Power-8-20260924-21:43:57-1666,config,,,*.sensor*.app[*].destAddresses,"""controller""",,
Ieee802154Power-8-20260924-21:43:57-1666,config,,,*.sensor*.app[*].destPort,1000,,
Ieee802154Power-8-20260924-21:43:57-1666,config,,,*.sensor*.app[*].sendInterval,1s,,
Ieee802154Power-8-20260924-21:43:57-1666,config,,,*.sensor*.app[*].startTime,"uniform(0s,1s)",,
Ieee802154Power-8-20260924-21:43:57-1666,config,,,*.sensor*.app[*].messageLength,10Byte,,
Ieee802154Power-8-20260924-21:43:57-1666,config,,,*.sensor*.app[*].packetName,"""SensorData""",,
Ieee802154Power-8-20260924-21:43:57-1666,config,,,*.controller.numApps,2,,
Ieee802154Power-8-20260924-21:43:57-1666,config,,,*.controller.app[0].typename,UdpBasicApp,,
Ieee802154Power-8-20260924-21:43:57-1666,config,,,*.controller.app[0].destAddresses,"""lamp1 lamp2 lamp3 lamp4 lamp5 lamp6 lamp7 lamp8""",,
Ieee802154Power-8-20260924-21:43:57-1666,config,,,*.controller.app[0].destPort,1000,,
Ieee802154Power-8-20260924-21:43:57-1666,config,,,*.controller.app[0].sendInterval,1s,,
Ieee802154Power-8-20260924-21:43:57-1666,config,,,*.controller.app[0].startTime,exponential(1s),,
Ieee802154Power-8-20260924-21:43:57-1666,config,,,*.controller.app[0].messageLength,10Byte,,
Ieee802154Power-8-20260924-21:43:57-1666,config,,,*.controller.app[0].packetName,"""ControlData""",,
Ieee802154Power-8-20260924-21:43:57-1666,config,,,*.controller.app[1].typename,UdpSink,,
Ieee802154Power-8-20260924-21:43:57-1666,config,,,*.controller.app[1].localPort,1000,,
Ieee802154Power-8-20260924-21:43:57-1666,config,,,*.lamp*.numApps,1,,
Ieee802154Power-8-20260924-21:43:57-1666,config,,,*.lamp*.app[0].typename,UdpSink,,
Ieee802154Power-8-20260924-21:43:57-1666,config,,,*.lamp*.app[0].localPort,1000,,
Ieee802154Power-8-20260924-21:43:57-1666,config,,,*.visualizer.routingTableVisualizer[0].displayRoutingTables,false,,
Ieee802154Power-8-20260924-21:43:57-1666,config,,,*.visualizer.routingTableVisualizer[0].displayRoutesIndividually,false,,
Ieee802154Power-8-20260924-21:43:57-1666,config,,,*.visualizer.routingTableVisualizer[0].lineShift,0,,
Ieee802154Power-8-20260924-21:43:57-1666,config,,,*.visualizer.routingTableVisualizer[0].displayLabels,false,,
Ieee802154Power-8-20260924-21:43:57-1666,config,,,*.visualizer.interfaceTableVisualizer[0].displayInterfaceTables,false,,
Ieee802154Power-8-20260924-21:43:57-1666,config,,,*.visualizer.numDataLinkVisualizers,2,,
Ieee802154Power-8-20260924-21:43:57-1666,config,,,*.visualizer.dataLinkVisualizer[*].displayLinks,true,,
Ieee802154Power-8-20260924-21:43:57-1666,config,,,*.visualizer.dataLinkVisualizer[0].nodeFilter,"""sensor* or controller""",,
Ieee802154Power-8-20260924-21:43:57-1666,config,,,*.visualizer.dataLinkVisualizer[1].*Color,"""blue""",,
Ieee802154Power-8-20260924-21:43:57-1666,config,,,*.visualizer.dataLinkVisualizer[1].nodeFilter,"""lamp* or controller""",,
Ieee802154Power-8-20260924-21:43:57-1666,config,,,*.visualizer.numStatisticVisualizers,2,,
Ieee802154Power-8-20260924-21:43:57-1666,config,,,*.visualizer.statisticVisualizer[*].zIndex,1,,
Ieee802154Power-8-20260924-21:43:57-1666,config,,,*.visualizer.statisticVisualizer[0].displayStatistics,true,,
Ieee802154Power-8-20260924-21:43:57-1666,config,,,*.visualizer.statisticVisualizer[0].signalName,"""packetSent""",,
Ieee802154Power-8-20260924-21:43:57-1666,config,,,*.visualizer.statisticVisualizer[0].statisticExpression,"""count""",,
Ieee802154Power-8-20260924-21:43:57-1666,config,,,*.visualizer.statisticVisualizer[0].sourceFilter,"""**.controller.udp OR **.sensor*.udp""",,
Ieee802154Power-8-20260924-21:43:57-1666,config,,,*.visualizer.statisticVisualizer[0].format,"""sent: %v pks""",,
Ieee802154Power-8-20260924-21:43:57-1666,config,,,*.visualizer.statisticVisualizer[1].displayStatistics,true,,
Ieee802154Power-8-20260924-21:43:57-1666,config,,,*.visualizer.statisticVisualizer[1].signalName,"""packetReceived""",,
Ieee802154Power-8-20260924-21:43:57-1666,config,,,*.visualizer.statisticVisualizer[1].statisticExpression,"""count""",,
Ieee802154Power-8-20260924-21:43:57-1666,config,,,*.visualizer.statisticVisualizer[1].sourceFilter,"""**.controller.udp OR **.lamp*.udp""",,
Ieee802154Power-8-20260924-21:43:57-1666,config,,,*.visualizer.statisticVisualizer[1].format,"""rcvd: %v pks""",,
Ieee802154Power-7-20260924-21:43:56-1666,runattr,,,configname,Ieee802154Power,,
Ieee802154Power-7-20260924-21:43:56-1666,runattr,,,datetime,20260924-21:43:56,,
Ieee802154Power-7-20260924-21:43:56-1666,runattr,,,datetimef,20260924-214356,,
Ieee802154Power-7-20260924-21:43:56-1666,runattr,,,experiment,Ieee802154Power,,
Ieee802154Power-7-20260924-21:43:56-1666,runattr,,,inifile,omnetpp.ini,,
Ieee802154Power-7-20260924-21:43:56-1666,runattr,,,iterationvars,,,
Ieee802154Power-7-20260924-21:43:56-1666,runattr,,,iterationvarsd,,,
Ieee802154Power-7-20260924-21:43:56-1666,runattr,,,iterationvarsf,,,
Ieee802154Power-7-20260924-21:43:56-1666,runattr,,,measurement,,,
Ieee802154Power-7-20260924-21:43:56-1666,runattr,,,network,Ieee802154Showcase,,
Ieee802154Power-7-20260924-21:43:56-1666,runattr,,,processid,1666,,
Ieee802154Power-7-20260924-21:43:56-1666,runattr,,,repetition,7,,
Ieee802154Power-7-20260924-21:43:56-1666,runattr,,,replication,#7,,
Ieee802154Power-7-20260924-21:43:56-1666,runattr,,,resultdir,results,,
Ieee802154Power-7-20260924-21:43:56-1666,runattr,,,runnumber,7,,
Ieee802154Power-7-20260924-21:43:56-1666,runattr,,,seedset,7,,
Ieee802154Power-7-20260924-21:43:56-1666,config,,,extends,Ieee802154,,
Ieee802154Power-7-20260924-21:43:56-1666,config,,,sim-time-limit,100s,,
Ieee802154Power-7-20260924-21:43:56-1666,config,,,repeat,10,,
Ieee802154Power-7-20260924-21:43:56-1666,config,,,**.energyStorage.residualEnergyCapacity.result-recording-modes,+last,,
Ieee802154Power-7-20260924-21:43:56-1666,config,,,network,Ieee802154Showcase,,
Ieee802154Power-7-20260924-21:43:56-1666,config,,,**.arp.typename,GlobalArp,,
Ieee802154Power-7-20260924-21:43:56-1666,config,,,**.netmaskRoutes,"""""",,
Ieee802154Power-7-20260924-21:43:56-1666,config,,,*.radioMedium.backgroundNoise.power,-110dBm,,
Ieee802154Power-7-20260924-21:43:56-1666,config,,,*.configurator.config,"xmldoc(""startopology.xml"")",,
Ieee802154Power-7-20260924-21:43:56-1666,config,,,*.configurator.addStaticRoutes,false,,
Ieee802154Power-7-20260924-21:43:56-1666,config,,,*.sensor*.numApps,1,,
Ieee802154Power-7-20260924-21:43:56-1666,config,,,*.sensor*.app[*].typename,UdpBasicApp,,
Ieee802154Power-7-20260924-21:43:56-1666,config,,,*.sensor*.app[*].destAddresses,"""controller""",,
Ieee802154Power-7-20260924-21:43:56-1666,config,,,*.sensor*.app[*].destPort,1000,,
Ieee802154Power-7-20260924-21:43:56-1666,config,,,*.sensor*.app[*].sendInterval,1s,,
Ieee802154Power-7-20260924-21:43:56-1666,config,,,*.sensor*.app[*].startTime,"uniform(0s,1s)",,
Ieee802154Power-7-20260924-21:43:56-1666,config,,,*.sensor*.app[*].messageLength,10Byte,,
Ieee802154Power-7-20260924-21:43:56-1666,config,,,*.sensor*.app[*].packetName,"""SensorData""",,
Ieee802154Power-7-20260924-21:43:56-1666,config,,,*.controller.numApps,2,,
Ieee802154Power-7-20260924-21:43:56-1666,config,,,*.controller.app[0].typename,UdpBasicApp,,
Ieee802154Power-7-20260924-21:43:56-1666,config,,,*.controller.app[0].destAddresses,"""lamp1 lamp2 lamp3 lamp4 lamp5 lamp6 lamp7 lamp8""",,
Ieee802154Power-7-20260924-21:43:56-1666,config,,,*.controller.app[0].destPort,1000,,
Ieee802154Power-7-20260924-21:43:56-1666,config,,,*.controller.app[0].sendInterval,1s,,
Ieee802154Power-7-20260924-21:43:56-1666,config,,,*.controller.app[0].startTime,exponential(1s),,
Ieee802154Power-7-20260924-21:43:56-1666,config,,,*.controller.app[0].messageLength,10Byte,,
Ieee802154Power-7-20260924-21:43:56-1666,config,,,*.controller.app[0].packetName,"""ControlData""",,
Ieee802154Power-7-20260924-21:43:56-1666,config,,,*.controller.app[1].typename,UdpSink,,
Ieee802154Power-7-20260924-21:43:56-1666,config,,,*.controller.app[1].localPort,1000,,
Ieee802154Power-7-20260924-21:43:56-1666,config,,,*.lamp*.numApps,1,,
Ieee802154Power-7-20260924-21:43:56-1666,config,,,*.lamp*.app[0].typename,UdpSink,,
Ieee802154Power-7-20260924-21:43:56-1666,config,,,*.lamp*.app[0].localPort,1000,,
Ieee802154Power-7-20260924-21:43:56-1666,config,,,*.visualizer.routingTableVisualizer[0].displayRoutingTables,false,,
Ieee802154Power-7-20260924-21:43:56-1666,config,,,*.visualizer.routingTableVisualizer[0].displayRoutesIndividually,false,,
Ieee802154Power-7-20260924-21:43:56-1666,config,,,*.visualizer.routingTableVisualizer[0].lineShift,0,,
Ieee802154Power-7-20260924-21:43:56-1666,config,,,*.visualizer.routingTableVisualizer[0].displayLabels,false,,
Ieee802154Power-7-20260924-21:43:56-1666,config,,,*.visualizer.interfaceTableVisualizer[0].displayInterfaceTables,false,,
Ieee802154Power-7-20260924-21:43:56-1666,config,,,*.visualizer.numDataLinkVisualizers,2,,
Ieee802154Power-7-20260924-21:43:56-1666,config,,,*.visualizer.dataLinkVisualizer[*].displayLinks,true,,
Ieee802154Power-7-20260924-21:43:56-1666,config,,,*.visualizer.dataLinkVisualizer[0].nodeFilter,"""sensor* or controller""",,
Ieee802154Power-7-20260924-21:43:56-1666,config,,,*.visualizer.dataLinkVisualizer[1].*Color,"""blue""",,
Ieee802154Power-7-20260924-21:43:56-1666,config,,,*.visualizer.dataLinkVisualizer[1].nodeFilter,"""lamp* or controller""",,
Ieee802154Power-7-20260924-21:43:56-1666,config,,,*.visualizer.numStatisticVisualizers,2,,
Ieee802154Power-7-20260924-21:43:56-1666,config,,,*.visualizer.statisticVisualizer[*].zIndex,1,,
Ieee802154Power-7-20260924-21:43:56-1666,config,,,*.visualizer.statisticVisualizer[0].displayStatistics,true,,
Ieee802154Power-7-20260924-21:43:56-1666,config,,,*.visualizer.statisticVisualizer[0].signalName,"""packetSent""",,
Ieee802154Power-7-20260924-21:43:56-1666,config,,,*.visualizer.statisticVisualizer[0].statisticExpression,"""count""",,
Ieee802154Power-7-20260924-21:43:56-1666,config,,,*.visualizer.statisticVisualizer[0].sourceFilter,"""**.controller.udp OR **.sensor*.udp""",,
Ieee802154Power-7-20260924-21:43:56-1666,config,,,*.visualizer.statisticVisualizer[0].format,"""sent: %v pks""",,
Ieee802154Power-7-20260924-21:43:56-1666,config,,,*.visualizer.statisticVisualizer[1].displayStatistics,true,,
Ieee802154Power-7-20260924-21:43:56-1666,config,,,*.visualizer.statisticVisualizer[1].signalName,"""packetReceived""",,
Ieee802154Power-7-20260924-21:43:56-1666,config,,,*.visualizer.statisticVisualizer[1].statisticExpression,"""count""",,
Ieee802154Power-7-20260924-21:43:56-1666,config,,,*.visualizer.statisticVisualizer[1].sourceFilter,"""**.controller.udp OR **.lamp*.udp""",,
Ieee802154Power-7-20260924-21:43:56-1666,config,,,*.visualizer.statisticVisualizer[1].format,"""rcvd: %v pks""",,
Ieee802154Power-0-20260924-21:43:53-1666,vector,Ieee802154Showcase.sensor1.wlan[0].radio.energyConsumer,powerConsumption:vector,,,"0 0 0 0 0.059273027937 0.059273027937 0.060969027937 0.061161028022 0.061513028022 0.385021732763 0.386717732763 0.386909747827 0.387261747827 0.478305137761 0.480001137761 0.480193154787 0.480545154787 0.84439374409 0.84439374409 0.84439374409 0.84439374409 0.84458574409 0.84458574409 0.84628174409 0.84628174409 0.84628174409 0.84628174409 0.84628174409 0.846473794896 0.846473794896 0.846825794896 0.84821178062 0.84990778062 0.850099785036 0.850451785036 1.059273027937 1.060969027937 1.061161028022 1.061513028022 1.138178967113 1.139874967113 1.140067005986 1.140419005986 1.385341732763 1.387037732763 1.387229747827 1.387581747827 1.479265137761 1.480961137761 1.481153154787 1.481505154787 1.84439374409 1.84439374409 1.84439374409 1.84439374409 1.84458574409 1.84458574409 1.84628174409 1.84628174409 1.84628174409 1.84628174409 1.84628174409 1.846473794896 1.846473794896 1.846825794896 1.84885178062 1.85054778062 1.850739785036 1.851091785036 2.058633027937 2.060329027937 2.060521028022 2.060873028022 2.136258967113 2.137954967113 2.138146979744 2.138498979744 2.385021732763 2.386717732763 2.386909747827 2.387261747827 2.479265137761 2.480961137761 2.481153154787 2.481505154787 2.84503374409 2.84503374409 2.84503374409 2.84503374409 2.84522574409 2.84522574409 2.84692174409 2.84692174409 2.84692174409 2.84692174409 2.84692174409 2.847113794896 2.847113794896 2.847465794896 2.84981178062 2.85150778062 2.851699785036 2.852051785036 3.057353027937 3.059049027937 3.059241028022 3.059593028022 3.138498967113 3.140194967113 3.140386987669 3.140738987669 3.385021732763 3.386717732763 3.386909747827 3.387261747827 3.479905137761 3.481601137761 3.481793154787 3.482145154787 3.84535374409 3.84535374409 3.84535374409 3.84535374409 3.84554574409 3.84554574409 3.84724174409 3.84724174409 3.84724174409 3.84724174409 3.84724174409 3.847433794896 3.847433794896 3.847785794896 3.84821178062 3.84990778062 3.850099785036 3.850451785036 4.057033027937 4.058729027937 4.058921028022 4.059273028022 4.137218967113 4.138914967113 4.139106979744 4.139458979744 4.385981732763 4.387677732763 4.387869747827 4.388221747827 4.478625137761 4.480321137761 4.480513154787 4.480865154787 4.84535374409 4.84535374409 4.84535374409 4.84535374409 4.84554574409 4.84554574409 4.84724174409 4.84724174409 4.84724174409 4.84724174409 4.84724174409 4.847433794896 4.847433794896 4.847785794896 4.84949178062 4.85118778062 4.851379785036 4.851731785036 5.059273027937 5.060969027937 5.061161028022 5.061513028022 5.137538967113 5.139234967113 5.139426980878 5.139778980878 5.385981732763 5.387677732763 5.387869747827 5.388221747827 5.479265137761 5.480961137761 5.481153154787 5.481505154787 5.84631374409 5.84631374409 5.84631374409 5.84631374409 5.84650574409 5.84650574409 5.84820174409 5.84820174409 5.84820174409 5.84820174409 5.84820174409 5.848393794896 5.848393794896 5.848745794896 5.84993978062 5.85163578062 5.851827785036 5.852179785036 6.059273027937 6.060969027937 6.061161028022 6.061513028022 6.137858967113 6.139554967113 6.139746980878 6.140098980878 6.386301732763 6.387997732763 6.388189747827 6.388541747827 6.478305137761 6.480001137761 6.480193154787 6.480545154787 6.84471374409 6.84471374409 6.84471374409 6.84471374409 6.84490574409 6.84490574409 6.84660174409 6.84660174409 6.84660174409 6.84660174409 6.84660174409 6.846793794896 6.846793794896 6.847145794896 6.84757178062 6.84926778062 6.849459785036 6.849811785036 7.058633027937 7.060329027937 7.060521028022 7.060873028022 7.136258967113 7.137954967113 7.138146979744 7.138498979744 7.385341732763 7.387037732763 7.387229747827 7.387581747827 7.478625137761 7.480321137761 7.480513154787 7.480865154787 7.84599374409 7.84599374409 7.84599374409 7.84599374409 7.84618574409 7.84618574409 7.84788174409 7.84788174409 7.84788174409 7.84788174409 7.84788174409 7.848073794896 7.848073794896 7.848425794896 7.84990778062 7.84990778062 7.85078778062 7.85078778062 7.85248378062 7.852675785036 7.853027785036 8.057673027937 8.059369027937 8.059561028022 8.059913028022 8.136898967113 8.138594967113 8.138787005986 8.139139005986 8.386941732763 8.388637732763 8.388829747827 8.389181747827 8.478625137761 8.480321137761 8.480513154787 8.480865154787 8.84503374409 8.84503374409 8.84503374409 8.84503374409 8.84522574409 8.84522574409 8.84692174409 8.84692174409 8.84692174409 8.84692174409 8.84692174409 8.847113794896 8.847113794896 8.847465794896 8.84853178062 8.85022778062 8.850419785036 8.850771785036 9.057993027937 9.059689027937 9.059881028022 9.060233028022 9.136898967113 9.138594967113 9.138787005986 9.139139005986 9.385661732763 9.387357732763 9.387549747827 9.387901747827 9.478305137761 9.480001137761 9.480193154787 9.480545154787 9.84535374409 9.84535374409 9.84535374409 9.84535374409 9.84554574409 9.84554574409 9.84724174409 9.84724174409 9.84724174409 9.84724174409 9.84724174409 9.847433794896 9.847433794896 9.847785794896 9.85121978062 9.85291578062 9.853107785036 9.853459785036 10.058313027937 10.060009027937 10.060201028022 10.060553028022 10.138178967113 10.139874967113 10.140066987353 10.140418987353 10.384701732763 10.386397732763 10.386589747827 10.386941747827 10.478625137761 10.480321137761 10.480513154787 10.480865154787 10.84439374409 10.84439374409 10.84439374409 10.84439374409 10.84458574409 10.84458574409 10.84628174409 10.84628174409 10.84628174409 10.84628174409 10.84628174409 10.846473794896 10.846473794896 10.846825794896 10.84949178062 10.85118778062 10.851379785036 10.851731785036 11.058953027937 11.060649027937 11.060841028022 11.061193028022 11.138178967113 11.139874967113 11.140067005986 11.140419005986 11.385661732763 11.387357732763 11.387549747827 11.387901747827 11.479265137761 11.480961137761 11.481153154787 11.481505154787 11.84599374409 11.84599374409 11.84599374409 11.84599374409 11.84618574409 11.84618574409 11.84788174409 11.84788174409 11.84788174409 11.84788174409 11.84788174409 11.848073794896 11.848073794896 11.848425794896 11.85185978062 11.85355578062 11.853747785036 11.854099785036 12.057993027937 12.059689027937 12.059881028022 12.060233028022 12.136898967113 12.138594967113 12.138786979744 12.139138979744 12.386301732763 12.387997732763 12.388189747827 12.388541747827 12.477985137761 12.479681137761 12.479873154787 12.480225154787 12.84535374409 12.84535374409 12.84535374409 12.84535374409 12.84554574409 12.84554574409 12.84724174409 12.84724174409 12.84724174409 12.84724174409 12.84724174409 12.847433794896 12.847433794896 12.847785794896 12.84926778062 12.84926778062 12.85206778062 12.85206778062 12.85376378062 12.853955785036 12.854307785036 13.058313027937 13.060009027937 13.060201028022 13.060553028022 13.137858967113 13.139554967113 13.139747005986 13.140099005986 13.385981732763 13.387677732763 13.387869747827 13.388221747827 13.479585137761 13.481281137761 13.481473154787 13.481825154787 13.84599374409 13.84599374409 13.84599374409 13.84599374409 13.84618574409 13.84618574409 13.84788174409 13.84788174409 13.84788174409 13.84788174409 13.84788174409 13.848073794896 13.848073794896 13.848425794896 13.85550778062 13.85720378062 13.857395785036 13.857747785036 14.058633027937 14.060329027937 14.060521028022 14.060873028022 14.136578967113 14.138274967113 14.138466979744 14.138818979744 14.385981732763 14.387677732763 14.387869747827 14.388221747827 14.479905137761 14.481601137761 14.481793154787 14.482145154787 14.84599374409 14.84599374409 14.84599374409 14.84599374409 14.84618574409 14.84618574409 14.84788174409 14.84788174409 14.84788174409 14.84788174409 14.84788174409 14.848073794896 14.848073794896 14.848425794896 14.85057978062 14.85227578062 14.852467785036 14.852819785036 15.058313027937 15.060009027937 15.060201028022 15.060553028022 15.137218967113 15.138914967113 15.139107005986 15.139459005986 15.386621732763 15.388317732763 15.388509747827 15.388861747827 15.480225137761 15.481921137761 15.482113154787 15.482465154787 15.84663374409 15.84663374409 15.84663374409 15.84663374409 15.84682574409 15.84682574409 15.84852174409 15.84852174409 15.84852174409 15.84852174409 15.84852174409 15.848713794896 15.848713794896 15.849065794896 15.85249978062 15.85419578062 15.854387785036 15.854739785036 16.057673027937 16.059369027937 16.059561028022 16.059913028022 16.138178967113 16.139874967113 16.140066967802 16.140418967802 16.385661732763 16.387357732763 16.387549747827 16.387901747827 16.480225137761 16.481921137761 16.482113154787 16.482465154787 16.84471374409 16.84471374409 16.84471374409 16.84471374409 16.84490574409 16.84490574409 16.84660174409 16.84660174409 16.84660174409 16.84660174409 16.84660174409 16.846793794896 16.846793794896 16.847145794896 16.84981178062 16.85150778062 16.851699785036 16.852051785036 17.058313027937 17.060009027937 17.060201028022 17.060553028022 17.137858967113 17.139554967113 17.139746967802 17.140098967802 17.385661732763 17.387357732763 17.387549747827 17.387901747827 17.480225137761 17.481921137761 17.482113154787 17.482465154787 17.84503374409 17.84503374409 17.84503374409 17.84503374409 17.84522574409 17.84522574409 17.84692174409 17.84692174409 17.84692174409 17.84692174409 17.84692174409 17.847113794896 17.847113794896 17.847465794896 17.84949178062 17.85118778062 17.851379785036 17.851731785036 18.058953027937 18.060649027937 18.060841028022 18.061193028022 18.137858967113 18.139554967113 18.139746979744 18.140098979744 18.386941732763 18.388637732763 18.388829747827 18.389181747827 18.477985137761 18.479681137761 18.479873154787 18.480225154787 18.84439374409 18.84439374409 18.84439374409 18.84439374409 18.84458574409 18.84458574409 18.84628174409 18.84628174409 18.84628174409 18.84628174409 18.84628174409 18.846473794896 18.846473794896 18.846825794896 18.84821178062 18.84990778062 18.850099785036 18.850451785036 19.057993027937 19.059689027937 19.059881028022 19.060233028022 19.137858967113 19.139554967113 19.139746990119 19.140098990119 19.386941732763 19.388637732763 19.388829747827 19.389181747827 19.478625137761 19.480321137761 19.480513154787 19.480865154787 19.84535374409 19.84535374409 19.84535374409 19.84535374409 19.84554574409 19.84554574409 19.84724174409 19.84724174409 19.84724174409 19.84724174409 19.84724174409 19.847433794896 19.847433794896 19.847785794896 19.84981178062 19.85150778062 19.851699785036 19.852051785036 20.057993027937 20.059689027937 20.059881028022 20.060233028022 20.137538967113 20.139234967113 20.139426979744 20.139778979744 20.386301732763 20.387997732763 20.388189747827 20.388541747827 20.478945137761 20.480641137761 20.480833154787 20.481185154787 20.84471374409 20.84471374409 20.84471374409 20.84471374409 20.84490574409 20.84490574409 20.84660174409 20.84660174409 20.84660174409 20.84660174409 20.84660174409 20.846793794896 20.846793794896 20.847145794896 20.84789178062 20.84958778062 20.849779785036 20.850131785036 21.057993027937 21.059689027937 21.059881028022 21.060233028022 21.136898967113 21.138594967113 21.138786979744 21.139138979744 21.385981732763 21.387677732763 21.387869747827 21.388221747827 21.480225137761 21.481921137761 21.482113154787 21.482465154787 21.84503374409 21.84503374409 21.84503374409 21.84503374409 21.84522574409 21.84522574409 21.84692174409 21.84692174409 21.84692174409 21.84692174409 21.84692174409 21.847113794896 21.847113794896 21.847465794896 21.84917178062 21.85086778062 21.851059785036 21.851411785036 22.059273027937 22.060969027937 22.061161028022 22.061513028022 22.137858967113 22.139554967113 22.139746990119 22.140098990119 22.385981732763 22.387677732763 22.387869747827 22.388221747827 22.478625137761 22.480321137761 22.480513154787 22.480865154787 22.84471374409 22.84471374409 22.84471374409 22.84471374409 22.84490574409 22.84490574409 22.84660174409 22.84660174409 22.84660174409 22.84660174409 22.84660174409 22.846793794896 22.846793794896 22.847145794896 22.84757178062 22.84926778062 22.849459785036 22.849811785036 23.058313027937 23.060009027937 23.060201028022 23.060553028022 23.137218967113 23.138914967113 23.139106967802 23.139458967802 23.386301732763 23.387997732763 23.388189747827 23.388541747827 23.479585137761 23.481281137761 23.481473154787 23.481825154787 23.84439374409 23.84439374409 23.84439374409 23.84439374409 23.84458574409 23.84458574409 23.84628174409 23.84628174409 23.84628174409 23.84628174409 23.84628174409 23.846473794896 23.846473794896 23.846825794896 23.84757178062 23.84926778062 23.849459785036 23.849811785036 24.057353027937 24.059049027937 24.059241028022 24.059593028022 24.136258967113 24.137954967113 24.138146987669 24.138498987669 24.384701732763 24.386397732763 24.386589747827 24.386941747827 24.477985137761 24.479681137761 24.479873154787 24.480225154787 24.84567374409 24.84567374409 24.84567374409 24.84567374409 24.84586574409 24.84586574409 24.84756174409 24.84756174409 24.84756174409 24.84756174409 24.84756174409 24.847753794896 24.847753794896 24.848105794896 24.84958778062 24.84958778062 24.85078778062 24.85078778062 24.85248378062 24.852675785036 24.853027785036 25.057673027937 25.059369027937 25.059561028022 25.059913028022 25.137858967113 25.139554967113 25.139746987669 25.140098987669 25.386301732763 25.387997732763 25.388189747827 25.388541747827 25.479585137761 25.481281137761 25.481473154787 25.481825154787 25.84567374409 25.84567374409 25.84567374409 25.84567374409 25.84586574409 25.84586574409 25.84756174409 25.84756174409 25.84756174409 25.84756174409 25.84756174409 25.847753794896 25.847753794896 25.848105794896 25.84917178062 25.85086778062 25.851059785036 25.851411785036 26.057673027937 26.059369027937 26.059561028022 26.059913028022 26.137218967113 26.138914967113 26.139106980878 26.139458980878 26.386941732763 26.388637732763 26.388829747827 26.389181747827 26.478945137761 26.480641137761 26.480833154787 26.481185154787 26.84631374409 26.84631374409 26.84631374409 26.84631374409 26.84650574409 26.84650574409 26.84820174409 26.84820174409 26.84820174409 26.84820174409 26.84820174409 26.848393794896 26.848393794896 26.848745794896 26.84949178062 26.85118778062 26.851379785036 26.851731785036 27.057673027937 27.059369027937 27.059561028022 27.059913028022 27.137218967113 27.138914967113 27.139107005296 27.139459005296 27.385021732763 27.386717732763 27.386909747827 27.387261747827 27.479585137761 27.481281137761 27.481473154787 27.481825154787 27.84599374409 27.84599374409 27.84599374409 27.84599374409 27.84618574409 27.84618574409 27.84788174409 27.84788174409 27.84788174409 27.84788174409 27.84788174409 27.848073794896 27.848073794896 27.848425794896 27.84865978062 27.85035578062 27.850547785036 27.850899785036 28.057993027937 28.059689027937 28.059881028022 28.060233028022 28.137538967113 28.139234967113 28.139426987669 28.139778987669 28.385021732763 28.386717732763 28.386909747827 28.387261747827 28.478625137761 28.480321137761 28.480513154787 28.480865154787 28.84631374409 28.84631374409 28.84631374409 28.84631374409 28.84650574409 28.84650574409 28.84820174409 28.84820174409 28.84820174409 28.84820174409 28.84820174409 28.848393794896 28.848393794896 28.848745794896 28.85089978062 28.85259578062 28.852787785036 28.853139785036 29.058953027937 29.060649027937 29.060841028022 29.061193028022 29.137538967113 29.139234967113 29.139426967802 29.139778967802 29.385661732763 29.387357732763 29.387549747827 29.387901747827 29.477985137761 29.479681137761 29.479873154787 29.480225154787 29.84535374409 29.84535374409 29.84535374409 29.84535374409 29.84554574409 29.84554574409 29.84724174409 29.84724174409 29.84724174409 29.84724174409 29.84724174409 29.847433794896 29.847433794896 29.847785794896 29.84853178062 29.85022778062 29.850419785036 29.850771785036 30.059273027937 30.060969027937 30.061161028022 30.061513028022 30.137218967113 30.138914967113 30.139106967802 30.139458967802 30.386941732763 30.388637732763 30.388829747827 30.389181747827 30.479585137761 30.481281137761 30.481473154787 30.481825154787 30.84471374409 30.84471374409 30.84471374409 30.84471374409 30.84490574409 30.84490574409 30.84660174409 30.84660174409 30.84660174409 30.84660174409 30.84660174409 30.846793794896 30.846793794896 30.847145794896 30.84885178062 30.85054778062 30.850739785036 30.851091785036 31.057033027937 31.058729027937 31.058921028022 31.059273028022 31.137538967113 31.139234967113 31.139427005986 31.139779005986 31.385021732763 31.386717732763 31.386909747827 31.387261747827 31.478625137761 31.480321137761 31.480513154787 31.480865154787 31.84631374409 31.84631374409 31.84631374409 31.84631374409 31.84650574409 31.84650574409 31.84820174409 31.84820174409 31.84820174409 31.84820174409 31.84820174409 31.848393794896 31.848393794896 31.848745794896 31.84961978062 31.85131578062 31.851507785036 31.851859785036 32.058953027937 32.060649027937 32.060841028022 32.061193028022 32.136898967113 32.138594967113 32.138787005986 32.139139005986 32.386941732763 32.388637732763 32.388829747827 32.389181747827 32.479585137761 32.481281137761 32.481473154787 32.481825154787 32.84599374409 32.84599374409 32.84599374409 32.84599374409 32.84618574409 32.84618574409 32.84788174409 32.84788174409 32.84788174409 32.84788174409 32.84788174409 32.848073794896 32.848073794896 32.848425794896 32.85249978062 32.85419578062 32.854387785036 32.854739785036 33.058633027937 33.060329027937 33.060521028022 33.060873028022 33.137538967113 33.139234967113 33.139427005986 33.139779005986 33.385981732763 33.387677732763 33.387869747827 33.388221747827 33.478625137761 33.480321137761 33.480513154787 33.480865154787 33.84567374409 33.84567374409 33.84567374409 33.84567374409 33.84586574409 33.84586574409 33.84756174409 33.84756174409 33.84756174409 33.84756174409 33.84756174409 33.847753794896 33.847753794896 33.848105794896 33.84958778062 33.84958778062 33.85142778062 33.85142778062 33.85312378062 33.853315785036 33.853667785036 34.058633027937 34.060329027937 34.060521028022 34.060873028022 34.137218967113 34.138914967113 34.139106987353 34.139458987353 34.385981732763 34.387677732763 34.387869747827 34.388221747827 34.478625137761 34.480321137761 34.480513154787 34.480865154787 34.84663374409 34.84663374409 34.84663374409 34.84663374409 34.84682574409 34.84682574409 34.84852174409 34.84852174409 34.84852174409 34.84852174409 34.84852174409 34.848713794896 34.848713794896 34.849065794896 34.84949178062 34.85118778062 34.851379785036 34.851731785036 35.058633027937 35.060329027937 35.060521028022 35.060873028022 35.138178967113 35.139874967113 35.140066967802 35.140418967802 35.384701732763 35.386397732763 35.386589747827 35.386941747827 35.479265137761 35.480961137761 35.481153154787 35.481505154787 35.84503374409 35.84503374409 35.84503374409 35.84503374409 35.84522574409 35.84522574409 35.84692174409 35.84692174409 35.84692174409 35.84692174409 35.84692174409 35.847113794896 35.847113794896 35.847465794896 35.84821178062 35.84990778062 35.850099785036 35.850451785036 36.058313027937 36.060009027937 36.060201028022 36.060553028022 36.136578967113 36.138274967113 36.138466990119 36.138818990119 36.386621732763 36.388317732763 36.388509747827 36.388861747827 36.477985137761 36.479681137761 36.479873154787 36.480225154787 36.84439374409 36.84439374409 36.84439374409 36.84439374409 36.84458574409 36.84458574409 36.84628174409 36.84628174409 36.84628174409 36.84628174409 36.84628174409 36.846473794896 36.846473794896 36.846825794896 36.84757178062 36.84926778062 36.849459785036 36.849811785036 37.058953027937 37.060649027937 37.060841028022 37.061193028022 37.138498967113 37.140194967113 37.140386967802 37.140738967802 37.384701732763 37.386397732763 37.386589747827 37.386941747827 37.479905137761 37.481601137761 37.481793154787 37.482145154787 37.84663374409 37.84663374409 37.84663374409 37.84663374409 37.84682574409 37.84682574409 37.84852174409 37.84852174409 37.84852174409 37.84852174409 37.84852174409 37.848713794896 37.848713794896 37.849065794896 37.85774778062 37.85944378062 37.859635785036 37.859987785036 38.057033027937 38.058729027937 38.058921028022 38.059273028022 38.137858967113 38.139554967113 38.139746987353 38.140098987353 38.384701732763 38.386397732763 38.386589747827 38.386941747827 38.479265137761 38.480961137761 38.481153154787 38.481505154787 38.84471374409 38.84471374409 38.84471374409 38.84471374409 38.84490574409 38.84490574409 38.84660174409 38.84660174409 38.84660174409 38.84660174409 38.84660174409 38.846793794896 38.846793794896 38.847145794896 38.84949178062 38.85118778062 38.851379785036 38.851731785036 39.057353027937 39.059049027937 39.059241028022 39.059593028022 39.136578967113 39.138274967113 39.138467005296 39.138819005296 39.385021732763 39.386717732763 39.386909747827 39.387261747827 39.478945137761 39.480641137761 39.480833154787 39.481185154787 39.84471374409 39.84471374409 39.84471374409 39.84471374409 39.84490574409 39.84490574409 39.84660174409 39.84660174409 39.84660174409 39.84660174409 39.84660174409 39.846793794896 39.846793794896 39.847145794896 39.84917178062 39.85086778062 39.851059785036 39.851411785036 40.057993027937 40.059689027937 40.059881028022 40.060233028022 40.138178967113 40.139874967113 40.140066979744 40.140418979744 40.385021732763 40.386717732763 40.386909747827 40.387261747827 40.478305137761 40.480001137761 40.480193154787 40.480545154787 40.84439374409 40.84439374409 40.84439374409 40.84439374409 40.84458574409 40.84458574409 40.84628174409 40.84628174409 40.84628174409 40.84628174409 40.84628174409 40.846473794896 40.846473794896 40.846825794896 40.84757178062 40.84926778062 40.849459785036 40.849811785036 41.057353027937 41.059049027937 41.059241028022 41.059593028022 41.137858967113 41.139554967113 41.139747005296 41.140099005296 41.385661732763 41.387357732763 41.387549747827 41.387901747827 41.478625137761 41.480321137761 41.480513154787 41.480865154787 41.84567374409 41.84567374409 41.84567374409 41.84567374409 41.84586574409 41.84586574409 41.84756174409 41.84756174409 41.84756174409 41.84756174409 41.84756174409 41.847753794896 41.847753794896 41.848105794896 41.84885178062 41.85054778062 41.850739785036 41.851091785036 42.057033027937 42.058729027937 42.058921028022 42.059273028022 42.136898967113 42.138594967113 42.138786980878 42.139138980878 42.384701732763 42.386397732763 42.386589747827 42.386941747827 42.478945137761 42.480641137761 42.480833154787 42.481185154787 42.84663374409 42.84663374409 42.84663374409 42.84663374409 42.84682574409 42.84682574409 42.84852174409 42.84852174409 42.84852174409 42.84852174409 42.84852174409 42.848713794896 42.848713794896 42.849065794896 42.85054778062 42.85054778062 42.85270778062 42.85270778062 42.85440378062 42.854595785036 42.854947785036 43.057353027937 43.059049027937 43.059241028022 43.059593028022 43.136898967113 43.138594967113 43.138786987353 43.139138987353 43.385661732763 43.387357732763 43.387549747827 43.387901747827 43.479265137761 43.480961137761 43.481153154787 43.481505154787 43.84503374409 43.84503374409 43.84503374409 43.84503374409 43.84522574409 43.84522574409 43.84692174409 43.84692174409 43.84692174409 43.84692174409 43.84692174409 43.847113794896 43.847113794896 43.847465794896 43.84789178062 43.84958778062 43.849779785036 43.850131785036 44.059273027937 44.060969027937 44.061161028022 44.061513028022 44.136898967113 44.138594967113 44.138786967802 44.139138967802 44.385661732763 44.387357732763 44.387549747827 44.387901747827 44.479905137761 44.481601137761 44.481793154787 44.482145154787 44.84503374409 44.84503374409 44.84503374409 44.84503374409 44.84522574409 44.84522574409 44.84692174409 44.84692174409 44.84692174409 44.84692174409 44.84692174409 44.847113794896 44.847113794896 44.847465794896 44.85153978062 44.85323578062 44.853427785036 44.853779785036 45.058313027937 45.060009027937 45.060201028022 45.060553028022 45.136898967113 45.138594967113 45.138787005296 45.139139005296 45.384701732763 45.386397732763 45.386589747827 45.386941747827 45.478945137761 45.480641137761 45.480833154787 45.481185154787 45.84599374409 45.84599374409 45.84599374409 45.84599374409 45.84618574409 45.84618574409 45.84788174409 45.84788174409 45.84788174409 45.84788174409 45.84788174409 45.848073794896 45.848073794896 45.848425794896 45.85025978062 45.85195578062 45.852147785036 45.852499785036 46.058953027937 46.060649027937 46.060841028022 46.061193028022 46.138178967113 46.139874967113 46.140066967802 46.140418967802 46.386941732763 46.388637732763 46.388829747827 46.389181747827 46.479585137761 46.481281137761 46.481473154787 46.481825154787 46.84567374409 46.84567374409 46.84567374409 46.84567374409 46.84586574409 46.84586574409 46.84756174409 46.84756174409 46.84756174409 46.84756174409 46.84756174409 46.847753794896 46.847753794896 46.848105794896 46.84949178062 46.85118778062 46.851379785036 46.851731785036 47.059273027937 47.060969027937 47.061161028022 47.061513028022 47.138498967113 47.140194967113 47.140387005986 47.140739005986 47.386301732763 47.387997732763 47.388189747827 47.388541747827 47.478945137761 47.480641137761 47.480833154787 47.481185154787 47.84471374409 47.84471374409 47.84471374409 47.84471374409 47.84490574409 47.84490574409 47.84660174409 47.84660174409 47.84660174409 47.84660174409 47.84660174409 47.846793794896 47.846793794896 47.847145794896 47.84981178062 47.85150778062 47.851699785036 47.852051785036 48.058633027937 48.060329027937 48.060521028022 48.060873028022 48.136258967113 48.137954967113 48.138147005296 48.138499005296 48.386621732763 48.388317732763 48.388509747827 48.388861747827 48.477985137761 48.479681137761 48.479873154787 48.480225154787 48.84631374409 48.84631374409 48.84631374409 48.84631374409 48.84650574409 48.84650574409 48.84820174409 48.84820174409 48.84820174409 48.84820174409 48.84820174409 48.848393794896 48.848393794896 48.848745794896 48.84929978062 48.85099578062 48.851187785036 48.851539785036 49.057993027937 49.059689027937 49.059881028022 49.060233028022 49.136258967113 49.137954967113 49.138146980878 49.138498980878 49.385341732763 49.387037732763 49.387229747827 49.387581747827 49.477985137761 49.479681137761 49.479873154787 49.480225154787 49.84631374409 49.84631374409 49.84631374409 49.84631374409 49.84650574409 49.84650574409 49.84820174409 49.84820174409 49.84820174409 49.84820174409 49.84820174409 49.848393794896 49.848393794896 49.848745794896 49.85249978062 49.85419578062 49.854387785036 49.854739785036 50.057673027937 50.059369027937 50.059561028022 50.059913028022 50.136578967113 50.138274967113 50.138466990119 50.138818990119 50.385021732763 50.386717732763 50.386909747827 50.387261747827 50.478945137761 50.480641137761 50.480833154787 50.481185154787 50.84535374409 50.84535374409 50.84535374409 50.84535374409 50.84554574409 50.84554574409 50.84724174409 50.84724174409 50.84724174409 50.84724174409 50.84724174409 50.847433794896 50.847433794896 50.847785794896 50.84885178062 50.85054778062 50.850739785036 50.851091785036 51.057353027937 51.059049027937 51.059241028022 51.059593028022 51.138498967113 51.140194967113 51.140386980878 51.140738980878 51.385021732763 51.386717732763 51.386909747827 51.387261747827 51.479265137761 51.480961137761 51.481153154787 51.481505154787 51.84503374409 51.84503374409 51.84503374409 51.84503374409 51.84522574409 51.84522574409 51.84692174409 51.84692174409 51.84692174409 51.84692174409 51.84692174409 51.847113794896 51.847113794896 51.847465794896 51.84949178062 51.85118778062 51.851379785036 51.851731785036 52.059273027937 52.060969027937 52.061161028022 52.061513028022 52.137218967113 52.138914967113 52.139106987353 52.139458987353 52.385341732763 52.387037732763 52.387229747827 52.387581747827 52.478625137761 52.480321137761 52.480513154787 52.480865154787 52.84631374409 52.84631374409 52.84631374409 52.84631374409 52.84650574409 52.84650574409 52.84820174409 52.84820174409 52.84820174409 52.84820174409 52.84820174409 52.848393794896 52.848393794896 52.848745794896 52.84981178062 52.85150778062 52.851699785036 52.852051785036 53.057673027937 53.059369027937 53.059561028022 53.059913028022 53.138178967113 53.139874967113 53.140067005986 53.140419005986 53.384701732763 53.386397732763 53.386589747827 53.386941747827 53.479265137761 53.480961137761 53.481153154787 53.481505154787 53.84503374409 53.84503374409 53.84503374409 53.84503374409 53.84522574409 53.84522574409 53.84692174409 53.84692174409 53.84692174409 53.84692174409 53.84692174409 53.847113794896 53.847113794896 53.847465794896 53.85089978062 53.85259578062 53.852787785036 53.853139785036 54.058633027937 54.060329027937 54.060521028022 54.060873028022 54.138178967113 54.139874967113 54.140066980878 54.140418980878 54.386301732763 54.387997732763 54.388189747827 54.388541747827 54.479905137761 54.481601137761 54.481793154787 54.482145154787 54.84471374409 54.84471374409 54.84471374409 54.84471374409 54.84490574409 54.84490574409 54.84660174409 54.84660174409 54.84660174409 54.84660174409 54.84660174409 54.846793794896 54.846793794896 54.847145794896 54.84917178062 54.85086778062 54.851059785036 54.851411785036 55.057673027937 55.059369027937 55.059561028022 55.059913028022 55.137538967113 55.139234967113 55.139426980878 55.139778980878 55.385021732763 55.386717732763 55.386909747827 55.387261747827 55.478625137761 55.480321137761 55.480513154787 55.480865154787 55.84631374409 55.84631374409 55.84631374409 55.84631374409 55.84650574409 55.84650574409 55.84820174409 55.84820174409 55.84820174409 55.84820174409 55.84820174409 55.848393794896 55.848393794896 55.848745794896 55.85022778062 55.85022778062 55.85270778062 55.85270778062 55.85440378062 55.854595785036 55.854947785036 56.057353027937 56.059049027937 56.059241028022 56.059593028022 56.136258967113 56.137954967113 56.138147005296 56.138499005296 56.384701732763 56.386397732763 56.386589747827 56.386941747827 56.477985137761 56.479681137761 56.479873154787 56.480225154787 56.84599374409 56.84599374409 56.84599374409 56.84599374409 56.84618574409 56.84618574409 56.84788174409 56.84788174409 56.84788174409 56.84788174409 56.84788174409 56.848073794896 56.848073794896 56.848425794896 56.85089978062 56.85259578062 56.852787785036 56.853139785036 57.057033027937 57.058729027937 57.058921028022 57.059273028022 57.136578967113 57.138274967113 57.138466967802 57.138818967802 57.386301732763 57.387997732763 57.388189747827 57.388541747827 57.478625137761 57.480321137761 57.480513154787 57.480865154787 57.84535374409 57.84535374409 57.84535374409 57.84535374409 57.84554574409 57.84554574409 57.84724174409 57.84724174409 57.84724174409 57.84724174409 57.84724174409 57.847433794896 57.847433794896 57.847785794896 57.84949178062 57.85118778062 57.851379785036 57.851731785036 58.057993027937 58.059689027937 58.059881028022 58.060233028022 58.136258967113 58.137954967113 58.138147005986 58.138499005986 58.385981732763 58.387677732763 58.387869747827 58.388221747827 58.479265137761 58.480961137761 58.481153154787 58.481505154787 58.84631374409 58.84631374409 58.84631374409 58.84631374409 58.84650574409 58.84650574409 58.84820174409 58.84820174409 58.84820174409 58.84820174409 58.84820174409 58.848393794896 58.848393794896 58.848745794896 58.85281978062 58.85451578062 58.854707785036 58.855059785036 59.058633027937 59.060329027937 59.060521028022 59.060873028022 59.137858967113 59.139554967113 59.139747005986 59.140099005986 59.385021732763 59.386717732763 59.386909747827 59.387261747827 59.479905137761 59.481601137761 59.481793154787 59.482145154787 59.84599374409 59.84599374409 59.84599374409 59.84599374409 59.84618574409 59.84618574409 59.84788174409 59.84788174409 59.84788174409 59.84788174409 59.84788174409 59.848073794896 59.848073794896 59.848425794896 59.84981178062 59.85150778062 59.851699785036 59.852051785036 60.057993027937 60.059689027937 60.059881028022 60.060233028022 60.137218967113 60.138914967113 60.139106990119 60.139458990119 60.384701732763 60.386397732763 60.386589747827 60.386941747827 60.478305137761 60.480001137761 60.480193154787 60.480545154787 60.84599374409 60.84599374409 60.84599374409 60.84599374409 60.84618574409 60.84618574409 60.84788174409 60.84788174409 60.84788174409 60.84788174409 60.84788174409 60.848073794896 60.848073794896 60.848425794896 60.84949178062 60.85118778062 60.851379785036 60.851731785036 61.057353027937 61.059049027937 61.059241028022 61.059593028022 61.138498967113 61.140194967113 61.140386979744 61.140738979744 61.386941732763 61.388637732763 61.388829747827 61.389181747827 61.479585137761 61.481281137761 61.481473154787 61.481825154787 61.84567374409 61.84567374409 61.84567374409 61.84567374409 61.84586574409 61.84586574409 61.84756174409 61.84756174409 61.84756174409 61.84756174409 61.84756174409 61.847753794896 61.847753794896 61.848105794896 61.85185978062 61.85355578062 61.853747785036 61.854099785036 62.058953027937 62.060649027937 62.060841028022 62.061193028022 62.136258967113 62.137954967113 62.138146979744 62.138498979744 62.386301732763 62.387997732763 62.388189747827 62.388541747827 62.480225137761 62.481921137761 62.482113154787 62.482465154787 62.84503374409 62.84503374409 62.84503374409 62.84503374409 62.84522574409 62.84522574409 62.84692174409 62.84692174409 62.84692174409 62.84692174409 62.84692174409 62.847113794896 62.847113794896 62.847465794896 62.84821178062 62.84990778062 62.850099785036 62.850451785036 63.057353027937 63.059049027937 63.059241028022 63.059593028022 63.136578967113 63.138274967113 63.138467005986 63.138819005986 63.386301732763 63.387997732763 63.388189747827 63.388541747827 63.478625137761 63.480321137761 63.480513154787 63.480865154787 63.84503374409 63.84503374409 63.84503374409 63.84503374409 63.84522574409 63.84522574409 63.84692174409 63.84692174409 63.84692174409 63.84692174409 63.84692174409 63.847113794896 63.847113794896 63.847465794896 63.84789178062 63.84958778062 63.849779785036 63.850131785036 64.059273027937 64.060969027937 64.061161028022 64.061513028022 64.136258967113 64.137954967113 64.138146979744 64.138498979744 64.386301732763 64.387997732763 64.388189747827 64.388541747827 64.479265137761 64.480961137761 64.481153154787 64.481505154787 64.84471374409 64.84471374409 64.84471374409 64.84471374409 64.84490574409 64.84490574409 64.84660174409 64.84660174409 64.84660174409 64.84660174409 64.84660174409 64.846793794896 64.846793794896 64.847145794896 64.84757178062 64.84926778062 64.849459785036 64.849811785036 65.057673027937 65.059369027937 65.059561028022 65.059913028022 65.138178967113 65.139874967113 65.140066987669 65.140418987669 65.386941732763 65.388637732763 65.388829747827 65.389181747827 65.478945137761 65.480641137761 65.480833154787 65.481185154787 65.84439374409 65.84439374409 65.84439374409 65.84439374409 65.84458574409 65.84458574409 65.84628174409 65.84628174409 65.84628174409 65.84628174409 65.84628174409 65.846473794896 65.846473794896 65.846825794896 65.84981178062 65.85150778062 65.851699785036 65.852051785036 66.057353027937 66.059049027937 66.059241028022 66.059593028022 66.137538967113 66.139234967113 66.139426990119 66.139778990119 66.386621732763 66.388317732763 66.388509747827 66.388861747827 66.477985137761 66.479681137761 66.479873154787 66.480225154787 66.84535374409 66.84535374409 66.84535374409 66.84535374409 66.84554574409 66.84554574409 66.84724174409 66.84724174409 66.84724174409 66.84724174409 66.84724174409 66.847433794896 66.847433794896 66.847785794896 66.84885178062 66.85054778062 66.850739785036 66.851091785036 67.058953027937 67.060649027937 67.060841028022 67.061193028022 67.137218967113 67.138914967113 67.139106987353 67.139458987353 67.385021732763 67.386717732763 67.386909747827 67.387261747827 67.477985137761 67.479681137761 67.479873154787 67.480225154787 67.84631374409 67.84631374409 67.84631374409 67.84631374409 67.84650574409 67.84650574409 67.84820174409 67.84820174409 67.84820174409 67.84820174409 67.84820174409 67.848393794896 67.848393794896 67.848745794896 67.84961978062 67.85131578062 67.851507785036 67.851859785036 68.057993027937 68.059689027937 68.059881028022 68.060233028022 68.137538967113 68.139234967113 68.139426967802 68.139778967802 68.385981732763 68.387677732763 68.387869747827 68.388221747827 68.477985137761 68.479681137761 68.479873154787 68.480225154787 68.84503374409 68.84503374409 68.84503374409 68.84503374409 68.84522574409 68.84522574409 68.84692174409 68.84692174409 68.84692174409 68.84692174409 68.84692174409 68.847113794896 68.847113794896 68.847465794896 68.84789178062 68.84958778062 68.849779785036 68.850131785036 69.057673027937 69.059369027937 69.059561028022 69.059913028022 69.138178967113 69.139874967113 69.140066987669 69.140418987669 69.385661732763 69.387357732763 69.387549747827 69.387901747827 69.479265137761 69.480961137761 69.481153154787 69.481505154787 69.84471374409 69.84471374409 69.84471374409 69.84471374409 69.84490574409 69.84490574409 69.84660174409 69.84660174409 69.84660174409 69.84660174409 69.84660174409 69.846793794896 69.846793794896 69.847145794896 69.84885178062 69.85054778062 69.850739785036 69.851091785036 70.057673027937 70.059369027937 70.059561028022 70.059913028022 70.137538967113 70.139234967113 70.139426987353 70.139778987353 70.386941732763 70.388637732763 70.388829747827 70.389181747827 70.477985137761 70.479681137761 70.479873154787 70.480225154787 70.84631374409 70.84631374409 70.84631374409 70.84631374409 70.84650574409 70.84650574409 70.84820174409 70.84820174409 70.84820174409 70.84820174409 70.84820174409 70.848393794896 70.848393794896 70.848745794896 70.84961978062 70.85131578062 70.851507785036 70.851859785036 71.057353027937 71.059049027937 71.059241028022 71.059593028022 71.137538967113 71.139234967113 71.139426987669 71.139778987669 71.385981732763 71.387677732763 71.387869747827 71.388221747827 71.479265137761 71.480961137761 71.481153154787 71.481505154787 71.84503374409 71.84503374409 71.84503374409 71.84503374409 71.84522574409 71.84522574409 71.84692174409 71.84692174409 71.84692174409 71.84692174409 71.84692174409 71.847113794896 71.847113794896 71.847465794896 71.84801978062 71.84971578062 71.849907785036 71.850259785036 72.059273027937 72.060969027937 72.061161028022 72.061513028022 72.136898967113 72.138594967113 72.138786967802 72.139138967802 72.385341732763 72.387037732763 72.387229747827 72.387581747827 72.478305137761 72.480001137761 72.480193154787 72.480545154787 72.84439374409 72.84439374409 72.84439374409 72.84439374409 72.84458574409 72.84458574409 72.84628174409 72.84628174409 72.84628174409 72.84628174409 72.84628174409 72.846473794896 72.846473794896 72.846825794896 72.84885178062 72.85054778062 72.850739785036 72.851091785036 73.058313027937 73.060009027937 73.060201028022 73.060553028022 73.136898967113 73.138594967113 73.138786967802 73.139138967802 73.384701732763 73.386397732763 73.386589747827 73.386941747827 73.478625137761 73.480321137761 73.480513154787 73.480865154787 73.84567374409 73.84567374409 73.84567374409 73.84567374409 73.84586574409 73.84586574409 73.84756174409 73.84756174409 73.84756174409 73.84756174409 73.84756174409 73.847753794896 73.847753794896 73.848105794896 73.84929978062 73.85099578062 73.851187785036 73.851539785036 74.057993027937 74.059689027937 74.059881028022 74.060233028022 74.138178967113 74.139874967113 74.140066990119 74.140418990119 74.385341732763 74.387037732763 74.387229747827 74.387581747827 74.479905137761 74.481601137761 74.481793154787 74.482145154787 74.84535374409 74.84535374409 74.84535374409 74.84535374409 74.84554574409 74.84554574409 74.84724174409 74.84724174409 74.84724174409 74.84724174409 74.84724174409 74.847433794896 74.847433794896 74.847785794896 74.84949178062 74.85118778062 74.851379785036 74.851731785036 75.057673027937 75.059369027937 75.059561028022 75.059913028022 75.136898967113 75.138594967113 75.138786987353 75.139138987353 75.385981732763 75.387677732763 75.387869747827 75.388221747827 75.479905137761 75.481601137761 75.481793154787 75.482145154787 75.84567374409 75.84567374409 75.84567374409 75.84567374409 75.84586574409 75.84586574409 75.84756174409 75.84756174409 75.84756174409 75.84756174409 75.84756174409 75.847753794896 75.847753794896 75.848105794896 75.84958778062 75.84958778062 75.85174778062 75.85174778062 75.85344378062 75.853635785036 75.853987785036 76.058953027937 76.060649027937 76.060841028022 76.061193028022 76.136898967113 76.138594967113 76.138786987669 76.139138987669 76.386301732763 76.387997732763 76.388189747827 76.388541747827 76.479905137761 76.481601137761 76.481793154787 76.482145154787 76.84535374409 76.84535374409 76.84535374409 76.84535374409 76.84554574409 76.84554574409 76.84724174409 76.84724174409 76.84724174409 76.84724174409 76.84724174409 76.847433794896 76.847433794896 76.847785794896 76.84917178062 76.85086778062 76.851059785036 76.851411785036 77.057673027937 77.059369027937 77.059561028022 77.059913028022 77.137218967113 77.138914967113 77.139106987353 77.139458987353 77.385981732763 77.387677732763 77.387869747827 77.388221747827 77.478305137761 77.480001137761 77.480193154787 77.480545154787 77.84439374409 77.84439374409 77.84439374409 77.84439374409 77.84458574409 77.84458574409 77.84628174409 77.84628174409 77.84628174409 77.84628174409 77.84628174409 77.846473794896 77.846473794896 77.846825794896 77.84885178062 77.85054778062 77.850739785036 77.851091785036 78.057993027937 78.059689027937 78.059881028022 78.060233028022 78.137218967113 78.138914967113 78.139106987669 78.139458987669 78.386621732763 78.388317732763 78.388509747827 78.388861747827 78.480225137761 78.481921137761 78.482113154787 78.482465154787 78.84599374409 78.84599374409 78.84599374409 78.84599374409 78.84618574409 78.84618574409 78.84788174409 78.84788174409 78.84788174409 78.84788174409 78.84788174409 78.848073794896 78.848073794896 78.848425794896 78.84990778062 78.84990778062 78.85270778062 78.85270778062 78.85440378062 78.854595785036 78.854947785036 79.057033027937 79.058729027937 79.058921028022 79.059273028022 79.136898967113 79.138594967113 79.138786967802 79.139138967802 79.386301732763 79.387997732763 79.388189747827 79.388541747827 79.480225137761 79.481921137761 79.482113154787 79.482465154787 79.84599374409 79.84599374409 79.84599374409 79.84599374409 79.84618574409 79.84618574409 79.84788174409 79.84788174409 79.84788174409 79.84788174409 79.84788174409 79.848073794896 79.848073794896 79.848425794896 79.85281978062 79.85451578062 79.854707785036 79.855059785036 80.057033027937 80.058729027937 80.058921028022 80.059273028022 80.136258967113 80.137954967113 80.138146967802 80.138498967802 80.385341732763 80.387037732763 80.387229747827 80.387581747827 80.479585137761 80.481281137761 80.481473154787 80.481825154787 80.84599374409 80.84599374409 80.84599374409 80.84599374409 80.84618574409 80.84618574409 80.84788174409 80.84788174409 80.84788174409 80.84788174409 80.84788174409 80.848073794896 80.848073794896 80.848425794896 80.84981178062 80.85150778062 80.851699785036 80.852051785036 81.057993027937 81.059689027937 81.059881028022 81.060233028022 81.137538967113 81.139234967113 81.139426990119 81.139778990119 81.386941732763 81.388637732763 81.388829747827 81.389181747827 81.479585137761 81.481281137761 81.481473154787 81.481825154787 81.84567374409 81.84567374409 81.84567374409 81.84567374409 81.84586574409 81.84586574409 81.84756174409 81.84756174409 81.84756174409 81.84756174409 81.84756174409 81.847753794896 81.847753794896 81.848105794896 81.84958778062 81.84958778062 81.85046778062 81.85046778062 81.85216378062 81.852355785036 81.852707785036 82.059273027937 82.060969027937 82.061161028022 82.061513028022 82.137538967113 82.139234967113 82.139426987353 82.139778987353 82.386301732763 82.387997732763 82.388189747827 82.388541747827 82.477985137761 82.479681137761 82.479873154787 82.480225154787 82.84471374409 82.84471374409 82.84471374409 82.84471374409 82.84490574409 82.84490574409 82.84660174409 82.84660174409 82.84660174409 82.84660174409 82.84660174409 82.846793794896 82.846793794896 82.847145794896 82.84885178062 82.85054778062 82.850739785036 82.851091785036 83.059273027937 83.060969027937 83.061161028022 83.061513028022 83.138178967113 83.139874967113 83.140066967802 83.140418967802 83.384701732763 83.386397732763 83.386589747827 83.386941747827 83.479585137761 83.481281137761 83.481473154787 83.481825154787 83.84471374409 83.84471374409 83.84471374409 83.84471374409 83.84490574409 83.84490574409 83.84660174409 83.84660174409 83.84660174409 83.84660174409 83.84660174409 83.846793794896 83.846793794896 83.847145794896 83.84949178062 83.85118778062 83.851379785036 83.851731785036 84.058953027937 84.060649027937 84.060841028022 84.061193028022 84.136578967113 84.138274967113 84.138466979744 84.138818979744 84.384701732763 84.386397732763 84.386589747827 84.386941747827 84.480225137761 84.481921137761 84.482113154787 84.482465154787 84.84663374409 84.84663374409 84.84663374409 84.84663374409 84.84682574409 84.84682574409 84.84852174409 84.84852174409 84.84852174409 84.84852174409 84.84852174409 84.848713794896 84.848713794896 84.849065794896 84.84949178062 84.85118778062 84.851379785036 84.851731785036 85.058633027937 85.060329027937 85.060521028022 85.060873028022 85.136898967113 85.138594967113 85.138786979744 85.139138979744 85.386621732763 85.388317732763 85.388509747827 85.388861747827 85.478945137761 85.480641137761 85.480833154787 85.481185154787 85.84663374409 85.84663374409 85.84663374409 85.84663374409 85.84682574409 85.84682574409 85.84852174409 85.84852174409 85.84852174409 85.84852174409 85.84852174409 85.848713794896 85.848713794896 85.849065794896 85.85089978062 85.85259578062 85.852787785036 85.853139785036 86.059273027937 86.060969027937 86.061161028022 86.061513028022 86.136898967113 86.138594967113 86.138786979744 86.139138979744 86.386621732763 86.388317732763 86.388509747827 86.388861747827 86.478945137761 86.480641137761 86.480833154787 86.481185154787 86.84599374409 86.84599374409 86.84599374409 86.84599374409 86.84618574409 86.84618574409 86.84788174409 86.84788174409 86.84788174409 86.84788174409 86.84788174409 86.848073794896 86.848073794896 86.848425794896 86.84929978062 86.85099578062 86.851187785036 86.851539785036 87.058633027937 87.060329027937 87.060521028022 87.060873028022 87.137858967113 87.139554967113 87.139746990119 87.140098990119 87.385661732763 87.387357732763 87.387549747827 87.387901747827 87.477985137761 87.479681137761 87.479873154787 87.480225154787 87.84599374409 87.84599374409 87.84599374409 87.84599374409 87.84618574409 87.84618574409 87.84788174409 87.84788174409 87.84788174409 87.84788174409 87.84788174409 87.848073794896 87.848073794896 87.848425794896 87.84885178062 87.85054778062 87.850739785036 87.851091785036 88.058633027937 88.060329027937 88.060521028022 88.060873028022 88.137858967113 88.139554967113 88.139746990119 88.140098990119 88.386621732763 88.388317732763 88.388509747827 88.388861747827 88.477985137761 88.479681137761 88.479873154787 88.480225154787 88.84631374409 88.84631374409 88.84631374409 88.84631374409 88.84650574409 88.84650574409 88.84820174409 88.84820174409 88.84820174409 88.84820174409 88.84820174409 88.848393794896 88.848393794896 88.848745794896 88.85022778062 88.85022778062 88.85238778062 88.85238778062 88.85408378062 88.854275785036 88.854627785036 89.057673027937 89.059369027937 89.059561028022 89.059913028022 89.136578967113 89.138274967113 89.138466990119 89.138818990119 89.385981732763 89.387677732763 89.387869747827 89.388221747827 89.478945137761 89.480641137761 89.480833154787 89.481185154787 89.84535374409 89.84535374409 89.84535374409 89.84535374409 89.84554574409 89.84554574409 89.84724174409 89.84724174409 89.84724174409 89.84724174409 89.84724174409 89.847433794896 89.847433794896 89.847785794896 89.84949178062 89.85118778062 89.851379785036 89.851731785036 90.057353027937 90.059049027937 90.059241028022 90.059593028022 90.138178967113 90.139874967113 90.140066979744 90.140418979744 90.386621732763 90.388317732763 90.388509747827 90.388861747827 90.477985137761 90.479681137761 90.479873154787 90.480225154787 90.84663374409 90.84663374409 90.84663374409 90.84663374409 90.84682574409 90.84682574409 90.84852174409 90.84852174409 90.84852174409 90.84852174409 90.84852174409 90.848713794896 90.848713794896 90.849065794896 90.85054778062 90.85054778062 90.85366778062 90.85366778062 90.85536378062 90.855555785036 90.855907785036 91.057353027937 91.059049027937 91.059241028022 91.059593028022 91.138178967113 91.139874967113 91.140066987669 91.140418987669 91.386941732763 91.388637732763 91.388829747827 91.389181747827 91.479585137761 91.481281137761 91.481473154787 91.481825154787 91.84471374409 91.84471374409 91.84471374409 91.84471374409 91.84490574409 91.84490574409 91.84660174409 91.84660174409 91.84660174409 91.84660174409 91.84660174409 91.846793794896 91.846793794896 91.847145794896 91.84757178062 91.84926778062 91.849459785036 91.849811785036 92.058953027937 92.060649027937 92.060841028022 92.061193028022 92.138178967113 92.139874967113 92.140066990119 92.140418990119 92.386941732763 92.388637732763 92.388829747827 92.389181747827 92.479585137761 92.481281137761 92.481473154787 92.481825154787 92.84535374409 92.84535374409 92.84535374409 92.84535374409 92.84554574409 92.84554574409 92.84724174409 92.84724174409 92.84724174409 92.84724174409 92.84724174409 92.847433794896 92.847433794896 92.847785794896 92.84981178062 92.85150778062 92.851699785036 92.852051785036 93.057673027937 93.059369027937 93.059561028022 93.059913028022 93.138498967113 93.140194967113 93.140386967802 93.140738967802 93.386621732763 93.388317732763 93.388509747827 93.388861747827 93.479265137761 93.480961137761 93.481153154787 93.481505154787 93.84663374409 93.84663374409 93.84663374409 93.84663374409 93.84682574409 93.84682574409 93.84852174409 93.84852174409 93.84852174409 93.84852174409 93.84852174409 93.848713794896 93.848713794896 93.849065794896 93.84949178062 93.85118778062 93.851379785036 93.851731785036 94.057033027937 94.058729027937 94.058921028022 94.059273028022 94.137858967113 94.139554967113 94.139746987353 94.140098987353 94.386621732763 94.388317732763 94.388509747827 94.388861747827 94.478305137761 94.480001137761 94.480193154787 94.480545154787 94.84535374409 94.84535374409 94.84535374409 94.84535374409 94.84554574409 94.84554574409 94.84724174409 94.84724174409 94.84724174409 94.84724174409 94.84724174409 94.847433794896 94.847433794896 94.847785794896 94.84917178062 94.85086778062 94.851059785036 94.851411785036 95.058953027937 95.060649027937 95.060841028022 95.061193028022 95.136258967113 95.137954967113 95.138147005986 95.138499005986 95.386941732763 95.388637732763 95.388829747827 95.389181747827 95.478625137761 95.480321137761 95.480513154787 95.480865154787 95.84663374409 95.84663374409 95.84663374409 95.84663374409 95.84682574409 95.84682574409 95.84852174409 95.84852174409 95.84852174409 95.84852174409 95.84852174409 95.848713794896 95.848713794896 95.849065794896 95.85057978062 95.85227578062 95.852467785036 95.852819785036 96.057673027937 96.059369027937 96.059561028022 96.059913028022 96.137218967113 96.138914967113 96.139107005986 96.139459005986 96.385661732763 96.387357732763 96.387549747827 96.387901747827 96.479265137761 96.480961137761 96.481153154787 96.481505154787 96.84503374409 96.84503374409 96.84503374409 96.84503374409 96.84522574409 96.84522574409 96.84692174409 96.84692174409 96.84692174409 96.84692174409 96.84692174409 96.847113794896 96.847113794896 96.847465794896 96.84981178062 96.85150778062 96.851699785036 96.852051785036 97.058633027937 97.060329027937 97.060521028022 97.060873028022 97.136898967113 97.138594967113 97.138787005296 97.139139005296 97.385021732763 97.386717732763 97.386909747827 97.387261747827 97.479585137761 97.481281137761 97.481473154787 97.481825154787 97.84567374409 97.84567374409 97.84567374409 97.84567374409 97.84586574409 97.84586574409 97.84756174409 97.84756174409 97.84756174409 97.84756174409 97.84756174409 97.847753794896 97.847753794896 97.848105794896 97.84981178062 97.85150778062 97.851699785036 97.852051785036 98.058313027937 98.060009027937 98.060201028022 98.060553028022 98.136898967113 98.138594967113 98.138786980878 98.139138980878 98.385341732763 98.387037732763 98.387229747827 98.387581747827 98.479905137761 98.481601137761 98.481793154787 98.482145154787 98.84439374409 98.84439374409 98.84439374409 98.84439374409 98.84458574409 98.84458574409 98.84628174409 98.84628174409 98.84628174409 98.84628174409 98.84628174409 98.846473794896 98.846473794896 98.846825794896 98.84789178062 98.84958778062 98.849779785036 98.850131785036 99.057353027937 99.059049027937 99.059241028022 99.059593028022 99.137858967113 99.139554967113 99.139746980878 99.140098980878 99.385021732763 99.386717732763 99.386909747827 99.387261747827 99.479585137761 99.481281137761 99.481473154787 99.481825154787 99.84535374409 99.84535374409 99.84535374409 99.84535374409 99.84554574409 99.84554574409 99.84724174409 99.84724174409 99.84724174409 99.84724174409 99.84724174409 99.847433794896 99.847433794896 99.847785794896 99.84981178062 99.85150778062 99.851699785036 99.852051785036","0 0 0 5e-06 0 0.05 5e-06 0.05 5e-06 0.05 5e-06 0.05 5e-06 0.05 5e-06 0.05 5e-06 0 0 0.005 0.005 0 0.075 0.005 0 5e-06 5e-06 5e-06 0 0.05 5e-06 0.05 5e-06 0.05 5e-06 0.05 5e-06 0.05 5e-06 0.05 5e-06 0.05 5e-06 0.05 5e-06 0.05 5e-06 0.05 5e-06 0.05 5e-06 0 0 0.005 0.005 0 0.075 0.005 0 5e-06 5e-06 5e-06 0 0.05 5e-06 0.05 5e-06 0.05 5e-06 0.05 5e-06 0.05 5e-06 0.05 5e-06 0.05 5e-06 0.05 5e-06 0.05 5e-06 0.05 5e-06 0.05 5e-06 0 0 0.005 0.005 0 0.075 0.005 0 5e-06 5e-06 5e-06 0 0.05 5e-06 0.05 5e-06 0.05 5e-06 0.05 5e-06 0.05 5e-06 0.05 5e-06 0.05 5e-06 0.05 5e-06 0.05 5e-06 0.05 5e-06 0.05 5e-06 0 0 0.005 0.005 0 0.075 0.005 0 5e-06 5e-06 5e-06 0 0.05 5e-06 0.05 5e-06 0.05 5e-06 0.05 5e-06 0.05 5e-06 0.05 5e-06 0.05 5e-06 0.05 5e-06 0.05 5e-06 0.05 5e-06 0.05 5e-06 0 0 0.005 0.005 0 0.075 0.005 0 5e-06 5e-06 5e-06 0 0.05 5e-06 0.05 5e-06 0.05 5e-06 0.05 5e-06 0.05 5e-06 0.05 5e-06 0.05 5e-06 0.05 5e-06 0.05 5e-06 0.05 5e-06 0.05 5e-06 0 0 0.005 0.005 0 0.075 0.005 0 5e-06 5e-06 5e-06 0 0.05 5e-06 0.05 5e-06 0.05 5e-06 0.05 5e-06 0.05 5e-06 0.05 5e-06 0.05 5e-06 0.05 5e-06 0.05 5e-06 0.05 5e-06 0.05 5e-06 0 0 0.005 0.005 0 0.075 0.005 0 5e-06 5e-06 5e-06 0 0.05 5e-06 0.05 5e-06 0.05 5e-06 0.05 5e-06 0.05 5e-06 0.05 5e-06 0.05 5e-06 0.05 5e-06 0.05 5e-06 0.05 5e-06 0.05 5e-06 0 0 0.005 0.005 0 0.075 0.005 0 5e-06 5e-06 5e-06 0 0.05 0.0001 5e-06 5e-06 0 0.05 5e-06 0.05 5e-06 0.05 5e-06 0.05 5e-06 0.05 5e-06 0.05 5e-06 0.05 5e-06 0.05 5e-06 0.05 5e-06 0.05 5e-06 0 0 0.005 0.005 0 0.075 0.005 0 5e-06 5e-06 5e-06 0 0.05 5e-06 0.05 5e-06 0.05 5e-06 0.05 5e-06 0.05 5e-06 0.05 5e-06 0.05 5e-06 0.05 5e-06 0.05 5e-06 0.05 5e-06 0.05 5e-06 0 0 0.005 0.005 0 0.075 0.005 0 5e-06 5e-06 5e-06 0 0.05 5e-06 0.05 5e-06 0.05 5e-06 0.05 5e-06 0.05 5e-06 0.05 5e-06 0.05 5e-06 0.05 5e-06 0.05 5e-06 0.05 5e-06 0.05 5e-06 0 0 0.005 0.005 0 0.075 0.005 0 5e-06 5e-06 5e-06 0 0.05 5e-06 0.05 5e-06 0.05 5e-06 0.05 5e-06 0.05 5e-06 0.05 5e-06 0.05 5e-06 0.05 5e-06 0.05 5e-06 0.05 5e-06 0.05 5e-06 0 0 0.005 0.005 0 0.075 0.005 0 5e-06 5e-06 5e-06 0 0.05 5e-06 0.05 5e-06 0.05 5e-06 0.05 5e-06 0.05 5e-06 0.05 5e-06 0.05 5e-06 0.05 5e-06 0.05 5e-06 0.05 5e-06 0.05 5e-06 0 0 0.005 0.005 0 0.075 0.005 0 5e-06 5e-06 5e-06 0 0.05 0.0001 5e-06 5e-06 0 0.05 5e-06 0.05 5e-06 0.05 5e-06 0.05 5e-06 0.05 5e-06 0.05 5e-06 0.05 5e-06 0.05 5e-06 0.05 5e-06 0.05 5e-06 0 0 0.005 0.005 0 0.075 0.005 0 5e-06 5e-06 5e-06 0 0.05 5e-06 0.05 5e-06 0.05 5e-06 0.05 5e-06 0.05 5e-06 0.05 5e-06 0.05 5e-06 0.05 5e-06 0.05 5e-06 0.05 5e-06 0.05 5e-06 0 0 0.005 0.005 0 0.075 0.005 0 5e-06 5e-06 5e-06 0 0.05 5e-06 0.05 5e-06 0.05 5e-06 0.05 5e-06 0.05 5e-06 0.05 5e-06 0.05 5e-06 0.05 5e-06 0.05 5e-06 0.05 5e-06 0.05 5e-06 0 0 0.005 0.005 0 0.075 0.005 0 5e-06 5e-06 5e-06 0 0.05 5e-06 0.05 5e-06 0.05 5e-06 0.05 5e-06 0.05 5e-06 0.05 5e-06 0.05 5e-06 0.05 5e-06 0.05 5e-06 0.05 5e-06 0.05 5e-06 0 0 0.005 0.005 0 0.075 0.005 0 5e-06 5e-06 5e-06 0 0.05 5e-06 0.05 5e-06 0.05 5e-06 0.05 5e-06 0.05 5e-06 0.05 5e-06 0.05 5e-06 0.05 5e-06 0.05 5e-06 0.05 5e-06 0.05 5e-06 0 0 0.005 0.005 0 0.075 0.005 0 5e-06 5e-06 5e-06 0 0.05 5e-06 0.05 5e-06 0.05 5e-06 0.05 5e-06 0.05 5e-06 0.05 5e-06 0.05 5e-06 0.05 5e-06 0.05 5e-06 0.05 5e-06 0.05 5e-06 0 0 0.005 0.005 0 0.075 0.005 0 5e-06 5e-06 5e-06 0 0.05 5e-06 0.05 5e-06 0.05 5e-06 0.05 5e-06 0.05 5e-06 0.05 5e-06 0.05 5e-06 0.05 5e-06 0.05 5e-06 0.05 5e-06 0.05 5e-06 0 0 0.005 0.005 0 0.075 0.005 0 5e-06 5e-06 5e-06 0 0.05 5e-06 0.05 5e-06 0.05 5e-06 0.05 5e-06 0.05 5e-06 0.05 5e-06 0.05 5e-06 0.05 5e-06 0.05 5e-06 0.05 5e-06 0.05 5e-06 0 0 0.005 0.005 0 0.075 0.005 0 5e-06 5e-06 5e-06 0 0.05 5e-06 0.05 5e-06 0.05 5e-06 0.05 5e-06 0.05 5e-06 0.05 5e-06 0.05 5e-06 0.05 5e-06 0.05 5e-06 0.05 5e-06 0.05 5e-06 0 0 0.005 0.005 0 0.075 0.005 0 5e-06 5e-06 5e-06 0 0.05 5e-06 0.05 5e-06 0.05 5e-06 0.05 5e-06 0.05 5e-06 0.05 5e-06 0.05 5e-06 0.05 5e-06 0.05 5e-06 0.05 5e-06 0.05 5e-06 0 0 0.005 0.005 0 0.075 0.005 0 5e-06 5e-06 5e-06 0 0.05 5e-06 0.05 5e-06 0.05 5e-06 0.05 5e-06 0.05 5e-06 0.05 5e-06 0.05 5e-06 0.05 5e-06 0.05 5e-06 0.05 5e-06 0.05 5e-06 0 0 0.005 0.005 0 0.075 0.005 0 5e-06 5e-06 5e-06 0 0.05 5e-06 0.05 5e-06 0.05 5e-06 0.05 5e-06 0.05 5e-06 0.05 5e-06 0.05 5e-06 0.05 5e-06 0.05 5e-06 0.05 5e-06 0.05 5e-06 0 0 0.005 0.005 0 0.075 0.005 0 5e-06 5e-06 5e-06 0 0.05 0.0001 5e-06 5e-06 0 0.05 5e-06 0.05 5e-06 0.05 5e-06 0.05 5e-06 0.05 5e-06 0.05 5e-06 0.05 5e-06 0.05 5e-06 0.05 5e-06 0.05 5e-06 0 0 0.005 0.005 0 0.075 0.005 0 5e-06 5e-06 5e-06 0 0.05 5e-06 0.05 5e-06 0.05 5e-06 0.05 5e-06 0.05 5e-06 0.05 5e-06 0.05 5e-06 0.05 5e-06 0.05 5e-06 0.05 5e-06 0.05 5e-06 0 0 0.005 0.005 0 0.075 0.005 0 5e-06 5e-06 5e-06 0 0.05 5e-06 0.05 5e-06 0.05 5e-06 0.05 5e-06 0.05 5e-06 0.05 5e-06 0.05 5e-06 0.05 5e-06 0.05 5e-06 0.05 5e-06 0.05 5e-06 0 0 0.005 0.005 0 0.075 0.005 0 5e-06 5e-06 5e-06 0 0.05 5e-06 0.05 5e-06 0.05 5e-06 0.05 5e-06 0.05 5e-06 0.05 5e-06 0.05 5e-06 0.05 5e-06 0.05 5e-06 0.05 5e-06 0.05 5e-06 0 0 0.005 0.005 0 0.075 0.005 0 5e-06 5e-06 5e-06 0 0.05 5e-06 0.05 5e-06 0.05 5e-06 0.05 5e-06 0.05 5e-06 0.05 5e-06 0.05 5e-06 0.05 5e-06 0.05 5e-06 0.05 5e-06 0.05 5e-06 0 0 0.005 0.005 0 0.075 0.005 0 5e-06 5e-06 5e-06 0 0.05 5e-06 0.05 5e-06 0.05 5e-06 0.05 5e-06 0.05 5e-06 0.05 5e-06 0.05 5e-06 0.05 5e-06 0.05 5e-06 0.05 5e-06 0.05 5e-06 0 0 0.005 0.005 0 0.075 0.005 0 5e-06 5e-06 5e-06 0 0.05 5e-06 0.05 5e-06 0.05 5e-06 0.05 5e-06 0.05 5e-06 0.05 5e-06 0.05 5e-06 0.05 5e-06 0.05 5e-06 0.05 5e-06 0.05 5e-06 0 0 0.005 0.005 0 0.075 0.005 0 5e-06 5e-06 5e-06 0 0.05 5e-06 0.05 5e-06 0.05 5e-06 0.05 5e-06 0.05 5e-06 0.05 5e-06 0.05 5e-06 0.05 5e-06 0.05 5e-06 0.05 5e-06 0.05 5e-06 0 0 0.005 0.005 0 0.075 0.005 0 5e-06 5e-06 5e-06 0 0.05 5e-06 0.05 5e-06 0.05 5e-06 0.05 5e-06 0.05 5e-06 0.05 5e-06 0.05 5e-06 0.05 5e-06 0.05 5e-06 0.05 5e-06 0.05 5e-06 0 0 0.005 0.005 0 0.075 0.005 0 5e-06 5e-06 5e-06 0 0.05 0.0001 5e-06 5e-06 0 0.05 5e-06 0.05 5e-06 0.05 5e-06 0.05 5e-06 0.05 5e-06 0.05 5e-06 0.05 5e-06 0.05 5e-06 0.05 5e-06 0.05 5e-06 0 0 0.005 0.005 0 0.075 0.005 0 5e-06 5e-06 5e-06 0 0.05 5e-06 0.05 5e-06 0.05 5e-06 0.05 5e-06 0.05 5e-06 0.05 5e-06 0.05 5e-06 0.05 5e-06 0.05 5e-06 0.05 5e-06 0.05 5e-06 0 0 0.005 0.005 0 0.075 0.005 0 5e-06 5e-06 5e-06 0 0.05 5e-06 0.05 5e-06 0.05 5e-06 0.05 5e-06 0.05 5e-06 0.05 5e-06 0.05 5e-06 0.05 5e-06 0.05 5e-06 0.05 5e-06 0.05 5e-06 0 0 0.005 0.005 0 0.075 0.005 0 5e-06 5e-06 5e-06 0 0.05 5e-06 0.05 5e-06 0.05 5e-06 0.05 5e-06 0.05 5e-06 0.05 5e-06 0.05 5e-06 0.05 5e-06 0.05 5e-06 0.05 5e-06 0.05 5e-06 0 0 0.005 0.005 0 0.075 0.005 0 5e-06 5e-06 5e-06 0 0.05 5e-06 0.05 5e-06 0.05 5e-06 0.05 5e-06 0.05 5e-06 0.05 5e-06 0.05 5e-06 0.05 5e-06 0.05 5e-06 0.05 5e-06 0.05 5e-06 0 0 0.005 0.005 0 0.075 0.005 0 5e-06 5e-06 5e-06 0 0.05 5e-06 0.05 5e-06 0.05 5e-06 0.05 5e-06 0.05 5e-06 0.05 5e-06 0.05 5e-06 0.05 5e-06 0.05 5e-06 0.05 5e-06 0.05 5e-06 0 0 0.005 0.005 0 0.075 0.005 0 5e-06 5e-06 5e-06 0 0.05 5e-06 0.05 5e-06 0.05 5e-06 0.05 5e-06 0.05 5e-06 0.05 5e-06 0.05 5e-06 0.05 5e-06 0.05 5e-06 0.05 5e-06 0.05 5e-06 0 0 0.005 0.005 0 0.075 0.005 0 5e-06 5e-06 5e-06 0 0.05 5e-06 0.05 5e-06 0.05 5e-06 0.05 5e-06 0.05 5e-06 0.05 5e-06 0.05 5e-06 0.05 5e-06 0.05 5e-06 0.05 5e-06 0.05 5e-06 0 0 0.005 0.005 0 0.075 0.005 0 5e-06 5e-06 5e-06 0 0.05 5e-06 0.05 5e-06 0.05 5e-06 0.05 5e-06 0.05 5e-06 0.05 5e-06 0.05 5e-06 0.05 5e-06 0.05 5e-06 0.05 5e-06 0.05 5e-06 0 0 0.005 0.005 0 0.075 0.005 0 5e-06 5e-06 5e-06 0 0.05 0.0001 5e-06 5e-06 0 0.05 5e-06 0.05 5e-06 0.05 5e-06 0.05 5e-06 0.05 5e-06 0.05 5e-06 0.05 5e-06 0.05 5e-06 0.05 5e-06 0.05 5e-06 0 0 0.005 0.005 0 0.075 0.005 0 5e-06 5e-06 5e-06 0 0.05 5e-06 0.05 5e-06 0.05 5e-06 0.05 5e-06 0.05 5e-06 0.05 5e-06 0.05 5e-06 0.05 5e-06 0.05 5e-06 0.05 5e-06 0.05 5e-06 0 0 0.005 0.005 0 0.075 0.005 0 5e-06 5e-06 5e-06 0 0.05 5e-06 0.05 5e-06 0.05 5e-06 0.05 5e-06 0.05 5e-06 0.05 5e-06 0.05 5e-06 0.05 5e-06 0.05 5e-06 0.05 5e-06 0.05 5e-06 0 0 0.005 0.005 0 0.075 0.005 0 5e-06 5e-06 5e-06 0 0.05 5e-06 0.05 5e-06 0.05 5e-06 0.05 5e-06 0.05 5e-06 0.05 5e-06 0.05 5e-06 0.05 5e-06 0.05 5e-06 0.05 5e-06 0.05 5e-06 0 0 0.005 0.005 0 0.075 0.005 0 5e-06 5e-06 5e-06 0 0.05 5e-06 0.05 5e-06 0.05 5e-06 0.05 5e-06 0.05 5e-06 0.05 5e-06 0.05 5e-06 0.05 5e-06 0.05 5e-06 0.05 5e-06 0.05 5e-06 0 0 0.005 0.005 0 0.075 0.005 0 5e-06 5e-06 5e-06 0 0.05 5e-06 0.05 5e-06 0.05 5e-06 0.05 5e-06 0.05 5e-06 0.05 5e-06 0.05 5e-06 0.05 5e-06 0.05 5e-06 0.05 5e-06 0.05 5e-06 0 0 0.005 0.005 0 0.075 0.005 0 5e-06 5e-06 5e-06 0 0.05 5e-06 0.05 5e-06 0.05 5e-06 0.05 5e-06 0.05 5e-06 0.05 5e-06 0.05 5e-06 0.05 5e-06 0.05 5e-06 0.05 5e-06 0.05 5e-06 0 0 0.005 0.005 0 0.075 0.005 0 5e-06 5e-06 5e-06 0 0.05 5e-06 0.05 5e-06 0.05 5e-06 0.05 5e-06 0.05 5e-06 0.05 5e-06 0.05 5e-06 0.05 5e-06 0.05 5e-06 0.05 5e-06 0.05 5e-06 0 0 0.005 0.005 0 0.075 0.005 0 5e-06 5e-06 5e-06 0 0.05 5e-06 0.05 5e-06 0.05 5e-06 0.05 5e-06 0.05 5e-06 0.05 5e-06 0.05 5e-06 0.05 5e-06 0.05 5e-06 0.05 5e-06 0.05 5e-06 0 0 0.005 0.005 0 0.075 0.005 0 5e-06 5e-06 5e-06 0 0.05 5e-06 0.05 5e-06 0.05 5e-06 0.05 5e-06 0.05 5e-06 0.05 5e-06 0.05 5e-06 0.05 5e-06 0.05 5e-06 0.05 5e-06 0.05 5e-06 0 0 0.005 0.005 0 0.075 0.005 0 5e-06 5e-06 5e-06 0 0.05 5e-06 0.05 5e-06 0.05 5e-06 0.05 5e-06 0.05 5e-06 0.05 5e-06 0.05 5e-06 0.05 5e-06 0.05 5e-06 0.05 5e-06 0.05 5e-06 0 0 0.005 0.005 0 0.075 0.005 0 5e-06 5e-06 5e-06 0 0.05 5e-06 0.05 5e-06 0.05 5e-06 0.05 5e-06 0.05 5e-06 0.05 5e-06 0.05 5e-06 0.05 5e-06 0.05 5e-06 0.05 5e-06 0.05 5e-06 0 0 0.005 0.005 0 0.075 0.005 0 5e-06 5e-06 5e-06 0 0.05 5e-06 0.05 5e-06 0.05 5e-06 0.05 5e-06 0.05 5e-06 0.05 5e-06 0.05 5e-06 0.05 5e-06 0.05 5e-06 0.05 5e-06 0.05 5e-06 0 0 0.005 0.005 0 0.075 0.005 0 5e-06 5e-06 5e-06 0 0.05 0.0001 5e-06 5e-06 0 0.05 5e-06 0.05 5e-06 0.05 5e-06 0.05 5e-06 0.05 5e-06 0.05 5e-06 0.05 5e-06 0.05 5e-06 0.05 5e-06 0.05 5e-06 0 0 0.005 0.005 0 0.075 0.005 0 5e-06 5e-06 5e-06 0 0.05 5e-06 0.05 5e-06 0.05 5e-06 0.05 5e-06 0.05 5e-06 0.05 5e-06 0.05 5e-06 0.05 5e-06 0.05 5e-06 0.05 5e-06 0.05 5e-06 0 0 0.005 0.005 0 0.075 0.005 0 5e-06 5e-06 5e-06 0 0.05 5e-06 0.05 5e-06 0.05 5e-06 0.05 5e-06 0.05 5e-06 0.05 5e-06 0.05 5e-06 0.05 5e-06 0.05 5e-06 0.05 5e-06 0.05 5e-06 0 0 0.005 0.005 0 0.075 0.005 0 5e-06 5e-06 5e-06 0 0.05 5e-06 0.05 5e-06 0.05 5e-06 0.05 5e-06 0.05 5e-06 0.05 5e-06 0.05 5e-06 0.05 5e-06 0.05 5e-06 0.05 5e-06 0.05 5e-06 0 0 0.005 0.005 0 0.075 0.005 0 5e-06 5e-06 5e-06 0 0.05 5e-06 0.05 5e-06 0.05 5e-06 0.05 5e-06 0.05 5e-06 0.05 5e-06 0.05 5e-06 0.05 5e-06 0.05 5e-06 0.05 5e-06 0.05 5e-06 0 0 0.005 0.005 0 0.075 0.005 0 5e-06 5e-06 5e-06 0 0.05 5e-06 0.05 5e-06 0.05 5e-06 0.05 5e-06 0.05 5e-06 0.05 5e-06 0.05 5e-06 0.05 5e-06 0.05 5e-06 0.05 5e-06 0.05 5e-06 0 0 0.005 0.005 0 0.075 0.005 0 5e-06 5e-06 5e-06 0 0.05 5e-06 0.05 5e-06 0.05 5e-06 0.05 5e-06 0.05 5e-06 0.05 5e-06 0.05 5e-06 0.05 5e-06 0.05 5e-06 0.05 5e-06 0.05 5e-06 0 0 0.005 0.005 0 0.075 0.005 0 5e-06 5e-06 5e-06 0 0.05 5e-06 0.05 5e-06 0.05 5e-06 0.05 5e-06 0.05 5e-06 0.05 5e-06 0.05 5e-06 0.05 5e-06 0.05 5e-06 0.05 5e-06 0.05 5e-06 0 0 0.005 0.005 0 0.075 0.005 0 5e-06 5e-06 5e-06 0 0.05 5e-06 0.05 5e-06 0.05 5e-06 0.05 5e-06 0.05 5e-06 0.05 5e-06 0.05 5e-06 0.05 5e-06 0.05 5e-06 0.05 5e-06 0.05 5e-06 0 0 0.005 0.005 0 0.075 0.005 0 5e-06 5e-06 5e-06 0 0.05 5e-06 0.05 5e-06 0.05 5e-06 0.05 5e-06 0.05 5e-06 0.05 5e-06 0.05 5e-06 0.05 5e-06 0.05 5e-06 0.05 5e-06 0.05 5e-06 0 0 0.005 0.005 0 0.075 0.005 0 5e-06 5e-06 5e-06 0 0.05 5e-06 0.05 5e-06 0.05 5e-06 0.05 5e-06 0.05 5e-06 0.05 5e-06 0.05 5e-06 0.05 5e-06 0.05 5e-06 0.05 5e-06 0.05 5e-06 0 0 0.005 0.005 0 0.075 0.005 0 5e-06 5e-06 5e-06 0 0.05 5e-06 0.05 5e-06 0.05 5e-06 0.05 5e-06 0.05 5e-06 0.05 5e-06 0.05 5e-06 0.05 5e-06 0.05 5e-06 0.05 5e-06 0.05 5e-06 0 0 0.005 0.005 0 0.075 0.005 0 5e-06 5e-06 5e-06 0 0.05 5e-06 0.05 5e-06 0.05 5e-06 0.05 5e-06 0.05 5e-06 0.05 5e-06 0.05 5e-06 0.05 5e-06 0.05 5e-06 0.05 5e-06 0.05 5e-06 0 0 0.005 0.005 0 0.075 0.005 0 5e-06 5e-06 5e-06 0 0.05 5e-06 0.05 5e-06 0.05 5e-06 0.05 5e-06 0.05 5e-06 0.05 5e-06 0.05 5e-06 0.05 5e-06 0.05 5e-06 0.05 5e-06 0.05 5e-06 0 0 0.005 0.005 0 0.075 0.005 0 5e-06 5e-06 5e-06 0 0.05 5e-06 0.05 5e-06 0.05 5e-06 0.05 5e-06 0.05 5e-06 0.05 5e-06 0.05 5e-06 0.05 5e-06 0.05 5e-06 0.05 5e-06 0.05 5e-06 0 0 0.005 0.005 0 0.075 0.005 0 5e-06 5e-06 5e-06 0 0.05 5e-06 0.05 5e-06 0.05 5e-06 0.05 5e-06 0.05 5e-06 0.05 5e-06 0.05 5e-06 0.05 5e-06 0.05 5e-06 0.05 5e-06 0.05 5e-06 0 0 0.005 0.005 0 0.075 0.005 0 5e-06 5e-06 5e-06 0 0.05 5e-06 0.05 5e-06 0.05 5e-06 0.05 5e-06 0.05 5e-06 0.05 5e-06 0.05 5e-06 0.05 5e-06 0.05 5e-06 0.05 5e-06 0.05 5e-06 0 0 0.005 0.005 0 0.075 0.005 0 5e-06 5e-06 5e-06 0 0.05 5e-06 0.05 5e-06 0.05 5e-06 0.05 5e-06 0.05 5e-06 0.05 5e-06 0.05 5e-06 0.05 5e-06 0.05 5e-06 0.05 5e-06 0.05 5e-06 0 0 0.005 0.005 0 0.075 0.005 0 5e-06 5e-06 5e-06 0 0.05 5e-06 0.05 5e-06 0.05 5e-06 0.05 5e-06 0.05 5e-06 0.05 5e-06 0.05 5e-06 0.05 5e-06 0.05 5e-06 0.05 5e-06 0.05 5e-06 0 0 0.005 0.005 0 0.075 0.005 0 5e-06 5e-06 5e-06 0 0.05 5e-06 0.05 5e-06 0.05 5e-06 0.05 5e-06 0.05 5e-06 0.05 5e-06 0.05 5e-06 0.05 5e-06 0.05 5e-06 0.05 5e-06 0.05 5e-06 0 0 0.005 0.005 0 0.075 0.005 0 5e-06 5e-06 5e-06 0 0.05 0.0001 5e-06 5e-06 0 0.05 5e-06 0.05 5e-06 0.05 5e-06 0.05 5e-06 0.05 5e-06 0.05 5e-06 0.05 5e-06 0.05 5e-06 0.05 5e-06 0.05 5e-06 0 0 0.005 0.005 0 0.075 0.005 0 5e-06 5e-06 5e-06 0 0.05 5e-06 0.05 5e-06 0.05 5e-06 0.05 5e-06 0.05 5e-06 0.05 5e-06 0.05 5e-06 0.05 5e-06 0.05 5e-06 0.05 5e-06 0.05 5e-06 0 0 0.005 0.005 0 0.075 0.005 0 5e-06 5e-06 5e-06 0 0.05 5e-06 0.05 5e-06 0.05 5e-06 0.05 5e-06 0.05 5e-06 0.05 5e-06 0.05 5e-06 0.05 5e-06 0.05 5e-06 0.05 5e-06 0.05 5e-06 0 0 0.005 0.005 0 0.075 0.005 0 5e-06 5e-06 5e-06 0 0.05 0.0001 5e-06 5e-06 0 0.05 5e-06 0.05 5e-06 0.05 5e-06 0.05 5e-06 0.05 5e-06 0.05 5e-06 0.05 5e-06 0.05 5e-06 0.05 5e-06 0.05 5e-06 0 0 0.005 0.005 0 0.075 0.005 0 5e-06 5e-06 5e-06 0 0.05 5e-06 0.05 5e-06 0.05 5e-06 0.05 5e-06 0.05 5e-06 0.05 5e-06 0.05 5e-06 0.05 5e-06 0.05 5e-06 0.05 5e-06 0.05 5e-06 0 0 0.005 0.005 0 0.075 0.005 0 5e-06 5e-06 5e-06 0 0.05 5e-06 0.05 5e-06 0.05 5e-06 0.05 5e-06 0.05 5e-06 0.05 5e-06 0.05 5e-06 0.05 5e-06 0.05 5e-06 0.05 5e-06 0.05 5e-06 0 0 0.005 0.005 0 0.075 0.005 0 5e-06 5e-06 5e-06 0 0.05 0.0001 5e-06 5e-06 0 0.05 5e-06 0.05 5e-06 0.05 5e-06 0.05 5e-06 0.05 5e-06 0.05 5e-06 0.05 5e-06 0.05 5e-06 0.05 5e-06 0.05 5e-06 0 0 0.005 0.005 0 0.075 0.005 0 5e-06 5e-06 5e-06 0 0.05 5e-06 0.05 5e-06 0.05 5e-06 0.05 5e-06 0.05 5e-06 0.05 5e-06 0.05 5e-06 0.05 5e-06 0.05 5e-06 0.05 5e-06 0.05 5e-06 0 0 0.005 0.005 0 0.075 0.005 0 5e-06 5e-06 5e-06 0 0.05 5e-06 0.05 5e-06 0.05 5e-06 0.05 5e-06 0.05 5e-06 0.05 5e-06 0.05 5e-06 0.05 5e-06 0.05 5e-06 0.05 5e-06 0.05 5e-06 0 0 0.005 0.005 0 0.075 0.005 0 5e-06 5e-06 5e-06 0 0.05 5e-06 0.05 5e-06 0.05 5e-06 0.05 5e-06 0.05 5e-06 0.05 5e-06 0.05 5e-06 0.05 5e-06 0.05 5e-06 0.05 5e-06 0.05 5e-06 0 0 0.005 0.005 0 0.075 0.005 0 5e-06 5e-06 5e-06 0 0.05 5e-06 0.05 5e-06 0.05 5e-06 0.05 5e-06 0.05 5e-06 0.05 5e-06 0.05 5e-06 0.05 5e-06 0.05 5e-06 0.05 5e-06 0.05 5e-06 0 0 0.005 0.005 0 0.075 0.005 0 5e-06 5e-06 5e-06 0 0.05 5e-06 0.05 5e-06 0.05 5e-06 0.05 5e-06 0.05 5e-06 0.05 5e-06 0.05 5e-06 0.05 5e-06 0.05 5e-06 0.05 5e-06 0.05 5e-06 0 0 0.005 0.005 0 0.075 0.005 0 5e-06 5e-06 5e-06 0 0.05 5e-06 0.05 5e-06 0.05 5e-06 0.05 5e-06 0.05 5e-06 0.05 5e-06 0.05 5e-06 0.05 5e-06 0.05 5e-06 0.05 5e-06 0.05 5e-06 0 0 0.005 0.005 0 0.075 0.005 0 5e-06 5e-06 5e-06 0 0.05 0.0001 5e-06 5e-06 0 0.05 5e-06 0.05 5e-06 0.05 5e-06 0.05 5e-06 0.05 5e-06 0.05 5e-06 0.05 5e-06 0.05 5e-06 0.05 5e-06 0.05 5e-06 0 0 0.005 0.005 0 0.075 0.005 0 5e-06 5e-06 5e-06 0 0.05 5e-06 0.05 5e-06 0.05 5e-06 0.05 5e-06 0.05 5e-06 0.05 5e-06 0.05 5e-06 0.05 5e-06 0.05 5e-06 0.05 5e-06 0.05 5e-06 0 0 0.005 0.005 0 0.075 0.005 0 5e-06 5e-06 5e-06 0 0.05 0.0001 5e-06 5e-06 0 0.05 5e-06 0.05 5e-06 0.05 5e-06 0.05 5e-06 0.05 5e-06 0.05 5e-06 0.05 5e-06 0.05 5e-06 0.05 5e-06 0.05 5e-06 0 0 0.005 0.005 0 0.075 0.005 0 5e-06 5e-06 5e-06 0 0.05 5e-06 0.05 5e-06 0.05 5e-06 0.05 5e-06 0.05 5e-06 0.05 5e-06 0.05 5e-06 0.05 5e-06 0.05 5e-06 0.05 5e-06 0.05 5e-06 0 0 0.005 0.005 0 0.075 0.005 0 5e-06 5e-06 5e-06 0 0.05 5e-06 0.05 5e-06 0.05 5e-06 0.05 5e-06 0.05 5e-06 0.05 5e-06 0.05 5e-06 0.05 5e-06 0.05 5e-06 0.05 5e-06 0.05 5e-06 0 0 0.005 0.005 0 0.075 0.005 0 5e-06 5e-06 5e-06 0 0.05 5e-06 0.05 5e-06 0.05 5e-06 0.05 5e-06 0.05 5e-06 0.05 5e-06 0.05 5e-06 0.05 5e-06 0.05 5e-06 0.05 5e-06 0.05 5e-06 0 0 0.005 0.005 0 0.075 0.005 0 5e-06 5e-06 5e-06 0 0.05 5e-06 0.05 5e-06 0.05 5e-06 0.05 5e-06 0.05 5e-06 0.05 5e-06 0.05 5e-06 0.05 5e-06 0.05 5e-06 0.05 5e-06 0.05 5e-06 0 0 0.005 0.005 0 0.075 0.005 0 5e-06 5e-06 5e-06 0 0.05 5e-06 0.05 5e-06 0.05 5e-06 0.05 5e-06 0.05 5e-06 0.05 5e-06 0.05 5e-06 0.05 5e-06 0.05 5e-06 0.05 5e-06 0.05 5e-06 0 0 0.005 0.005 0 0.075 0.005 0 5e-06 5e-06 5e-06 0 0.05 5e-06 0.05 5e-06 0.05 5e-06 0.05 5e-06 0.05 5e-06 0.05 5e-06 0.05 5e-06 0.05 5e-06 0.05 5e-06 0.05 5e-06 0.05 5e-06 0 0 0.005 0.005 0 0.075 0.005 0 5e-06 5e-06 5e-06 0 0.05 5e-06 0.05 5e-06 0.05 5e-06 0.05 5e-06 0.05 5e-06 0.05 5e-06 0.05 5e-06 0.05 5e-06 0.05 5e-06 0.05 5e-06 0.05 5e-06 0 0 0.005 0.005 0 0.075 0.005 0 5e-06 5e-06 5e-06 0 0.05 5e-06 0.05 5e-06 0.05 5e-06 0.05 5e-06 0.05 5e-06 0.05 5e-06 0.05 5e-06 0.05 5e-06 0.05 5e-06 0.05 5e-06 0.05 5e-06 0 0 0.005 0.005 0 0.075 0.005 0 5e-06 5e-06 5e-06 0 0.05 5e-06 0.05 5e-06 0.05 5e-06"
Ieee802154Power-0-20260924-21:43:53-1666,attr,Ieee802154Showcase.sensor1.wlan[0].radio.energyConsumer,powerConsumption:vector,interpolationmode,sample-hold,,
Ieee802154Power-0-20260924-21:43:53-1666,attr,Ieee802154Showcase.sensor1.wlan[0].radio.energyConsumer,powerConsumption:vector,recordingmode,vector,,
Ieee802154Power-0-20260924-21:43:53-1666,attr,Ieee802154Showcase.sensor1.wlan[0].radio.energyConsumer,powerConsumption:vector,source,powerConsumptionChanged,,
Ieee802154Power-0-20260924-21:43:53-1666,attr,Ieee802154Showcase.sensor1.wlan[0].radio.energyConsumer,powerConsumption:vector,title,Power consumption,,
Ieee802154Power-0-20260924-21:43:53-1666,attr,Ieee802154Showcase.sensor1.wlan[0].radio.energyConsumer,powerConsumption:vector,unit,W,,
Ieee802154Power-1-20260924-21:43:54-1666,vector,Ieee802154Showcase.sensor1.wlan[0].radio.energyConsumer,powerConsumption:vector,,,"0 0 0 0 0.396900750681 0.396900750681 0.398596750681 0.398788765745 0.399140765745 0.670386092578 0.672082092578 0.672274092663 0.672626092663 0.730447730538 0.732143730538 0.732335731227 0.732687731227 0.847590944325 0.849286944325 0.849478961351 0.849830961351 0.9333253612 0.9333253612 0.9333253612 0.9333253612 0.9335173612 0.9335173612 0.9352133612 0.9352133612 0.9352133612 0.9352133612 0.9352133612 0.935405412006 0.935405412006 0.935757412006 0.999360558758 1.001056558758 1.001248563174 1.001600563174 1.399140750681 1.400836750681 1.401028765745 1.401380765745 1.671986092578 1.673682092578 1.673874092663 1.674226092663 1.730767730538 1.732463730538 1.732655753544 1.733007753544 1.847590944325 1.849286944325 1.849478961351 1.849830961351 1.9326853612 1.9326853612 1.9326853612 1.9326853612 1.9328773612 1.9328773612 1.9345733612 1.9345733612 1.9345733612 1.9345733612 1.9345733612 1.934765412006 1.934765412006 1.935117412006 2.000320558758 2.002016558758 2.002208563174 2.002560563174 2.397540750681 2.399236750681 2.399428765745 2.399780765745 2.670066092578 2.671762092578 2.671954092663 2.672306092663 2.731407730538 2.733103730538 2.733295753544 2.733647753544 2.847270944325 2.848966944325 2.849158961351 2.849510961351 2.9326853612 2.9326853612 2.9326853612 2.9326853612 2.9328773612 2.9328773612 2.9345733612 2.9345733612 2.9345733612 2.9345733612 2.9345733612 2.934765412006 2.934765412006 2.935117412006 2.999680558758 3.001376558758 3.001568563174 3.001920563174 3.397540750681 3.399236750681 3.399428765745 3.399780765745 3.672306092578 3.674002092578 3.674194092663 3.674546092663 3.730767730538 3.732463730538 3.732655750778 3.733007750778 3.848550944325 3.850246944325 3.850438961351 3.850790961351 3.9336453612 3.9336453612 3.9336453612 3.9336453612 3.9338373612 3.9338373612 3.9355333612 3.9355333612 3.9355333612 3.9355333612 3.9355333612 3.935725412006 3.935725412006 3.936077412006 4.001280558758 4.002976558758 4.003168563174 4.003520563174 4.398500750681 4.400196750681 4.400388765745 4.400740765745 4.671026092578 4.672722092578 4.672914092663 4.673266092663 4.730767730538 4.732463730538 4.732655753544 4.733007753544 4.848550944325 4.850246944325 4.850438961351 4.850790961351 4.9326853612 4.9326853612 4.9326853612 4.9326853612 4.9328773612 4.9328773612 4.9345733612 4.9345733612 4.9345733612 4.9345733612 4.9345733612 4.934765412006 4.934765412006 4.935117412006 5.000000558758 5.001696558758 5.001888563174 5.002240563174 5.399140750681 5.400836750681 5.401028765745 5.401380765745 5.672306092578 5.674002092578 5.674194092663 5.674546092663 5.732687730538 5.734383730538 5.734575751094 5.734927751094 5.847910944325 5.849606944325 5.849798961351 5.850150961351 5.9346053612 5.9346053612 5.9346053612 5.9346053612 5.9347973612 5.9347973612 5.9364933612 5.9364933612 5.9364933612 5.9364933612 5.9364933612 5.936685412006 5.936685412006 5.937037412006 5.999360558758 6.001056558758 6.001248563174 6.001600563174 6.399140750681 6.400836750681 6.401028765745 6.401380765745 6.670386092578 6.672082092578 6.672274092663 6.672626092663 6.732047730538 6.733743730538 6.733935751094 6.734287751094 6.846630944325 6.848326944325 6.848518961351 6.848870961351 6.9342853612 6.9342853612 6.9342853612 6.9342853612 6.9344773612 6.9344773612 6.9361733612 6.9361733612 6.9361733612 6.9361733612 6.9361733612 6.936365412006 6.936365412006 6.936717412006 7.001280558758 7.002976558758 7.003168563174 7.003520563174 7.398500750681 7.400196750681 7.400388765745 7.400740765745 7.670706092578 7.672402092578 7.672594092663 7.672946092663 7.731407730538 7.733103730538 7.733295768721 7.733647768721 7.847590944325 7.849286944325 7.849478961351 7.849830961351 7.9342853612 7.9342853612 7.9342853612 7.9342853612 7.9344773612 7.9344773612 7.9361733612 7.9361733612 7.9361733612 7.9361733612 7.9361733612 7.936365412006 7.936365412006 7.936717412006 8.000320558758 8.002016558758 8.002208563174 8.002560563174 8.397860750681 8.399556750681 8.399748765745 8.400100765745 8.671986092578 8.673682092578 8.673874092663 8.674226092663 8.732687730538 8.734383730538 8.734575768721 8.734927768721 8.848230944325 8.849926944325 8.850118961351 8.850470961351 8.9330053612 8.9330053612 8.9330053612 8.9330053612 8.9331973612 8.9331973612 8.9348933612 8.9348933612 8.9348933612 8.9348933612 8.9348933612 8.935085412006 8.935085412006 8.935437412006 9.000640558758 9.002336558758 9.002528563174 9.002880563174 9.396900750681 9.398596750681 9.398788765745 9.399140765745 9.670706092578 9.672402092578 9.672594092663 9.672946092663 9.731727730538 9.733423730538 9.733615744303 9.733967744303 9.848870944325 9.850566944325 9.850758961351 9.851110961351 9.9326853612 9.9326853612 9.9326853612 9.9326853612 9.9328773612 9.9328773612 9.9345733612 9.9345733612 9.9345733612 9.9345733612 9.9345733612 9.934765412006 9.934765412006 9.935117412006 10.000640558758 10.002336558758 10.002528563174 10.002880563174 10.396900750681 10.398596750681 10.398788765745 10.399140765745 10.670386092578 10.672082092578 10.672274092663 10.672626092663 10.731727730538 10.733423730538 10.733615743169 10.733967743169 10.846630944325 10.848326944325 10.848518961351 10.848870961351 10.9336453612 10.9336453612 10.9336453612 10.9336453612 10.9338373612 10.9338373612 10.9355333612 10.9355333612 10.9355333612 10.9355333612 10.9355333612 10.935725412006 10.935725412006 10.936077412006 11.000000558758 11.001696558758 11.001888563174 11.002240563174 11.398180750681 11.399876750681 11.400068765745 11.400420765745 11.670706092578 11.672402092578 11.672594092663 11.672946092663 11.732367730538 11.734063730538 11.734255750778 11.734607750778 11.846950944325 11.848646944325 11.848838961351 11.849190961351 11.9346053612 11.9346053612 11.9346053612 11.9346053612 11.9347973612 11.9347973612 11.9364933612 11.9364933612 11.9364933612 11.9364933612 11.9364933612 11.936685412006 11.936685412006 11.937037412006 12.000000558758 12.001696558758 12.001888563174 12.002240563174 12.399140750681 12.400836750681 12.401028765745 12.401380765745 12.671986092578 12.673682092578 12.673874092663 12.674226092663 12.732047730538 12.733743730538 12.733935744303 12.734287744303 12.847270944325 12.848966944325 12.849158961351 12.849510961351 12.9346053612 12.9346053612 12.9346053612 12.9346053612 12.9347973612 12.9347973612 12.9364933612 12.9364933612 12.9364933612 12.9364933612 12.9364933612 12.936685412006 12.936685412006 12.937037412006 13.001280558758 13.002976558758 13.003168563174 13.003520563174 13.398500750681 13.400196750681 13.400388765745 13.400740765745 13.670706092578 13.672402092578 13.672594092663 13.672946092663 13.732047730538 13.733743730538 13.733935751094 13.734287751094 13.847270944325 13.848966944325 13.849158961351 13.849510961351 13.9349253612 13.9349253612 13.9349253612 13.9349253612 13.9351173612 13.9351173612 13.9368133612 13.9368133612 13.9368133612 13.9368133612 13.9368133612 13.937005412006 13.937005412006 13.937357412006 13.999360558758 14.001056558758 14.001248563174 14.001600563174 14.398500750681 14.400196750681 14.400388765745 14.400740765745 14.670066092578 14.671762092578 14.671954092663 14.672306092663 14.731407730538 14.733103730538 14.733295751094 14.733647751094 14.846950944325 14.848646944325 14.848838961351 14.849190961351 14.9342853612 14.9342853612 14.9342853612 14.9342853612 14.9344773612 14.9344773612 14.9361733612 14.9361733612 14.9361733612 14.9361733612 14.9361733612 14.936365412006 14.936365412006 14.936717412006 15.000640558758 15.002336558758 15.002528563174 15.002880563174 15.398820750681 15.400516750681 15.400708765745 15.401060765745 15.670066092578 15.671762092578 15.671954092663 15.672306092663 15.732687730538 15.734383730538 15.734575769411 15.734927769411 15.847590944325 15.849286944325 15.849478961351 15.849830961351 15.9333253612 15.9333253612 15.9333253612 15.9333253612 15.9335173612 15.9335173612 15.9352133612 15.9352133612 15.9352133612 15.9352133612 15.9352133612 15.935405412006 15.935405412006 15.935757412006 16.000960558758 16.002656558758 16.002848563174 16.003200563174 16.398180750681 16.399876750681 16.400068765745 16.400420765745 16.670066092578 16.671762092578 16.671954092663 16.672306092663 16.730447730538 16.732143730538 16.732335753544 16.732687753544 16.847590944325 16.849286944325 16.849478961351 16.849830961351 16.9330053612 16.9330053612 16.9330053612 16.9330053612 16.9331973612 16.9331973612 16.9348933612 16.9348933612 16.9348933612 16.9348933612 16.9348933612 16.935085412006 16.935085412006 16.935437412006 17.000960558758 17.002656558758 17.002848563174 17.003200563174 17.398820750681 17.400516750681 17.400708765745 17.401060765745 17.672306092578 17.674002092578 17.674194092663 17.674546092663 17.731727730538 17.733423730538 17.733615731227 17.733967731227 17.848230944325 17.849926944325 17.850118961351 17.850470961351 17.9339653612 17.9339653612 17.9339653612 17.9339653612 17.9341573612 17.9341573612 17.9358533612 17.9358533612 17.9358533612 17.9358533612 17.9358533612 17.936045412006 17.936045412006 17.936397412006 18.001280558758 18.002976558758 18.003168563174 18.003520563174 18.396900750681 18.398596750681 18.398788765745 18.399140765745 18.672306092578 18.674002092578 18.674194092663 18.674546092663 18.731407730538 18.733103730538 18.733295769411 18.733647769411 18.848230944325 18.849926944325 18.850118961351 18.850470961351 18.9333253612 18.9333253612 18.9333253612 18.9333253612 18.9335173612 18.9335173612 18.9352133612 18.9352133612 18.9352133612 18.9352133612 18.9352133612 18.935405412006 18.935405412006 18.935757412006 19.000320558758 19.002016558758 19.002208563174 19.002560563174 19.398820750681 19.400516750681 19.400708765745 19.401060765745 19.671666092578 19.673362092578 19.673554092663 19.673906092663 19.732687730538 19.734383730538 19.734575768721 19.734927768721 19.848870944325 19.850566944325 19.850758961351 19.851110961351 19.9346053612 19.9346053612 19.9346053612 19.9346053612 19.9347973612 19.9347973612 19.9364933612 19.9364933612 19.9364933612 19.9364933612 19.9364933612 19.936685412006 19.936685412006 19.937037412006 19.999360558758 20.001056558758 20.001248563174 20.001600563174 20.397860750681 20.399556750681 20.399748765745 20.400100765745 20.670066092578 20.671762092578 20.671954092663 20.672306092663 20.732047730538 20.733743730538 20.733935768721 20.734287768721 20.848870944325 20.850566944325 20.850758961351 20.851110961351 20.9326853612 20.9326853612 20.9326853612 20.9326853612 20.9328773612 20.9328773612 20.9345733612 20.9345733612 20.9345733612 20.9345733612 20.9345733612 20.934765412006 20.934765412006 20.935117412006 21.000320558758 21.002016558758 21.002208563174 21.002560563174 21.397220750681 21.398916750681 21.399108765745 21.399460765745 21.671346092578 21.673042092578 21.673234092663 21.673586092663 21.732687730538 21.734383730538 21.734575768721 21.734927768721 21.847590944325 21.849286944325 21.849478961351 21.849830961351 21.9336453612 21.9336453612 21.9336453612 21.9336453612 21.9338373612 21.9338373612 21.9355333612 21.9355333612 21.9355333612 21.9355333612 21.9355333612 21.935725412006 21.935725412006 21.936077412006 22.000320558758 22.002016558758 22.002208563174 22.002560563174 22.397860750681 22.399556750681 22.399748765745 22.400100765745 22.672306092578 22.674002092578 22.674194092663 22.674546092663 22.732047730538 22.733743730538 22.733935769411 22.734287769411 22.848550944325 22.850246944325 22.850438961351 22.850790961351 22.9336453612 22.9336453612 22.9336453612 22.9336453612 22.9338373612 22.9338373612 22.9355333612 22.9355333612 22.9355333612 22.9355333612 22.9355333612 22.935725412006 22.935725412006 22.936077412006 23.000640558758 23.002336558758 23.002528563174 23.002880563174 23.396900750681 23.398596750681 23.398788765745 23.399140765745 23.671026092578 23.672722092578 23.672914092663 23.673266092663 23.731407730538 23.733103730538 23.733295731227 23.733647731227 23.848550944325 23.850246944325 23.850438961351 23.850790961351 23.9349253612 23.9349253612 23.9349253612 23.9349253612 23.9351173612 23.9351173612 23.9368133612 23.9368133612 23.9368133612 23.9368133612 23.9368133612 23.937005412006 23.937005412006 23.937357412006 24.000960558758 24.002656558758 24.002848563174 24.003200563174 24.399140750681 24.400836750681 24.401028765745 24.401380765745 24.672306092578 24.674002092578 24.674194092663 24.674546092663 24.731087730538 24.732783730538 24.732975731227 24.733327731227 24.847270944325 24.848966944325 24.849158961351 24.849510961351 24.9333253612 24.9333253612 24.9333253612 24.9333253612 24.9335173612 24.9335173612 24.9352133612 24.9352133612 24.9352133612 24.9352133612 24.9352133612 24.935405412006 24.935405412006 24.935757412006 24.999680558758 25.001376558758 25.001568563174 25.001920563174 25.396900750681 25.398596750681 25.398788765745 25.399140765745 25.671346092578 25.673042092578 25.673234092663 25.673586092663 25.730767730538 25.732463730538 25.732655743169 25.733007743169 25.847590944325 25.849286944325 25.849478961351 25.849830961351 25.9339653612 25.9339653612 25.9339653612 25.9339653612 25.9341573612 25.9341573612 25.9358533612 25.9358533612 25.9358533612 25.9358533612 25.9358533612 25.936045412006 25.936045412006 25.936397412006 26.001280558758 26.002976558758 26.003168563174 26.003520563174 26.397540750681 26.399236750681 26.399428765745 26.399780765745 26.671986092578 26.673682092578 26.673874092663 26.674226092663 26.732367730538 26.734063730538 26.734255751094 26.734607751094 26.846630944325 26.848326944325 26.848518961351 26.848870961351 26.9346053612 26.9346053612 26.9346053612 26.9346053612 26.9347973612 26.9347973612 26.9364933612 26.9364933612 26.9364933612 26.9364933612 26.9364933612 26.936685412006 26.936685412006 26.937037412006 26.999680558758 27.001376558758 27.001568563174 27.001920563174 27.396900750681 27.398596750681 27.398788765745 27.399140765745 27.672306092578 27.674002092578 27.674194092663 27.674546092663 27.731407730538 27.733103730538 27.733295731227 27.733647731227 27.846630944325 27.848326944325 27.848518961351 27.848870961351 27.9336453612 27.9336453612 27.9336453612 27.9336453612 27.9338373612 27.9338373612 27.9355333612 27.9355333612 27.9355333612 27.9355333612 27.9355333612 27.935725412006 27.935725412006 27.936077412006 28.000000558758 28.001696558758 28.001888563174 28.002240563174 28.398180750681 28.399876750681 28.400068765745 28.400420765745 28.671986092578 28.673682092578 28.673874092663 28.674226092663 28.732047730538 28.733743730538 28.733935744303 28.734287744303 28.847910944325 28.849606944325 28.849798961351 28.850150961351 28.9326853612 28.9326853612 28.9326853612 28.9326853612 28.9328773612 28.9328773612 28.9345733612 28.9345733612 28.9345733612 28.9345733612 28.9345733612 28.934765412006 28.934765412006 28.935117412006 28.999360558758 29.001056558758 29.001248563174 29.001600563174 29.398820750681 29.400516750681 29.400708765745 29.401060765745 29.672306092578 29.674002092578 29.674194092663 29.674546092663 29.732367730538 29.734063730538 29.734255768721 29.734607768721 29.848870944325 29.850566944325 29.850758961351 29.851110961351 29.9342853612 29.9342853612 29.9342853612 29.9342853612 29.9344773612 29.9344773612 29.9361733612 29.9361733612 29.9361733612 29.9361733612 29.9361733612 29.936365412006 29.936365412006 29.936717412006 29.999680558758 30.001376558758 30.001568563174 30.001920563174 30.398500750681 30.400196750681 30.400388765745 30.400740765745 30.671986092578 30.673682092578 30.673874092663 30.674226092663 30.731727730538 30.733423730538 30.733615753544 30.733967753544 30.848550944325 30.850246944325 30.850438961351 30.850790961351 30.9346053612 30.9346053612 30.9346053612 30.9346053612 30.9347973612 30.9347973612 30.9364933612 30.9364933612 30.9364933612 30.9364933612 30.9364933612 30.936685412006 30.936685412006 30.937037412006 31.000640558758 31.002336558758 31.002528563174 31.002880563174 31.397860750681 31.399556750681 31.399748765745 31.400100765745 31.671346092578 31.673042092578 31.673234092663 31.673586092663 31.732687730538 31.734383730538 31.734575744303 31.734927744303 31.848230944325 31.849926944325 31.850118961351 31.850470961351 31.9339653612 31.9339653612 31.9339653612 31.9339653612 31.9341573612 31.9341573612 31.9358533612 31.9358533612 31.9358533612 31.9358533612 31.9358533612 31.936045412006 31.936045412006 31.936397412006 32.001280558758 32.002976558758 32.003168563174 32.003520563174 32.396900750681 32.398596750681 32.398788765745 32.399140765745 32.671666092578 32.673362092578 32.673554092663 32.673906092663 32.730767730538 32.732463730538 32.732655750778 32.733007750778 32.847270944325 32.848966944325 32.849158961351 32.849510961351 32.9342853612 32.9342853612 32.9342853612 32.9342853612 32.9344773612 32.9344773612 32.9361733612 32.9361733612 32.9361733612 32.9361733612 32.9361733612 32.936365412006 32.936365412006 32.936717412006 33.000640558758 33.002336558758 33.002528563174 33.002880563174 33.397860750681 33.399556750681 33.399748765745 33.400100765745 33.670386092578 33.672082092578 33.672274092663 33.672626092663 33.732687730538 33.734383730538 33.734575750778 33.734927750778 33.846630944325 33.848326944325 33.848518961351 33.848870961351 33.9339653612 33.9339653612 33.9339653612 33.9339653612 33.9341573612 33.9341573612 33.9358533612 33.9358533612 33.9358533612 33.9358533612 33.9358533612 33.936045412006 33.936045412006 33.936397412006 34.001600558758 34.003296558758 34.003488563174 34.003840563174 34.398820750681 34.400516750681 34.400708765745 34.401060765745 34.671346092578 34.673042092578 34.673234092663 34.673586092663 34.732367730538 34.734063730538 34.734255769411 34.734607769411 34.848870944325 34.850566944325 34.850758961351 34.851110961351 34.9336453612 34.9336453612 34.9336453612 34.9336453612 34.9338373612 34.9338373612 34.9355333612 34.9355333612 34.9355333612 34.9355333612 34.9355333612 34.935725412006 34.935725412006 34.936077412006 34.999360558758 35.001056558758 35.001248563174 35.001600563174 35.398820750681 35.400516750681 35.400708765745 35.401060765745 35.671346092578 35.673042092578 35.673234092663 35.673586092663 35.732367730538 35.734063730538 35.734255744303 35.734607744303 35.847270944325 35.848966944325 35.849158961351 35.849510961351 35.9330053612 35.9330053612 35.9330053612 35.9330053612 35.9331973612 35.9331973612 35.9348933612 35.9348933612 35.9348933612 35.9348933612 35.9348933612 35.935085412006 35.935085412006 35.935437412006 36.001600558758 36.003296558758 36.003488563174 36.003840563174 36.397220750681 36.398916750681 36.399108765745 36.399460765745 36.670386092578 36.672082092578 36.672274092663 36.672626092663 36.732047730538 36.733743730538 36.733935731227 36.734287731227 36.848230944325 36.849926944325 36.850118961351 36.850470961351 36.9339653612 36.9339653612 36.9339653612 36.9339653612 36.9341573612 36.9341573612 36.9358533612 36.9358533612 36.9358533612 36.9358533612 36.9358533612 36.936045412006 36.936045412006 36.936397412006 37.000000558758 37.001696558758 37.001888563174 37.002240563174 37.397220750681 37.398916750681 37.399108765745 37.399460765745 37.670066092578 37.671762092578 37.671954092663 37.672306092663 37.732367730538 37.734063730538 37.734255731227 37.734607731227 37.847270944325 37.848966944325 37.849158961351 37.849510961351 37.9330053612 37.9330053612 37.9330053612 37.9330053612 37.9331973612 37.9331973612 37.9348933612 37.9348933612 37.9348933612 37.9348933612 37.9348933612 37.935085412006 37.935085412006 37.935437412006 37.999680558758 38.001376558758 38.001568563174 38.001920563174 38.397540750681 38.399236750681 38.399428765745 38.399780765745 38.671666092578 38.673362092578 38.673554092663 38.673906092663 38.732047730538 38.733743730538 38.733935768721 38.734287768721 38.846630944325 38.848326944325 38.848518961351 38.848870961351 38.9326853612 38.9326853612 38.9326853612 38.9326853612 38.9328773612 38.9328773612 38.9345733612 38.9345733612 38.9345733612 38.9345733612 38.9345733612 38.934765412006 38.934765412006 38.935117412006 39.000000558758 39.001696558758 39.001888563174 39.002240563174 39.398500750681 39.400196750681 39.400388765745 39.400740765745 39.670386092578 39.672082092578 39.672274092663 39.672626092663 39.731727730538 39.733423730538 39.733615768721 39.733967768721 39.847270944325 39.848966944325 39.849158961351 39.849510961351 39.9346053612 39.9346053612 39.9346053612 39.9346053612 39.9347973612 39.9347973612 39.9364933612 39.9364933612 39.9364933612 39.9364933612 39.9364933612 39.936685412006 39.936685412006 39.937037412006 40.000320558758 40.002016558758 40.002208563174 40.002560563174 40.396900750681 40.398596750681 40.398788765745 40.399140765745 40.672306092578 40.674002092578 40.674194092663 40.674546092663 40.732687730538 40.734383730538 40.734575731227 40.734927731227 40.847270944325 40.848966944325 40.849158961351 40.849510961351 40.9339653612 40.9339653612 40.9339653612 40.9339653612 40.9341573612 40.9341573612 40.9358533612 40.9358533612 40.9358533612 40.9358533612 40.9358533612 40.936045412006 40.936045412006 40.936397412006 41.000320558758 41.002016558758 41.002208563174 41.002560563174 41.397540750681 41.399236750681 41.399428765745 41.399780765745 41.670066092578 41.671762092578 41.671954092663 41.672306092663 41.731087730538 41.732783730538 41.732975753544 41.733327753544 41.846630944325 41.848326944325 41.848518961351 41.848870961351 41.9342853612 41.9342853612 41.9342853612 41.9342853612 41.9344773612 41.9344773612 41.9361733612 41.9361733612 41.9361733612 41.9361733612 41.9361733612 41.936365412006 41.936365412006 41.936717412006 42.000960558758 42.002656558758 42.002848563174 42.003200563174 42.397540750681 42.399236750681 42.399428765745 42.399780765745 42.671986092578 42.673682092578 42.673874092663 42.674226092663 42.730447730538 42.732143730538 42.732335743169 42.732687743169 42.847910944325 42.849606944325 42.849798961351 42.850150961351 42.9336453612 42.9336453612 42.9336453612 42.9336453612 42.9338373612 42.9338373612 42.9355333612 42.9355333612 42.9355333612 42.9355333612 42.9355333612 42.935725412006 42.935725412006 42.936077412006 43.001600558758 43.003296558758 43.003488563174 43.003840563174 43.396900750681 43.398596750681 43.398788765745 43.399140765745 43.671026092578 43.672722092578 43.672914092663 43.673266092663 43.732367730538 43.734063730538 43.734255751094 43.734607751094 43.846630944325 43.848326944325 43.848518961351 43.848870961351 43.9330053612 43.9330053612 43.9330053612 43.9330053612 43.9331973612 43.9331973612 43.9348933612 43.9348933612 43.9348933612 43.9348933612 43.9348933612 43.935085412006 43.935085412006 43.935437412006 44.000640558758 44.002336558758 44.002528563174 44.002880563174 44.397860750681 44.399556750681 44.399748765745 44.400100765745 44.671666092578 44.673362092578 44.673554092663 44.673906092663 44.732367730538 44.734063730538 44.734255768721 44.734607768721 44.848550944325 44.850246944325 44.850438961351 44.850790961351 44.9333253612 44.9333253612 44.9333253612 44.9333253612 44.9335173612 44.9335173612 44.9352133612 44.9352133612 44.9352133612 44.9352133612 44.9352133612 44.935405412006 44.935405412006 44.935757412006 45.001600558758 45.003296558758 45.003488563174 45.003840563174 45.396900750681 45.398596750681 45.398788765745 45.399140765745 45.671666092578 45.673362092578 45.673554092663 45.673906092663 45.732047730538 45.733743730538 45.733935769411 45.734287769411 45.847270944325 45.848966944325 45.849158961351 45.849510961351 45.9326853612 45.9326853612 45.9326853612 45.9326853612 45.9328773612 45.9328773612 45.9345733612 45.9345733612 45.9345733612 45.9345733612 45.9345733612 45.934765412006 45.934765412006 45.935117412006 45.999360558758 46.001056558758 46.001248563174 46.001600563174 46.396900750681 46.398596750681 46.398788765745 46.399140765745 46.672306092578 46.674002092578 46.674194092663 46.674546092663 46.731727730538 46.733423730538 46.733615750778 46.733967750778 46.848870944325 46.850566944325 46.850758961351 46.851110961351 46.9330053612 46.9330053612 46.9330053612 46.9330053612 46.9331973612 46.9331973612 46.9348933612 46.9348933612 46.9348933612 46.9348933612 46.9348933612 46.935085412006 46.935085412006 46.935437412006 46.999680558758 47.001376558758 47.001568563174 47.001920563174 47.398180750681 47.399876750681 47.400068765745 47.400420765745 47.671026092578 47.672722092578 47.672914092663 47.673266092663 47.730767730538 47.732463730538 47.732655753544 47.733007753544 47.846950944325 47.848646944325 47.848838961351 47.849190961351 47.9346053612 47.9346053612 47.9346053612 47.9346053612 47.9347973612 47.9347973612 47.9364933612 47.9364933612 47.9364933612 47.9364933612 47.9364933612 47.936685412006 47.936685412006 47.937037412006 47.999680558758 48.001376558758 48.001568563174 48.001920563174 48.398820750681 48.400516750681 48.400708765745 48.401060765745 48.670706092578 48.672402092578 48.672594092663 48.672946092663 48.730767730538 48.732463730538 48.732655753544 48.733007753544 48.846630944325 48.848326944325 48.848518961351 48.848870961351 48.9342853612 48.9342853612 48.9342853612 48.9342853612 48.9344773612 48.9344773612 48.9361733612 48.9361733612 48.9361733612 48.9361733612 48.9361733612 48.936365412006 48.936365412006 48.936717412006 49.000640558758 49.002336558758 49.002528563174 49.002880563174 49.398500750681 49.400196750681 49.400388765745 49.400740765745 49.671346092578 49.673042092578 49.673234092663 49.673586092663 49.732367730538 49.734063730538 49.734255731227 49.734607731227 49.847270944325 49.848966944325 49.849158961351 49.849510961351 49.9336453612 49.9336453612 49.9336453612 49.9336453612 49.9338373612 49.9338373612 49.9355333612 49.9355333612 49.9355333612 49.9355333612 49.9355333612 49.935725412006 49.935725412006 49.936077412006 50.000640558758 50.002336558758 50.002528563174 50.002880563174 50.398180750681 50.399876750681 50.400068765745 50.400420765745 50.670066092578 50.671762092578 50.671954092663 50.672306092663 50.732687730538 50.734383730538 50.734575753544 50.734927753544 50.847270944325 50.848966944325 50.849158961351 50.849510961351 50.9339653612 50.9339653612 50.9339653612 50.9339653612 50.9341573612 50.9341573612 50.9358533612 50.9358533612 50.9358533612 50.9358533612 50.9358533612 50.936045412006 50.936045412006 50.936397412006 51.001280558758 51.002976558758 51.003168563174 51.003520563174 51.398500750681 51.400196750681 51.400388765745 51.400740765745 51.672306092578 51.674002092578 51.674194092663 51.674546092663 51.731727730538 51.733423730538 51.733615731227 51.733967731227 51.847910944325 51.849606944325 51.849798961351 51.850150961351 51.9336453612 51.9336453612 51.9336453612 51.9336453612 51.9338373612 51.9338373612 51.9355333612 51.9355333612 51.9355333612 51.9355333612 51.9355333612 51.935725412006 51.935725412006 51.936077412006 52.000640558758 52.002336558758 52.002528563174 52.002880563174 52.398820750681 52.400516750681 52.400708765745 52.401060765745 52.671666092578 52.673362092578 52.673554092663 52.673906092663 52.732047730538 52.733743730538 52.733935769411 52.734287769411 52.847910944325 52.849606944325 52.849798961351 52.850150961351 52.9339653612 52.9339653612 52.9339653612 52.9339653612 52.9341573612 52.9341573612 52.9358533612 52.9358533612 52.9358533612 52.9358533612 52.9358533612 52.936045412006 52.936045412006 52.936397412006 53.000000558758 53.001696558758 53.001888563174 53.002240563174 53.397540750681 53.399236750681 53.399428765745 53.399780765745 53.670706092578 53.672402092578 53.672594092663 53.672946092663 53.732367730538 53.734063730538 53.734255743169 53.734607743169 53.846630944325 53.848326944325 53.848518961351 53.848870961351 53.9330053612 53.9330053612 53.9330053612 53.9330053612 53.9331973612 53.9331973612 53.9348933612 53.9348933612 53.9348933612 53.9348933612 53.9348933612 53.935085412006 53.935085412006 53.935437412006 54.000960558758 54.002656558758 54.002848563174 54.003200563174 54.398820750681 54.400516750681 54.400708765745 54.401060765745 54.671666092578 54.673362092578 54.673554092663 54.673906092663 54.730447730538 54.732143730538 54.732335731227 54.732687731227 54.848230944325 54.849926944325 54.850118961351 54.850470961351 54.9346053612 54.9346053612 54.9346053612 54.9346053612 54.9347973612 54.9347973612 54.9364933612 54.9364933612 54.9364933612 54.9364933612 54.9364933612 54.936685412006 54.936685412006 54.937037412006 54.999680558758 55.001376558758 55.001568563174 55.001920563174 55.397220750681 55.398916750681 55.399108765745 55.399460765745 55.671026092578 55.672722092578 55.672914092663 55.673266092663 55.732367730538 55.734063730538 55.734255753544 55.734607753544 55.848550944325 55.850246944325 55.850438961351 55.850790961351 55.9336453612 55.9336453612 55.9336453612 55.9336453612 55.9338373612 55.9338373612 55.9355333612 55.9355333612 55.9355333612 55.9355333612 55.9355333612 55.935725412006 55.935725412006 55.936077412006 56.000320558758 56.002016558758 56.002208563174 56.002560563174 56.397220750681 56.398916750681 56.399108765745 56.399460765745 56.671026092578 56.672722092578 56.672914092663 56.673266092663 56.731727730538 56.733423730538 56.733615731227 56.733967731227 56.846630944325 56.848326944325 56.848518961351 56.848870961351 56.9342853612 56.9342853612 56.9342853612 56.9342853612 56.9344773612 56.9344773612 56.9361733612 56.9361733612 56.9361733612 56.9361733612 56.9361733612 56.936365412006 56.936365412006 56.936717412006 57.001280558758 57.002976558758 57.003168563174 57.003520563174 57.398820750681 57.400516750681 57.400708765745 57.401060765745 57.671346092578 57.673042092578 57.673234092663 57.673586092663 57.730447730538 57.732143730538 57.732335750778 57.732687750778 57.848870944325 57.850566944325 57.850758961351 57.851110961351 57.9342853612 57.9342853612 57.9342853612 57.9342853612 57.9344773612 57.9344773612 57.9361733612 57.9361733612 57.9361733612 57.9361733612 57.9361733612 57.936365412006 57.936365412006 57.936717412006 58.000640558758 58.002336558758 58.002528563174 58.002880563174 58.396900750681 58.398596750681 58.398788765745 58.399140765745 58.671346092578 58.673042092578 58.673234092663 58.673586092663 58.732047730538 58.733743730538 58.733935743169 58.734287743169 58.848870944325 58.850566944325 58.850758961351 58.851110961351 58.9336453612 58.9336453612 58.9336453612 58.9336453612 58.9338373612 58.9338373612 58.9355333612 58.9355333612 58.9355333612 58.9355333612 58.9355333612 58.935725412006 58.935725412006 58.936077412006 59.000000558758 59.001696558758 59.001888563174 59.002240563174 59.397220750681 59.398916750681 59.399108765745 59.399460765745 59.671026092578 59.672722092578 59.672914092663 59.673266092663 59.731727730538 59.733423730538 59.733615744303 59.733967744303 59.846630944325 59.848326944325 59.848518961351 59.848870961351 59.9326853612 59.9326853612 59.9326853612 59.9326853612 59.9328773612 59.9328773612 59.9345733612 59.9345733612 59.9345733612 59.9345733612 59.9345733612 59.934765412006 59.934765412006 59.935117412006 60.001280558758 60.002976558758 60.003168563174 60.003520563174 60.397860750681 60.399556750681 60.399748765745 60.400100765745 60.671986092578 60.673682092578 60.673874092663 60.674226092663 60.732047730538 60.733743730538 60.733935743169 60.734287743169 60.848870944325 60.850566944325 60.850758961351 60.851110961351 60.9346053612 60.9346053612 60.9346053612 60.9346053612 60.9347973612 60.9347973612 60.9364933612 60.9364933612 60.9364933612 60.9364933612 60.9364933612 60.936685412006 60.936685412006 60.937037412006 61.000640558758 61.002336558758 61.002528563174 61.002880563174 61.398820750681 61.400516750681 61.400708765745 61.401060765745 61.670706092578 61.672402092578 61.672594092663 61.672946092663 61.732047730538 61.733743730538 61.733935753544 61.734287753544 61.847910944325 61.849606944325 61.849798961351 61.850150961351 61.9349253612 61.9349253612 61.9349253612 61.9349253612 61.9351173612 61.9351173612 61.9368133612 61.9368133612 61.9368133612 61.9368133612 61.9368133612 61.937005412006 61.937005412006 61.937357412006 62.000000558758 62.001696558758 62.001888563174 62.002240563174 62.397220750681 62.398916750681 62.399108765745 62.399460765745 62.671666092578 62.673362092578 62.673554092663 62.673906092663 62.731407730538 62.733103730538 62.733295769411 62.733647769411 62.848870944325 62.850566944325 62.850758961351 62.851110961351 62.9326853612 62.9326853612 62.9326853612 62.9326853612 62.9328773612 62.9328773612 62.9345733612 62.9345733612 62.9345733612 62.9345733612 62.9345733612 62.934765412006 62.934765412006 62.935117412006 63.000320558758 63.002016558758 63.002208563174 63.002560563174 63.398500750681 63.400196750681 63.400388765745 63.400740765745 63.671026092578 63.672722092578 63.672914092663 63.673266092663 63.732367730538 63.734063730538 63.734255744303 63.734607744303 63.847270944325 63.848966944325 63.849158961351 63.849510961351 63.9336453612 63.9336453612 63.9336453612 63.9336453612 63.9338373612 63.9338373612 63.9355333612 63.9355333612 63.9355333612 63.9355333612 63.9355333612 63.935725412006 63.935725412006 63.936077412006 63.999680558758 64.001376558758 64.001568563174 64.001920563174 64.399140750681 64.400836750681 64.401028765745 64.401380765745 64.670706092578 64.672402092578 64.672594092663 64.672946092663 64.732047730538 64.733743730538 64.733935743169 64.734287743169 64.848870944325 64.850566944325 64.850758961351 64.851110961351 64.9346053612 64.9346053612 64.9346053612 64.9346053612 64.9347973612 64.9347973612 64.9364933612 64.9364933612 64.9364933612 64.9364933612 64.9364933612 64.936685412006 64.936685412006 64.937037412006 65.001600558758 65.003296558758 65.003488563174 65.003840563174 65.396900750681 65.398596750681 65.398788765745 65.399140765745 65.670066092578 65.671762092578 65.671954092663 65.672306092663 65.731407730538 65.733103730538 65.733295751094 65.733647751094 65.848550944325 65.850246944325 65.850438961351 65.850790961351 65.9326853612 65.9326853612 65.9326853612 65.9326853612 65.9328773612 65.9328773612 65.9345733612 65.9345733612 65.9345733612 65.9345733612 65.9345733612 65.934765412006 65.934765412006 65.935117412006 66.000000558758 66.001696558758 66.001888563174 66.002240563174 66.399140750681 66.400836750681 66.401028765745 66.401380765745 66.671986092578 66.673682092578 66.673874092663 66.674226092663 66.731087730538 66.732783730538 66.732975768721 66.733327768721 66.846950944325 66.848646944325 66.848838961351 66.849190961351 66.9326853612 66.9326853612 66.9326853612 66.9326853612 66.9328773612 66.9328773612 66.9345733612 66.9345733612 66.9345733612 66.9345733612 66.9345733612 66.934765412006 66.934765412006 66.935117412006 67.001280558758 67.002976558758 67.003168563174 67.003520563174 67.398820750681 67.400516750681 67.400708765745 67.401060765745 67.671346092578 67.673042092578 67.673234092663 67.673586092663 67.730447730538 67.732143730538 67.732335769411 67.732687769411 67.847270944325 67.848966944325 67.849158961351 67.849510961351 67.9336453612 67.9336453612 67.9336453612 67.9336453612 67.9338373612 67.9338373612 67.9355333612 67.9355333612 67.9355333612 67.9355333612 67.9355333612 67.935725412006 67.935725412006 67.936077412006 67.999680558758 68.001376558758 68.001568563174 68.001920563174 68.398180750681 68.399876750681 68.400068765745 68.400420765745 68.671666092578 68.673362092578 68.673554092663 68.673906092663 68.730767730538 68.732463730538 68.732655731227 68.733007731227 68.848870944325 68.850566944325 68.850758961351 68.851110961351 68.9346053612 68.9346053612 68.9346053612 68.9346053612 68.9347973612 68.9347973612 68.9364933612 68.9364933612 68.9364933612 68.9364933612 68.9364933612 68.936685412006 68.936685412006 68.937037412006 69.000000558758 69.001696558758 69.001888563174 69.002240563174 69.397540750681 69.399236750681 69.399428765745 69.399780765745 69.671666092578 69.673362092578 69.673554092663 69.673906092663 69.732367730538 69.734063730538 69.734255753544 69.734607753544 69.847270944325 69.848966944325 69.849158961351 69.849510961351 69.9342853612 69.9342853612 69.9342853612 69.9342853612 69.9344773612 69.9344773612 69.9361733612 69.9361733612 69.9361733612 69.9361733612 69.9361733612 69.936365412006 69.936365412006 69.936717412006 69.999360558758 70.001056558758 70.001248563174 70.001600563174 70.397540750681 70.399236750681 70.399428765745 70.399780765745 70.671346092578 70.673042092578 70.673234092663 70.673586092663 70.731727730538 70.733423730538 70.733615744303 70.733967744303 70.846950944325 70.848646944325 70.848838961351 70.849190961351 70.9349253612 70.9349253612 70.9349253612 70.9349253612 70.9351173612 70.9351173612 70.9368133612 70.9368133612 70.9368133612 70.9368133612 70.9368133612 70.937005412006 70.937005412006 70.937357412006 70.999680558758 71.001376558758 71.001568563174 71.001920563174 71.398180750681 71.399876750681 71.400068765745 71.400420765745 71.671666092578 71.673362092578 71.673554092663 71.673906092663 71.732367730538 71.734063730538 71.734255769411 71.734607769411 71.846950944325 71.848646944325 71.848838961351 71.849190961351 71.9346053612 71.9346053612 71.9346053612 71.9346053612 71.9347973612 71.9347973612 71.9364933612 71.9364933612 71.9364933612 71.9364933612 71.9364933612 71.936685412006 71.936685412006 71.937037412006 72.000960558758 72.002656558758 72.002848563174 72.003200563174 72.397540750681 72.399236750681 72.399428765745 72.399780765745 72.671346092578 72.673042092578 72.673234092663 72.673586092663 72.731087730538 72.732783730538 72.732975769411 72.733327769411 72.848870944325 72.850566944325 72.850758961351 72.851110961351 72.9333253612 72.9333253612 72.9333253612 72.9333253612 72.9335173612 72.9335173612 72.9352133612 72.9352133612 72.9352133612 72.9352133612 72.9352133612 72.935405412006 72.935405412006 72.935757412006 72.999360558758 73.001056558758 73.001248563174 73.001600563174 73.396900750681 73.398596750681 73.398788765745 73.399140765745 73.671666092578 73.673362092578 73.673554092663 73.673906092663 73.732047730538 73.733743730538 73.733935731227 73.734287731227 73.846630944325 73.848326944325 73.848518961351 73.848870961351 73.9339653612 73.9339653612 73.9339653612 73.9339653612 73.9341573612 73.9341573612 73.9358533612 73.9358533612 73.9358533612 73.9358533612 73.9358533612 73.936045412006 73.936045412006 73.936397412006 73.999360558758 74.001056558758 74.001248563174 74.001600563174 74.396900750681 74.398596750681 74.398788765745 74.399140765745 74.670386092578 74.672082092578 74.672274092663 74.672626092663 74.732047730538 74.733743730538 74.733935731227 74.734287731227 74.847590944325 74.849286944325 74.849478961351 74.849830961351 74.9336453612 74.9336453612 74.9336453612 74.9336453612 74.9338373612 74.9338373612 74.9355333612 74.9355333612 74.9355333612 74.9355333612 74.9355333612 74.935725412006 74.935725412006 74.936077412006 75.000640558758 75.002336558758 75.002528563174 75.002880563174 75.398500750681 75.400196750681 75.400388765745 75.400740765745 75.670386092578 75.672082092578 75.672274092663 75.672626092663 75.730447730538 75.732143730538 75.732335753544 75.732687753544 75.847590944325 75.849286944325 75.849478961351 75.849830961351 75.9330053612 75.9330053612 75.9330053612 75.9330053612 75.9331973612 75.9331973612 75.9348933612 75.9348933612 75.9348933612 75.9348933612 75.9348933612 75.935085412006 75.935085412006 75.935437412006 75.999360558758 76.001056558758 76.001248563174 76.001600563174 76.397220750681 76.398916750681 76.399108765745 76.399460765745 76.671986092578 76.673682092578 76.673874092663 76.674226092663 76.731407730538 76.733103730538 76.733295751094 76.733647751094 76.848870944325 76.850566944325 76.850758961351 76.851110961351 76.9342853612 76.9342853612 76.9342853612 76.9342853612 76.9344773612 76.9344773612 76.9361733612 76.9361733612 76.9361733612 76.9361733612 76.9361733612 76.936365412006 76.936365412006 76.936717412006 77.000320558758 77.002016558758 77.002208563174 77.002560563174 77.399140750681 77.400836750681 77.401028765745 77.401380765745 77.670706092578 77.672402092578 77.672594092663 77.672946092663 77.732047730538 77.733743730538 77.733935744303 77.734287744303 77.846630944325 77.848326944325 77.848518961351 77.848870961351 77.9333253612 77.9333253612 77.9333253612 77.9333253612 77.9335173612 77.9335173612 77.9352133612 77.9352133612 77.9352133612 77.9352133612 77.9352133612 77.935405412006 77.935405412006 77.935757412006 78.000000558758 78.001696558758 78.001888563174 78.002240563174 78.398820750681 78.400516750681 78.400708765745 78.401060765745 78.670066092578 78.671762092578 78.671954092663 78.672306092663 78.731727730538 78.733423730538 78.733615751094 78.733967751094 78.847590944325 78.849286944325 78.849478961351 78.849830961351 78.9339653612 78.9339653612 78.9339653612 78.9339653612 78.9341573612 78.9341573612 78.9358533612 78.9358533612 78.9358533612 78.9358533612 78.9358533612 78.936045412006 78.936045412006 78.936397412006 78.999360558758 79.001056558758 79.001248563174 79.001600563174 79.398820750681 79.400516750681 79.400708765745 79.401060765745 79.670706092578 79.672402092578 79.672594092663 79.672946092663 79.732367730538 79.734063730538 79.734255731227 79.734607731227 79.846950944325 79.848646944325 79.848838961351 79.849190961351 79.9326853612 79.9326853612 79.9326853612 79.9326853612 79.9328773612 79.9328773612 79.9345733612 79.9345733612 79.9345733612 79.9345733612 79.9345733612 79.934765412006 79.934765412006 79.935117412006 80.000960558758 80.002656558758 80.002848563174 80.003200563174 80.397540750681 80.399236750681 80.399428765745 80.399780765745 80.671986092578 80.673682092578 80.673874092663 80.674226092663 80.732687730538 80.734383730538 80.734575751094 80.734927751094 80.848230944325 80.849926944325 80.850118961351 80.850470961351 80.9349253612 80.9349253612 80.9349253612 80.9349253612 80.9351173612 80.9351173612 80.9368133612 80.9368133612 80.9368133612 80.9368133612 80.9368133612 80.937005412006 80.937005412006 80.937357412006 81.001600558758 81.003296558758 81.003488563174 81.003840563174 81.399140750681 81.400836750681 81.401028765745 81.401380765745 81.671986092578 81.673682092578 81.673874092663 81.674226092663 81.732367730538 81.734063730538 81.734255744303 81.734607744303 81.848870944325 81.850566944325 81.850758961351 81.851110961351 81.9342853612 81.9342853612 81.9342853612 81.9342853612 81.9344773612 81.9344773612 81.9361733612 81.9361733612 81.9361733612 81.9361733612 81.9361733612 81.936365412006 81.936365412006 81.936717412006 81.999360558758 82.001056558758 82.001248563174 82.001600563174 82.398180750681 82.399876750681 82.400068765745 82.400420765745 82.670706092578 82.672402092578 82.672594092663 82.672946092663 82.731727730538 82.733423730538 82.733615750778 82.733967750778 82.846630944325 82.848326944325 82.848518961351 82.848870961351 82.9336453612 82.9336453612 82.9336453612 82.9336453612 82.9338373612 82.9338373612 82.9355333612 82.9355333612 82.9355333612 82.9355333612 82.9355333612 82.935725412006 82.935725412006 82.936077412006 83.001280558758 83.002976558758 83.003168563174 83.003520563174 83.397860750681 83.399556750681 83.399748765745 83.400100765745 83.670386092578 83.672082092578 83.672274092663 83.672626092663 83.731407730538 83.733103730538 83.733295731227 83.733647731227 83.848230944325 83.849926944325 83.850118961351 83.850470961351 83.9333253612 83.9333253612 83.9333253612 83.9333253612 83.9335173612 83.9335173612 83.9352133612 83.9352133612 83.9352133612 83.9352133612 83.9352133612 83.935405412006 83.935405412006 83.935757412006 84.001280558758 84.002976558758 84.003168563174 84.003520563174 84.397220750681 84.398916750681 84.399108765745 84.399460765745 84.671346092578 84.673042092578 84.673234092663 84.673586092663 84.730447730538 84.732143730538 84.732335744303 84.732687744303 84.846950944325 84.848646944325 84.848838961351 84.849190961351 84.9330053612 84.9330053612 84.9330053612 84.9330053612 84.9331973612 84.9331973612 84.9348933612 84.9348933612 84.9348933612 84.9348933612 84.9348933612 84.935085412006 84.935085412006 84.935437412006 85.001280558758 85.002976558758 85.003168563174 85.003520563174 85.397860750681 85.399556750681 85.399748765745 85.400100765745 85.671666092578 85.673362092578 85.673554092663 85.673906092663 85.731727730538 85.733423730538 85.733615768721 85.733967768721 85.848230944325 85.849926944325 85.850118961351 85.850470961351 85.9333253612 85.9333253612 85.9333253612 85.9333253612 85.9335173612 85.9335173612 85.9352133612 85.9352133612 85.9352133612 85.9352133612 85.9352133612 85.935405412006 85.935405412006 85.935757412006 86.000960558758 86.002656558758 86.002848563174 86.003200563174 86.399140750681 86.400836750681 86.401028765745 86.401380765745 86.671346092578 86.673042092578 86.673234092663 86.673586092663 86.731407730538 86.733103730538 86.733295751094 86.733647751094 86.848230944325 86.849926944325 86.850118961351 86.850470961351 86.9339653612 86.9339653612 86.9339653612 86.9339653612 86.9341573612 86.9341573612 86.9358533612 86.9358533612 86.9358533612 86.9358533612 86.9358533612 86.936045412006 86.936045412006 86.936397412006 87.000320558758 87.002016558758 87.002208563174 87.002560563174 87.399140750681 87.400836750681 87.401028765745 87.401380765745 87.672306092578 87.674002092578 87.674194092663 87.674546092663 87.730447730538 87.732143730538 87.732335768721 87.732687768721 87.848550944325 87.850246944325 87.850438961351 87.850790961351 87.9333253612 87.9333253612 87.9333253612 87.9333253612 87.9335173612 87.9335173612 87.9352133612 87.9352133612 87.9352133612 87.9352133612 87.9352133612 87.935405412006 87.935405412006 87.935757412006 88.000000558758 88.001696558758 88.001888563174 88.002240563174 88.398180750681 88.399876750681 88.400068765745 88.400420765745 88.670386092578 88.672082092578 88.672274092663 88.672626092663 88.730767730538 88.732463730538 88.732655731227 88.733007731227 88.846950944325 88.848646944325 88.848838961351 88.849190961351 88.9346053612 88.9346053612 88.9346053612 88.9346053612 88.9347973612 88.9347973612 88.9364933612 88.9364933612 88.9364933612 88.9364933612 88.9364933612 88.936685412006 88.936685412006 88.937037412006 89.001600558758 89.003296558758 89.003488563174 89.003840563174 89.399140750681 89.400836750681 89.401028765745 89.401380765745 89.670386092578 89.672082092578 89.672274092663 89.672626092663 89.730767730538 89.732463730538 89.732655751094 89.733007751094 89.847270944325 89.848966944325 89.849158961351 89.849510961351 89.9326853612 89.9326853612 89.9326853612 89.9326853612 89.9328773612 89.9328773612 89.9345733612 89.9345733612 89.9345733612 89.9345733612 89.9345733612 89.934765412006 89.934765412006 89.935117412006 90.000960558758 90.002656558758 90.002848563174 90.003200563174 90.396900750681 90.398596750681 90.398788765745 90.399140765745 90.670706092578 90.672402092578 90.672594092663 90.672946092663 90.732687730538 90.734383730538 90.734575769411 90.734927769411 90.848870944325 90.850566944325 90.850758961351 90.851110961351 90.9342853612 90.9342853612 90.9342853612 90.9342853612 90.9344773612 90.9344773612 90.9361733612 90.9361733612 90.9361733612 90.9361733612 90.9361733612 90.936365412006 90.936365412006 90.936717412006 90.999360558758 91.001056558758 91.001248563174 91.001600563174 91.397540750681 91.399236750681 91.399428765745 91.399780765745 91.671026092578 91.672722092578 91.672914092663 91.673266092663 91.730767730538 91.732463730538 91.732655743169 91.733007743169 91.848550944325 91.850246944325 91.850438961351 91.850790961351 91.9349253612 91.9349253612 91.9349253612 91.9349253612 91.9351173612 91.9351173612 91.9368133612 91.9368133612 91.9368133612 91.9368133612 91.9368133612 91.937005412006 91.937005412006 91.937357412006 92.000000558758 92.001696558758 92.001888563174 92.002240563174 92.397540750681 92.399236750681 92.399428765745 92.399780765745 92.671026092578 92.672722092578 92.672914092663 92.673266092663 92.732047730538 92.733743730538 92.733935751094 92.734287751094 92.846950944325 92.848646944325 92.848838961351 92.849190961351 92.9336453612 92.9336453612 92.9336453612 92.9336453612 92.9338373612 92.9338373612 92.9355333612 92.9355333612 92.9355333612 92.9355333612 92.9355333612 92.935725412006 92.935725412006 92.936077412006 93.000000558758 93.001696558758 93.001888563174 93.002240563174 93.397220750681 93.398916750681 93.399108765745 93.399460765745 93.672306092578 93.674002092578 93.674194092663 93.674546092663 93.732047730538 93.733743730538 93.733935744303 93.734287744303 93.847270944325 93.848966944325 93.849158961351 93.849510961351 93.9339653612 93.9339653612 93.9339653612 93.9339653612 93.9341573612 93.9341573612 93.9358533612 93.9358533612 93.9358533612 93.9358533612 93.9358533612 93.936045412006 93.936045412006 93.936397412006 93.999680558758 94.001376558758 94.001568563174 94.001920563174 94.398500750681 94.400196750681 94.400388765745 94.400740765745 94.672306092578 94.674002092578 94.674194092663 94.674546092663 94.732687730538 94.734383730538 94.734575744303 94.734927744303 94.847590944325 94.849286944325 94.849478961351 94.849830961351 94.9342853612 94.9342853612 94.9342853612 94.9342853612 94.9344773612 94.9344773612 94.9361733612 94.9361733612 94.9361733612 94.9361733612 94.9361733612 94.936365412006 94.936365412006 94.936717412006 95.000000558758 95.001696558758 95.001888563174 95.002240563174 95.397220750681 95.398916750681 95.399108765745 95.399460765745 95.671986092578 95.673682092578 95.673874092663 95.674226092663 95.731727730538 95.733423730538 95.733615751094 95.733967751094 95.846950944325 95.848646944325 95.848838961351 95.849190961351 95.9336453612 95.9336453612 95.9336453612 95.9336453612 95.9338373612 95.9338373612 95.9355333612 95.9355333612 95.9355333612 95.9355333612 95.9355333612 95.935725412006 95.935725412006 95.936077412006 95.999360558758 96.001056558758 96.001248563174 96.001600563174 96.396900750681 96.398596750681 96.398788765745 96.399140765745 96.671666092578 96.673362092578 96.673554092663 96.673906092663 96.732367730538 96.734063730538 96.734255768721 96.734607768721 96.847590944325 96.849286944325 96.849478961351 96.849830961351 96.9342853612 96.9342853612 96.9342853612 96.9342853612 96.9344773612 96.9344773612 96.9361733612 96.9361733612 96.9361733612 96.9361733612 96.9361733612 96.936365412006 96.936365412006 96.936717412006 97.001600558758 97.003296558758 97.003488563174 97.003840563174 97.397220750681 97.398916750681 97.399108765745 97.399460765745 97.670706092578 97.672402092578 97.672594092663 97.672946092663 97.732687730538 97.734383730538 97.734575753544 97.734927753544 97.848550944325 97.850246944325 97.850438961351 97.850790961351 97.9336453612 97.9336453612 97.9336453612 97.9336453612 97.9338373612 97.9338373612 97.9355333612 97.9355333612 97.9355333612 97.9355333612 97.9355333612 97.935725412006 97.935725412006 97.936077412006 97.999680558758 98.001376558758 98.001568563174 98.001920563174 98.398500750681 98.400196750681 98.400388765745 98.400740765745 98.672306092578 98.674002092578 98.674194092663 98.674546092663 98.732687730538 98.734383730538 98.734575753544 98.734927753544 98.847910944325 98.849606944325 98.849798961351 98.850150961351 98.9346053612 98.9346053612 98.9346053612 98.9346053612 98.9347973612 98.9347973612 98.9364933612 98.9364933612 98.9364933612 98.9364933612 98.9364933612 98.936685412006 98.936685412006 98.937037412006 98.999680558758 99.001376558758 99.001568563174 99.001920563174 99.398500750681 99.400196750681 99.400388765745 99.400740765745 99.670386092578 99.672082092578 99.672274092663 99.672626092663 99.730767730538 99.732463730538 99.732655731227 99.733007731227 99.847270944325 99.848966944325 99.849158961351 99.849510961351 99.9330053612 99.9330053612 99.9330053612 99.9330053612 99.9331973612 99.9331973612 99.9348933612 99.9348933612 99.9348933612 99.9348933612 99.9348933612 99.935085412006 99.935085412006 99.935437412006","0 0 0 5e-06 0 0.05 5e-06 0.05 5e-06 0.05 5e-06 0.05 5e-06 0.05 5e-06 0.05 5e-06 0.05 5e-06 0.05 5e-06 0 0 0.005 0.005 0 0.075 0.005 0 5e-06 5e-06 5e-06 0 0.05 5e-06 0.05 5e-06 0.05 5e-06 0.05 5e-06 0.05 5e-06 0.05 5e-06 0.05 5e-06 0.05 5e-06 0.05 5e-06 0.05 5e-06 0.05 5e-06 0 0 0.005 0.005 0 0.075 0.005 0 5e-06 5e-06 5e-06 0 0.05 5e-06 0.05 5e-06 0.05 5e-06 0.05 5e-06 0.05 5e-06 0.05 5e-06 0.05 5e-06 0.05 5e-06 0.05 5e-06 0.05 5e-06 0.05 5e-06 0 0 0.005 0.005 0 0.075 0.005 0 5e-06 5e-06 5e-06 0 0.05 5e-06 0.05 5e-06 0.05 5e-06 0.05 5e-06 0.05 5e-06 0.05 5e-06 0.05 5e-06 0.05 5e-06 0.05 5e-06 0.05 5e-06 0.05 5e-06 0 0 0.005 0.005 0 0.075 0.005 0 5e-06 5e-06 5e-06 0 0.05 5e-06 0.05 5e-06 0.05 5e-06 0.05 5e-06 0.05 5e-06 0.05 5e-06 0.05 5e-06 0.05 5e-06 0.05 5e-06 0.05 5e-06 0.05 5e-06 0 0 0.005 0.005 0 0.075 0.005 0 5e-06 5e-06 5e-06 0 0.05 5e-06 0.05 5e-06 0.05 5e-06 0.05 5e-06 0.05 5e-06 0.05 5e-06 0.05 5e-06 0.05 5e-06 0.05 5e-06 0.05 5e-06 0.05 5e-06 0 0 0.005 0.005 0 0.075 0.005 0 5e-06 5e-06 5e-06 0 0.05 5e-06 0.05 5e-06 0.05 5e-06 0.05 5e-06 0.05 5e-06 0.05 5e-06 0.05 5e-06 0.05 5e-06 0.05 5e-06 0.05 5e-06 0.05 5e-06 0 0 0.005 0.005 0 0.075 0.005 0 5e-06 5e-06 5e-06 0 0.05 5e-06 0.05 5e-06 0.05 5e-06 0.05 5e-06 0.05 5e-06 0.05 5e-06 0.05 5e-06 0.05 5e-06 0.05 5e-06 0.05 5e-06 0.05 5e-06 0 0 0.005 0.005 0 0.075 0.005 0 5e-06 5e-06 5e-06 0 0.05 5e-06 0.05 5e-06 0.05 5e-06 0.05 5e-06 0.05 5e-06 0.05 5e-06 0.05 5e-06 0.05 5e-06 0.05 5e-06 0.05 5e-06 0.05 5e-06 0 0 0.005 0.005 0 0.075 0.005 0 5e-06 5e-06 5e-06 0 0.05 5e-06 0.05 5e-06 0.05 5e-06 0.05 5e-06 0.05 5e-06 0.05 5e-06 0.05 5e-06 0.05 5e-06 0.05 5e-06 0.05 5e-06 0.05 5e-06 0 0 0.005 0.005 0 0.075 0.005 0 5e-06 5e-06 5e-06 0 0.05 5e-06 0.05 5e-06 0.05 5e-06 0.05 5e-06 0.05 5e-06 0.05 5e-06 0.05 5e-06 0.05 5e-06 0.05 5e-06 0.05 5e-06 0.05 5e-06 0 0 0.005 0.005 0 0.075 0.005 0 5e-06 5e-06 5e-06 0 0.05 5e-06 0.05 5e-06 0.05 5e-06 0.05 5e-06 0.05 5e-06 0.05 5e-06 0.05 5e-06 0.05 5e-06 0.05 5e-06 0.05 5e-06 0.05 5e-06 0 0 0.005 0.005 0 0.075 0.005 0 5e-06 5e-06 5e-06 0 0.05 5e-06 0.05 5e-06 0.05 5e-06 0.05 5e-06 0.05 5e-06 0.05 5e-06 0.05 5e-06 0.05 5e-06 0.05 5e-06 0.05 5e-06 0.05 5e-06 0 0 0.005 0.005 0 0.075 0.005 0 5e-06 5e-06 5e-06 0 0.05 5e-06 0.05 5e-06 0.05 5e-06 0.05 5e-06 0.05 5e-06 0.05 5e-06 0.05 5e-06 0.05 5e-06 0.05 5e-06 0.05 5e-06 0.05 5e-06 0 0 0.005 0.005 0 0.075 0.005 0 5e-06 5e-06 5e-06 0 0.05 5e-06 0.05 5e-06 0.05 5e-06 0.05 5e-06 0.05 5e-06 0.05 5e-06 0.05 5e-06 0.05 5e-06 0.05 5e-06 0.05 5e-06 0.05 5e-06 0 0 0.005 0.005 0 0.075 0.005 0 5e-06 5e-06 5e-06 0 0.05 5e-06 0.05 5e-06 0.05 5e-06 0.05 5e-06 0.05 5e-06 0.05 5e-06 0.05 5e-06 0.05 5e-06 0.05 5e-06 0.05 5e-06 0.05 5e-06 0 0 0.005 0.005 0 0.075 0.005 0 5e-06 5e-06 5e-06 0 0.05 5e-06 0.05 5e-06 0.05 5e-06 0.05 5e-06 0.05 5e-06 0.05 5e-06 0.05 5e-06 0.05 5e-06 0.05 5e-06 0.05 5e-06 0.05 5e-06 0 0 0.005 0.005 0 0.075 0.005 0 5e-06 5e-06 5e-06 0 0.05 5e-06 0.05 5e-06 0.05 5e-06 0.05 5e-06 0.05 5e-06 0.05 5e-06 0.05 5e-06 0.05 5e-06 0.05 5e-06 0.05 5e-06 0.05 5e-06 0 0 0.005 0.005 0 0.075 0.005 0 5e-06 5e-06 5e-06 0 0.05 5e-06 0.05 5e-06 0.05 5e-06 0.05 5e-06 0.05 5e-06 0.05 5e-06 0.05 5e-06 0.05 5e-06 0.05 5e-06 0.05 5e-06 0.05 5e-06 0 0 0.005 0.005 0 0.075 0.005 0 5e-06 5e-06 5e-06 0 0.05 5e-06 0.05 5e-06 0.05 5e-06 0.05 5e-06 0.05 5e-06 0.05 5e-06 0.05 5e-06 0.05 5e-06 0.05 5e-06 0.05 5e-06 0.05 5e-06 0 0 0.005 0.005 0 0.075 0.005 0 5e-06 5e-06 5e-06 0 0.05 5e-06 0.05 5e-06 0.05 5e-06 0.05 5e-06 0.05 5e-06 0.05 5e-06 0.05 5e-06 0.05 5e-06 0.05 5e-06 0.05 5e-06 0.05 5e-06 0 0 0.005 0.005 0 0.075 0.005 0 5e-06 5e-06 5e-06 0 0.05 5e-06 0.05 5e-06 0.05 5e-06 0.05 5e-06 0.05 5e-06 0.05 5e-06 0.05 5e-06 0.05 5e-06 0.05 5e-06 0.05 5e-06 0.05 5e-06 0 0 0.005 0.005 0 0.075 0.005 0 5e-06 5e-06 5e-06 0 0.05 5e-06 0.05 5e-06 0.05 5e-06 0.05 5e-06 0.05 5e-06 0.05 5e-06 0.05 5e-06 0.05 5e-06 0.05 5e-06 0.05 5e-06 0.05 5e-06 0 0 0.005 0.005 0 0.075 0.005 0 5e-06 5e-06 5e-06 0 0.05 5e-06 0.05 5e-06 0.05 5e-06 0.05 5e-06 0.05 5e-06 0.05 5e-06 0.05 5e-06 0.05 5e-06 0.05 5e-06 0.05 5e-06 0.05 5e-06 0 0 0.005 0.005 0 0.075 0.005 0 5e-06 5e-06 5e-06 0 0.05 5e-06 0.05 5e-06 0.05 5e-06 0.05 5e-06 0.05 5e-06 0.05 5e-06 0.05 5e-06 0.05 5e-06 0.05 5e-06 0.05 5e-06 0.05 5e-06 0 0 0.005 0.005 0 0.075 0.005 0 5e-06 5e-06 5e-06 0 0.05 5e-06 0.05 5e-06 0.05 5e-06 0.05 5e-06 0.05 5e-06 0.05 5e-06 0.05 5e-06 0.05 5e-06 0.05 5e-06 0.05 5e-06 0.05 5e-06 0 0 0.005 0.005 0 0.075 0.005 0 5e-06 5e-06 5e-06 0 0.05 5e-06 0.05 5e-06 0.05 5e-06 0.05 5e-06 0.05 5e-06 0.05 5e-06 0.05 5e-06 0.05 5e-06 0.05 5e-06 0.05 5e-06 0.05 5e-06 0 0 0.005 0.005 0 0.075 0.005 0 5e-06 5e-06 5e-06 0 0.05 5e-06 0.05 5e-06 0.05 5e-06 0.05 5e-06 0.05 5e-06 0.05 5e-06 0.05 5e-06 0.05 5e-06 0.05 5e-06 0.05 5e-06 0.05 5e-06 0 0 0.005 0.005 0 0.075 0.005 0 5e-06 5e-06 5e-06 0 0.05 5e-06 0.05 5e-06 0.05 5e-06 0.05 5e-06 0.05 5e-06 0.05 5e-06 0.05 5e-06 0.05 5e-06 0.05 5e-06 0.05 5e-06 0.05 5e-06 0 0 0.005 0.005 0 0.075 0.005 0 5e-06 5e-06 5e-06 0 0.05 5e-06 0.05 5e-06 0.05 5e-06 0.05 5e-06 0.05 5e-06 0.05 5e-06 0.05 5e-06 0.05 5e-06 0.05 5e-06 0.05 5e-06 0.05 5e-06 0 0 0.005 0.005 0 0.075 0.005 0 5e-06 5e-06 5e-06 0 0.05 5e-06 0.05 5e-06 0.05 5e-06 0.05 5e-06 0.05 5e-06 0.05 5e-06 0.05 5e-06 0.05 5e-06 0.05 5e-06 0.05 5e-06 0.05 5e-06 0 0 0.005 0.005 0 0.075 0.005 0 5e-06 5e-06 5e-06 0 0.05 5e-06 0.05 5e-06 0.05 5e-06 0.05 5e-06 0.05 5e-06 0.05 5e-06 0.05 5e-06 0.05 5e-06 0.05 5e-06 0.05 5e-06 0.05 5e-06 0 0 0.005 0.005 0 0.075 0.005 0 5e-06 5e-06 5e-06 0 0.05 5e-06 0.05 5e-06 0.05 5e-06 0.05 5e-06 0.05 5e-06 0.05 5e-06 0.05 5e-06 0.05 5e-06 0.05 5e-06 0.05 5e-06 0.05 5e-06 0 0 0.005 0.005 0 0.075 0.005 0 5e-06 5e-06 5e-06 0 0.05 5e-06 0.05 5e-06 0.05 5e-06 0.05 5e-06 0.05 5e-06 0.05 5e-06 0.05 5e-06 0.05 5e-06 0.05 5e-06 0.05 5e-06 0.05 5e-06 0 0 0.005 0.005 0 0.075 0.005 0 5e-06 5e-06 5e-06 0 0.05 5e-06 0.05 5e-06 0.05 5e-06 0.05 5e-06 0.05 5e-06 0.05 5e-06 0.05 5e-06 0.05 5e-06 0.05 5e-06 0.05 5e-06 0.05 5e-06 0 0 0.005 0.005 0 0.075 0.005 0 5e-06 5e-06 5e-06 0 0.05 5e-06 0.05 5e-06 0.05 5e-06 0.05 5e-06 0.05 5e-06 0.05 5e-06 0.05 5e-06 0.05 5e-06 0.05 5e-06 0.05 5e-06 0.05 5e-06 0 0 0.005 0.005 0 0.075 0.005 0 5e-06 5e-06 5e-06 0 0.05 5e-06 0.05 5e-06 0.05 5e-06 0.05 5e-06 0.05 5e-06 0.05 5e-06 0.05 5e-06 0.05 5e-06 0.05 5e-06 0.05 5e-06 0.05 5e-06 0 0 0.005 0.005 0 0.075 0.005 0 5e-06 5e-06 5e-06 0 0.05 5e-06 0.05 5e-06 0.05 5e-06 0.05 5e-06 0.05 5e-06 0.05 5e-06 0.05 5e-06 0.05 5e-06 0.05 5e-06 0.05 5e-06 0.05 5e-06 0 0 0.005 0.005 0 0.075 0.005 0 5e-06 5e-06 5e-06 0 0.05 5e-06 0.05 5e-06 0.05 5e-06 0.05 5e-06 0.05 5e-06 0.05 5e-06 0.05 5e-06 0.05 5e-06 0.05 5e-06 0.05 5e-06 0.05 5e-06 0 0 0.005 0.005 0 0.075 0.005 0 5e-06 5e-06 5e-06 0 0.05 5e-06 0.05 5e-06 0.05 5e-06 0.05 5e-06 0.05 5e-06 0.05 5e-06 0.05 5e-06 0.05 5e-06 0.05 5e-06 0.05 5e-06 0.05 5e-06 0 0 0.005 0.005 0 0.075 0.005 0 5e-06 5e-06 5e-06 0 0.05 5e-06 0.05 5e-06 0.05 5e-06 0.05 5e-06 0.05 5e-06 0.05 5e-06 0.05 5e-06 0.05 5e-06 0.05 5e-06 0.05 5e-06 0.05 5e-06 0 0 0.005 0.005 0 0.075 0.005 0 5e-06 5e-06 5e-06 0 0.05 5e-06 0.05 5e-06 0.05 5e-06 0.05 5e-06 0.05 5e-06 0.05 5e-06 0.05 5e-06 0.05 5e-06 0.05 5e-06 0.05 5e-06 0.05 5e-06 0 0 0.005 0.005 0 0.075 0.005 0 5e-06 5e-06 5e-06 0 0.05 5e-06 0.05 5e-06 0.05 5e-06 0.05 5e-06 0.05 5e-06 0.05 5e-06 0.05 5e-06 0.05 5e-06 0.05 5e-06 0.05 5e-06 0.05 5e-06 0 0 0.005 0.005 0 0.075 0.005 0 5e-06 5e-06 5e-06 0 0.05 5e-06 0.05 5e-06 0.05 5e-06 0.05 5e-06 0.05 5e-06 0.05 5e-06 0.05 5e-06 0.05 5e-06 0.05 5e-06 0.05 5e-06 0.05 5e-06 0 0 0.005 0.005 0 0.075 0.005 0 5e-06 5e-06 5e-06 0 0.05 5e-06 0.05 5e-06 0.05 5e-06 0.05 5e-06 0.05 5e-06 0.05 5e-06 0.05 5e-06 0.05 5e-06 0.05 5e-06 0.05 5e-06 0.05 5e-06 0 0 0.005 0.005 0 0.075 0.005 0 5e-06 5e-06 5e-06 0 0.05 5e-06 0.05 5e-06 0.05 5e-06 0.05 5e-06 0.05 5e-06 0.05 5e-06 0.05 5e-06 0.05 5e-06 0.05 5e-06 0.05 5e-06 0.05 5e-06 0 0 0.005 0.005 0 0.075 0.005 0 5e-06 5e-06 5e-06 0 0.05 5e-06 0.05 5e-06 0.05 5e-06 0.05 5e-06 0.05 5e-06 0.05 5e-06 0.05 5e-06 0.05 5e-06 0.05 5e-06 0.05 5e-06 0.05 5e-06 0 0 0.005 0.005 0 0.075 0.005 0 5e-06 5e-06 5e-06 0 0.05 5e-06 0.05 5e-06 0.05 5e-06 0.05 5e-06 0.05 5e-06 0.05 5e-06 0.05 5e-06 0.05 5e-06 0.05 5e-06 0.05 5e-06 0.05 5e-06 0 0 0.005 0.005 0 0.075 0.005 0 5e-06 5e-06 5e-06 0 0.05 5e-06 0.05 5e-06 0.05 5e-06 0.05 5e-06 0.05 5e-06 0.05 5e-06 0.05 5e-06 0.05 5e-06 0.05 5e-06 0.05 5e-06 0.05 5e-06 0 0 0.005 0.005 0 0.075 0.005 0 5e-06 5e-06 5e-06 0 0.05 5e-06 0.05 5e-06 0.05 5e-06 0.05 5e-06 0.05 5e-06 0.05 5e-06 0.05 5e-06 0.05 5e-06 0.05 5e-06 0.05 5e-06 0.05 5e-06 0 0 0.005 0.005 0 0.075 0.005 0 5e-06 5e-06 5e-06 0 0.05 5e-06 0.05 5e-06 0.05 5e-06 0.05 5e-06 0.05 5e-06 0.05 5e-06 0.05 5e-06 0.05 5e-06 0.05 5e-06 0.05 5e-06 0.05 5e-06 0 0 0.005 0.005 0 0.075 0.005 0 5e-06 5e-06 5e-06 0 0.05 5e-06 0.05 5e-06 0.05 5e-06 0.05 5e-06 0.05 5e-06 0.05 5e-06 0.05 5e-06 0.05 5e-06 0.05 5e-06 0.05 5e-06 0.05 5e-06 0 0 0.005 0.005 0 0.075 0.005 0 5e-06 5e-06 5e-06 0 0.05 5e-06 0.05 5e-06 0.05 5e-06 0.05 5e-06 0.05 5e-06 0.05 5e-06 0.05 5e-06 0.05 5e-06 0.05 5e-06 0.05 5e-06 0.05 5e-06 0 0 0.005 0.005 0 0.075 0.005 0 5e-06 5e-06 5e-06 0 0.05 5e-06 0.05 5e-06 0.05 5e-06 0.05 5e-06 0.05 5e-06 0.05 5e-06 0.05 5e-06 0.05 5e-06 0.05 5e-06 0.05 5e-06 0.05 5e-06 0 0 0.005 0.005 0 0.075 0.005 0 5e-06 5e-06 5e-06 0 0.05 5e-06 0.05 5e-06 0.05 5e-06 0.05 5e-06 0.05 5e-06 0.05 5e-06 0.05 5e-06 0.05 5e-06 0.05 5e-06 0.05 5e-06 0.05 5e-06 0 0 0.005 0.005 0 0.075 0.005 0 5e-06 5e-06 5e-06 0 0.05 5e-06 0.05 5e-06 0.05 5e-06 0.05 5e-06 0.05 5e-06 0.05 5e-06 0.05 5e-06 0.05 5e-06 0.05 5e-06 0.05 5e-06 0.05 5e-06 0 0 0.005 0.005 0 0.075 0.005 0 5e-06 5e-06 5e-06 0 0.05 5e-06 0.05 5e-06 0.05 5e-06 0.05 5e-06 0.05 5e-06 0.05 5e-06 0.05 5e-06 0.05 5e-06 0.05 5e-06 0.05 5e-06 0.05 5e-06 0 0 0.005 0.005 0 0.075 0.005 0 5e-06 5e-06 5e-06 0 0.05 5e-06 0.05 5e-06 0.05 5e-06 0.05 5e-06 0.05 5e-06 0.05 5e-06 0.05 5e-06 0.05 5e-06 0.05 5e-06 0.05 5e-06 0.05 5e-06 0 0 0.005 0.005 0 0.075 0.005 0 5e-06 5e-06 5e-06 0 0.05 5e-06 0.05 5e-06 0.05 5e-06 0.05 5e-06 0.05 5e-06 0.05 5e-06 0.05 5e-06 0.05 5e-06 0.05 5e-06 0.05 5e-06 0.05 5e-06 0 0 0.005 0.005 0 0.075 0.005 0 5e-06 5e-06 5e-06 0 0.05 5e-06 0.05 5e-06 0.05 5e-06 0.05 5e-06 0.05 5e-06 0.05 5e-06 0.05 5e-06 0.05 5e-06 0.05 5e-06 0.05 5e-06 0.05 5e-06 0 0 0.005 0.005 0 0.075 0.005 0 5e-06 5e-06 5e-06 0 0.05 5e-06 0.05 5e-06 0.05 5e-06 0.05 5e-06 0.05 5e-06 0.05 5e-06 0.05 5e-06 0.05 5e-06 0.05 5e-06 0.05 5e-06 0.05 5e-06 0 0 0.005 0.005 0 0.075 0.005 0 5e-06 5e-06 5e-06 0 0.05 5e-06 0.05 5e-06 0.05 5e-06 0.05 5e-06 0.05 5e-06 0.05 5e-06 0.05 5e-06 0.05 5e-06 0.05 5e-06 0.05 5e-06 0.05 5e-06 0 0 0.005 0.005 0 0.075 0.005 0 5e-06 5e-06 5e-06 0 0.05 5e-06 0.05 5e-06 0.05 5e-06 0.05 5e-06 0.05 5e-06 0.05 5e-06 0.05 5e-06 0.05 5e-06 0.05 5e-06 0.05 5e-06 0.05 5e-06 0 0 0.005 0.005 0 0.075 0.005 0 5e-06 5e-06 5e-06 0 0.05 5e-06 0.05 5e-06 0.05 5e-06 0.05 5e-06 0.05 5e-06 0.05 5e-06 0.05 5e-06 0.05 5e-06 0.05 5e-06 0.05 5e-06 0.05 5e-06 0 0 0.005 0.005 0 0.075 0.005 0 5e-06 5e-06 5e-06 0 0.05 5e-06 0.05 5e-06 0.05 5e-06 0.05 5e-06 0.05 5e-06 0.05 5e-06 0.05 5e-06 0.05 5e-06 0.05 5e-06 0.05 5e-06 0.05 5e-06 0 0 0.005 0.005 0 0.075 0.005 0 5e-06 5e-06 5e-06 0 0.05 5e-06 0.05 5e-06 0.05 5e-06 0.05 5e-06 0.05 5e-06 0.05 5e-06 0.05 5e-06 0.05 5e-06 0.05 5e-06 0.05 5e-06 0.05 5e-06 0 0 0.005 0.005 0 0.075 0.005 0 5e-06 5e-06 5e-06 0 0.05 5e-06 0.05 5e-06 0.05 5e-06 0.05 5e-06 0.05 5e-06 0.05 5e-06 0.05 5e-06 0.05 5e-06 0.05 5e-06 0.05 5e-06 0.05 5e-06 0 0 0.005 0.005 0 0.075 0.005 0 5e-06 5e-06 5e-06 0 0.05 5e-06 0.05 5e-06 0.05 5e-06 0.05 5e-06 0.05 5e-06 0.05 5e-06 0.05 5e-06 0.05 5e-06 0.05 5e-06 0.05 5e-06 0.05 5e-06 0 0 0.005 0.005 0 0.075 0.005 0 5e-06 5e-06 5e-06 0 0.05 5e-06 0.05 5e-06 0.05 5e-06 0.05 5e-06 0.05 5e-06 0.05 5e-06 0.05 5e-06 0.05 5e-06 0.05 5e-06 0.05 5e-06 0.05 5e-06 0 0 0.005 0.005 0 0.075 0.005 0 5e-06 5e-06 5e-06 0 0.05 5e-06 0.05 5e-06 0.05 5e-06 0.05 5e-06 0.05 5e-06 0.05 5e-06 0.05 5e-06 0.05 5e-06 0.05 5e-06 0.05 5e-06 0.05 5e-06 0 0 0.005 0.005 0 0.075 0.005 0 5e-06 5e-06 5e-06 0 0.05 5e-06 0.05 5e-06 0.05 5e-06 0.05 5e-06 0.05 5e-06 0.05 5e-06 0.05 5e-06 0.05 5e-06 0.05 5e-06 0.05 5e-06 0.05 5e-06 0 0 0.005 0.005 0 0.075 0.005 0 5e-06 5e-06 5e-06 0 0.05 5e-06 0.05 5e-06 0.05 5e-06 0.05 5e-06 0.05 5e-06 0.05 5e-06 0.05 5e-06 0.05 5e-06 0.05 5e-06 0.05 5e-06 0.05 5e-06 0 0 0.005 0.005 0 0.075 0.005 0 5e-06 5e-06 5e-06 0 0.05 5e-06 0.05 5e-06 0.05 5e-06 0.05 5e-06 0.05 5e-06 0.05 5e-06 0.05 5e-06 0.05 5e-06 0.05 5e-06 0.05 5e-06 0.05 5e-06 0 0 0.005 0.005 0 0.075 0.005 0 5e-06 5e-06 5e-06 0 0.05 5e-06 0.05 5e-06 0.05 5e-06 0.05 5e-06 0.05 5e-06 0.05 5e-06 0.05 5e-06 0.05 5e-06 0.05 5e-06 0.05 5e-06 0.05 5e-06 0 0 0.005 0.005 0 0.075 0.005 0 5e-06 5e-06 5e-06 0 0.05 5e-06 0.05 5e-06 0.05 5e-06 0.05 5e-06 0.05 5e-06 0.05 5e-06 0.05 5e-06 0.05 5e-06 0.05 5e-06 0.05 5e-06 0.05 5e-06 0 0 0.005 0.005 0 0.075 0.005 0 5e-06 5e-06 5e-06 0 0.05 5e-06 0.05 5e-06 0.05 5e-06 0.05 5e-06 0.05 5e-06 0.05 5e-06 0.05 5e-06 0.05 5e-06 0.05 5e-06 0.05 5e-06 0.05 5e-06 0 0 0.005 0.005 0 0.075 0.005 0 5e-06 5e-06 5e-06 0 0.05 5e-06 0.05 5e-06 0.05 5e-06 0.05 5e-06 0.05 5e-06 0.05 5e-06 0.05 5e-06 0.05 5e-06 0.05 5e-06 0.05 5e-06 0.05 5e-06 0 0 0.005 0.005 0 0.075 0.005 0 5e-06 5e-06 5e-06 0 0.05 5e-06 0.05 5e-06 0.05 5e-06 0.05 5e-06 0.05 5e-06 0.05 5e-06 0.05 5e-06 0.05 5e-06 0.05 5e-06 0.05 5e-06 0.05 5e-06 0 0 0.005 0.005 0 0.075 0.005 0 5e-06 5e-06 5e-06 0 0.05 5e-06 0.05 5e-06 0.05 5e-06 0.05 5e-06 0.05 5e-06 0.05 5e-06 0.05 5e-06 0.05 5e-06 0.05 5e-06 0.05 5e-06 0.05 5e-06 0 0 0.005 0.005 0 0.075 0.005 0 5e-06 5e-06 5e-06 0 0.05 5e-06 0.05 5e-06 0.05 5e-06 0.05 5e-06 0.05 5e-06 0.05 5e-06 0.05 5e-06 0.05 5e-06 0.05 5e-06 0.05 5e-06 0.05 5e-06 0 0 0.005 0.005 0 0.075 0.005 0 5e-06 5e-06 5e-06 0 0.05 5e-06 0.05 5e-06 0.05 5e-06 0.05 5e-06 0.05 5e-06 0.05 5e-06 0.05 5e-06 0.05 5e-06 0.05 5e-06 0.05 5e-06 0.05 5e-06 0 0 0.005 0.005 0 0.075 0.005 0 5e-06 5e-06 5e-06 0 0.05 5e-06 0.05 5e-06 0.05 5e-06 0.05 5e-06 0.05 5e-06 0.05 5e-06 0.05 5e-06 0.05 5e-06 0.05 5e-06 0.05 5e-06 0.05 5e-06 0 0 0.005 0.005 0 0.075 0.005 0 5e-06 5e-06 5e-06 0 0.05 5e-06 0.05 5e-06 0.05 5e-06 0.05 5e-06 0.05 5e-06 0.05 5e-06 0.05 5e-06 0.05 5e-06 0.05 5e-06 0.05 5e-06 0.05 5e-06 0 0 0.005 0.005 0 0.075 0.005 0 5e-06 5e-06 5e-06 0 0.05 5e-06 0.05 5e-06 0.05 5e-06 0.05 5e-06 0.05 5e-06 0.05 5e-06 0.05 5e-06 0.05 5e-06 0.05 5e-06 0.05 5e-06 0.05 5e-06 0 0 0.005 0.005 0 0.075 0.005 0 5e-06 5e-06 5e-06 0 0.05 5e-06 0.05 5e-06 0.05 5e-06 0.05 5e-06 0.05 5e-06 0.05 5e-06 0.05 5e-06 0.05 5e-06 0.05 5e-06 0.05 5e-06 0.05 5e-06 0 0 0.005 0.005 0 0.075 0.005 0 5e-06 5e-06 5e-06 0 0.05 5e-06 0.05 5e-06 0.05 5e-06 0.05 5e-06 0.05 5e-06 0.05 5e-06 0.05 5e-06 0.05 5e-06 0.05 5e-06 0.05 5e-06 0.05 5e-06 0 0 0.005 0.005 0 0.075 0.005 0 5e-06 5e-06 5e-06 0 0.05 5e-06 0.05 5e-06 0.05 5e-06 0.05 5e-06 0.05 5e-06 0.05 5e-06 0.05 5e-06 0.05 5e-06 0.05 5e-06 0.05 5e-06 0.05 5e-06 0 0 0.005 0.005 0 0.075 0.005 0 5e-06 5e-06 5e-06 0 0.05 5e-06 0.05 5e-06 0.05 5e-06 0.05 5e-06 0.05 5e-06 0.05 5e-06 0.05 5e-06 0.05 5e-06 0.05 5e-06 0.05 5e-06 0.05 5e-06 0 0 0.005 0.005 0 0.075 0.005 0 5e-06 5e-06 5e-06 0 0.05 5e-06 0.05 5e-06 0.05 5e-06 0.05 5e-06 0.05 5e-06 0.05 5e-06 0.05 5e-06 0.05 5e-06 0.05 5e-06 0.05 5e-06 0.05 5e-06 0 0 0.005 0.005 0 0.075 0.005 0 5e-06 5e-06 5e-06 0 0.05 5e-06 0.05 5e-06 0.05 5e-06 0.05 5e-06 0.05 5e-06 0.05 5e-06 0.05 5e-06 0.05 5e-06 0.05 5e-06 0.05 5e-06 0.05 5e-06 0 0 0.005 0.005 0 0.075 0.005 0 5e-06 5e-06 5e-06 0 0.05 5e-06 0.05 5e-06 0.05 5e-06 0.05 5e-06 0.05 5e-06 0.05 5e-06 0.05 5e-06 0.05 5e-06 0.05 5e-06 0.05 5e-06 0.05 5e-06 0 0 0.005 0.005 0 0.075 0.005 0 5e-06 5e-06 5e-06 0 0.05 5e-06 0.05 5e-06 0.05 5e-06 0.05 5e-06 0.05 5e-06 0.05 5e-06 0.05 5e-06 0.05 5e-06 0.05 5e-06 0.05 5e-06 0.05 5e-06 0 0 0.005 0.005 0 0.075 0.005 0 5e-06 5e-06 5e-06 0 0.05 5e-06 0.05 5e-06 0.05 5e-06 0.05 5e-06 0.05 5e-06 0.05 5e-06 0.05 5e-06 0.05 5e-06 0.05 5e-06 0.05 5e-06 0.05 5e-06 0 0 0.005 0.005 0 0.075 0.005 0 5e-06 5e-06 5e-06 0 0.05 5e-06 0.05 5e-06 0.05 5e-06 0.05 5e-06 0.05 5e-06 0.05 5e-06 0.05 5e-06 0.05 5e-06 0.05 5e-06 0.05 5e-06 0.05 5e-06 0 0 0.005 0.005 0 0.075 0.005 0 5e-06 5e-06 5e-06 0 0.05 5e-06 0.05 5e-06 0.05 5e-06 0.05 5e-06 0.05 5e-06 0.05 5e-06 0.05 5e-06 0.05 5e-06 0.05 5e-06 0.05 5e-06 0.05 5e-06 0 0 0.005 0.005 0 0.075 0.005 0 5e-06 5e-06 5e-06 0 0.05 5e-06 0.05 5e-06 0.05 5e-06 0.05 5e-06 0.05 5e-06 0.05 5e-06 0.05 5e-06 0.05 5e-06 0.05 5e-06 0.05 5e-06 0.05 5e-06 0 0 0.005 0.005 0 0.075 0.005 0 5e-06 5e-06 5e-06 0 0.05 5e-06 0.05 5e-06 0.05 5e-06 0.05 5e-06 0.05 5e-06 0.05 5e-06 0.05 5e-06 0.05 5e-06 0.05 5e-06 0.05 5e-06 0.05 5e-06 0 0 0.005 0.005 0 0.075 0.005 0 5e-06 5e-06 5e-06 0 0.05 5e-06 0.05 5e-06 0.05 5e-06 0.05 5e-06 0.05 5e-06 0.05 5e-06 0.05 5e-06 0.05 5e-06 0.05 5e-06 0.05 5e-06 0.05 5e-06 0 0 0.005 0.005 0 0.075 0.005 0 5e-06 5e-06 5e-06 0 0.05 5e-06 0.05 5e-06 0.05 5e-06 0.05 5e-06 0.05 5e-06 0.05 5e-06 0.05 5e-06 0.05 5e-06 0.05 5e-06 0.05 5e-06 0.05 5e-06 0 0 0.005 0.005 0 0.075 0.005 0 5e-06 5e-06 5e-06 0 0.05 5e-06 0.05 5e-06 0.05 5e-06 0.05 5e-06 0.05 5e-06 0.05 5e-06 0.05 5e-06 0.05 5e-06 0.05 5e-06 0.05 5e-06 0.05 5e-06 0 0 0.005 0.005 0 0.075 0.005 0 5e-06 5e-06 5e-06 0 0.05 5e-06"
Ieee802154Power-1-20260924-21:43:54-1666,attr,Ieee802154Showcase.sensor1.wlan[0].radio.energyConsumer,powerConsumption:vector,interpolationmode,sample-hold,,
Ieee802154Power-1-20260924-21:43:54-1666,attr,Ieee802154Showcase.sensor1.wlan[0].radio.energyConsumer,powerConsumption:vector,recordingmode,vector,,
Ieee802154Power-1-20260924-21:43:54-1666,attr,Ieee802154Showcase.sensor1.wlan[0].radio.energyConsumer,powerConsumption:vector,source,powerConsumptionChanged,,
Ieee802154Power-1-20260924-21:43:54-1666,attr,Ieee802154Showcase.sensor1.wlan[0].radio.energyConsumer,powerConsumption:vector,title,Power consumption,,
Ieee802154Power-1-20260924-21:43:54-1666,attr,Ieee802154Showcase.sensor1.wlan[0].radio.energyConsumer,powerConsumption:vector,unit,W,,
Ieee802154Power-2-20260924-21:43:54-1666,vector,Ieee802154Showcase.sensor1.wlan[0].radio.energyConsumer,powerConsumption:vector,,,"0 0 0 0 0.121550596067 0.121550596067 0.123246596067 0.123438596152 0.123790596152 0.156026700063 0.157722700063 0.157914715127 0.158266715127 0.202159328213 0.203855328213 0.204047348453 0.204399348453 0.487309139576 0.489005139576 0.489197143992 0.489549143992 0.633377756736 0.635073756736 0.635265773762 0.635617773762 0.933908863588 0.933908863588 0.933908863588 0.933908863588 0.934100863588 0.934100863588 0.935796863588 0.935796863588 0.935796863588 0.935796863588 0.935796863588 0.935988914394 0.935988914394 0.936340914394 1.120270596067 1.121966596067 1.122158596152 1.122510596152 1.156346700063 1.158042700063 1.158234715127 1.158586715127 1.203119328213 1.204815328213 1.205007348453 1.205359348453 1.486669139576 1.488365139576 1.488557143992 1.488909143992 1.635297756736 1.636993756736 1.637185773762 1.637537773762 1.933588863588 1.933588863588 1.933588863588 1.933588863588 1.933780863588 1.933780863588 1.935476863588 1.935476863588 1.935476863588 1.935476863588 1.935476863588 1.935668914394 1.935668914394 1.936020914394 2.120910596067 2.122606596067 2.122798596152 2.123150596152 2.155066700063 2.156762700063 2.156954715127 2.157306715127 2.201199328213 2.202895328213 2.203087348769 2.203439348769 2.486349139576 2.488045139576 2.488237143992 2.488589143992 2.634977756736 2.636673756736 2.636865773762 2.637217773762 2.931668863588 2.931668863588 2.931668863588 2.931668863588 2.931860863588 2.931860863588 2.933556863588 2.933556863588 2.933556863588 2.933556863588 2.933556863588 2.933748914394 2.933748914394 2.934100914394 3.120270596067 3.121966596067 3.122158596152 3.122510596152 3.155386700063 3.157082700063 3.157274715127 3.157626715127 3.202159328213 3.203855328213 3.204047328902 3.204399328902 3.485709139576 3.487405139576 3.487597143992 3.487949143992 3.633697756736 3.635393756736 3.635585773762 3.635937773762 3.931988863588 3.931988863588 3.931988863588 3.931988863588 3.932180863588 3.932180863588 3.933876863588 3.933876863588 3.933876863588 3.933876863588 3.933876863588 3.934068914394 3.934068914394 3.934420914394 4.121870596067 4.123566596067 4.123758596152 4.124110596152 4.156666700063 4.158362700063 4.158554715127 4.158906715127 4.201839328213 4.203535328213 4.203727340844 4.204079340844 4.485709139576 4.487405139576 4.487597143992 4.487949143992 4.634337756736 4.636033756736 4.636225773762 4.636577773762 4.931988863588 4.931988863588 4.931988863588 4.931988863588 4.932180863588 4.932180863588 4.933876863588 4.933876863588 4.933876863588 4.933876863588 4.933876863588 4.934068914394 4.934068914394 4.934420914394 5.122190596067 5.123886596067 5.124078596152 5.124430596152 5.156346700063 5.158042700063 5.158234715127 5.158586715127 5.201199328213 5.202895328213 5.203087351219 5.203439351219 5.486349139576 5.488045139576 5.488237143992 5.488589143992 5.635297756736 5.636993756736 5.637185773762 5.637537773762 5.932628863588 5.932628863588 5.932628863588 5.932628863588 5.932820863588 5.932820863588 5.934516863588 5.934516863588 5.934516863588 5.934516863588 5.934516863588 5.934708914394 5.934708914394 5.935060914394 6.121870596067 6.123566596067 6.123758596152 6.124110596152 6.154746700063 6.156442700063 6.156634715127 6.156986715127 6.201839328213 6.203535328213 6.203727348453 6.204079348453 6.485069139576 6.486765139576 6.486957143992 6.487309143992 6.634657756736 6.636353756736 6.636545773762 6.636897773762 6.932628863588 6.932628863588 6.932628863588 6.932628863588 6.932820863588 6.932820863588 6.934516863588 6.934516863588 6.934516863588 6.934516863588 6.934516863588 6.934708914394 6.934708914394 6.935060914394 7.121230596067 7.122926596067 7.123118596152 7.123470596152 7.154746700063 7.156442700063 7.156634715127 7.156986715127 7.202799328213 7.204495328213 7.204687328902 7.205039328902 7.486669139576 7.488365139576 7.488557143992 7.488909143992 7.633377756736 7.635073756736 7.635265773762 7.635617773762 7.933588863588 7.933588863588 7.933588863588 7.933588863588 7.933780863588 7.933780863588 7.935476863588 7.935476863588 7.935476863588 7.935476863588 7.935476863588 7.935668914394 7.935668914394 7.936020914394 8.120910596067 8.122606596067 8.122798596152 8.123150596152 8.155706700063 8.157402700063 8.157594715127 8.157946715127 8.203119328213 8.204815328213 8.205007341978 8.205359341978 8.486029139576 8.487725139576 8.487917143992 8.488269143992 8.634017756736 8.635713756736 8.635905773762 8.636257773762 8.932948863588 8.932948863588 8.932948863588 8.932948863588 8.933140863588 8.933140863588 8.934836863588 8.934836863588 8.934836863588 8.934836863588 8.934836863588 8.935028914394 8.935028914394 8.935380914394 9.122510596067 9.124206596067 9.124398596152 9.124750596152 9.154746700063 9.156442700063 9.156634715127 9.156986715127 9.200879328213 9.202575328213 9.202767340844 9.203119340844 9.486669139576 9.488365139576 9.488557143992 9.488909143992 9.634337756736 9.636033756736 9.636225773762 9.636577773762 9.932628863588 9.932628863588 9.932628863588 9.932628863588 9.932820863588 9.932820863588 9.934516863588 9.934516863588 9.934516863588 9.934516863588 9.934516863588 9.934708914394 9.934708914394 9.935060914394 10.120910596067 10.122606596067 10.122798596152 10.123150596152 10.156986700063 10.158682700063 10.158874715127 10.159226715127 10.201199328213 10.202895328213 10.203087348769 10.203439348769 10.485389139576 10.487085139576 10.487277143992 10.487629143992 10.634017756736 10.635713756736 10.635905773762 10.636257773762 10.931668863588 10.931668863588 10.931668863588 10.931668863588 10.931860863588 10.931860863588 10.933556863588 10.933556863588 10.933556863588 10.933556863588 10.933556863588 10.933748914394 10.933748914394 10.934100914394 11.120590596067 11.122286596067 11.122478596152 11.122830596152 11.156026700063 11.157722700063 11.157914715127 11.158266715127 11.201839328213 11.203535328213 11.203727340844 11.204079340844 11.486029139576 11.487725139576 11.487917143992 11.488269143992 11.634977756736 11.636673756736 11.636865773762 11.637217773762 11.933908863588 11.933908863588 11.933908863588 11.933908863588 11.934100863588 11.934100863588 11.935796863588 11.935796863588 11.935796863588 11.935796863588 11.935796863588 11.935988914394 11.935988914394 11.936340914394 12.122510596067 12.124206596067 12.124398596152 12.124750596152 12.156346700063 12.158042700063 12.158234715127 12.158586715127 12.201519328213 12.203215328213 12.203407367086 12.203759367086 12.486669139576 12.488365139576 12.488557143992 12.488909143992 12.633377756736 12.635073756736 12.635265773762 12.635617773762 12.932628863588 12.932628863588 12.932628863588 12.932628863588 12.932820863588 12.932820863588 12.934516863588 12.934516863588 12.934516863588 12.934516863588 12.934516863588 12.934708914394 12.934708914394 12.935060914394 13.121550596067 13.123246596067 13.123438596152 13.123790596152 13.155066700063 13.156762700063 13.156954715127 13.157306715127 13.201839328213 13.203535328213 13.203727328902 13.204079328902 13.485069139576 13.486765139576 13.486957143992 13.487309143992 13.634017756736 13.635713756736 13.635905773762 13.636257773762 13.932628863588 13.932628863588 13.932628863588 13.932628863588 13.932820863588 13.932820863588 13.934516863588 13.934516863588 13.934516863588 13.934516863588 13.934516863588 13.934708914394 13.934708914394 13.935060914394 14.121230596067 14.122926596067 14.123118596152 14.123470596152 14.156986700063 14.158682700063 14.158874715127 14.159226715127 14.201199328213 14.202895328213 14.203087328902 14.203439328902 14.487309139576 14.489005139576 14.489197143992 14.489549143992 14.633377756736 14.635073756736 14.635265773762 14.635617773762 14.931988863588 14.931988863588 14.931988863588 14.931988863588 14.932180863588 14.932180863588 14.933876863588 14.933876863588 14.933876863588 14.933876863588 14.933876863588 14.934068914394 14.934068914394 14.934420914394 15.120910596067 15.122606596067 15.122798596152 15.123150596152 15.155386700063 15.157082700063 15.157274715127 15.157626715127 15.202159328213 15.203855328213 15.204047328902 15.204399328902 15.486029139576 15.487725139576 15.487917143992 15.488269143992 15.633377756736 15.635073756736 15.635265773762 15.635617773762 15.931668863588 15.931668863588 15.931668863588 15.931668863588 15.931860863588 15.931860863588 15.933556863588 15.933556863588 15.933556863588 15.933556863588 15.933556863588 15.933748914394 15.933748914394 15.934100914394 16.120590596067 16.122286596067 16.122478596152 16.122830596152 16.156026700063 16.157722700063 16.157914715127 16.158266715127 16.203119328213 16.204815328213 16.205007348453 16.205359348453 16.487309139576 16.489005139576 16.489197143992 16.489549143992 16.634017756736 16.635713756736 16.635905773762 16.636257773762 16.932948863588 16.932948863588 16.932948863588 16.932948863588 16.933140863588 16.933140863588 16.934836863588 16.934836863588 16.934836863588 16.934836863588 16.934836863588 16.935028914394 16.935028914394 16.935380914394 17.122190596067 17.123886596067 17.124078596152 17.124430596152 17.154746700063 17.156442700063 17.156634715127 17.156986715127 17.202159328213 17.203855328213 17.204047328902 17.204399328902 17.486669139576 17.488365139576 17.488557143992 17.488909143992 17.634017756736 17.635713756736 17.635905773762 17.636257773762 17.932628863588 17.932628863588 17.932628863588 17.932628863588 17.932820863588 17.932820863588 17.934516863588 17.934516863588 17.934516863588 17.934516863588 17.934516863588 17.934708914394 17.934708914394 17.935060914394 18.122510596067 18.124206596067 18.124398596152 18.124750596152 18.156666700063 18.158362700063 18.158554715127 18.158906715127 18.202479328213 18.204175328213 18.204367351219 18.204719351219 18.486669139576 18.488365139576 18.488557143992 18.488909143992 18.634337756736 18.636033756736 18.636225773762 18.636577773762 18.933588863588 18.933588863588 18.933588863588 18.933588863588 18.933780863588 18.933780863588 18.935476863588 18.935476863588 18.935476863588 18.935476863588 18.935476863588 18.935668914394 18.935668914394 18.936020914394 19.121550596067 19.123246596067 19.123438596152 19.123790596152 19.154746700063 19.156442700063 19.156634715127 19.156986715127 19.202159328213 19.203855328213 19.204047351219 19.204399351219 19.486989139576 19.488685139576 19.488877143992 19.489229143992 19.634017756736 19.635713756736 19.635905773762 19.636257773762 19.933268863588 19.933268863588 19.933268863588 19.933268863588 19.933460863588 19.933460863588 19.935156863588 19.935156863588 19.935156863588 19.935156863588 19.935156863588 19.935348914394 19.935348914394 19.935700914394 20.121870596067 20.123566596067 20.123758596152 20.124110596152 20.156986700063 20.158682700063 20.158874715127 20.159226715127 20.201519328213 20.203215328213 20.203407351219 20.203759351219 20.486669139576 20.488365139576 20.488557143992 20.488909143992 20.633057756736 20.634753756736 20.634945773762 20.635297773762 20.933908863588 20.933908863588 20.933908863588 20.933908863588 20.934100863588 20.934100863588 20.935796863588 20.935796863588 20.935796863588 20.935796863588 20.935796863588 20.935988914394 20.935988914394 20.936340914394 21.122190596067 21.123886596067 21.124078596152 21.124430596152 21.154746700063 21.156442700063 21.156634715127 21.156986715127 21.201519328213 21.203215328213 21.203407348769 21.203759348769 21.487309139576 21.489005139576 21.489197143992 21.489549143992 21.634337756736 21.636033756736 21.636225773762 21.636577773762 21.932308863588 21.932308863588 21.932308863588 21.932308863588 21.932500863588 21.932500863588 21.934196863588 21.934196863588 21.934196863588 21.934196863588 21.934196863588 21.934388914394 21.934388914394 21.934740914394 22.122190596067 22.123886596067 22.124078596152 22.124430596152 22.154746700063 22.156442700063 22.156634715127 22.156986715127 22.202799328213 22.204495328213 22.204687351219 22.205039351219 22.485389139576 22.487085139576 22.487277143992 22.487629143992 22.633377756736 22.635073756736 22.635265773762 22.635617773762 22.931988863588 22.931988863588 22.931988863588 22.931988863588 22.932180863588 22.932180863588 22.933876863588 22.933876863588 22.933876863588 22.933876863588 22.933876863588 22.934068914394 22.934068914394 22.934420914394 23.120590596067 23.122286596067 23.122478596152 23.122830596152 23.154746700063 23.156442700063 23.156634715127 23.156986715127 23.202159328213 23.203855328213 23.204047367086 23.204399367086 23.486349139576 23.488045139576 23.488237143992 23.488589143992 23.633697756736 23.635393756736 23.635585773762 23.635937773762 23.932628863588 23.932628863588 23.932628863588 23.932628863588 23.932820863588 23.932820863588 23.934516863588 23.934516863588 23.934516863588 23.934516863588 23.934516863588 23.934708914394 23.934708914394 23.935060914394 24.122510596067 24.124206596067 24.124398596152 24.124750596152 24.156026700063 24.157722700063 24.157914715127 24.158266715127 24.202799328213 24.204495328213 24.204687341978 24.205039341978 24.485389139576 24.487085139576 24.487277143992 24.487629143992 24.634657756736 24.636353756736 24.636545773762 24.636897773762 24.933908863588 24.933908863588 24.933908863588 24.933908863588 24.934100863588 24.934100863588 24.935796863588 24.935796863588 24.935796863588 24.935796863588 24.935796863588 24.935988914394 24.935988914394 24.936340914394 25.121870596067 25.123566596067 25.123758596152 25.124110596152 25.155386700063 25.157082700063 25.157274715127 25.157626715127 25.201839328213 25.203535328213 25.203727366396 25.204079366396 25.485709139576 25.487405139576 25.487597143992 25.487949143992 25.633697756736 25.635393756736 25.635585773762 25.635937773762 25.933588863588 25.933588863588 25.933588863588 25.933588863588 25.933780863588 25.933780863588 25.935476863588 25.935476863588 25.935476863588 25.935476863588 25.935476863588 25.935668914394 25.935668914394 25.936020914394 26.120590596067 26.122286596067 26.122478596152 26.122830596152 26.155706700063 26.157402700063 26.157594715127 26.157946715127 26.202799328213 26.204495328213 26.204687348769 26.205039348769 26.487309139576 26.489005139576 26.489197143992 26.489549143992 26.634337756736 26.636033756736 26.636225773762 26.636577773762 26.932628863588 26.932628863588 26.932628863588 26.932628863588 26.932820863588 26.932820863588 26.934516863588 26.934516863588 26.934516863588 26.934516863588 26.934516863588 26.934708914394 26.934708914394 26.935060914394 27.120910596067 27.122606596067 27.122798596152 27.123150596152 27.154746700063 27.156442700063 27.156634715127 27.156986715127 27.201199328213 27.202895328213 27.203087367086 27.203439367086 27.487309139576 27.489005139576 27.489197143992 27.489549143992 27.633697756736 27.635393756736 27.635585773762 27.635937773762 27.932948863588 27.932948863588 27.932948863588 27.932948863588 27.933140863588 27.933140863588 27.934836863588 27.934836863588 27.934836863588 27.934836863588 27.934836863588 27.935028914394 27.935028914394 27.935380914394 28.121550596067 28.123246596067 28.123438596152 28.123790596152 28.156026700063 28.157722700063 28.157914715127 28.158266715127 28.202479328213 28.204175328213 28.204367340844 28.204719340844 28.486989139576 28.488685139576 28.488877143992 28.489229143992 28.633377756736 28.635073756736 28.635265773762 28.635617773762 28.931988863588 28.931988863588 28.931988863588 28.931988863588 28.932180863588 28.932180863588 28.933876863588 28.933876863588 28.933876863588 28.933876863588 28.933876863588 28.934068914394 28.934068914394 28.934420914394 29.120590596067 29.122286596067 29.122478596152 29.122830596152 29.155066700063 29.156762700063 29.156954715127 29.157306715127 29.200879328213 29.202575328213 29.202767367086 29.203119367086 29.485069139576 29.486765139576 29.486957143992 29.487309143992 29.633057756736 29.634753756736 29.634945773762 29.635297773762 29.932628863588 29.932628863588 29.932628863588 29.932628863588 29.932820863588 29.932820863588 29.934516863588 29.934516863588 29.934516863588 29.934516863588 29.934516863588 29.934708914394 29.934708914394 29.935060914394 30.120270596067 30.121966596067 30.122158596152 30.122510596152 30.155706700063 30.157402700063 30.157594715127 30.157946715127 30.203119328213 30.204815328213 30.205007340844 30.205359340844 30.485389139576 30.487085139576 30.487277143992 30.487629143992 30.634977756736 30.636673756736 30.636865773762 30.637217773762 30.932308863588 30.932308863588 30.932308863588 30.932308863588 30.932500863588 30.932500863588 30.934196863588 30.934196863588 30.934196863588 30.934196863588 30.934196863588 30.934388914394 30.934388914394 30.934740914394 31.120590596067 31.122286596067 31.122478596152 31.122830596152 31.155386700063 31.157082700063 31.157274715127 31.157626715127 31.202799328213 31.204495328213 31.204687340844 31.205039340844 31.485389139576 31.487085139576 31.487277143992 31.487629143992 31.634657756736 31.636353756736 31.636545773762 31.636897773762 31.932948863588 31.932948863588 31.932948863588 31.932948863588 31.933140863588 31.933140863588 31.934836863588 31.934836863588 31.934836863588 31.934836863588 31.934836863588 31.935028914394 31.935028914394 31.935380914394 32.121230596067 32.122926596067 32.123118596152 32.123470596152 32.155386700063 32.157082700063 32.157274715127 32.157626715127 32.202159328213 32.203855328213 32.204047366396 32.204399366396 32.487309139576 32.489005139576 32.489197143992 32.489549143992 32.633697756736 32.635393756736 32.635585773762 32.635937773762 32.932308863588 32.932308863588 32.932308863588 32.932308863588 32.932500863588 32.932500863588 32.934196863588 32.934196863588 32.934196863588 32.934196863588 32.934196863588 32.934388914394 32.934388914394 32.934740914394 33.121230596067 33.122926596067 33.123118596152 33.123470596152 33.155386700063 33.157082700063 33.157274715127 33.157626715127 33.201839328213 33.203535328213 33.203727367086 33.204079367086 33.486029139576 33.487725139576 33.487917143992 33.488269143992 33.633057756736 33.634753756736 33.634945773762 33.635297773762 33.933268863588 33.933268863588 33.933268863588 33.933268863588 33.933460863588 33.933460863588 33.935156863588 33.935156863588 33.935156863588 33.935156863588 33.935156863588 33.935348914394 33.935348914394 33.935700914394 34.121230596067 34.122926596067 34.123118596152 34.123470596152 34.155386700063 34.157082700063 34.157274715127 34.157626715127 34.201519328213 34.203215328213 34.203407348769 34.203759348769 34.487309139576 34.489005139576 34.489197143992 34.489549143992 34.633697756736 34.635393756736 34.635585773762 34.635937773762 34.933588863588 34.933588863588 34.933588863588 34.933588863588 34.933780863588 34.933780863588 34.935476863588 34.935476863588 34.935476863588 34.935476863588 34.935476863588 34.935668914394 34.935668914394 34.936020914394 35.121550596067 35.123246596067 35.123438596152 35.123790596152 35.156666700063 35.158362700063 35.158554715127 35.158906715127 35.202799328213 35.204495328213 35.204687341978 35.205039341978 35.486029139576 35.487725139576 35.487917143992 35.488269143992 35.633057756736 35.634753756736 35.634945773762 35.635297773762 35.932948863588 35.932948863588 35.932948863588 35.932948863588 35.933140863588 35.933140863588 35.934836863588 35.934836863588 35.934836863588 35.934836863588 35.934836863588 35.935028914394 35.935028914394 35.935380914394 36.121230596067 36.122926596067 36.123118596152 36.123470596152 36.156346700063 36.158042700063 36.158234715127 36.158586715127 36.201839328213 36.203535328213 36.203727351219 36.204079351219 36.486029139576 36.487725139576 36.487917143992 36.488269143992 36.633377756736 36.635073756736 36.635265773762 36.635617773762 36.933908863588 36.933908863588 36.933908863588 36.933908863588 36.934100863588 36.934100863588 36.935796863588 36.935796863588 36.935796863588 36.935796863588 36.935796863588 36.935988914394 36.935988914394 36.936340914394 37.120910596067 37.122606596067 37.122798596152 37.123150596152 37.156026700063 37.157722700063 37.157914715127 37.158266715127 37.202479328213 37.204175328213 37.204367340844 37.204719340844 37.485709139576 37.487405139576 37.487597143992 37.487949143992 37.635297756736 37.636993756736 37.637185773762 37.637537773762 37.932308863588 37.932308863588 37.932308863588 37.932308863588 37.932500863588 37.932500863588 37.934196863588 37.934196863588 37.934196863588 37.934196863588 37.934196863588 37.934388914394 37.934388914394 37.934740914394 38.120590596067 38.122286596067 38.122478596152 38.122830596152 38.156346700063 38.158042700063 38.158234715127 38.158586715127 38.201199328213 38.202895328213 38.203087340844 38.203439340844 38.486669139576 38.488365139576 38.488557143992 38.488909143992 38.633057756736 38.634753756736 38.634945773762 38.635297773762 38.932308863588 38.932308863588 38.932308863588 38.932308863588 38.932500863588 38.932500863588 38.934196863588 38.934196863588 38.934196863588 38.934196863588 38.934196863588 38.934388914394 38.934388914394 38.934740914394 39.121230596067 39.122926596067 39.123118596152 39.123470596152 39.156666700063 39.158362700063 39.158554715127 39.158906715127 39.200879328213 39.202575328213 39.202767348453 39.203119348453 39.486029139576 39.487725139576 39.487917143992 39.488269143992 39.635297756736 39.636993756736 39.637185773762 39.637537773762 39.933908863588 39.933908863588 39.933908863588 39.933908863588 39.934100863588 39.934100863588 39.935796863588 39.935796863588 39.935796863588 39.935796863588 39.935796863588 39.935988914394 39.935988914394 39.936340914394 40.120270596067 40.121966596067 40.122158596152 40.122510596152 40.155066700063 40.156762700063 40.156954715127 40.157306715127 40.202799328213 40.204495328213 40.204687348453 40.205039348453 40.485709139576 40.487405139576 40.487597143992 40.487949143992 40.634017756736 40.635713756736 40.635905773762 40.636257773762 40.933588863588 40.933588863588 40.933588863588 40.933588863588 40.933780863588 40.933780863588 40.935476863588 40.935476863588 40.935476863588 40.935476863588 40.935476863588 40.935668914394 40.935668914394 40.936020914394 41.122190596067 41.123886596067 41.124078596152 41.124430596152 41.155706700063 41.157402700063 41.157594715127 41.157946715127 41.201839328213 41.203535328213 41.203727341978 41.204079341978 41.486349139576 41.488045139576 41.488237143992 41.488589143992 41.633057756736 41.634753756736 41.634945773762 41.635297773762 41.931668863588 41.931668863588 41.931668863588 41.931668863588 41.931860863588 41.931860863588 41.933556863588 41.933556863588 41.933556863588 41.933556863588 41.933556863588 41.933748914394 41.933748914394 41.934100914394 42.121870596067 42.123566596067 42.123758596152 42.124110596152 42.156346700063 42.158042700063 42.158234715127 42.158586715127 42.202159328213 42.203855328213 42.204047341978 42.204399341978 42.486029139576 42.487725139576 42.487917143992 42.488269143992 42.633057756736 42.634753756736 42.634945773762 42.635297773762 42.933588863588 42.933588863588 42.933588863588 42.933588863588 42.933780863588 42.933780863588 42.935476863588 42.935476863588 42.935476863588 42.935476863588 42.935476863588 42.935668914394 42.935668914394 42.936020914394 43.121230596067 43.122926596067 43.123118596152 43.123470596152 43.154746700063 43.156442700063 43.156634715127 43.156986715127 43.201199328213 43.202895328213 43.203087366396 43.203439366396 43.486989139576 43.488685139576 43.488877143992 43.489229143992 43.634657756736 43.636353756736 43.636545773762 43.636897773762 43.932308863588 43.932308863588 43.932308863588 43.932308863588 43.932500863588 43.932500863588 43.934196863588 43.934196863588 43.934196863588 43.934196863588 43.934196863588 43.934388914394 43.934388914394 43.934740914394 44.122190596067 44.123886596067 44.124078596152 44.124430596152 44.156986700063 44.158682700063 44.158874715127 44.159226715127 44.200879328213 44.202575328213 44.202767366396 44.203119366396 44.486989139576 44.488685139576 44.488877143992 44.489229143992 44.633697756736 44.635393756736 44.635585773762 44.635937773762 44.931988863588 44.931988863588 44.931988863588 44.931988863588 44.932180863588 44.932180863588 44.933876863588 44.933876863588 44.933876863588 44.933876863588 44.933876863588 44.934068914394 44.934068914394 44.934420914394 45.120270596067 45.121966596067 45.122158596152 45.122510596152 45.156346700063 45.158042700063 45.158234715127 45.158586715127 45.200879328213 45.202575328213 45.202767348769 45.203119348769 45.486029139576 45.487725139576 45.487917143992 45.488269143992 45.633057756736 45.634753756736 45.634945773762 45.635297773762 45.931668863588 45.931668863588 45.931668863588 45.931668863588 45.931860863588 45.931860863588 45.933556863588 45.933556863588 45.933556863588 45.933556863588 45.933556863588 45.933748914394 45.933748914394 45.934100914394 46.122190596067 46.123886596067 46.124078596152 46.124430596152 46.156026700063 46.157722700063 46.157914715127 46.158266715127 46.201199328213 46.202895328213 46.203087367086 46.203439367086 46.486669139576 46.488365139576 46.488557143992 46.488909143992 46.633377756736 46.635073756736 46.635265773762 46.635617773762 46.932308863588 46.932308863588 46.932308863588 46.932308863588 46.932500863588 46.932500863588 46.934196863588 46.934196863588 46.934196863588 46.934196863588 46.934196863588 46.934388914394 46.934388914394 46.934740914394 47.121550596067 47.123246596067 47.123438596152 47.123790596152 47.155066700063 47.156762700063 47.156954715127 47.157306715127 47.202799328213 47.204495328213 47.204687348453 47.205039348453 47.485709139576 47.487405139576 47.487597143992 47.487949143992 47.634977756736 47.636673756736 47.636865773762 47.637217773762 47.933908863588 47.933908863588 47.933908863588 47.933908863588 47.934100863588 47.934100863588 47.935796863588 47.935796863588 47.935796863588 47.935796863588 47.935796863588 47.935988914394 47.935988914394 47.936340914394 48.121230596067 48.122926596067 48.123118596152 48.123470596152 48.156986700063 48.158682700063 48.158874715127 48.159226715127 48.201839328213 48.203535328213 48.203727367086 48.204079367086 48.486349139576 48.488045139576 48.488237143992 48.488589143992 48.633057756736 48.634753756736 48.634945773762 48.635297773762 48.931668863588 48.931668863588 48.931668863588 48.931668863588 48.931860863588 48.931860863588 48.933556863588 48.933556863588 48.933556863588 48.933556863588 48.933556863588 48.933748914394 48.933748914394 48.934100914394 49.121230596067 49.122926596067 49.123118596152 49.123470596152 49.156026700063 49.157722700063 49.157914715127 49.158266715127 49.202479328213 49.204175328213 49.204367341978 49.204719341978 49.485389139576 49.487085139576 49.487277143992 49.487629143992 49.634977756736 49.636673756736 49.636865773762 49.637217773762 49.931988863588 49.931988863588 49.931988863588 49.931988863588 49.932180863588 49.932180863588 49.933876863588 49.933876863588 49.933876863588 49.933876863588 49.933876863588 49.934068914394 49.934068914394 49.934420914394 50.120270596067 50.121966596067 50.122158596152 50.122510596152 50.155706700063 50.157402700063 50.157594715127 50.157946715127 50.202799328213 50.204495328213 50.204687367086 50.205039367086 50.485709139576 50.487405139576 50.487597143992 50.487949143992 50.633697756736 50.635393756736 50.635585773762 50.635937773762 50.933908863588 50.933908863588 50.933908863588 50.933908863588 50.934100863588 50.934100863588 50.935796863588 50.935796863588 50.935796863588 50.935796863588 50.935796863588 50.935988914394 50.935988914394 50.936340914394 51.120270596067 51.121966596067 51.122158596152 51.122510596152 51.155706700063 51.157402700063 51.157594715127 51.157946715127 51.202479328213 51.204175328213 51.204367351219 51.204719351219 51.487309139576 51.489005139576 51.489197143992 51.489549143992 51.634977756736 51.636673756736 51.636865773762 51.637217773762 51.932628863588 51.932628863588 51.932628863588 51.932628863588 51.932820863588 51.932820863588 51.934516863588 51.934516863588 51.934516863588 51.934516863588 51.934516863588 51.934708914394 51.934708914394 51.935060914394 52.121550596067 52.123246596067 52.123438596152 52.123790596152 52.154746700063 52.156442700063 52.156634715127 52.156986715127 52.201839328213 52.203535328213 52.203727348453 52.204079348453 52.486029139576 52.487725139576 52.487917143992 52.488269143992 52.635297756736 52.636993756736 52.637185773762 52.637537773762 52.933588863588 52.933588863588 52.933588863588 52.933588863588 52.933780863588 52.933780863588 52.935476863588 52.935476863588 52.935476863588 52.935476863588 52.935476863588 52.935668914394 52.935668914394 52.936020914394 53.121550596067 53.123246596067 53.123438596152 53.123790596152 53.156026700063 53.157722700063 53.157914715127 53.158266715127 53.202479328213 53.204175328213 53.204367340844 53.204719340844 53.486669139576 53.488365139576 53.488557143992 53.488909143992 53.634657756736 53.636353756736 53.636545773762 53.636897773762 53.932308863588 53.932308863588 53.932308863588 53.932308863588 53.932500863588 53.932500863588 53.934196863588 53.934196863588 53.934196863588 53.934196863588 53.934196863588 53.934388914394 53.934388914394 53.934740914394 54.122510596067 54.124206596067 54.124398596152 54.124750596152 54.155386700063 54.157082700063 54.157274715127 54.157626715127 54.201199328213 54.202895328213 54.203087348453 54.203439348453 54.485069139576 54.486765139576 54.486957143992 54.487309143992 54.633057756736 54.634753756736 54.634945773762 54.635297773762 54.931988863588 54.931988863588 54.931988863588 54.931988863588 54.932180863588 54.932180863588 54.933876863588 54.933876863588 54.933876863588 54.933876863588 54.933876863588 54.934068914394 54.934068914394 54.934420914394 55.122190596067 55.123886596067 55.124078596152 55.124430596152 55.155066700063 55.156762700063 55.156954715127 55.157306715127 55.201199328213 55.202895328213 55.203087367086 55.203439367086 55.485709139576 55.487405139576 55.487597143992 55.487949143992 55.633057756736 55.634753756736 55.634945773762 55.635297773762 55.933268863588 55.933268863588 55.933268863588 55.933268863588 55.933460863588 55.933460863588 55.935156863588 55.935156863588 55.935156863588 55.935156863588 55.935156863588 55.935348914394 55.935348914394 55.935700914394 56.120910596067 56.122606596067 56.122798596152 56.123150596152 56.156666700063 56.158362700063 56.158554715127 56.158906715127 56.202479328213 56.204175328213 56.204367340844 56.204719340844 56.486669139576 56.488365139576 56.488557143992 56.488909143992 56.633697756736 56.635393756736 56.635585773762 56.635937773762 56.932628863588 56.932628863588 56.932628863588 56.932628863588 56.932820863588 56.932820863588 56.934516863588 56.934516863588 56.934516863588 56.934516863588 56.934516863588 56.934708914394 56.934708914394 56.935060914394 57.120590596067 57.122286596067 57.122478596152 57.122830596152 57.156986700063 57.158682700063 57.158874715127 57.159226715127 57.202159328213 57.203855328213 57.204047340844 57.204399340844 57.485709139576 57.487405139576 57.487597143992 57.487949143992 57.635297756736 57.636993756736 57.637185773762 57.637537773762 57.932948863588 57.932948863588 57.932948863588 57.932948863588 57.933140863588 57.933140863588 57.934836863588 57.934836863588 57.934836863588 57.934836863588 57.934836863588 57.935028914394 57.935028914394 57.935380914394 58.120590596067 58.122286596067 58.122478596152 58.122830596152 58.155706700063 58.157402700063 58.157594715127 58.157946715127 58.201839328213 58.203535328213 58.203727348769 58.204079348769 58.485069139576 58.486765139576 58.486957143992 58.487309143992 58.633377756736 58.635073756736 58.635265773762 58.635617773762 58.933588863588 58.933588863588 58.933588863588 58.933588863588 58.933780863588 58.933780863588 58.935476863588 58.935476863588 58.935476863588 58.935476863588 58.935476863588 58.935668914394 58.935668914394 58.936020914394 59.121550596067 59.123246596067 59.123438596152 59.123790596152 59.156666700063 59.158362700063 59.158554715127 59.158906715127 59.200879328213 59.202575328213 59.202767351219 59.203119351219 59.485709139576 59.487405139576 59.487597143992 59.487949143992 59.633377756736 59.635073756736 59.635265773762 59.635617773762 59.931988863588 59.931988863588 59.931988863588 59.931988863588 59.932180863588 59.932180863588 59.933876863588 59.933876863588 59.933876863588 59.933876863588 59.933876863588 59.934068914394 59.934068914394 59.934420914394 60.121870596067 60.123566596067 60.123758596152 60.124110596152 60.155386700063 60.157082700063 60.157274715127 60.157626715127 60.201199328213 60.202895328213 60.203087340844 60.203439340844 60.486669139576 60.488365139576 60.488557143992 60.488909143992 60.634017756736 60.635713756736 60.635905773762 60.636257773762 60.932948863588 60.932948863588 60.932948863588 60.932948863588 60.933140863588 60.933140863588 60.934836863588 60.934836863588 60.934836863588 60.934836863588 60.934836863588 60.935028914394 60.935028914394 60.935380914394 61.120270596067 61.121966596067 61.122158596152 61.122510596152 61.156346700063 61.158042700063 61.158234715127 61.158586715127 61.203119328213 61.204815328213 61.205007348769 61.205359348769 61.486989139576 61.488685139576 61.488877143992 61.489229143992 61.633697756736 61.635393756736 61.635585773762 61.635937773762 61.933268863588 61.933268863588 61.933268863588 61.933268863588 61.933460863588 61.933460863588 61.935156863588 61.935156863588 61.935156863588 61.935156863588 61.935156863588 61.935348914394 61.935348914394 61.935700914394 62.121230596067 62.122926596067 62.123118596152 62.123470596152 62.156666700063 62.158362700063 62.158554715127 62.158906715127 62.202159328213 62.203855328213 62.204047351219 62.204399351219 62.485069139576 62.486765139576 62.486957143992 62.487309143992 62.634657756736 62.636353756736 62.636545773762 62.636897773762 62.932308863588 62.932308863588 62.932308863588 62.932308863588 62.932500863588 62.932500863588 62.934196863588 62.934196863588 62.934196863588 62.934196863588 62.934196863588 62.934388914394 62.934388914394 62.934740914394 63.122190596067 63.123886596067 63.124078596152 63.124430596152 63.155066700063 63.156762700063 63.156954715127 63.157306715127 63.202799328213 63.204495328213 63.204687328902 63.205039328902 63.486989139576 63.488685139576 63.488877143992 63.489229143992 63.634657756736 63.636353756736 63.636545773762 63.636897773762 63.932308863588 63.932308863588 63.932308863588 63.932308863588 63.932500863588 63.932500863588 63.934196863588 63.934196863588 63.934196863588 63.934196863588 63.934196863588 63.934388914394 63.934388914394 63.934740914394 64.120910596067 64.122606596067 64.122798596152 64.123150596152 64.156666700063 64.158362700063 64.158554715127 64.158906715127 64.203119328213 64.204815328213 64.205007348453 64.205359348453 64.486349139576 64.488045139576 64.488237143992 64.488589143992 64.633057756736 64.634753756736 64.634945773762 64.635297773762 64.933588863588 64.933588863588 64.933588863588 64.933588863588 64.933780863588 64.933780863588 64.935476863588 64.935476863588 64.935476863588 64.935476863588 64.935476863588 64.935668914394 64.935668914394 64.936020914394 65.120910596067 65.122606596067 65.122798596152 65.123150596152 65.156026700063 65.157722700063 65.157914715127 65.158266715127 65.201199328213 65.202895328213 65.203087351219 65.203439351219 65.485709139576 65.487405139576 65.487597143992 65.487949143992 65.633057756736 65.634753756736 65.634945773762 65.635297773762 65.932948863588 65.932948863588 65.932948863588 65.932948863588 65.933140863588 65.933140863588 65.934836863588 65.934836863588 65.934836863588 65.934836863588 65.934836863588 65.935028914394 65.935028914394 65.935380914394 66.121230596067 66.122926596067 66.123118596152 66.123470596152 66.155066700063 66.156762700063 66.156954715127 66.157306715127 66.201519328213 66.203215328213 66.203407328902 66.203759328902 66.485389139576 66.487085139576 66.487277143992 66.487629143992 66.633377756736 66.635073756736 66.635265773762 66.635617773762 66.932308863588 66.932308863588 66.932308863588 66.932308863588 66.932500863588 66.932500863588 66.934196863588 66.934196863588 66.934196863588 66.934196863588 66.934196863588 66.934388914394 66.934388914394 66.934740914394 67.121870596067 67.123566596067 67.123758596152 67.124110596152 67.156026700063 67.157722700063 67.157914715127 67.158266715127 67.202479328213 67.204175328213 67.204367340844 67.204719340844 67.486989139576 67.488685139576 67.488877143992 67.489229143992 67.634657756736 67.636353756736 67.636545773762 67.636897773762 67.932628863588 67.932628863588 67.932628863588 67.932628863588 67.932820863588 67.932820863588 67.934516863588 67.934516863588 67.934516863588 67.934516863588 67.934516863588 67.934708914394 67.934708914394 67.935060914394 68.121230596067 68.122926596067 68.123118596152 68.123470596152 68.156026700063 68.157722700063 68.157914715127 68.158266715127 68.200879328213 68.202575328213 68.202767366396 68.203119366396 68.486029139576 68.487725139576 68.487917143992 68.488269143992 68.633057756736 68.634753756736 68.634945773762 68.635297773762 68.932948863588 68.932948863588 68.932948863588 68.932948863588 68.933140863588 68.933140863588 68.934836863588 68.934836863588 68.934836863588 68.934836863588 68.934836863588 68.935028914394 68.935028914394 68.935380914394 69.120590596067 69.122286596067 69.122478596152 69.122830596152 69.156346700063 69.158042700063 69.158234715127 69.158586715127 69.202159328213 69.203855328213 69.204047348453 69.204399348453 69.485069139576 69.486765139576 69.486957143992 69.487309143992 69.633057756736 69.634753756736 69.634945773762 69.635297773762 69.933588863588 69.933588863588 69.933588863588 69.933588863588 69.933780863588 69.933780863588 69.935476863588 69.935476863588 69.935476863588 69.935476863588 69.935476863588 69.935668914394 69.935668914394 69.936020914394 70.120270596067 70.121966596067 70.122158596152 70.122510596152 70.156986700063 70.158682700063 70.158874715127 70.159226715127 70.201199328213 70.202895328213 70.203087366396 70.203439366396 70.485389139576 70.487085139576 70.487277143992 70.487629143992 70.633697756736 70.635393756736 70.635585773762 70.635937773762 70.933908863588 70.933908863588 70.933908863588 70.933908863588 70.934100863588 70.934100863588 70.935796863588 70.935796863588 70.935796863588 70.935796863588 70.935796863588 70.935988914394 70.935988914394 70.936340914394 71.122190596067 71.123886596067 71.124078596152 71.124430596152 71.155386700063 71.157082700063 71.157274715127 71.157626715127 71.202799328213 71.204495328213 71.204687348769 71.205039348769 71.487309139576 71.489005139576 71.489197143992 71.489549143992 71.635297756736 71.636993756736 71.637185773762 71.637537773762 71.932628863588 71.932628863588 71.932628863588 71.932628863588 71.932820863588 71.932820863588 71.934516863588 71.934516863588 71.934516863588 71.934516863588 71.934516863588 71.934708914394 71.934708914394 71.935060914394 72.121230596067 72.122926596067 72.123118596152 72.123470596152 72.155706700063 72.157402700063 72.157594715127 72.157946715127 72.201519328213 72.203215328213 72.203407340844 72.203759340844 72.485709139576 72.487405139576 72.487597143992 72.487949143992 72.634337756736 72.636033756736 72.636225773762 72.636577773762 72.931988863588 72.931988863588 72.931988863588 72.931988863588 72.932180863588 72.932180863588 72.933876863588 72.933876863588 72.933876863588 72.933876863588 72.933876863588 72.934068914394 72.934068914394 72.934420914394 73.120910596067 73.122606596067 73.122798596152 73.123150596152 73.156026700063 73.157722700063 73.157914715127 73.158266715127 73.200879328213 73.202575328213 73.202767348453 73.203119348453 73.486349139576 73.488045139576 73.488237143992 73.488589143992 73.633697756736 73.635393756736 73.635585773762 73.635937773762 73.933268863588 73.933268863588 73.933268863588 73.933268863588 73.933460863588 73.933460863588 73.935156863588 73.935156863588 73.935156863588 73.935156863588 73.935156863588 73.935348914394 73.935348914394 73.935700914394 74.120910596067 74.122606596067 74.122798596152 74.123150596152 74.156026700063 74.157722700063 74.157914715127 74.158266715127 74.203119328213 74.204815328213 74.205007328902 74.205359328902 74.485069139576 74.486765139576 74.486957143992 74.487309143992 74.633377756736 74.635073756736 74.635265773762 74.635617773762 74.932948863588 74.932948863588 74.932948863588 74.932948863588 74.933140863588 74.933140863588 74.934836863588 74.934836863588 74.934836863588 74.934836863588 74.934836863588 74.935028914394 74.935028914394 74.935380914394 75.120910596067 75.122606596067 75.122798596152 75.123150596152 75.154746700063 75.156442700063 75.156634715127 75.156986715127 75.200879328213 75.202575328213 75.202767348453 75.203119348453 75.485069139576 75.486765139576 75.486957143992 75.487309143992 75.633697756736 75.635393756736 75.635585773762 75.635937773762 75.933908863588 75.933908863588 75.933908863588 75.933908863588 75.934100863588 75.934100863588 75.935796863588 75.935796863588 75.935796863588 75.935796863588 75.935796863588 75.935988914394 75.935988914394 75.936340914394 76.120910596067 76.122606596067 76.122798596152 76.123150596152 76.156026700063 76.157722700063 76.157914715127 76.158266715127 76.201519328213 76.203215328213 76.203407348453 76.203759348453 76.485069139576 76.486765139576 76.486957143992 76.487309143992 76.634017756736 76.635713756736 76.635905773762 76.636257773762 76.933588863588 76.933588863588 76.933588863588 76.933588863588 76.933780863588 76.933780863588 76.935476863588 76.935476863588 76.935476863588 76.935476863588 76.935476863588 76.935668914394 76.935668914394 76.936020914394 77.120910596067 77.122606596067 77.122798596152 77.123150596152 77.156666700063 77.158362700063 77.158554715127 77.158906715127 77.203119328213 77.204815328213 77.205007340844 77.205359340844 77.486669139576 77.488365139576 77.488557143992 77.488909143992 77.633057756736 77.634753756736 77.634945773762 77.635297773762 77.932308863588 77.932308863588 77.932308863588 77.932308863588 77.932500863588 77.932500863588 77.934196863588 77.934196863588 77.934196863588 77.934196863588 77.934196863588 77.934388914394 77.934388914394 77.934740914394 78.121230596067 78.122926596067 78.123118596152 78.123470596152 78.155386700063 78.157082700063 78.157274715127 78.157626715127 78.201839328213 78.203535328213 78.203727328902 78.204079328902 78.486349139576 78.488045139576 78.488237143992 78.488589143992 78.634017756736 78.635713756736 78.635905773762 78.636257773762 78.933908863588 78.933908863588 78.933908863588 78.933908863588 78.934100863588 78.934100863588 78.935796863588 78.935796863588 78.935796863588 78.935796863588 78.935796863588 78.935988914394 78.935988914394 78.936340914394 79.122510596067 79.124206596067 79.124398596152 79.124750596152 79.156346700063 79.158042700063 79.158234715127 79.158586715127 79.202159328213 79.203855328213 79.204047341978 79.204399341978 79.486989139576 79.488685139576 79.488877143992 79.489229143992 79.634337756736 79.636033756736 79.636225773762 79.636577773762 79.931988863588 79.931988863588 79.931988863588 79.931988863588 79.932180863588 79.932180863588 79.933876863588 79.933876863588 79.933876863588 79.933876863588 79.933876863588 79.934068914394 79.934068914394 79.934420914394 80.122190596067 80.123886596067 80.124078596152 80.124430596152 80.156026700063 80.157722700063 80.157914715127 80.158266715127 80.200879328213 80.202575328213 80.202767367086 80.203119367086 80.485389139576 80.487085139576 80.487277143992 80.487629143992 80.635297756736 80.636993756736 80.637185773762 80.637537773762 80.933908863588 80.933908863588 80.933908863588 80.933908863588 80.934100863588 80.934100863588 80.935796863588 80.935796863588 80.935796863588 80.935796863588 80.935796863588 80.935988914394 80.935988914394 80.936340914394 81.121870596067 81.123566596067 81.123758596152 81.124110596152 81.154746700063 81.156442700063 81.156634715127 81.156986715127 81.202479328213 81.204175328213 81.204367348453 81.204719348453 81.485709139576 81.487405139576 81.487597143992 81.487949143992 81.634977756736 81.636673756736 81.636865773762 81.637217773762 81.933588863588 81.933588863588 81.933588863588 81.933588863588 81.933780863588 81.933780863588 81.935476863588 81.935476863588 81.935476863588 81.935476863588 81.935476863588 81.935668914394 81.935668914394 81.936020914394 82.121550596067 82.123246596067 82.123438596152 82.123790596152 82.156666700063 82.158362700063 82.158554715127 82.158906715127 82.202159328213 82.203855328213 82.204047366396 82.204399366396 82.485069139576 82.486765139576 82.486957143992 82.487309143992 82.634657756736 82.636353756736 82.636545773762 82.636897773762 82.931988863588 82.931988863588 82.931988863588 82.931988863588 82.932180863588 82.932180863588 82.933876863588 82.933876863588 82.933876863588 82.933876863588 82.933876863588 82.934068914394 82.934068914394 82.934420914394 83.121230596067 83.122926596067 83.123118596152 83.123470596152 83.156026700063 83.157722700063 83.157914715127 83.158266715127 83.203119328213 83.204815328213 83.205007367086 83.205359367086 83.485389139576 83.487085139576 83.487277143992 83.487629143992 83.633697756736 83.635393756736 83.635585773762 83.635937773762 83.933588863588 83.933588863588 83.933588863588 83.933588863588 83.933780863588 83.933780863588 83.935476863588 83.935476863588 83.935476863588 83.935476863588 83.935476863588 83.935668914394 83.935668914394 83.936020914394 84.120910596067 84.122606596067 84.122798596152 84.123150596152 84.155706700063 84.157402700063 84.157594715127 84.157946715127 84.200879328213 84.202575328213 84.202767366396 84.203119366396 84.485709139576 84.487405139576 84.487597143992 84.487949143992 84.634977756736 84.636673756736 84.636865773762 84.637217773762 84.932308863588 84.932308863588 84.932308863588 84.932308863588 84.932500863588 84.932500863588 84.934196863588 84.934196863588 84.934196863588 84.934196863588 84.934196863588 84.934388914394 84.934388914394 84.934740914394 85.122510596067 85.124206596067 85.124398596152 85.124750596152 85.156346700063 85.158042700063 85.158234715127 85.158586715127 85.200879328213 85.202575328213 85.202767367086 85.203119367086 85.486989139576 85.488685139576 85.488877143992 85.489229143992 85.634017756736 85.635713756736 85.635905773762 85.636257773762 85.932948863588 85.932948863588 85.932948863588 85.932948863588 85.933140863588 85.933140863588 85.934836863588 85.934836863588 85.934836863588 85.934836863588 85.934836863588 85.935028914394 85.935028914394 85.935380914394 86.121550596067 86.123246596067 86.123438596152 86.123790596152 86.155706700063 86.157402700063 86.157594715127 86.157946715127 86.201839328213 86.203535328213 86.203727340844 86.204079340844 86.485069139576 86.486765139576 86.486957143992 86.487309143992 86.633057756736 86.634753756736 86.634945773762 86.635297773762 86.933908863588 86.933908863588 86.933908863588 86.933908863588 86.934100863588 86.934100863588 86.935796863588 86.935796863588 86.935796863588 86.935796863588 86.935796863588 86.935988914394 86.935988914394 86.936340914394 87.121870596067 87.123566596067 87.123758596152 87.124110596152 87.156666700063 87.158362700063 87.158554715127 87.158906715127 87.201519328213 87.203215328213 87.203407366396 87.203759366396 87.485069139576 87.486765139576 87.486957143992 87.487309143992 87.634657756736 87.636353756736 87.636545773762 87.636897773762 87.931988863588 87.931988863588 87.931988863588 87.931988863588 87.932180863588 87.932180863588 87.933876863588 87.933876863588 87.933876863588 87.933876863588 87.933876863588 87.934068914394 87.934068914394 87.934420914394 88.120590596067 88.122286596067 88.122478596152 88.122830596152 88.156346700063 88.158042700063 88.158234715127 88.158586715127 88.202159328213 88.203855328213 88.204047351219 88.204399351219 88.486349139576 88.488045139576 88.488237143992 88.488589143992 88.634657756736 88.636353756736 88.636545773762 88.636897773762 88.933588863588 88.933588863588 88.933588863588 88.933588863588 88.933780863588 88.933780863588 88.935476863588 88.935476863588 88.935476863588 88.935476863588 88.935476863588 88.935668914394 88.935668914394 88.936020914394 89.120910596067 89.122606596067 89.122798596152 89.123150596152 89.155386700063 89.157082700063 89.157274715127 89.157626715127 89.201839328213 89.203535328213 89.203727348769 89.204079348769 89.486669139576 89.488365139576 89.488557143992 89.488909143992 89.634337756736 89.636033756736 89.636225773762 89.636577773762 89.932948863588 89.932948863588 89.932948863588 89.932948863588 89.933140863588 89.933140863588 89.934836863588 89.934836863588 89.934836863588 89.934836863588 89.934836863588 89.935028914394 89.935028914394 89.935380914394 90.120270596067 90.121966596067 90.122158596152 90.122510596152 90.156346700063 90.158042700063 90.158234715127 90.158586715127 90.200879328213 90.202575328213 90.202767328902 90.203119328902 90.487309139576 90.489005139576 90.489197143992 90.489549143992 90.634657756736 90.636353756736 90.636545773762 90.636897773762 90.931668863588 90.931668863588 90.931668863588 90.931668863588 90.931860863588 90.931860863588 90.933556863588 90.933556863588 90.933556863588 90.933556863588 90.933556863588 90.933748914394 90.933748914394 90.934100914394 91.122190596067 91.123886596067 91.124078596152 91.124430596152 91.156986700063 91.158682700063 91.158874715127 91.159226715127 91.202479328213 91.204175328213 91.204367367086 91.204719367086 91.486029139576 91.487725139576 91.487917143992 91.488269143992 91.634017756736 91.635713756736 91.635905773762 91.636257773762 91.932948863588 91.932948863588 91.932948863588 91.932948863588 91.933140863588 91.933140863588 91.934836863588 91.934836863588 91.934836863588 91.934836863588 91.934836863588 91.935028914394 91.935028914394 91.935380914394 92.122190596067 92.123886596067 92.124078596152 92.124430596152 92.156026700063 92.157722700063 92.157914715127 92.158266715127 92.201839328213 92.203535328213 92.203727340844 92.204079340844 92.486029139576 92.487725139576 92.487917143992 92.488269143992 92.634657756736 92.636353756736 92.636545773762 92.636897773762 92.933268863588 92.933268863588 92.933268863588 92.933268863588 92.933460863588 92.933460863588 92.935156863588 92.935156863588 92.935156863588 92.935156863588 92.935156863588 92.935348914394 92.935348914394 92.935700914394 93.121550596067 93.123246596067 93.123438596152 93.123790596152 93.155386700063 93.157082700063 93.157274715127 93.157626715127 93.202159328213 93.203855328213 93.204047328902 93.204399328902 93.485709139576 93.487405139576 93.487597143992 93.487949143992 93.633697756736 93.635393756736 93.635585773762 93.635937773762 93.932948863588 93.932948863588 93.932948863588 93.932948863588 93.933140863588 93.933140863588 93.934836863588 93.934836863588 93.934836863588 93.934836863588 93.934836863588 93.935028914394 93.935028914394 93.935380914394 94.121870596067 94.123566596067 94.123758596152 94.124110596152 94.155386700063 94.157082700063 94.157274715127 94.157626715127 94.201199328213 94.202895328213 94.203087351219 94.203439351219 94.486349139576 94.488045139576 94.488237143992 94.488589143992 94.634017756736 94.635713756736 94.635905773762 94.636257773762 94.931668863588 94.931668863588 94.931668863588 94.931668863588 94.931860863588 94.931860863588 94.933556863588 94.933556863588 94.933556863588 94.933556863588 94.933556863588 94.933748914394 94.933748914394 94.934100914394 95.121230596067 95.122926596067 95.123118596152 95.123470596152 95.156986700063 95.158682700063 95.158874715127 95.159226715127 95.201519328213 95.203215328213 95.203407348769 95.203759348769 95.486029139576 95.487725139576 95.487917143992 95.488269143992 95.634977756736 95.636673756736 95.636865773762 95.637217773762 95.933588863588 95.933588863588 95.933588863588 95.933588863588 95.933780863588 95.933780863588 95.935476863588 95.935476863588 95.935476863588 95.935476863588 95.935476863588 95.935668914394 95.935668914394 95.936020914394 96.121230596067 96.122926596067 96.123118596152 96.123470596152 96.156026700063 96.157722700063 96.157914715127 96.158266715127 96.202159328213 96.203855328213 96.204047341978 96.204399341978 96.486029139576 96.487725139576 96.487917143992 96.488269143992 96.633057756736 96.634753756736 96.634945773762 96.635297773762 96.932628863588 96.932628863588 96.932628863588 96.932628863588 96.932820863588 96.932820863588 96.934516863588 96.934516863588 96.934516863588 96.934516863588 96.934516863588 96.934708914394 96.934708914394 96.935060914394 97.120270596067 97.121966596067 97.122158596152 97.122510596152 97.155066700063 97.156762700063 97.156954715127 97.157306715127 97.202799328213 97.204495328213 97.204687348769 97.205039348769 97.485389139576 97.487085139576 97.487277143992 97.487629143992 97.634017756736 97.635713756736 97.635905773762 97.636257773762 97.932308863588 97.932308863588 97.932308863588 97.932308863588 97.932500863588 97.932500863588 97.934196863588 97.934196863588 97.934196863588 97.934196863588 97.934196863588 97.934388914394 97.934388914394 97.934740914394 98.122510596067 98.124206596067 98.124398596152 98.124750596152 98.155066700063 98.156762700063 98.156954715127 98.157306715127 98.201199328213 98.202895328213 98.203087341978 98.203439341978 98.485389139576 98.487085139576 98.487277143992 98.487629143992 98.633377756736 98.635073756736 98.635265773762 98.635617773762 98.932628863588 98.932628863588 98.932628863588 98.932628863588 98.932820863588 98.932820863588 98.934516863588 98.934516863588 98.934516863588 98.934516863588 98.934516863588 98.934708914394 98.934708914394 98.935060914394 99.120910596067 99.122606596067 99.122798596152 99.123150596152 99.156346700063 99.158042700063 99.158234715127 99.158586715127 99.201839328213 99.203535328213 99.203727348769 99.204079348769 99.487309139576 99.489005139576 99.489197143992 99.489549143992 99.635297756736 99.636993756736 99.637185773762 99.637537773762 99.933908863588 99.933908863588 99.933908863588 99.933908863588 99.934100863588 99.934100863588 99.935796863588 99.935796863588 99.935796863588 99.935796863588 99.935796863588 99.935988914394 99.935988914394 99.936340914394","0 0 0 5e-06 0 0.05 5e-06 0.05 5e-06 0.05 5e-06 0.05 5e-06 0.05 5e-06 0.05 5e-06 0.05 5e-06 0.05 5e-06 0.05 5e-06 0.05 5e-06 0 0 0.005 0.005 0 0.075 0.005 0 5e-06 5e-06 5e-06 0 0.05 5e-06 0.05 5e-06 0.05 5e-06 0.05 5e-06 0.05 5e-06 0.05 5e-06 0.05 5e-06 0.05 5e-06 0.05 5e-06 0.05 5e-06 0.05 5e-06 0 0 0.005 0.005 0 0.075 0.005 0 5e-06 5e-06 5e-06 0 0.05 5e-06 0.05 5e-06 0.05 5e-06 0.05 5e-06 0.05 5e-06 0.05 5e-06 0.05 5e-06 0.05 5e-06 0.05 5e-06 0.05 5e-06 0.05 5e-06 0 0 0.005 0.005 0 0.075 0.005 0 5e-06 5e-06 5e-06 0 0.05 5e-06 0.05 5e-06 0.05 5e-06 0.05 5e-06 0.05 5e-06 0.05 5e-06 0.05 5e-06 0.05 5e-06 0.05 5e-06 0.05 5e-06 0.05 5e-06 0 0 0.005 0.005 0 0.075 0.005 0 5e-06 5e-06 5e-06 0 0.05 5e-06 0.05 5e-06 0.05 5e-06 0.05 5e-06 0.05 5e-06 0.05 5e-06 0.05 5e-06 0.05 5e-06 0.05 5e-06 0.05 5e-06 0.05 5e-06 0 0 0.005 0.005 0 0.075 0.005 0 5e-06 5e-06 5e-06 0 0.05 5e-06 0.05 5e-06 0.05 5e-06 0.05 5e-06 0.05 5e-06 0.05 5e-06 0.05 5e-06 0.05 5e-06 0.05 5e-06 0.05 5e-06 0.05 5e-06 0 0 0.005 0.005 0 0.075 0.005 0 5e-06 5e-06 5e-06 0 0.05 5e-06 0.05 5e-06 0.05 5e-06 0.05 5e-06 0.05 5e-06 0.05 5e-06 0.05 5e-06 0.05 5e-06 0.05 5e-06 0.05 5e-06 0.05 5e-06 0 0 0.005 0.005 0 0.075 0.005 0 5e-06 5e-06 5e-06 0 0.05 5e-06 0.05 5e-06 0.05 5e-06 0.05 5e-06 0.05 5e-06 0.05 5e-06 0.05 5e-06 0.05 5e-06 0.05 5e-06 0.05 5e-06 0.05 5e-06 0 0 0.005 0.005 0 0.075 0.005 0 5e-06 5e-06 5e-06 0 0.05 5e-06 0.05 5e-06 0.05 5e-06 0.05 5e-06 0.05 5e-06 0.05 5e-06 0.05 5e-06 0.05 5e-06 0.05 5e-06 0.05 5e-06 0.05 5e-06 0 0 0.005 0.005 0 0.075 0.005 0 5e-06 5e-06 5e-06 0 0.05 5e-06 0.05 5e-06 0.05 5e-06 0.05 5e-06 0.05 5e-06 0.05 5e-06 0.05 5e-06 0.05 5e-06 0.05 5e-06 0.05 5e-06 0.05 5e-06 0 0 0.005 0.005 0 0.075 0.005 0 5e-06 5e-06 5e-06 0 0.05 5e-06 0.05 5e-06 0.05 5e-06 0.05 5e-06 0.05 5e-06 0.05 5e-06 0.05 5e-06 0.05 5e-06 0.05 5e-06 0.05 5e-06 0.05 5e-06 0 0 0.005 0.005 0 0.075 0.005 0 5e-06 5e-06 5e-06 0 0.05 5e-06 0.05 5e-06 0.05 5e-06 0.05 5e-06 0.05 5e-06 0.05 5e-06 0.05 5e-06 0.05 5e-06 0.05 5e-06 0.05 5e-06 0.05 5e-06 0 0 0.005 0.005 0 0.075 0.005 0 5e-06 5e-06 5e-06 0 0.05 5e-06 0.05 5e-06 0.05 5e-06 0.05 5e-06 0.05 5e-06 0.05 5e-06 0.05 5e-06 0.05 5e-06 0.05 5e-06 0.05 5e-06 0.05 5e-06 0 0 0.005 0.005 0 0.075 0.005 0 5e-06 5e-06 5e-06 0 0.05 5e-06 0.05 5e-06 0.05 5e-06 0.05 5e-06 0.05 5e-06 0.05 5e-06 0.05 5e-06 0.05 5e-06 0.05 5e-06 0.05 5e-06 0.05 5e-06 0 0 0.005 0.005 0 0.075 0.005 0 5e-06 5e-06 5e-06 0 0.05 5e-06 0.05 5e-06 0.05 5e-06 0.05 5e-06 0.05 5e-06 0.05 5e-06 0.05 5e-06 0.05 5e-06 0.05 5e-06 0.05 5e-06 0.05 5e-06 0 0 0.005 0.005 0 0.075 0.005 0 5e-06 5e-06 5e-06 0 0.05 5e-06 0.05 5e-06 0.05 5e-06 0.05 5e-06 0.05 5e-06 0.05 5e-06 0.05 5e-06 0.05 5e-06 0.05 5e-06 0.05 5e-06 0.05 5e-06 0 0 0.005 0.005 0 0.075 0.005 0 5e-06 5e-06 5e-06 0 0.05 5e-06 0.05 5e-06 0.05 5e-06 0.05 5e-06 0.05 5e-06 0.05 5e-06 0.05 5e-06 0.05 5e-06 0.05 5e-06 0.05 5e-06 0.05 5e-06 0 0 0.005 0.005 0 0.075 0.005 0 5e-06 5e-06 5e-06 0 0.05 5e-06 0.05 5e-06 0.05 5e-06 0.05 5e-06 0.05 5e-06 0.05 5e-06 0.05 5e-06 0.05 5e-06 0.05 5e-06 0.05 5e-06 0.05 5e-06 0 0 0.005 0.005 0 0.075 0.005 0 5e-06 5e-06 5e-06 0 0.05 5e-06 0.05 5e-06 0.05 5e-06 0.05 5e-06 0.05 5e-06 0.05 5e-06 0.05 5e-06 0.05 5e-06 0.05 5e-06 0.05 5e-06 0.05 5e-06 0 0 0.005 0.005 0 0.075 0.005 0 5e-06 5e-06 5e-06 0 0.05 5e-06 0.05 5e-06 0.05 5e-06 0.05 5e-06 0.05 5e-06 0.05 5e-06 0.05 5e-06 0.05 5e-06 0.05 5e-06 0.05 5e-06 0.05 5e-06 0 0 0.005 0.005 0 0.075 0.005 0 5e-06 5e-06 5e-06 0 0.05 5e-06 0.05 5e-06 0.05 5e-06 0.05 5e-06 0.05 5e-06 0.05 5e-06 0.05 5e-06 0.05 5e-06 0.05 5e-06 0.05 5e-06 0.05 5e-06 0 0 0.005 0.005 0 0.075 0.005 0 5e-06 5e-06 5e-06 0 0.05 5e-06 0.05 5e-06 0.05 5e-06 0.05 5e-06 0.05 5e-06 0.05 5e-06 0.05 5e-06 0.05 5e-06 0.05 5e-06 0.05 5e-06 0.05 5e-06 0 0 0.005 0.005 0 0.075 0.005 0 5e-06 5e-06 5e-06 0 0.05 5e-06 0.05 5e-06 0.05 5e-06 0.05 5e-06 0.05 5e-06 0.05 5e-06 0.05 5e-06 0.05 5e-06 0.05 5e-06 0.05 5e-06 0.05 5e-06 0 0 0.005 0.005 0 0.075 0.005 0 5e-06 5e-06 5e-06 0 0.05 5e-06 0.05 5e-06 0.05 5e-06 0.05 5e-06 0.05 5e-06 0.05 5e-06 0.05 5e-06 0.05 5e-06 0.05 5e-06 0.05 5e-06 0.05 5e-06 0 0 0.005 0.005 0 0.075 0.005 0 5e-06 5e-06 5e-06 0 0.05 5e-06 0.05 5e-06 0.05 5e-06 0.05 5e-06 0.05 5e-06 0.05 5e-06 0.05 5e-06 0.05 5e-06 0.05 5e-06 0.05 5e-06 0.05 5e-06 0 0 0.005 0.005 0 0.075 0.005 0 5e-06 5e-06 5e-06 0 0.05 5e-06 0.05 5e-06 0.05 5e-06 0.05 5e-06 0.05 5e-06 0.05 5e-06 0.05 5e-06 0.05 5e-06 0.05 5e-06 0.05 5e-06 0.05 5e-06 0 0 0.005 0.005 0 0.075 0.005 0 5e-06 5e-06 5e-06 0 0.05 5e-06 0.05 5e-06 0.05 5e-06 0.05 5e-06 0.05 5e-06 0.05 5e-06 0.05 5e-06 0.05 5e-06 0.05 5e-06 0.05 5e-06 0.05 5e-06 0 0 0.005 0.005 0 0.075 0.005 0 5e-06 5e-06 5e-06 0 0.05 5e-06 0.05 5e-06 0.05 5e-06 0.05 5e-06 0.05 5e-06 0.05 5e-06 0.05 5e-06 0.05 5e-06 0.05 5e-06 0.05 5e-06 0.05 5e-06 0 0 0.005 0.005 0 0.075 0.005 0 5e-06 5e-06 5e-06 0 0.05 5e-06 0.05 5e-06 0.05 5e-06 0.05 5e-06 0.05 5e-06 0.05 5e-06 0.05 5e-06 0.05 5e-06 0.05 5e-06 0.05 5e-06 0.05 5e-06 0 0 0.005 0.005 0 0.075 0.005 0 5e-06 5e-06 5e-06 0 0.05 5e-06 0.05 5e-06 0.05 5e-06 0.05 5e-06 0.05 5e-06 0.05 5e-06 0.05 5e-06 0.05 5e-06 0.05 5e-06 0.05 5e-06 0.05 5e-06 0 0 0.005 0.005 0 0.075 0.005 0 5e-06 5e-06 5e-06 0 0.05 5e-06 0.05 5e-06 0.05 5e-06 0.05 5e-06 0.05 5e-06 0.05 5e-06 0.05 5e-06 0.05 5e-06 0.05 5e-06 0.05 5e-06 0.05 5e-06 0 0 0.005 0.005 0 0.075 0.005 0 5e-06 5e-06 5e-06 0 0.05 5e-06 0.05 5e-06 0.05 5e-06 0.05 5e-06 0.05 5e-06 0.05 5e-06 0.05 5e-06 0.05 5e-06 0.05 5e-06 0.05 5e-06 0.05 5e-06 0 0 0.005 0.005 0 0.075 0.005 0 5e-06 5e-06 5e-06 0 0.05 5e-06 0.05 5e-06 0.05 5e-06 0.05 5e-06 0.05 5e-06 0.05 5e-06 0.05 5e-06 0.05 5e-06 0.05 5e-06 0.05 5e-06 0.05 5e-06 0 0 0.005 0.005 0 0.075 0.005 0 5e-06 5e-06 5e-06 0 0.05 5e-06 0.05 5e-06 0.05 5e-06 0.05 5e-06 0.05 5e-06 0.05 5e-06 0.05 5e-06 0.05 5e-06 0.05 5e-06 0.05 5e-06 0.05 5e-06 0 0 0.005 0.005 0 0.075 0.005 0 5e-06 5e-06 5e-06 0 0.05 5e-06 0.05 5e-06 0.05 5e-06 0.05 5e-06 0.05 5e-06 0.05 5e-06 0.05 5e-06 0.05 5e-06 0.05 5e-06 0.05 5e-06 0.05 5e-06 0 0 0.005 0.005 0 0.075 0.005 0 5e-06 5e-06 5e-06 0 0.05 5e-06 0.05 5e-06 0.05 5e-06 0.05 5e-06 0.05 5e-06 0.05 5e-06 0.05 5e-06 0.05 5e-06 0.05 5e-06 0.05 5e-06 0.05 5e-06 0 0 0.005 0.005 0 0.075 0.005 0 5e-06 5e-06 5e-06 0 0.05 5e-06 0.05 5e-06 0.05 5e-06 0.05 5e-06 0.05 5e-06 0.05 5e-06 0.05 5e-06 0.05 5e-06 0.05 5e-06 0.05 5e-06 0.05 5e-06 0 0 0.005 0.005 0 0.075 0.005 0 5e-06 5e-06 5e-06 0 0.05 5e-06 0.05 5e-06 0.05 5e-06 0.05 5e-06 0.05 5e-06 0.05 5e-06 0.05 5e-06 0.05 5e-06 0.05 5e-06 0.05 5e-06 0.05 5e-06 0 0 0.005 0.005 0 0.075 0.005 0 5e-06 5e-06 5e-06 0 0.05 5e-06 0.05 5e-06 0.05 5e-06 0.05 5e-06 0.05 5e-06 0.05 5e-06 0.05 5e-06 0.05 5e-06 0.05 5e-06 0.05 5e-06 0.05 5e-06 0 0 0.005 0.005 0 0.075 0.005 0 5e-06 5e-06 5e-06 0 0.05 5e-06 0.05 5e-06 0.05 5e-06 0.05 5e-06 0.05 5e-06 0.05 5e-06 0.05 5e-06 0.05 5e-06 0.05 5e-06 0.05 5e-06 0.05 5e-06 0 0 0.005 0.005 0 0.075 0.005 0 5e-06 5e-06 5e-06 0 0.05 5e-06 0.05 5e-06 0.05 5e-06 0.05 5e-06 0.05 5e-06 0.05 5e-06 0.05 5e-06 0.05 5e-06 0.05 5e-06 0.05 5e-06 0.05 5e-06 0 0 0.005 0.005 0 0.075 0.005 0 5e-06 5e-06 5e-06 0 0.05 5e-06 0.05 5e-06 0.05 5e-06 0.05 5e-06 0.05 5e-06 0.05 5e-06 0.05 5e-06 0.05 5e-06 0.05 5e-06 0.05 5e-06 0.05 5e-06 0 0 0.005 0.005 0 0.075 0.005 0 5e-06 5e-06 5e-06 0 0.05 5e-06 0.05 5e-06 0.05 5e-06 0.05 5e-06 0.05 5e-06 0.05 5e-06 0.05 5e-06 0.05 5e-06 0.05 5e-06 0.05 5e-06 0.05 5e-06 0 0 0.005 0.005 0 0.075 0.005 0 5e-06 5e-06 5e-06 0 0.05 5e-06 0.05 5e-06 0.05 5e-06 0.05 5e-06 0.05 5e-06 0.05 5e-06 0.05 5e-06 0.05 5e-06 0.05 5e-06 0.05 5e-06 0.05 5e-06 0 0 0.005 0.005 0 0.075 0.005 0 5e-06 5e-06 5e-06 0 0.05 5e-06 0.05 5e-06 0.05 5e-06 0.05 5e-06 0.05 5e-06 0.05 5e-06 0.05 5e-06 0.05 5e-06 0.05 5e-06 0.05 5e-06 0.05 5e-06 0 0 0.005 0.005 0 0.075 0.005 0 5e-06 5e-06 5e-06 0 0.05 5e-06 0.05 5e-06 0.05 5e-06 0.05 5e-06 0.05 5e-06 0.05 5e-06 0.05 5e-06 0.05 5e-06 0.05 5e-06 0.05 5e-06 0.05 5e-06 0 0 0.005 0.005 0 0.075 0.005 0 5e-06 5e-06 5e-06 0 0.05 5e-06 0.05 5e-06 0.05 5e-06 0.05 5e-06 0.05 5e-06 0.05 5e-06 0.05 5e-06 0.05 5e-06 0.05 5e-06 0.05 5e-06 0.05 5e-06 0 0 0.005 0.005 0 0.075 0.005 0 5e-06 5e-06 5e-06 0 0.05 5e-06 0.05 5e-06 0.05 5e-06 0.05 5e-06 0.05 5e-06 0.05 5e-06 0.05 5e-06 0.05 5e-06 0.05 5e-06 0.05 5e-06 0.05 5e-06 0 0 0.005 0.005 0 0.075 0.005 0 5e-06 5e-06 5e-06 0 0.05 5e-06 0.05 5e-06 0.05 5e-06 0.05 5e-06 0.05 5e-06 0.05 5e-06 0.05 5e-06 0.05 5e-06 0.05 5e-06 0.05 5e-06 0.05 5e-06 0 0 0.005 0.005 0 0.075 0.005 0 5e-06 5e-06 5e-06 0 0.05 5e-06 0.05 5e-06 0.05 5e-06 0.05 5e-06 0.05 5e-06 0.05 5e-06 0.05 5e-06 0.05 5e-06 0.05 5e-06 0.05 5e-06 0.05 5e-06 0 0 0.005 0.005 0 0.075 0.005 0 5e-06 5e-06 5e-06 0 0.05 5e-06 0.05 5e-06 0.05 5e-06 0.05 5e-06 0.05 5e-06 0.05 5e-06 0.05 5e-06 0.05 5e-06 0.05 5e-06 0.05 5e-06 0.05 5e-06 0 0 0.005 0.005 0 0.075 0.005 0 5e-06 5e-06 5e-06 0 0.05 5e-06 0.05 5e-06 0.05 5e-06 0.05 5e-06 0.05 5e-06 0.05 5e-06 0.05 5e-06 0.05 5e-06 0.05 5e-06 0.05 5e-06 0.05 5e-06 0 0 0.005 0.005 0 0.075 0.005 0 5e-06 5e-06 5e-06 0 0.05 5e-06 0.05 5e-06 0.05 5e-06 0.05 5e-06 0.05 5e-06 0.05 5e-06 0.05 5e-06 0.05 5e-06 0.05 5e-06 0.05 5e-06 0.05 5e-06 0 0 0.005 0.005 0 0.075 0.005 0 5e-06 5e-06 5e-06 0 0.05 5e-06 0.05 5e-06 0.05 5e-06 0.05 5e-06 0.05 5e-06 0.05 5e-06 0.05 5e-06 0.05 5e-06 0.05 5e-06 0.05 5e-06 0.05 5e-06 0 0 0.005 0.005 0 0.075 0.005 0 5e-06 5e-06 5e-06 0 0.05 5e-06 0.05 5e-06 0.05 5e-06 0.05 5e-06 0.05 5e-06 0.05 5e-06 0.05 5e-06 0.05 5e-06 0.05 5e-06 0.05 5e-06 0.05 5e-06 0 0 0.005 0.005 0 0.075 0.005 0 5e-06 5e-06 5e-06 0 0.05 5e-06 0.05 5e-06 0.05 5e-06 0.05 5e-06 0.05 5e-06 0.05 5e-06 0.05 5e-06 0.05 5e-06 0.05 5e-06 0.05 5e-06 0.05 5e-06 0 0 0.005 0.005 0 0.075 0.005 0 5e-06 5e-06 5e-06 0 0.05 5e-06 0.05 5e-06 0.05 5e-06 0.05 5e-06 0.05 5e-06 0.05 5e-06 0.05 5e-06 0.05 5e-06 0.05 5e-06 0.05 5e-06 0.05 5e-06 0 0 0.005 0.005 0 0.075 0.005 0 5e-06 5e-06 5e-06 0 0.05 5e-06 0.05 5e-06 0.05 5e-06 0.05 5e-06 0.05 5e-06 0.05 5e-06 0.05 5e-06 0.05 5e-06 0.05 5e-06 0.05 5e-06 0.05 5e-06 0 0 0.005 0.005 0 0.075 0.005 0 5e-06 5e-06 5e-06 0 0.05 5e-06 0.05 5e-06 0.05 5e-06 0.05 5e-06 0.05 5e-06 0.05 5e-06 0.05 5e-06 0.05 5e-06 0.05 5e-06 0.05 5e-06 0.05 5e-06 0 0 0.005 0.005 0 0.075 0.005 0 5e-06 5e-06 5e-06 0 0.05 5e-06 0.05 5e-06 0.05 5e-06 0.05 5e-06 0.05 5e-06 0.05 5e-06 0.05 5e-06 0.05 5e-06 0.05 5e-06 0.05 5e-06 0.05 5e-06 0 0 0.005 0.005 0 0.075 0.005 0 5e-06 5e-06 5e-06 0 0.05 5e-06 0.05 5e-06 0.05 5e-06 0.05 5e-06 0.05 5e-06 0.05 5e-06 0.05 5e-06 0.05 5e-06 0.05 5e-06 0.05 5e-06 0.05 5e-06 0 0 0.005 0.005 0 0.075 0.005 0 5e-06 5e-06 5e-06 0 0.05 5e-06 0.05 5e-06 0.05 5e-06 0.05 5e-06 0.05 5e-06 0.05 5e-06 0.05 5e-06 0.05 5e-06 0.05 5e-06 0.05 5e-06 0.05 5e-06 0 0 0.005 0.005 0 0.075 0.005 0 5e-06 5e-06 5e-06 0 0.05 5e-06 0.05 5e-06 0.05 5e-06 0.05 5e-06 0.05 5e-06 0.05 5e-06 0.05 5e-06 0.05 5e-06 0.05 5e-06 0.05 5e-06 0.05 5e-06 0 0 0.005 0.005 0 0.075 0.005 0 5e-06 5e-06 5e-06 0 0.05 5e-06 0.05 5e-06 0.05 5e-06 0.05 5e-06 0.05 5e-06 0.05 5e-06 0.05 5e-06 0.05 5e-06 0.05 5e-06 0.05 5e-06 0.05 5e-06 0 0 0.005 0.005 0 0.075 0.005 0 5e-06 5e-06 5e-06 0 0.05 5e-06 0.05 5e-06 0.05 5e-06 0.05 5e-06 0.05 5e-06 0.05 5e-06 0.05 5e-06 0.05 5e-06 0.05 5e-06 0.05 5e-06 0.05 5e-06 0 0 0.005 0.005 0 0.075 0.005 0 5e-06 5e-06 5e-06 0 0.05 5e-06 0.05 5e-06 0.05 5e-06 0.05 5e-06 0.05 5e-06 0.05 5e-06 0.05 5e-06 0.05 5e-06 0.05 5e-06 0.05 5e-06 0.05 5e-06 0 0 0.005 0.005 0 0.075 0.005 0 5e-06 5e-06 5e-06 0 0.05 5e-06 0.05 5e-06 0.05 5e-06 0.05 5e-06 0.05 5e-06 0.05 5e-06 0.05 5e-06 0.05 5e-06 0.05 5e-06 0.05 5e-06 0.05 5e-06 0 0 0.005 0.005 0 0.075 0.005 0 5e-06 5e-06 5e-06 0 0.05 5e-06 0.05 5e-06 0.05 5e-06 0.05 5e-06 0.05 5e-06 0.05 5e-06 0.05 5e-06 0.05 5e-06 0.05 5e-06 0.05 5e-06 0.05 5e-06 0 0 0.005 0.005 0 0.075 0.005 0 5e-06 5e-06 5e-06 0 0.05 5e-06 0.05 5e-06 0.05 5e-06 0.05 5e-06 0.05 5e-06 0.05 5e-06 0.05 5e-06 0.05 5e-06 0.05 5e-06 0.05 5e-06 0.05 5e-06 0 0 0.005 0.005 0 0.075 0.005 0 5e-06 5e-06 5e-06 0 0.05 5e-06 0.05 5e-06 0.05 5e-06 0.05 5e-06 0.05 5e-06 0.05 5e-06 0.05 5e-06 0.05 5e-06 0.05 5e-06 0.05 5e-06 0.05 5e-06 0 0 0.005 0.005 0 0.075 0.005 0 5e-06 5e-06 5e-06 0 0.05 5e-06 0.05 5e-06 0.05 5e-06 0.05 5e-06 0.05 5e-06 0.05 5e-06 0.05 5e-06 0.05 5e-06 0.05 5e-06 0.05 5e-06 0.05 5e-06 0 0 0.005 0.005 0 0.075 0.005 0 5e-06 5e-06 5e-06 0 0.05 5e-06 0.05 5e-06 0.05 5e-06 0.05 5e-06 0.05 5e-06 0.05 5e-06 0.05 5e-06 0.05 5e-06 0.05 5e-06 0.05 5e-06 0.05 5e-06 0 0 0.005 0.005 0 0.075 0.005 0 5e-06 5e-06 5e-06 0 0.05 5e-06 0.05 5e-06 0.05 5e-06 0.05 5e-06 0.05 5e-06 0.05 5e-06 0.05 5e-06 0.05 5e-06 0.05 5e-06 0.05 5e-06 0.05 5e-06 0 0 0.005 0.005 0 0.075 0.005 0 5e-06 5e-06 5e-06 0 0.05 5e-06 0.05 5e-06 0.05 5e-06 0.05 5e-06 0.05 5e-06 0.05 5e-06 0.05 5e-06 0.05 5e-06 0.05 5e-06 0.05 5e-06 0.05 5e-06 0 0 0.005 0.005 0 0.075 0.005 0 5e-06 5e-06 5e-06 0 0.05 5e-06 0.05 5e-06 0.05 5e-06 0.05 5e-06 0.05 5e-06 0.05 5e-06 0.05 5e-06 0.05 5e-06 0.05 5e-06 0.05 5e-06 0.05 5e-06 0 0 0.005 0.005 0 0.075 0.005 0 5e-06 5e-06 5e-06 0 0.05 5e-06 0.05 5e-06 0.05 5e-06 0.05 5e-06 0.05 5e-06 0.05 5e-06 0.05 5e-06 0.05 5e-06 0.05 5e-06 0.05 5e-06 0.05 5e-06 0 0 0.005 0.005 0 0.075 0.005 0 5e-06 5e-06 5e-06 0 0.05 5e-06 0.05 5e-06 0.05 5e-06 0.05 5e-06 0.05 5e-06 0.05 5e-06 0.05 5e-06 0.05 5e-06 0.05 5e-06 0.05 5e-06 0.05 5e-06 0 0 0.005 0.005 0 0.075 0.005 0 5e-06 5e-06 5e-06 0 0.05 5e-06 0.05 5e-06 0.05 5e-06 0.05 5e-06 0.05 5e-06 0.05 5e-06 0.05 5e-06 0.05 5e-06 0.05 5e-06 0.05 5e-06 0.05 5e-06 0 0 0.005 0.005 0 0.075 0.005 0 5e-06 5e-06 5e-06 0 0.05 5e-06 0.05 5e-06 0.05 5e-06 0.05 5e-06 0.05 5e-06 0.05 5e-06 0.05 5e-06 0.05 5e-06 0.05 5e-06 0.05 5e-06 0.05 5e-06 0 0 0.005 0.005 0 0.075 0.005 0 5e-06 5e-06 5e-06 0 0.05 5e-06 0.05 5e-06 0.05 5e-06 0.05 5e-06 0.05 5e-06 0.05 5e-06 0.05 5e-06 0.05 5e-06 0.05 5e-06 0.05 5e-06 0.05 5e-06 0 0 0.005 0.005 0 0.075 0.005 0 5e-06 5e-06 5e-06 0 0.05 5e-06 0.05 5e-06 0.05 5e-06 0.05 5e-06 0.05 5e-06 0.05 5e-06 0.05 5e-06 0.05 5e-06 0.05 5e-06 0.05 5e-06 0.05 5e-06 0 0 0.005 0.005 0 0.075 0.005 0 5e-06 5e-06 5e-06 0 0.05 5e-06 0.05 5e-06 0.05 5e-06 0.05 5e-06 0.05 5e-06 0.05 5e-06 0.05 5e-06 0.05 5e-06 0.05 5e-06 0.05 5e-06 0.05 5e-06 0 0 0.005 0.005 0 0.075 0.005 0 5e-06 5e-06 5e-06 0 0.05 5e-06 0.05 5e-06 0.05 5e-06 0.05 5e-06 0.05 5e-06 0.05 5e-06 0.05 5e-06 0.05 5e-06 0.05 5e-06 0.05 5e-06 0.05 5e-06 0 0 0.005 0.005 0 0.075 0.005 0 5e-06 5e-06 5e-06 0 0.05 5e-06 0.05 5e-06 0.05 5e-06 0.05 5e-06 0.05 5e-06 0.05 5e-06 0.05 5e-06 0.05 5e-06 0.05 5e-06 0.05 5e-06 0.05 5e-06 0 0 0.005 0.005 0 0.075 0.005 0 5e-06 5e-06 5e-06 0 0.05 5e-06 0.05 5e-06 0.05 5e-06 0.05 5e-06 0.05 5e-06 0.05 5e-06 0.05 5e-06 0.05 5e-06 0.05 5e-06 0.05 5e-06 0.05 5e-06 0 0 0.005 0.005 0 0.075 0.005 0 5e-06 5e-06 5e-06 0 0.05 5e-06 0.05 5e-06 0.05 5e-06 0.05 5e-06 0.05 5e-06 0.05 5e-06 0.05 5e-06 0.05 5e-06 0.05 5e-06 0.05 5e-06 0.05 5e-06 0 0 0.005 0.005 0 0.075 0.005 0 5e-06 5e-06 5e-06 0 0.05 5e-06 0.05 5e-06 0.05 5e-06 0.05 5e-06 0.05 5e-06 0.05 5e-06 0.05 5e-06 0.05 5e-06 0.05 5e-06 0.05 5e-06 0.05 5e-06 0 0 0.005 0.005 0 0.075 0.005 0 5e-06 5e-06 5e-06 0 0.05 5e-06 0.05 5e-06 0.05 5e-06 0.05 5e-06 0.05 5e-06 0.05 5e-06 0.05 5e-06 0.05 5e-06 0.05 5e-06 0.05 5e-06 0.05 5e-06 0 0 0.005 0.005 0 0.075 0.005 0 5e-06 5e-06 5e-06 0 0.05 5e-06 0.05 5e-06 0.05 5e-06 0.05 5e-06 0.05 5e-06 0.05 5e-06 0.05 5e-06 0.05 5e-06 0.05 5e-06 0.05 5e-06 0.05 5e-06 0 0 0.005 0.005 0 0.075 0.005 0 5e-06 5e-06 5e-06 0 0.05 5e-06 0.05 5e-06 0.05 5e-06 0.05 5e-06 0.05 5e-06 0.05 5e-06 0.05 5e-06 0.05 5e-06 0.05 5e-06 0.05 5e-06 0.05 5e-06 0 0 0.005 0.005 0 0.075 0.005 0 5e-06 5e-06 5e-06 0 0.05 5e-06 0.05 5e-06 0.05 5e-06 0.05 5e-06 0.05 5e-06 0.05 5e-06 0.05 5e-06 0.05 5e-06 0.05 5e-06 0.05 5e-06 0.05 5e-06 0 0 0.005 0.005 0 0.075 0.005 0 5e-06 5e-06 5e-06 0 0.05 5e-06 0.05 5e-06 0.05 5e-06 0.05 5e-06 0.05 5e-06 0.05 5e-06 0.05 5e-06 0.05 5e-06 0.05 5e-06 0.05 5e-06 0.05 5e-06 0 0 0.005 0.005 0 0.075 0.005 0 5e-06 5e-06 5e-06 0 0.05 5e-06 0.05 5e-06 0.05 5e-06 0.05 5e-06 0.05 5e-06 0.05 5e-06 0.05 5e-06 0.05 5e-06 0.05 5e-06 0.05 5e-06 0.05 5e-06 0 0 0.005 0.005 0 0.075 0.005 0 5e-06 5e-06 5e-06 0 0.05 5e-06 0.05 5e-06 0.05 5e-06 0.05 5e-06 0.05 5e-06 0.05 5e-06 0.05 5e-06 0.05 5e-06 0.05 5e-06 0.05 5e-06 0.05 5e-06 0 0 0.005 0.005 0 0.075 0.005 0 5e-06 5e-06 5e-06 0 0.05 5e-06 0.05 5e-06 0.05 5e-06 0.05 5e-06 0.05 5e-06 0.05 5e-06 0.05 5e-06 0.05 5e-06 0.05 5e-06 0.05 5e-06 0.05 5e-06 0 0 0.005 0.005 0 0.075 0.005 0 5e-06 5e-06 5e-06 0 0.05 5e-06 0.05 5e-06 0.05 5e-06 0.05 5e-06 0.05 5e-06 0.05 5e-06 0.05 5e-06 0.05 5e-06 0.05 5e-06 0.05 5e-06 0.05 5e-06 0 0 0.005 0.005 0 0.075 0.005 0 5e-06 5e-06 5e-06 0 0.05 5e-06 0.05 5e-06 0.05 5e-06 0.05 5e-06 0.05 5e-06 0.05 5e-06 0.05 5e-06 0.05 5e-06 0.05 5e-06 0.05 5e-06 0.05 5e-06 0 0 0.005 0.005 0 0.075 0.005 0 5e-06 5e-06 5e-06 0 0.05 5e-06 0.05 5e-06 0.05 5e-06 0.05 5e-06 0.05 5e-06 0.05 5e-06 0.05 5e-06 0.05 5e-06 0.05 5e-06 0.05 5e-06 0.05 5e-06 0 0 0.005 0.005 0 0.075 0.005 0 5e-06 5e-06 5e-06 0 0.05 5e-06 0.05 5e-06 0.05 5e-06 0.05 5e-06 0.05 5e-06 0.05 5e-06 0.05 5e-06 0.05 5e-06 0.05 5e-06 0.05 5e-06 0.05 5e-06 0 0 0.005 0.005 0 0.075 0.005 0 5e-06 5e-06 5e-06 0 0.05 5e-06 0.05 5e-06 0.05 5e-06 0.05 5e-06 0.05 5e-06 0.05 5e-06 0.05 5e-06 0.05 5e-06 0.05 5e-06 0.05 5e-06 0.05 5e-06 0 0 0.005 0.005 0 0.075 0.005 0 5e-06 5e-06 5e-06 0 0.05 5e-06"
Ieee802154Power-2-20260924-21:43:54-1666,attr,Ieee802154Showcase.sensor1.wlan[0].radio.energyConsumer,powerConsumption:vector,interpolationmode,sample-hold,,
Ieee802154Power-2-20260924-21:43:54-1666,attr,Ieee802154Showcase.sensor1.wlan[0].radio.energyConsumer,powerConsumption:vector,recordingmode,vector,,
Ieee802154Power-2-20260924-21:43:54-1666,attr,Ieee802154Showcase.sensor1.wlan[0].radio.energyConsumer,powerConsumption:vector,source,powerConsumptionChanged,,
Ieee802154Power-2-20260924-21:43:54-1666,attr,Ieee802154Showcase.sensor1.wlan[0].radio.energyConsumer,powerConsumption:vector,title,Power consumption,,
Ieee802154Power-2-20260924-21:43:54-1666,attr,Ieee802154Showcase.sensor1.wlan[0].radio.energyConsumer,powerConsumption:vector,unit,W,,
Ieee802154Power-3-20260924-21:43:55-1666,vector,Ieee802154Showcase.sensor1.wlan[0].radio.energyConsumer,powerConsumption:vector,,,"0 0 0 0 0.020028034816 0.020028034816 0.021724034816 0.02191604988 0.02226804988 0.248208353943 0.249904353943 0.250096354028 0.250448354028 0.570911369034 0.572607369034 0.57279937345 0.57315137345 0.606890071254 0.608586071254 0.608778083885 0.609130083885 0.697383683268 0.699079683268 0.699271700294 0.699623700294 0.841357042303 0.841357042303 0.841357042303 0.841357042303 0.841549042303 0.841549042303 0.843245042303 0.843245042303 0.843245042303 0.843245042303 0.843245042303 0.843437093109 0.843437093109 0.843789093109 1.021308034816 1.023004034816 1.02319604988 1.02354804988 1.248208353943 1.249904353943 1.250096354028 1.250448354028 1.569951369034 1.571647369034 1.57183937345 1.57219137345 1.607850071254 1.609546071254 1.609738091494 1.610090091494 1.696743683268 1.698439683268 1.698631700294 1.698983700294 1.840077042303 1.840077042303 1.840077042303 1.840077042303 1.840269042303 1.840269042303 1.841965042303 1.841965042303 1.841965042303 1.841965042303 1.841965042303 1.842157093109 1.842157093109 1.842509093109 2.020668034816 2.022364034816 2.02255604988 2.02290804988 2.250128353943 2.251824353943 2.252016354028 2.252368354028 2.569951369034 2.571647369034 2.57183937345 2.57219137345 2.608170071254 2.609866071254 2.61005809181 2.61041009181 2.697383683268 2.699079683268 2.699271700294 2.699623700294 2.841037042303 2.841037042303 2.841037042303 2.841037042303 2.841229042303 2.841229042303 2.842925042303 2.842925042303 2.842925042303 2.842925042303 2.842925042303 2.843117093109 2.843117093109 2.843469093109 3.020348034816 3.022044034816 3.02223604988 3.02258804988 3.249168353943 3.250864353943 3.251056354028 3.251408354028 3.571871369034 3.573567369034 3.57375937345 3.57411137345 3.606570071254 3.608266071254 3.608458071943 3.608810071943 3.695783683268 3.697479683268 3.697671700294 3.698023700294 3.841037042303 3.841037042303 3.841037042303 3.841037042303 3.841229042303 3.841229042303 3.842925042303 3.842925042303 3.842925042303 3.842925042303 3.842925042303 3.843117093109 3.843117093109 3.843469093109 4.019068034816 4.020764034816 4.02095604988 4.02130804988 4.249808353943 4.251504353943 4.251696354028 4.252048354028 4.571551369034 4.573247369034 4.57343937345 4.57379137345 4.608170071254 4.609866071254 4.610058071943 4.610410071943 4.696423683268 4.698119683268 4.698311700294 4.698663700294 4.841357042303 4.841357042303 4.841357042303 4.841357042303 4.841549042303 4.841549042303 4.843245042303 4.843245042303 4.843245042303 4.843245042303 4.843245042303 4.843437093109 4.843437093109 4.843789093109 5.019708034816 5.021404034816 5.02159604988 5.02194804988 5.249488353943 5.251184353943 5.251376354028 5.251728354028 5.569631369034 5.571327369034 5.57151937345 5.57187137345 5.606570071254 5.608266071254 5.608458109437 5.608810109437 5.695783683268 5.697479683268 5.697671700294 5.698023700294 5.840077042303 5.840077042303 5.840077042303 5.840077042303 5.840269042303 5.840269042303 5.841965042303 5.841965042303 5.841965042303 5.841965042303 5.841965042303 5.842157093109 5.842157093109 5.842509093109 6.020028034816 6.021724034816 6.02191604988 6.02226804988 6.249808353943 6.251504353943 6.251696354028 6.252048354028 6.569631369034 6.571327369034 6.57151937345 6.57187137345 6.608810071254 6.610506071254 6.610698071943 6.611050071943 6.695143683268 6.696839683268 6.697031700294 6.697383700294 6.840397042303 6.840397042303 6.840397042303 6.840397042303 6.840589042303 6.840589042303 6.842285042303 6.842285042303 6.842285042303 6.842285042303 6.842285042303 6.842477093109 6.842477093109 6.842829093109 7.021308034816 7.023004034816 7.02319604988 7.02354804988 7.249488353943 7.251184353943 7.251376354028 7.251728354028 7.571871369034 7.573567369034 7.57375937345 7.57411137345 7.607850071254 7.609546071254 7.609738110127 7.610090110127 7.695143683268 7.696839683268 7.697031700294 7.697383700294 7.841357042303 7.841357042303 7.841357042303 7.841357042303 7.841549042303 7.841549042303 7.843245042303 7.843245042303 7.843245042303 7.843245042303 7.843245042303 7.843437093109 7.843437093109 7.843789093109 8.020348034816 8.022044034816 8.02223604988 8.02258804988 8.249168353943 8.250864353943 8.251056354028 8.251408354028 8.569631369034 8.571327369034 8.57151937345 8.57187137345 8.607210071254 8.608906071254 8.609098071943 8.609450071943 8.695783683268 8.697479683268 8.697671700294 8.698023700294 8.841037042303 8.841037042303 8.841037042303 8.841037042303 8.841229042303 8.841229042303 8.842925042303 8.842925042303 8.842925042303 8.842925042303 8.842925042303 8.843117093109 8.843117093109 8.843469093109 9.019708034816 9.021404034816 9.02159604988 9.02194804988 9.248528353943 9.250224353943 9.250416354028 9.250768354028 9.571871369034 9.573567369034 9.57375937345 9.57411137345 9.608810071254 9.610506071254 9.610698091494 9.611050091494 9.696423683268 9.698119683268 9.698311700294 9.698663700294 9.840397042303 9.840397042303 9.840397042303 9.840397042303 9.840589042303 9.840589042303 9.842285042303 9.842285042303 9.842285042303 9.842285042303 9.842285042303 9.842477093109 9.842477093109 9.842829093109 10.020348034816 10.022044034816 10.02223604988 10.02258804988 10.250448353943 10.252144353943 10.252336354028 10.252688354028 10.569951369034 10.571647369034 10.57183937345 10.57219137345 10.606570071254 10.608266071254 10.608458110127 10.608810110127 10.696423683268 10.698119683268 10.698311700294 10.698663700294 10.840077042303 10.840077042303 10.840077042303 10.840077042303 10.840269042303 10.840269042303 10.841965042303 10.841965042303 10.841965042303 10.841965042303 10.841965042303 10.842157093109 10.842157093109 10.842509093109 11.020668034816 11.022364034816 11.02255604988 11.02290804988 11.248208353943 11.249904353943 11.250096354028 11.250448354028 11.569631369034 11.571327369034 11.57151937345 11.57187137345 11.608490071254 11.610186071254 11.610378071943 11.610730071943 11.696103683268 11.697799683268 11.697991700294 11.698343700294 11.840397042303 11.840397042303 11.840397042303 11.840397042303 11.840589042303 11.840589042303 11.842285042303 11.842285042303 11.842285042303 11.842285042303 11.842285042303 11.842477093109 11.842477093109 11.842829093109 12.019708034816 12.021404034816 12.02159604988 12.02194804988 12.249808353943 12.251504353943 12.251696354028 12.252048354028 12.571871369034 12.573567369034 12.57375937345 12.57411137345 12.606890071254 12.608586071254 12.608778085019 12.609130085019 12.695463683268 12.697159683268 12.697351700294 12.697703700294 12.840077042303 12.840077042303 12.840077042303 12.840077042303 12.840269042303 12.840269042303 12.841965042303 12.841965042303 12.841965042303 12.841965042303 12.841965042303 12.842157093109 12.842157093109 12.842509093109 13.020988034816 13.022684034816 13.02287604988 13.02322804988 13.250448353943 13.252144353943 13.252336354028 13.252688354028 13.570911369034 13.572607369034 13.57279937345 13.57315137345 13.607210071254 13.608906071254 13.60909809426 13.60945009426 13.696423683268 13.698119683268 13.698311700294 13.698663700294 13.840077042303 13.840077042303 13.840077042303 13.840077042303 13.840269042303 13.840269042303 13.841965042303 13.841965042303 13.841965042303 13.841965042303 13.841965042303 13.842157093109 13.842157093109 13.842509093109 14.020988034816 14.022684034816 14.02287604988 14.02322804988 14.250128353943 14.251824353943 14.252016354028 14.252368354028 14.570911369034 14.572607369034 14.57279937345 14.57315137345 14.608170071254 14.609866071254 14.610058071943 14.610410071943 14.697383683268 14.699079683268 14.699271700294 14.699623700294 14.842317042303 14.842317042303 14.842317042303 14.842317042303 14.842509042303 14.842509042303 14.844205042303 14.844205042303 14.844205042303 14.844205042303 14.844205042303 14.844397093109 14.844397093109 14.844749093109 15.021308034816 15.023004034816 15.02319604988 15.02354804988 15.248528353943 15.250224353943 15.250416354028 15.250768354028 15.571231369034 15.572927369034 15.57311937345 15.57347137345 15.607210071254 15.608906071254 15.609098110127 15.609450110127 15.696423683268 15.698119683268 15.698311700294 15.698663700294 15.841997042303 15.841997042303 15.841997042303 15.841997042303 15.842189042303 15.842189042303 15.843885042303 15.843885042303 15.843885042303 15.843885042303 15.843885042303 15.844077093109 15.844077093109 15.844429093109 16.020348034816 16.022044034816 16.02223604988 16.02258804988 16.249168353943 16.250864353943 16.251056354028 16.251408354028 16.571231369034 16.572927369034 16.57311937345 16.57347137345 16.607850071254 16.609546071254 16.609738085019 16.610090085019 16.697063683268 16.698759683268 16.698951700294 16.699303700294 16.840397042303 16.840397042303 16.840397042303 16.840397042303 16.840589042303 16.840589042303 16.842285042303 16.842285042303 16.842285042303 16.842285042303 16.842285042303 16.842477093109 16.842477093109 16.842829093109 17.020668034816 17.022364034816 17.02255604988 17.02290804988 17.248208353943 17.249904353943 17.250096354028 17.250448354028 17.571871369034 17.573567369034 17.57375937345 17.57411137345 17.608810071254 17.610506071254 17.610698109437 17.611050109437 17.695143683268 17.696839683268 17.697031700294 17.697383700294 17.841997042303 17.841997042303 17.841997042303 17.841997042303 17.842189042303 17.842189042303 17.843885042303 17.843885042303 17.843885042303 17.843885042303 17.843885042303 17.844077093109 17.844077093109 17.844429093109 18.020348034816 18.022044034816 18.02223604988 18.02258804988 18.249488353943 18.251184353943 18.251376354028 18.251728354028 18.571551369034 18.573247369034 18.57343937345 18.57379137345 18.607530071254 18.609226071254 18.609418091494 18.609770091494 18.696743683268 18.698439683268 18.698631700294 18.698983700294 18.840397042303 18.840397042303 18.840397042303 18.840397042303 18.840589042303 18.840589042303 18.842285042303 18.842285042303 18.842285042303 18.842285042303 18.842285042303 18.842477093109 18.842477093109 18.842829093109 19.019388034816 19.021084034816 19.02127604988 19.02162804988 19.249168353943 19.250864353943 19.251056354028 19.251408354028 19.569631369034 19.571327369034 19.57151937345 19.57187137345 19.607530071254 19.609226071254 19.60941809181 19.60977009181 19.696743683268 19.698439683268 19.698631700294 19.698983700294 19.840077042303 19.840077042303 19.840077042303 19.840077042303 19.840269042303 19.840269042303 19.841965042303 19.841965042303 19.841965042303 19.841965042303 19.841965042303 19.842157093109 19.842157093109 19.842509093109 20.020988034816 20.022684034816 20.02287604988 20.02322804988 20.250448353943 20.252144353943 20.252336354028 20.252688354028 20.570271369034 20.571967369034 20.57215937345 20.57251137345 20.607210071254 20.608906071254 20.60909809426 20.60945009426 20.697063683268 20.698759683268 20.698951700294 20.699303700294 20.840717042303 20.840717042303 20.840717042303 20.840717042303 20.840909042303 20.840909042303 20.842605042303 20.842605042303 20.842605042303 20.842605042303 20.842605042303 20.842797093109 20.842797093109 20.843149093109 21.020988034816 21.022684034816 21.02287604988 21.02322804988 21.249488353943 21.251184353943 21.251376354028 21.251728354028 21.571551369034 21.573247369034 21.57343937345 21.57379137345 21.606890071254 21.608586071254 21.608778085019 21.609130085019 21.696743683268 21.698439683268 21.698631700294 21.698983700294 21.841357042303 21.841357042303 21.841357042303 21.841357042303 21.841549042303 21.841549042303 21.843245042303 21.843245042303 21.843245042303 21.843245042303 21.843245042303 21.843437093109 21.843437093109 21.843789093109 22.020668034816 22.022364034816 22.02255604988 22.02290804988 22.248528353943 22.250224353943 22.250416354028 22.250768354028 22.570911369034 22.572607369034 22.57279937345 22.57315137345 22.608810071254 22.610506071254 22.610698091494 22.611050091494 22.696743683268 22.698439683268 22.698631700294 22.698983700294 22.840077042303 22.840077042303 22.840077042303 22.840077042303 22.840269042303 22.840269042303 22.841965042303 22.841965042303 22.841965042303 22.841965042303 22.841965042303 22.842157093109 22.842157093109 22.842509093109 23.020348034816 23.022044034816 23.02223604988 23.02258804988 23.249168353943 23.250864353943 23.251056354028 23.251408354028 23.571231369034 23.572927369034 23.57311937345 23.57347137345 23.607850071254 23.609546071254 23.609738083885 23.610090083885 23.696103683268 23.697799683268 23.697991700294 23.698343700294 23.841357042303 23.841357042303 23.841357042303 23.841357042303 23.841549042303 23.841549042303 23.843245042303 23.843245042303 23.843245042303 23.843245042303 23.843245042303 23.843437093109 23.843437093109 23.843789093109 24.020028034816 24.021724034816 24.02191604988 24.02226804988 24.250448353943 24.252144353943 24.252336354028 24.252688354028 24.570271369034 24.571967369034 24.57215937345 24.57251137345 24.608810071254 24.610506071254 24.610698071943 24.611050071943 24.696743683268 24.698439683268 24.698631700294 24.698983700294 24.841997042303 24.841997042303 24.841997042303 24.841997042303 24.842189042303 24.842189042303 24.843885042303 24.843885042303 24.843885042303 24.843885042303 24.843885042303 24.844077093109 24.844077093109 24.844429093109 25.020028034816 25.021724034816 25.02191604988 25.02226804988 25.249168353943 25.250864353943 25.251056354028 25.251408354028 25.571231369034 25.572927369034 25.57311937345 25.57347137345 25.607850071254 25.609546071254 25.609738083885 25.610090083885 25.697383683268 25.699079683268 25.699271700294 25.699623700294 25.841357042303 25.841357042303 25.841357042303 25.841357042303 25.841549042303 25.841549042303 25.843245042303 25.843245042303 25.843245042303 25.843245042303 25.843245042303 25.843437093109 25.843437093109 25.843789093109 26.019708034816 26.021404034816 26.02159604988 26.02194804988 26.250128353943 26.251824353943 26.252016354028 26.252368354028 26.570591369034 26.572287369034 26.57247937345 26.57283137345 26.608170071254 26.609866071254 26.610058109437 26.610410109437 26.697383683268 26.699079683268 26.699271700294 26.699623700294 26.841677042303 26.841677042303 26.841677042303 26.841677042303 26.841869042303 26.841869042303 26.843565042303 26.843565042303 26.843565042303 26.843565042303 26.843565042303 26.843757093109 26.843757093109 26.844109093109 27.019068034816 27.020764034816 27.02095604988 27.02130804988 27.249488353943 27.251184353943 27.251376354028 27.251728354028 27.569951369034 27.571647369034 27.57183937345 27.57219137345 27.607210071254 27.608906071254 27.609098109437 27.609450109437 27.696423683268 27.698119683268 27.698311700294 27.698663700294 27.840717042303 27.840717042303 27.840717042303 27.840717042303 27.840909042303 27.840909042303 27.842605042303 27.842605042303 27.842605042303 27.842605042303 27.842605042303 27.842797093109 27.842797093109 27.843149093109 28.020668034816 28.022364034816 28.02255604988 28.02290804988 28.248208353943 28.249904353943 28.250096354028 28.250448354028 28.571231369034 28.572927369034 28.57311937345 28.57347137345 28.607850071254 28.609546071254 28.60973809426 28.61009009426 28.696743683268 28.698439683268 28.698631700294 28.698983700294 28.841677042303 28.841677042303 28.841677042303 28.841677042303 28.841869042303 28.841869042303 28.843565042303 28.843565042303 28.843565042303 28.843565042303 28.843565042303 28.843757093109 28.843757093109 28.844109093109 29.021308034816 29.023004034816 29.02319604988 29.02354804988 29.250128353943 29.251824353943 29.252016354028 29.252368354028 29.571231369034 29.572927369034 29.57311937345 29.57347137345 29.606890071254 29.608586071254 29.608778071943 29.609130071943 29.697383683268 29.699079683268 29.699271700294 29.699623700294 29.841037042303 29.841037042303 29.841037042303 29.841037042303 29.841229042303 29.841229042303 29.842925042303 29.842925042303 29.842925042303 29.842925042303 29.842925042303 29.843117093109 29.843117093109 29.843469093109 30.020668034816 30.022364034816 30.02255604988 30.02290804988 30.249168353943 30.250864353943 30.251056354028 30.251408354028 30.571551369034 30.573247369034 30.57343937345 30.57379137345 30.608490071254 30.610186071254 30.61037809426 30.61073009426 30.696103683268 30.697799683268 30.697991700294 30.698343700294 30.840397042303 30.840397042303 30.840397042303 30.840397042303 30.840589042303 30.840589042303 30.842285042303 30.842285042303 30.842285042303 30.842285042303 30.842285042303 30.842477093109 30.842477093109 30.842829093109 31.020668034816 31.022364034816 31.02255604988 31.02290804988 31.250128353943 31.251824353943 31.252016354028 31.252368354028 31.571871369034 31.573567369034 31.57375937345 31.57411137345 31.608490071254 31.610186071254 31.610378071943 31.610730071943 31.696743683268 31.698439683268 31.698631700294 31.698983700294 31.842317042303 31.842317042303 31.842317042303 31.842317042303 31.842509042303 31.842509042303 31.844205042303 31.844205042303 31.844205042303 31.844205042303 31.844205042303 31.844397093109 31.844397093109 31.844749093109 32.019068034816 32.020764034816 32.02095604988 32.02130804988 32.248848353943 32.250544353943 32.250736354028 32.251088354028 32.571551369034 32.573247369034 32.57343937345 32.57379137345 32.607530071254 32.609226071254 32.609418091494 32.609770091494 32.696743683268 32.698439683268 32.698631700294 32.698983700294 32.841677042303 32.841677042303 32.841677042303 32.841677042303 32.841869042303 32.841869042303 32.843565042303 32.843565042303 32.843565042303 32.843565042303 32.843565042303 32.843757093109 32.843757093109 32.844109093109 33.020348034816 33.022044034816 33.02223604988 33.02258804988 33.248528353943 33.250224353943 33.250416354028 33.250768354028 33.570911369034 33.572607369034 33.57279937345 33.57315137345 33.607210071254 33.608906071254 33.609098085019 33.609450085019 33.696103683268 33.697799683268 33.697991700294 33.698343700294 33.840717042303 33.840717042303 33.840717042303 33.840717042303 33.840909042303 33.840909042303 33.842605042303 33.842605042303 33.842605042303 33.842605042303 33.842605042303 33.842797093109 33.842797093109 33.843149093109 34.020028034816 34.021724034816 34.02191604988 34.02226804988 34.249808353943 34.251504353943 34.251696354028 34.252048354028 34.571551369034 34.573247369034 34.57343937345 34.57379137345 34.608490071254 34.610186071254 34.61037809426 34.61073009426 34.695783683268 34.697479683268 34.697671700294 34.698023700294 34.841357042303 34.841357042303 34.841357042303 34.841357042303 34.841549042303 34.841549042303 34.843245042303 34.843245042303 34.843245042303 34.843245042303 34.843245042303 34.843437093109 34.843437093109 34.843789093109 35.020028034816 35.021724034816 35.02191604988 35.02226804988 35.248848353943 35.250544353943 35.250736354028 35.251088354028 35.569951369034 35.571647369034 35.57183937345 35.57219137345 35.607850071254 35.609546071254 35.609738091494 35.610090091494 35.696743683268 35.698439683268 35.698631700294 35.698983700294 35.841037042303 35.841037042303 35.841037042303 35.841037042303 35.841229042303 35.841229042303 35.842925042303 35.842925042303 35.842925042303 35.842925042303 35.842925042303 35.843117093109 35.843117093109 35.843469093109 36.019708034816 36.021404034816 36.02159604988 36.02194804988 36.249808353943 36.251504353943 36.251696354028 36.252048354028 36.569951369034 36.571647369034 36.57183937345 36.57219137345 36.607530071254 36.609226071254 36.609418110127 36.609770110127 36.696103683268 36.697799683268 36.697991700294 36.698343700294 36.840397042303 36.840397042303 36.840397042303 36.840397042303 36.840589042303 36.840589042303 36.842285042303 36.842285042303 36.842285042303 36.842285042303 36.842285042303 36.842477093109 36.842477093109 36.842829093109 37.020668034816 37.022364034816 37.02255604988 37.02290804988 37.250448353943 37.252144353943 37.252336354028 37.252688354028 37.570911369034 37.572607369034 37.57279937345 37.57315137345 37.608490071254 37.610186071254 37.610378083885 37.610730083885 37.695783683268 37.697479683268 37.697671700294 37.698023700294 37.841037042303 37.841037042303 37.841037042303 37.841037042303 37.841229042303 37.841229042303 37.842925042303 37.842925042303 37.842925042303 37.842925042303 37.842925042303 37.843117093109 37.843117093109 37.843469093109 38.019388034816 38.021084034816 38.02127604988 38.02162804988 38.249488353943 38.251184353943 38.251376354028 38.251728354028 38.571551369034 38.573247369034 38.57343937345 38.57379137345 38.608490071254 38.610186071254 38.61037809426 38.61073009426 38.696423683268 38.698119683268 38.698311700294 38.698663700294 38.842317042303 38.842317042303 38.842317042303 38.842317042303 38.842509042303 38.842509042303 38.844205042303 38.844205042303 38.844205042303 38.844205042303 38.844205042303 38.844397093109 38.844397093109 38.844749093109 39.019068034816 39.020764034816 39.02095604988 39.02130804988 39.248848353943 39.250544353943 39.250736354028 39.251088354028 39.569631369034 39.571327369034 39.57151937345 39.57187137345 39.607850071254 39.609546071254 39.60973809181 39.61009009181 39.696103683268 39.697799683268 39.697991700294 39.698343700294 39.840077042303 39.840077042303 39.840077042303 39.840077042303 39.840269042303 39.840269042303 39.841965042303 39.841965042303 39.841965042303 39.841965042303 39.841965042303 39.842157093109 39.842157093109 39.842509093109 40.019708034816 40.021404034816 40.02159604988 40.02194804988 40.248208353943 40.249904353943 40.250096354028 40.250448354028 40.570271369034 40.571967369034 40.57215937345 40.57251137345 40.607210071254 40.608906071254 40.609098071943 40.609450071943 40.696423683268 40.698119683268 40.698311700294 40.698663700294 40.840077042303 40.840077042303 40.840077042303 40.840077042303 40.840269042303 40.840269042303 40.841965042303 40.841965042303 40.841965042303 40.841965042303 40.841965042303 40.842157093109 40.842157093109 40.842509093109 41.021308034816 41.023004034816 41.02319604988 41.02354804988 41.248528353943 41.250224353943 41.250416354028 41.250768354028 41.570591369034 41.572287369034 41.57247937345 41.57283137345 41.607850071254 41.609546071254 41.609738083885 41.610090083885 41.697063683268 41.698759683268 41.698951700294 41.699303700294 41.841357042303 41.841357042303 41.841357042303 41.841357042303 41.841549042303 41.841549042303 41.843245042303 41.843245042303 41.843245042303 41.843245042303 41.843245042303 41.843437093109 41.843437093109 41.843789093109 42.020348034816 42.022044034816 42.02223604988 42.02258804988 42.249168353943 42.250864353943 42.251056354028 42.251408354028 42.571551369034 42.573247369034 42.57343937345 42.57379137345 42.606890071254 42.608586071254 42.608778110127 42.609130110127 42.696103683268 42.697799683268 42.697991700294 42.698343700294 42.841997042303 42.841997042303 42.841997042303 42.841997042303 42.842189042303 42.842189042303 42.843885042303 42.843885042303 42.843885042303 42.843885042303 42.843885042303 42.844077093109 42.844077093109 42.844429093109 43.019388034816 43.021084034816 43.02127604988 43.02162804988 43.248528353943 43.250224353943 43.250416354028 43.250768354028 43.569951369034 43.571647369034 43.57183937345 43.57219137345 43.606570071254 43.608266071254 43.608458110127 43.608810110127 43.695463683268 43.697159683268 43.697351700294 43.697703700294 43.840077042303 43.840077042303 43.840077042303 43.840077042303 43.840269042303 43.840269042303 43.841965042303 43.841965042303 43.841965042303 43.841965042303 43.841965042303 43.842157093109 43.842157093109 43.842509093109 44.020668034816 44.022364034816 44.02255604988 44.02290804988 44.249488353943 44.251184353943 44.251376354028 44.251728354028 44.571231369034 44.572927369034 44.57311937345 44.57347137345 44.606570071254 44.608266071254 44.60845809426 44.60881009426 44.695783683268 44.697479683268 44.697671700294 44.698023700294 44.841357042303 44.841357042303 44.841357042303 44.841357042303 44.841549042303 44.841549042303 44.843245042303 44.843245042303 44.843245042303 44.843245042303 44.843245042303 44.843437093109 44.843437093109 44.843789093109 45.021308034816 45.023004034816 45.02319604988 45.02354804988 45.250128353943 45.251824353943 45.252016354028 45.252368354028 45.571871369034 45.573567369034 45.57375937345 45.57411137345 45.606890071254 45.608586071254 45.60877809181 45.60913009181 45.696743683268 45.698439683268 45.698631700294 45.698983700294 45.841357042303 45.841357042303 45.841357042303 45.841357042303 45.841549042303 45.841549042303 45.843245042303 45.843245042303 45.843245042303 45.843245042303 45.843245042303 45.843437093109 45.843437093109 45.843789093109 46.020348034816 46.022044034816 46.02223604988 46.02258804988 46.249488353943 46.251184353943 46.251376354028 46.251728354028 46.571871369034 46.573567369034 46.57375937345 46.57411137345 46.608170071254 46.609866071254 46.61005809181 46.61041009181 46.697063683268 46.698759683268 46.698951700294 46.699303700294 46.840397042303 46.840397042303 46.840397042303 46.840397042303 46.840589042303 46.840589042303 46.842285042303 46.842285042303 46.842285042303 46.842285042303 46.842285042303 46.842477093109 46.842477093109 46.842829093109 47.019708034816 47.021404034816 47.02159604988 47.02194804988 47.249488353943 47.251184353943 47.251376354028 47.251728354028 47.570591369034 47.572287369034 47.57247937345 47.57283137345 47.606570071254 47.608266071254 47.608458091494 47.608810091494 47.695143683268 47.696839683268 47.697031700294 47.697383700294 47.841997042303 47.841997042303 47.841997042303 47.841997042303 47.842189042303 47.842189042303 47.843885042303 47.843885042303 47.843885042303 47.843885042303 47.843885042303 47.844077093109 47.844077093109 47.844429093109 48.020028034816 48.021724034816 48.02191604988 48.02226804988 48.250448353943 48.252144353943 48.252336354028 48.252688354028 48.569951369034 48.571647369034 48.57183937345 48.57219137345 48.606570071254 48.608266071254 48.608458083885 48.608810083885 48.695783683268 48.697479683268 48.697671700294 48.698023700294 48.841357042303 48.841357042303 48.841357042303 48.841357042303 48.841549042303 48.841549042303 48.843245042303 48.843245042303 48.843245042303 48.843245042303 48.843245042303 48.843437093109 48.843437093109 48.843789093109 49.019068034816 49.020764034816 49.02095604988 49.02130804988 49.249488353943 49.251184353943 49.251376354028 49.251728354028 49.570911369034 49.572607369034 49.57279937345 49.57315137345 49.608490071254 49.610186071254 49.610378071943 49.610730071943 49.697063683268 49.698759683268 49.698951700294 49.699303700294 49.841997042303 49.841997042303 49.841997042303 49.841997042303 49.842189042303 49.842189042303 49.843885042303 49.843885042303 49.843885042303 49.843885042303 49.843885042303 49.844077093109 49.844077093109 49.844429093109 50.020028034816 50.021724034816 50.02191604988 50.02226804988 50.249488353943 50.251184353943 50.251376354028 50.251728354028 50.570911369034 50.572607369034 50.57279937345 50.57315137345 50.606570071254 50.608266071254 50.60845809426 50.60881009426 50.695783683268 50.697479683268 50.697671700294 50.698023700294 50.840717042303 50.840717042303 50.840717042303 50.840717042303 50.840909042303 50.840909042303 50.842605042303 50.842605042303 50.842605042303 50.842605042303 50.842605042303 50.842797093109 50.842797093109 50.843149093109 51.019708034816 51.021404034816 51.02159604988 51.02194804988 51.248208353943 51.249904353943 51.250096354028 51.250448354028 51.570911369034 51.572607369034 51.57279937345 51.57315137345 51.608170071254 51.609866071254 51.61005809181 51.61041009181 51.697063683268 51.698759683268 51.698951700294 51.699303700294 51.840397042303 51.840397042303 51.840397042303 51.840397042303 51.840589042303 51.840589042303 51.842285042303 51.842285042303 51.842285042303 51.842285042303 51.842285042303 51.842477093109 51.842477093109 51.842829093109 52.020668034816 52.022364034816 52.02255604988 52.02290804988 52.249808353943 52.251504353943 52.251696354028 52.252048354028 52.570911369034 52.572607369034 52.57279937345 52.57315137345 52.606890071254 52.608586071254 52.608778085019 52.609130085019 52.697063683268 52.698759683268 52.698951700294 52.699303700294 52.840717042303 52.840717042303 52.840717042303 52.840717042303 52.840909042303 52.840909042303 52.842605042303 52.842605042303 52.842605042303 52.842605042303 52.842605042303 52.842797093109 52.842797093109 52.843149093109 53.019388034816 53.021084034816 53.02127604988 53.02162804988 53.248208353943 53.249904353943 53.250096354028 53.250448354028 53.571231369034 53.572927369034 53.57311937345 53.57347137345 53.608170071254 53.609866071254 53.610058085019 53.610410085019 53.697383683268 53.699079683268 53.699271700294 53.699623700294 53.840397042303 53.840397042303 53.840397042303 53.840397042303 53.840589042303 53.840589042303 53.842285042303 53.842285042303 53.842285042303 53.842285042303 53.842285042303 53.842477093109 53.842477093109 53.842829093109 54.020348034816 54.022044034816 54.02223604988 54.02258804988 54.250128353943 54.251824353943 54.252016354028 54.252368354028 54.570271369034 54.571967369034 54.57215937345 54.57251137345 54.606890071254 54.608586071254 54.608778083885 54.609130083885 54.696743683268 54.698439683268 54.698631700294 54.698983700294 54.842317042303 54.842317042303 54.842317042303 54.842317042303 54.842509042303 54.842509042303 54.844205042303 54.844205042303 54.844205042303 54.844205042303 54.844205042303 54.844397093109 54.844397093109 54.844749093109 55.021308034816 55.023004034816 55.02319604988 55.02354804988 55.248208353943 55.249904353943 55.250096354028 55.250448354028 55.569951369034 55.571647369034 55.57183937345 55.57219137345 55.607210071254 55.608906071254 55.60909809426 55.60945009426 55.696423683268 55.698119683268 55.698311700294 55.698663700294 55.842317042303 55.842317042303 55.842317042303 55.842317042303 55.842509042303 55.842509042303 55.844205042303 55.844205042303 55.844205042303 55.844205042303 55.844205042303 55.844397093109 55.844397093109 55.844749093109 56.020028034816 56.021724034816 56.02191604988 56.02226804988 56.248848353943 56.250544353943 56.250736354028 56.251088354028 56.571231369034 56.572927369034 56.57311937345 56.57347137345 56.607850071254 56.609546071254 56.609738083885 56.610090083885 56.695143683268 56.696839683268 56.697031700294 56.697383700294 56.840077042303 56.840077042303 56.840077042303 56.840077042303 56.840269042303 56.840269042303 56.841965042303 56.841965042303 56.841965042303 56.841965042303 56.841965042303 56.842157093109 56.842157093109 56.842509093109 57.021308034816 57.023004034816 57.02319604988 57.02354804988 57.248208353943 57.249904353943 57.250096354028 57.250448354028 57.569951369034 57.571647369034 57.57183937345 57.57219137345 57.607530071254 57.609226071254 57.60941809426 57.60977009426 57.695143683268 57.696839683268 57.697031700294 57.697383700294 57.841037042303 57.841037042303 57.841037042303 57.841037042303 57.841229042303 57.841229042303 57.842925042303 57.842925042303 57.842925042303 57.842925042303 57.842925042303 57.843117093109 57.843117093109 57.843469093109 58.020668034816 58.022364034816 58.02255604988 58.02290804988 58.250448353943 58.252144353943 58.252336354028 58.252688354028 58.569951369034 58.571647369034 58.57183937345 58.57219137345 58.607530071254 58.609226071254 58.609418091494 58.609770091494 58.696423683268 58.698119683268 58.698311700294 58.698663700294 58.841357042303 58.841357042303 58.841357042303 58.841357042303 58.841549042303 58.841549042303 58.843245042303 58.843245042303 58.843245042303 58.843245042303 58.843245042303 58.843437093109 58.843437093109 58.843789093109 59.019388034816 59.021084034816 59.02127604988 59.02162804988 59.248208353943 59.249904353943 59.250096354028 59.250448354028 59.570591369034 59.572287369034 59.57247937345 59.57283137345 59.607530071254 59.609226071254 59.609418071943 59.609770071943 59.696743683268 59.698439683268 59.698631700294 59.698983700294 59.841677042303 59.841677042303 59.841677042303 59.841677042303 59.841869042303 59.841869042303 59.843565042303 59.843565042303 59.843565042303 59.843565042303 59.843565042303 59.843757093109 59.843757093109 59.844109093109 60.019708034816 60.021404034816 60.02159604988 60.02194804988 60.248528353943 60.250224353943 60.250416354028 60.250768354028 60.570591369034 60.572287369034 60.57247937345 60.57283137345 60.607210071254 60.608906071254 60.609098071943 60.609450071943 60.696423683268 60.698119683268 60.698311700294 60.698663700294 60.841037042303 60.841037042303 60.841037042303 60.841037042303 60.841229042303 60.841229042303 60.842925042303 60.842925042303 60.842925042303 60.842925042303 60.842925042303 60.843117093109 60.843117093109 60.843469093109 61.020988034816 61.022684034816 61.02287604988 61.02322804988 61.248848353943 61.250544353943 61.250736354028 61.251088354028 61.570911369034 61.572607369034 61.57279937345 61.57315137345 61.606890071254 61.608586071254 61.608778109437 61.609130109437 61.697383683268 61.699079683268 61.699271700294 61.699623700294 61.840397042303 61.840397042303 61.840397042303 61.840397042303 61.840589042303 61.840589042303 61.842285042303 61.842285042303 61.842285042303 61.842285042303 61.842285042303 61.842477093109 61.842477093109 61.842829093109 62.020988034816 62.022684034816 62.02287604988 62.02322804988 62.249168353943 62.250864353943 62.251056354028 62.251408354028 62.571551369034 62.573247369034 62.57343937345 62.57379137345 62.606890071254 62.608586071254 62.608778071943 62.609130071943 62.697063683268 62.698759683268 62.698951700294 62.699303700294 62.841357042303 62.841357042303 62.841357042303 62.841357042303 62.841549042303 62.841549042303 62.843245042303 62.843245042303 62.843245042303 62.843245042303 62.843245042303 62.843437093109 62.843437093109 62.843789093109 63.019708034816 63.021404034816 63.02159604988 63.02194804988 63.248208353943 63.249904353943 63.250096354028 63.250448354028 63.570911369034 63.572607369034 63.57279937345 63.57315137345 63.608490071254 63.610186071254 63.610378071943 63.610730071943 63.696423683268 63.698119683268 63.698311700294 63.698663700294 63.840397042303 63.840397042303 63.840397042303 63.840397042303 63.840589042303 63.840589042303 63.842285042303 63.842285042303 63.842285042303 63.842285042303 63.842285042303 63.842477093109 63.842477093109 63.842829093109 64.020988034816 64.022684034816 64.02287604988 64.02322804988 64.249488353943 64.251184353943 64.251376354028 64.251728354028 64.571551369034 64.573247369034 64.57343937345 64.57379137345 64.607850071254 64.609546071254 64.609738109437 64.610090109437 64.695463683268 64.697159683268 64.697351700294 64.697703700294 64.841677042303 64.841677042303 64.841677042303 64.841677042303 64.841869042303 64.841869042303 64.843565042303 64.843565042303 64.843565042303 64.843565042303 64.843565042303 64.843757093109 64.843757093109 64.844109093109 65.020348034816 65.022044034816 65.02223604988 65.02258804988 65.250128353943 65.251824353943 65.252016354028 65.252368354028 65.571551369034 65.573247369034 65.57343937345 65.57379137345 65.608810071254 65.610506071254 65.610698109437 65.611050109437 65.695783683268 65.697479683268 65.697671700294 65.698023700294 65.840717042303 65.840717042303 65.840717042303 65.840717042303 65.840909042303 65.840909042303 65.842605042303 65.842605042303 65.842605042303 65.842605042303 65.842605042303 65.842797093109 65.842797093109 65.843149093109 66.020668034816 66.022364034816 66.02255604988 66.02290804988 66.248528353943 66.250224353943 66.250416354028 66.250768354028 66.570911369034 66.572607369034 66.57279937345 66.57315137345 66.608170071254 66.609866071254 66.610058071943 66.610410071943 66.695783683268 66.697479683268 66.697671700294 66.698023700294 66.842317042303 66.842317042303 66.842317042303 66.842317042303 66.842509042303 66.842509042303 66.844205042303 66.844205042303 66.844205042303 66.844205042303 66.844205042303 66.844397093109 66.844397093109 66.844749093109 67.020028034816 67.021724034816 67.02191604988 67.02226804988 67.250448353943 67.252144353943 67.252336354028 67.252688354028 67.570271369034 67.571967369034 67.57215937345 67.57251137345 67.607530071254 67.609226071254 67.609418110127 67.609770110127 67.696423683268 67.698119683268 67.698311700294 67.698663700294 67.840717042303 67.840717042303 67.840717042303 67.840717042303 67.840909042303 67.840909042303 67.842605042303 67.842605042303 67.842605042303 67.842605042303 67.842605042303 67.842797093109 67.842797093109 67.843149093109 68.019068034816 68.020764034816 68.02095604988 68.02130804988 68.249808353943 68.251504353943 68.251696354028 68.252048354028 68.571551369034 68.573247369034 68.57343937345 68.57379137345 68.606890071254 68.608586071254 68.608778110127 68.609130110127 68.697383683268 68.699079683268 68.699271700294 68.699623700294 68.840077042303 68.840077042303 68.840077042303 68.840077042303 68.840269042303 68.840269042303 68.841965042303 68.841965042303 68.841965042303 68.841965042303 68.841965042303 68.842157093109 68.842157093109 68.842509093109 69.021308034816 69.023004034816 69.02319604988 69.02354804988 69.250128353943 69.251824353943 69.252016354028 69.252368354028 69.569631369034 69.571327369034 69.57151937345 69.57187137345 69.608490071254 69.610186071254 69.610378109437 69.610730109437 69.696743683268 69.698439683268 69.698631700294 69.698983700294 69.840397042303 69.840397042303 69.840397042303 69.840397042303 69.840589042303 69.840589042303 69.842285042303 69.842285042303 69.842285042303 69.842285042303 69.842285042303 69.842477093109 69.842477093109 69.842829093109 70.020028034816 70.021724034816 70.02191604988 70.02226804988 70.248528353943 70.250224353943 70.250416354028 70.250768354028 70.570911369034 70.572607369034 70.57279937345 70.57315137345 70.608490071254 70.610186071254 70.610378085019 70.610730085019 70.697383683268 70.699079683268 70.699271700294 70.699623700294 70.841037042303 70.841037042303 70.841037042303 70.841037042303 70.841229042303 70.841229042303 70.842925042303 70.842925042303 70.842925042303 70.842925042303 70.842925042303 70.843117093109 70.843117093109 70.843469093109 71.019708034816 71.021404034816 71.02159604988 71.02194804988 71.249808353943 71.251504353943 71.251696354028 71.252048354028 71.569951369034 71.571647369034 71.57183937345 71.57219137345 71.607210071254 71.608906071254 71.609098110127 71.609450110127 71.697063683268 71.698759683268 71.698951700294 71.699303700294 71.841037042303 71.841037042303 71.841037042303 71.841037042303 71.841229042303 71.841229042303 71.842925042303 71.842925042303 71.842925042303 71.842925042303 71.842925042303 71.843117093109 71.843117093109 71.843469093109 72.019388034816 72.021084034816 72.02127604988 72.02162804988 72.249488353943 72.251184353943 72.251376354028 72.251728354028 72.570591369034 72.572287369034 72.57247937345 72.57283137345 72.607850071254 72.609546071254 72.609738110127 72.610090110127 72.696103683268 72.697799683268 72.697991700294 72.698343700294 72.840397042303 72.840397042303 72.840397042303 72.840397042303 72.840589042303 72.840589042303 72.842285042303 72.842285042303 72.842285042303 72.842285042303 72.842285042303 72.842477093109 72.842477093109 72.842829093109 73.020348034816 73.022044034816 73.02223604988 73.02258804988 73.250128353943 73.251824353943 73.252016354028 73.252368354028 73.571551369034 73.573247369034 73.57343937345 73.57379137345 73.608170071254 73.609866071254 73.610058071943 73.610410071943 73.697383683268 73.699079683268 73.699271700294 73.699623700294 73.840077042303 73.840077042303 73.840077042303 73.840077042303 73.840269042303 73.840269042303 73.841965042303 73.841965042303 73.841965042303 73.841965042303 73.841965042303 73.842157093109 73.842157093109 73.842509093109 74.020668034816 74.022364034816 74.02255604988 74.02290804988 74.249488353943 74.251184353943 74.251376354028 74.251728354028 74.570271369034 74.571967369034 74.57215937345 74.57251137345 74.608810071254 74.610506071254 74.610698071943 74.611050071943 74.697063683268 74.698759683268 74.698951700294 74.699303700294 74.841677042303 74.841677042303 74.841677042303 74.841677042303 74.841869042303 74.841869042303 74.843565042303 74.843565042303 74.843565042303 74.843565042303 74.843565042303 74.843757093109 74.843757093109 74.844109093109 75.019708034816 75.021404034816 75.02159604988 75.02194804988 75.250448353943 75.252144353943 75.252336354028 75.252688354028 75.569951369034 75.571647369034 75.57183937345 75.57219137345 75.607530071254 75.609226071254 75.609418083885 75.609770083885 75.697063683268 75.698759683268 75.698951700294 75.699303700294 75.841997042303 75.841997042303 75.841997042303 75.841997042303 75.842189042303 75.842189042303 75.843885042303 75.843885042303 75.843885042303 75.843885042303 75.843885042303 75.844077093109 75.844077093109 75.844429093109 76.020348034816 76.022044034816 76.02223604988 76.02258804988 76.248848353943 76.250544353943 76.250736354028 76.251088354028 76.570591369034 76.572287369034 76.57247937345 76.57283137345 76.607530071254 76.609226071254 76.609418109437 76.609770109437 76.697063683268 76.698759683268 76.698951700294 76.699303700294 76.841357042303 76.841357042303 76.841357042303 76.841357042303 76.841549042303 76.841549042303 76.843245042303 76.843245042303 76.843245042303 76.843245042303 76.843245042303 76.843437093109 76.843437093109 76.843789093109 77.020028034816 77.021724034816 77.02191604988 77.02226804988 77.249488353943 77.251184353943 77.251376354028 77.251728354028 77.571551369034 77.573247369034 77.57343937345 77.57379137345 77.607210071254 77.608906071254 77.609098071943 77.609450071943 77.697063683268 77.698759683268 77.698951700294 77.699303700294 77.840077042303 77.840077042303 77.840077042303 77.840077042303 77.840269042303 77.840269042303 77.841965042303 77.841965042303 77.841965042303 77.841965042303 77.841965042303 77.842157093109 77.842157093109 77.842509093109 78.021308034816 78.023004034816 78.02319604988 78.02354804988 78.249168353943 78.250864353943 78.251056354028 78.251408354028 78.570911369034 78.572607369034 78.57279937345 78.57315137345 78.608490071254 78.610186071254 78.610378091494 78.610730091494 78.697063683268 78.698759683268 78.698951700294 78.699303700294 78.841677042303 78.841677042303 78.841677042303 78.841677042303 78.841869042303 78.841869042303 78.843565042303 78.843565042303 78.843565042303 78.843565042303 78.843565042303 78.843757093109 78.843757093109 78.844109093109 79.020988034816 79.022684034816 79.02287604988 79.02322804988 79.249808353943 79.251504353943 79.251696354028 79.252048354028 79.571871369034 79.573567369034 79.57375937345 79.57411137345 79.608170071254 79.609866071254 79.610058071943 79.610410071943 79.696423683268 79.698119683268 79.698311700294 79.698663700294 79.840397042303 79.840397042303 79.840397042303 79.840397042303 79.840589042303 79.840589042303 79.842285042303 79.842285042303 79.842285042303 79.842285042303 79.842285042303 79.842477093109 79.842477093109 79.842829093109 80.019708034816 80.021404034816 80.02159604988 80.02194804988 80.250448353943 80.252144353943 80.252336354028 80.252688354028 80.570271369034 80.571967369034 80.57215937345 80.57251137345 80.608170071254 80.609866071254 80.610058110127 80.610410110127 80.696743683268 80.698439683268 80.698631700294 80.698983700294 80.840397042303 80.840397042303 80.840397042303 80.840397042303 80.840589042303 80.840589042303 80.842285042303 80.842285042303 80.842285042303 80.842285042303 80.842285042303 80.842477093109 80.842477093109 80.842829093109 81.020988034816 81.022684034816 81.02287604988 81.02322804988 81.250448353943 81.252144353943 81.252336354028 81.252688354028 81.570911369034 81.572607369034 81.57279937345 81.57315137345 81.608490071254 81.610186071254 81.61037809181 81.61073009181 81.695783683268 81.697479683268 81.697671700294 81.698023700294 81.841997042303 81.841997042303 81.841997042303 81.841997042303 81.842189042303 81.842189042303 81.843885042303 81.843885042303 81.843885042303 81.843885042303 81.843885042303 81.844077093109 81.844077093109 81.844429093109 82.019068034816 82.020764034816 82.02095604988 82.02130804988 82.249488353943 82.251184353943 82.251376354028 82.251728354028 82.571871369034 82.573567369034 82.57375937345 82.57411137345 82.608810071254 82.610506071254 82.610698091494 82.611050091494 82.696743683268 82.698439683268 82.698631700294 82.698983700294 82.841037042303 82.841037042303 82.841037042303 82.841037042303 82.841229042303 82.841229042303 82.842925042303 82.842925042303 82.842925042303 82.842925042303 82.842925042303 82.843117093109 82.843117093109 82.843469093109 83.020668034816 83.022364034816 83.02255604988 83.02290804988 83.249488353943 83.251184353943 83.251376354028 83.251728354028 83.570911369034 83.572607369034 83.57279937345 83.57315137345 83.607210071254 83.608906071254 83.609098091494 83.609450091494 83.696103683268 83.697799683268 83.697991700294 83.698343700294 83.841037042303 83.841037042303 83.841037042303 83.841037042303 83.841229042303 83.841229042303 83.842925042303 83.842925042303 83.842925042303 83.842925042303 83.842925042303 83.843117093109 83.843117093109 83.843469093109 84.020028034816 84.021724034816 84.02191604988 84.02226804988 84.248528353943 84.250224353943 84.250416354028 84.250768354028 84.570591369034 84.572287369034 84.57247937345 84.57283137345 84.606890071254 84.608586071254 84.608778085019 84.609130085019 84.697063683268 84.698759683268 84.698951700294 84.699303700294 84.841997042303 84.841997042303 84.841997042303 84.841997042303 84.842189042303 84.842189042303 84.843885042303 84.843885042303 84.843885042303 84.843885042303 84.843885042303 84.844077093109 84.844077093109 84.844429093109 85.019388034816 85.021084034816 85.02127604988 85.02162804988 85.249488353943 85.251184353943 85.251376354028 85.251728354028 85.571551369034 85.573247369034 85.57343937345 85.57379137345 85.608810071254 85.610506071254 85.610698085019 85.611050085019 85.697063683268 85.698759683268 85.698951700294 85.699303700294 85.841677042303 85.841677042303 85.841677042303 85.841677042303 85.841869042303 85.841869042303 85.843565042303 85.843565042303 85.843565042303 85.843565042303 85.843565042303 85.843757093109 85.843757093109 85.844109093109 86.019708034816 86.021404034816 86.02159604988 86.02194804988 86.249808353943 86.251504353943 86.251696354028 86.252048354028 86.571871369034 86.573567369034 86.57375937345 86.57411137345 86.606570071254 86.608266071254 86.608458109437 86.608810109437 86.695463683268 86.697159683268 86.697351700294 86.697703700294 86.841677042303 86.841677042303 86.841677042303 86.841677042303 86.841869042303 86.841869042303 86.843565042303 86.843565042303 86.843565042303 86.843565042303 86.843565042303 86.843757093109 86.843757093109 86.844109093109 87.021308034816 87.023004034816 87.02319604988 87.02354804988 87.250448353943 87.252144353943 87.252336354028 87.252688354028 87.569631369034 87.571327369034 87.57151937345 87.57187137345 87.607530071254 87.609226071254 87.609418071943 87.609770071943 87.695463683268 87.697159683268 87.697351700294 87.697703700294 87.842317042303 87.842317042303 87.842317042303 87.842317042303 87.842509042303 87.842509042303 87.844205042303 87.844205042303 87.844205042303 87.844205042303 87.844205042303 87.844397093109 87.844397093109 87.844749093109 88.020988034816 88.022684034816 88.02287604988 88.02322804988 88.249808353943 88.251504353943 88.251696354028 88.252048354028 88.570591369034 88.572287369034 88.57247937345 88.57283137345 88.606890071254 88.608586071254 88.608778091494 88.609130091494 88.696743683268 88.698439683268 88.698631700294 88.698983700294 88.841997042303 88.841997042303 88.841997042303 88.841997042303 88.842189042303 88.842189042303 88.843885042303 88.843885042303 88.843885042303 88.843885042303 88.843885042303 88.844077093109 88.844077093109 88.844429093109 89.020668034816 89.022364034816 89.02255604988 89.02290804988 89.249488353943 89.251184353943 89.251376354028 89.251728354028 89.569951369034 89.571647369034 89.57183937345 89.57219137345 89.608490071254 89.610186071254 89.610378071943 89.610730071943 89.695783683268 89.697479683268 89.697671700294 89.698023700294 89.840397042303 89.840397042303 89.840397042303 89.840397042303 89.840589042303 89.840589042303 89.842285042303 89.842285042303 89.842285042303 89.842285042303 89.842285042303 89.842477093109 89.842477093109 89.842829093109 90.020348034816 90.022044034816 90.02223604988 90.02258804988 90.250448353943 90.252144353943 90.252336354028 90.252688354028 90.570911369034 90.572607369034 90.57279937345 90.57315137345 90.607850071254 90.609546071254 90.60973809181 90.61009009181 90.695143683268 90.696839683268 90.697031700294 90.697383700294 90.840397042303 90.840397042303 90.840397042303 90.840397042303 90.840589042303 90.840589042303 90.842285042303 90.842285042303 90.842285042303 90.842285042303 90.842285042303 90.842477093109 90.842477093109 90.842829093109 91.019388034816 91.021084034816 91.02127604988 91.02162804988 91.248848353943 91.250544353943 91.250736354028 91.251088354028 91.570271369034 91.571967369034 91.57215937345 91.57251137345 91.608490071254 91.610186071254 91.610378083885 91.610730083885 91.695143683268 91.696839683268 91.697031700294 91.697383700294 91.841357042303 91.841357042303 91.841357042303 91.841357042303 91.841549042303 91.841549042303 91.843245042303 91.843245042303 91.843245042303 91.843245042303 91.843245042303 91.843437093109 91.843437093109 91.843789093109 92.020348034816 92.022044034816 92.02223604988 92.02258804988 92.248848353943 92.250544353943 92.250736354028 92.251088354028 92.569951369034 92.571647369034 92.57183937345 92.57219137345 92.608810071254 92.610506071254 92.610698071943 92.611050071943 92.697063683268 92.698759683268 92.698951700294 92.699303700294 92.841357042303 92.841357042303 92.841357042303 92.841357042303 92.841549042303 92.841549042303 92.843245042303 92.843245042303 92.843245042303 92.843245042303 92.843245042303 92.843437093109 92.843437093109 92.843789093109 93.019388034816 93.021084034816 93.02127604988 93.02162804988 93.250128353943 93.251824353943 93.252016354028 93.252368354028 93.571231369034 93.572927369034 93.57311937345 93.57347137345 93.606890071254 93.608586071254 93.608778083885 93.609130083885 93.696423683268 93.698119683268 93.698311700294 93.698663700294 93.841357042303 93.841357042303 93.841357042303 93.841357042303 93.841549042303 93.841549042303 93.843245042303 93.843245042303 93.843245042303 93.843245042303 93.843245042303 93.843437093109 93.843437093109 93.843789093109 94.019708034816 94.021404034816 94.02159604988 94.02194804988 94.249808353943 94.251504353943 94.251696354028 94.252048354028 94.569951369034 94.571647369034 94.57183937345 94.57219137345 94.607850071254 94.609546071254 94.609738110127 94.610090110127 94.696103683268 94.697799683268 94.697991700294 94.698343700294 94.840717042303 94.840717042303 94.840717042303 94.840717042303 94.840909042303 94.840909042303 94.842605042303 94.842605042303 94.842605042303 94.842605042303 94.842605042303 94.842797093109 94.842797093109 94.843149093109 95.020668034816 95.022364034816 95.02255604988 95.02290804988 95.249488353943 95.251184353943 95.251376354028 95.251728354028 95.569951369034 95.571647369034 95.57183937345 95.57219137345 95.608170071254 95.609866071254 95.61005809426 95.61041009426 95.697063683268 95.698759683268 95.698951700294 95.699303700294 95.840077042303 95.840077042303 95.840077042303 95.840077042303 95.840269042303 95.840269042303 95.841965042303 95.841965042303 95.841965042303 95.841965042303 95.841965042303 95.842157093109 95.842157093109 95.842509093109 96.019068034816 96.020764034816 96.02095604988 96.02130804988 96.250128353943 96.251824353943 96.252016354028 96.252368354028 96.571231369034 96.572927369034 96.57311937345 96.57347137345 96.608170071254 96.609866071254 96.610058091494 96.610410091494 96.696103683268 96.697799683268 96.697991700294 96.698343700294 96.841037042303 96.841037042303 96.841037042303 96.841037042303 96.841229042303 96.841229042303 96.842925042303 96.842925042303 96.842925042303 96.842925042303 96.842925042303 96.843117093109 96.843117093109 96.843469093109 97.019708034816 97.021404034816 97.02159604988 97.02194804988 97.250448353943 97.252144353943 97.252336354028 97.252688354028 97.570271369034 97.571967369034 97.57215937345 97.57251137345 97.608170071254 97.609866071254 97.610058109437 97.610410109437 97.696743683268 97.698439683268 97.698631700294 97.698983700294 97.841357042303 97.841357042303 97.841357042303 97.841357042303 97.841549042303 97.841549042303 97.843245042303 97.843245042303 97.843245042303 97.843245042303 97.843245042303 97.843437093109 97.843437093109 97.843789093109 98.019068034816 98.020764034816 98.02095604988 98.02130804988 98.249488353943 98.251184353943 98.251376354028 98.251728354028 98.569951369034 98.571647369034 98.57183937345 98.57219137345 98.607530071254 98.609226071254 98.60941809181 98.60977009181 98.695783683268 98.697479683268 98.697671700294 98.698023700294 98.842317042303 98.842317042303 98.842317042303 98.842317042303 98.842509042303 98.842509042303 98.844205042303 98.844205042303 98.844205042303 98.844205042303 98.844205042303 98.844397093109 98.844397093109 98.844749093109 99.020668034816 99.022364034816 99.02255604988 99.02290804988 99.249168353943 99.250864353943 99.251056354028 99.251408354028 99.570911369034 99.572607369034 99.57279937345 99.57315137345 99.606570071254 99.608266071254 99.60845809426 99.60881009426 99.695143683268 99.696839683268 99.697031700294 99.697383700294 99.841677042303 99.841677042303 99.841677042303 99.841677042303 99.841869042303 99.841869042303 99.843565042303 99.843565042303 99.843565042303 99.843565042303 99.843565042303 99.843757093109 99.843757093109 99.844109093109","0 0 0 5e-06 0 0.05 5e-06 0.05 5e-06 0.05 5e-06 0.05 5e-06 0.05 5e-06 0.05 5e-06 0.05 5e-06 0.05 5e-06 0.05 5e-06 0.05 5e-06 0 0 0.005 0.005 0 0.075 0.005 0 5e-06 5e-06 5e-06 0 0.05 5e-06 0.05 5e-06 0.05 5e-06 0.05 5e-06 0.05 5e-06 0.05 5e-06 0.05 5e-06 0.05 5e-06 0.05 5e-06 0.05 5e-06 0.05 5e-06 0 0 0.005 0.005 0 0.075 0.005 0 5e-06 5e-06 5e-06 0 0.05 5e-06 0.05 5e-06 0.05 5e-06 0.05 5e-06 0.05 5e-06 0.05 5e-06 0.05 5e-06 0.05 5e-06 0.05 5e-06 0.05 5e-06 0.05 5e-06 0 0 0.005 0.005 0 0.075 0.005 0 5e-06 5e-06 5e-06 0 0.05 5e-06 0.05 5e-06 0.05 5e-06 0.05 5e-06 0.05 5e-06 0.05 5e-06 0.05 5e-06 0.05 5e-06 0.05 5e-06 0.05 5e-06 0.05 5e-06 0 0 0.005 0.005 0 0.075 0.005 0 5e-06 5e-06 5e-06 0 0.05 5e-06 0.05 5e-06 0.05 5e-06 0.05 5e-06 0.05 5e-06 0.05 5e-06 0.05 5e-06 0.05 5e-06 0.05 5e-06 0.05 5e-06 0.05 5e-06 0 0 0.005 0.005 0 0.075 0.005 0 5e-06 5e-06 5e-06 0 0.05 5e-06 0.05 5e-06 0.05 5e-06 0.05 5e-06 0.05 5e-06 0.05 5e-06 0.05 5e-06 0.05 5e-06 0.05 5e-06 0.05 5e-06 0.05 5e-06 0 0 0.005 0.005 0 0.075 0.005 0 5e-06 5e-06 5e-06 0 0.05 5e-06 0.05 5e-06 0.05 5e-06 0.05 5e-06 0.05 5e-06 0.05 5e-06 0.05 5e-06 0.05 5e-06 0.05 5e-06 0.05 5e-06 0.05 5e-06 0 0 0.005 0.005 0 0.075 0.005 0 5e-06 5e-06 5e-06 0 0.05 5e-06 0.05 5e-06 0.05 5e-06 0.05 5e-06 0.05 5e-06 0.05 5e-06 0.05 5e-06 0.05 5e-06 0.05 5e-06 0.05 5e-06 0.05 5e-06 0 0 0.005 0.005 0 0.075 0.005 0 5e-06 5e-06 5e-06 0 0.05 5e-06 0.05 5e-06 0.05 5e-06 0.05 5e-06 0.05 5e-06 0.05 5e-06 0.05 5e-06 0.05 5e-06 0.05 5e-06 0.05 5e-06 0.05 5e-06 0 0 0.005 0.005 0 0.075 0.005 0 5e-06 5e-06 5e-06 0 0.05 5e-06 0.05 5e-06 0.05 5e-06 0.05 5e-06 0.05 5e-06 0.05 5e-06 0.05 5e-06 0.05 5e-06 0.05 5e-06 0.05 5e-06 0.05 5e-06 0 0 0.005 0.005 0 0.075 0.005 0 5e-06 5e-06 5e-06 0 0.05 5e-06 0.05 5e-06 0.05 5e-06 0.05 5e-06 0.05 5e-06 0.05 5e-06 0.05 5e-06 0.05 5e-06 0.05 5e-06 0.05 5e-06 0.05 5e-06 0 0 0.005 0.005 0 0.075 0.005 0 5e-06 5e-06 5e-06 0 0.05 5e-06 0.05 5e-06 0.05 5e-06 0.05 5e-06 0.05 5e-06 0.05 5e-06 0.05 5e-06 0.05 5e-06 0.05 5e-06 0.05 5e-06 0.05 5e-06 0 0 0.005 0.005 0 0.075 0.005 0 5e-06 5e-06 5e-06 0 0.05 5e-06 0.05 5e-06 0.05 5e-06 0.05 5e-06 0.05 5e-06 0.05 5e-06 0.05 5e-06 0.05 5e-06 0.05 5e-06 0.05 5e-06 0.05 5e-06 0 0 0.005 0.005 0 0.075 0.005 0 5e-06 5e-06 5e-06 0 0.05 5e-06 0.05 5e-06 0.05 5e-06 0.05 5e-06 0.05 5e-06 0.05 5e-06 0.05 5e-06 0.05 5e-06 0.05 5e-06 0.05 5e-06 0.05 5e-06 0 0 0.005 0.005 0 0.075 0.005 0 5e-06 5e-06 5e-06 0 0.05 5e-06 0.05 5e-06 0.05 5e-06 0.05 5e-06 0.05 5e-06 0.05 5e-06 0.05 5e-06 0.05 5e-06 0.05 5e-06 0.05 5e-06 0.05 5e-06 0 0 0.005 0.005 0 0.075 0.005 0 5e-06 5e-06 5e-06 0 0.05 5e-06 0.05 5e-06 0.05 5e-06 0.05 5e-06 0.05 5e-06 0.05 5e-06 0.05 5e-06 0.05 5e-06 0.05 5e-06 0.05 5e-06 0.05 5e-06 0 0 0.005 0.005 0 0.075 0.005 0 5e-06 5e-06 5e-06 0 0.05 5e-06 0.05 5e-06 0.05 5e-06 0.05 5e-06 0.05 5e-06 0.05 5e-06 0.05 5e-06 0.05 5e-06 0.05 5e-06 0.05 5e-06 0.05 5e-06 0 0 0.005 0.005 0 0.075 0.005 0 5e-06 5e-06 5e-06 0 0.05 5e-06 0.05 5e-06 0.05 5e-06 0.05 5e-06 0.05 5e-06 0.05 5e-06 0.05 5e-06 0.05 5e-06 0.05 5e-06 0.05 5e-06 0.05 5e-06 0 0 0.005 0.005 0 0.075 0.005 0 5e-06 5e-06 5e-06 0 0.05 5e-06 0.05 5e-06 0.05 5e-06 0.05 5e-06 0.05 5e-06 0.05 5e-06 0.05 5e-06 0.05 5e-06 0.05 5e-06 0.05 5e-06 0.05 5e-06 0 0 0.005 0.005 0 0.075 0.005 0 5e-06 5e-06 5e-06 0 0.05 5e-06 0.05 5e-06 0.05 5e-06 0.05 5e-06 0.05 5e-06 0.05 5e-06 0.05 5e-06 0.05 5e-06 0.05 5e-06 0.05 5e-06 0.05 5e-06 0 0 0.005 0.005 0 0.075 0.005 0 5e-06 5e-06 5e-06 0 0.05 5e-06 0.05 5e-06 0.05 5e-06 0.05 5e-06 0.05 5e-06 0.05 5e-06 0.05 5e-06 0.05 5e-06 0.05 5e-06 0.05 5e-06 0.05 5e-06 0 0 0.005 0.005 0 0.075 0.005 0 5e-06 5e-06 5e-06 0 0.05 5e-06 0.05 5e-06 0.05 5e-06 0.05 5e-06 0.05 5e-06 0.05 5e-06 0.05 5e-06 0.05 5e-06 0.05 5e-06 0.05 5e-06 0.05 5e-06 0 0 0.005 0.005 0 0.075 0.005 0 5e-06 5e-06 5e-06 0 0.05 5e-06 0.05 5e-06 0.05 5e-06 0.05 5e-06 0.05 5e-06 0.05 5e-06 0.05 5e-06 0.05 5e-06 0.05 5e-06 0.05 5e-06 0.05 5e-06 0 0 0.005 0.005 0 0.075 0.005 0 5e-06 5e-06 5e-06 0 0.05 5e-06 0.05 5e-06 0.05 5e-06 0.05 5e-06 0.05 5e-06 0.05 5e-06 0.05 5e-06 0.05 5e-06 0.05 5e-06 0.05 5e-06 0.05 5e-06 0 0 0.005 0.005 0 0.075 0.005 0 5e-06 5e-06 5e-06 0 0.05 5e-06 0.05 5e-06 0.05 5e-06 0.05 5e-06 0.05 5e-06 0.05 5e-06 0.05 5e-06 0.05 5e-06 0.05 5e-06 0.05 5e-06 0.05 5e-06 0 0 0.005 0.005 0 0.075 0.005 0 5e-06 5e-06 5e-06 0 0.05 5e-06 0.05 5e-06 0.05 5e-06 0.05 5e-06 0.05 5e-06 0.05 5e-06 0.05 5e-06 0.05 5e-06 0.05 5e-06 0.05 5e-06 0.05 5e-06 0 0 0.005 0.005 0 0.075 0.005 0 5e-06 5e-06 5e-06 0 0.05 5e-06 0.05 5e-06 0.05 5e-06 0.05 5e-06 0.05 5e-06 0.05 5e-06 0.05 5e-06 0.05 5e-06 0.05 5e-06 0.05 5e-06 0.05 5e-06 0 0 0.005 0.005 0 0.075 0.005 0 5e-06 5e-06 5e-06 0 0.05 5e-06 0.05 5e-06 0.05 5e-06 0.05 5e-06 0.05 5e-06 0.05 5e-06 0.05 5e-06 0.05 5e-06 0.05 5e-06 0.05 5e-06 0.05 5e-06 0 0 0.005 0.005 0 0.075 0.005 0 5e-06 5e-06 5e-06 0 0.05 5e-06 0.05 5e-06 0.05 5e-06 0.05 5e-06 0.05 5e-06 0.05 5e-06 0.05 5e-06 0.05 5e-06 0.05 5e-06 0.05 5e-06 0.05 5e-06 0 0 0.005 0.005 0 0.075 0.005 0 5e-06 5e-06 5e-06 0 0.05 5e-06 0.05 5e-06 0.05 5e-06 0.05 5e-06 0.05 5e-06 0.05 5e-06 0.05 5e-06 0.05 5e-06 0.05 5e-06 0.05 5e-06 0.05 5e-06 0 0 0.005 0.005 0 0.075 0.005 0 5e-06 5e-06 5e-06 0 0.05 5e-06 0.05 5e-06 0.05 5e-06 0.05 5e-06 0.05 5e-06 0.05 5e-06 0.05 5e-06 0.05 5e-06 0.05 5e-06 0.05 5e-06 0.05 5e-06 0 0 0.005 0.005 0 0.075 0.005 0 5e-06 5e-06 5e-06 0 0.05 5e-06 0.05 5e-06 0.05 5e-06 0.05 5e-06 0.05 5e-06 0.05 5e-06 0.05 5e-06 0.05 5e-06 0.05 5e-06 0.05 5e-06 0.05 5e-06 0 0 0.005 0.005 0 0.075 0.005 0 5e-06 5e-06 5e-06 0 0.05 5e-06 0.05 5e-06 0.05 5e-06 0.05 5e-06 0.05 5e-06 0.05 5e-06 0.05 5e-06 0.05 5e-06 0.05 5e-06 0.05 5e-06 0.05 5e-06 0 0 0.005 0.005 0 0.075 0.005 0 5e-06 5e-06 5e-06 0 0.05 5e-06 0.05 5e-06 0.05 5e-06 0.05 5e-06 0.05 5e-06 0.05 5e-06 0.05 5e-06 0.05 5e-06 0.05 5e-06 0.05 5e-06 0.05 5e-06 0 0 0.005 0.005 0 0.075 0.005 0 5e-06 5e-06 5e-06 0 0.05 5e-06 0.05 5e-06 0.05 5e-06 0.05 5e-06 0.05 5e-06 0.05 5e-06 0.05 5e-06 0.05 5e-06 0.05 5e-06 0.05 5e-06 0.05 5e-06 0 0 0.005 0.005 0 0.075 0.005 0 5e-06 5e-06 5e-06 0 0.05 5e-06 0.05 5e-06 0.05 5e-06 0.05 5e-06 0.05 5e-06 0.05 5e-06 0.05 5e-06 0.05 5e-06 0.05 5e-06 0.05 5e-06 0.05 5e-06 0 0 0.005 0.005 0 0.075 0.005 0 5e-06 5e-06 5e-06 0 0.05 5e-06 0.05 5e-06 0.05 5e-06 0.05 5e-06 0.05 5e-06 0.05 5e-06 0.05 5e-06 0.05 5e-06 0.05 5e-06 0.05 5e-06 0.05 5e-06 0 0 0.005 0.005 0 0.075 0.005 0 5e-06 5e-06 5e-06 0 0.05 5e-06 0.05 5e-06 0.05 5e-06 0.05 5e-06 0.05 5e-06 0.05 5e-06 0.05 5e-06 0.05 5e-06 0.05 5e-06 0.05 5e-06 0.05 5e-06 0 0 0.005 0.005 0 0.075 0.005 0 5e-06 5e-06 5e-06 0 0.05 5e-06 0.05 5e-06 0.05 5e-06 0.05 5e-06 0.05 5e-06 0.05 5e-06 0.05 5e-06 0.05 5e-06 0.05 5e-06 0.05 5e-06 0.05 5e-06 0 0 0.005 0.005 0 0.075 0.005 0 5e-06 5e-06 5e-06 0 0.05 5e-06 0.05 5e-06 0.05 5e-06 0.05 5e-06 0.05 5e-06 0.05 5e-06 0.05 5e-06 0.05 5e-06 0.05 5e-06 0.05 5e-06 0.05 5e-06 0 0 0.005 0.005 0 0.075 0.005 0 5e-06 5e-06 5e-06 0 0.05 5e-06 0.05 5e-06 0.05 5e-06 0.05 5e-06 0.05 5e-06 0.05 5e-06 0.05 5e-06 0.05 5e-06 0.05 5e-06 0.05 5e-06 0.05 5e-06 0 0 0.005 0.005 0 0.075 0.005 0 5e-06 5e-06 5e-06 0 0.05 5e-06 0.05 5e-06 0.05 5e-06 0.05 5e-06 0.05 5e-06 0.05 5e-06 0.05 5e-06 0.05 5e-06 0.05 5e-06 0.05 5e-06 0.05 5e-06 0 0 0.005 0.005 0 0.075 0.005 0 5e-06 5e-06 5e-06 0 0.05 5e-06 0.05 5e-06 0.05 5e-06 0.05 5e-06 0.05 5e-06 0.05 5e-06 0.05 5e-06 0.05 5e-06 0.05 5e-06 0.05 5e-06 0.05 5e-06 0 0 0.005 0.005 0 0.075 0.005 0 5e-06 5e-06 5e-06 0 0.05 5e-06 0.05 5e-06 0.05 5e-06 0.05 5e-06 0.05 5e-06 0.05 5e-06 0.05 5e-06 0.05 5e-06 0.05 5e-06 0.05 5e-06 0.05 5e-06 0 0 0.005 0.005 0 0.075 0.005 0 5e-06 5e-06 5e-06 0 0.05 5e-06 0.05 5e-06 0.05 5e-06 0.05 5e-06 0.05 5e-06 0.05 5e-06 0.05 5e-06 0.05 5e-06 0.05 5e-06 0.05 5e-06 0.05 5e-06 0 0 0.005 0.005 0 0.075 0.005 0 5e-06 5e-06 5e-06 0 0.05 5e-06 0.05 5e-06 0.05 5e-06 0.05 5e-06 0.05 5e-06 0.05 5e-06 0.05 5e-06 0.05 5e-06 0.05 5e-06 0.05 5e-06 0.05 5e-06 0 0 0.005 0.005 0 0.075 0.005 0 5e-06 5e-06 5e-06 0 0.05 5e-06 0.05 5e-06 0.05 5e-06 0.05 5e-06 0.05 5e-06 0.05 5e-06 0.05 5e-06 0.05 5e-06 0.05 5e-06 0.05 5e-06 0.05 5e-06 0 0 0.005 0.005 0 0.075 0.005 0 5e-06 5e-06 5e-06 0 0.05 5e-06 0.05 5e-06 0.05 5e-06 0.05 5e-06 0.05 5e-06 0.05 5e-06 0.05 5e-06 0.05 5e-06 0.05 5e-06 0.05 5e-06 0.05 5e-06 0 0 0.005 0.005 0 0.075 0.005 0 5e-06 5e-06 5e-06 0 0.05 5e-06 0.05 5e-06 0.05 5e-06 0.05 5e-06 0.05 5e-06 0.05 5e-06 0.05 5e-06 0.05 5e-06 0.05 5e-06 0.05 5e-06 0.05 5e-06 0 0 0.005 0.005 0 0.075 0.005 0 5e-06 5e-06 5e-06 0 0.05 5e-06 0.05 5e-06 0.05 5e-06 0.05 5e-06 0.05 5e-06 0.05 5e-06 0.05 5e-06 0.05 5e-06 0.05 5e-06 0.05 5e-06 0.05 5e-06 0 0 0.005 0.005 0 0.075 0.005 0 5e-06 5e-06 5e-06 0 0.05 5e-06 0.05 5e-06 0.05 5e-06 0.05 5e-06 0.05 5e-06 0.05 5e-06 0.05 5e-06 0.05 5e-06 0.05 5e-06 0.05 5e-06 0.05 5e-06 0 0 0.005 0.005 0 0.075 0.005 0 5e-06 5e-06 5e-06 0 0.05 5e-06 0.05 5e-06 0.05 5e-06 0.05 5e-06 0.05 5e-06 0.05 5e-06 0.05 5e-06 0.05 5e-06 0.05 5e-06 0.05 5e-06 0.05 5e-06 0 0 0.005 0.005 0 0.075 0.005 0 5e-06 5e-06 5e-06 0 0.05 5e-06 0.05 5e-06 0.05 5e-06 0.05 5e-06 0.05 5e-06 0.05 5e-06 0.05 5e-06 0.05 5e-06 0.05 5e-06 0.05 5e-06 0.05 5e-06 0 0 0.005 0.005 0 0.075 0.005 0 5e-06 5e-06 5e-06 0 0.05 5e-06 0.05 5e-06 0.05 5e-06 0.05 5e-06 0.05 5e-06 0.05 5e-06 0.05 5e-06 0.05 5e-06 0.05 5e-06 0.05 5e-06 0.05 5e-06 0 0 0.005 0.005 0 0.075 0.005 0 5e-06 5e-06 5e-06 0 0.05 5e-06 0.05 5e-06 0.05 5e-06 0.05 5e-06 0.05 5e-06 0.05 5e-06 0.05 5e-06 0.05 5e-06 0.05 5e-06 0.05 5e-06 0.05 5e-06 0 0 0.005 0.005 0 0.075 0.005 0 5e-06 5e-06 5e-06 0 0.05 5e-06 0.05 5e-06 0.05 5e-06 0.05 5e-06 0.05 5e-06 0.05 5e-06 0.05 5e-06 0.05 5e-06 0.05 5e-06 0.05 5e-06 0.05 5e-06 0 0 0.005 0.005 0 0.075 0.005 0 5e-06 5e-06 5e-06 0 0.05 5e-06 0.05 5e-06 0.05 5e-06 0.05 5e-06 0.05 5e-06 0.05 5e-06 0.05 5e-06 0.05 5e-06 0.05 5e-06 0.05 5e-06 0.05 5e-06 0 0 0.005 0.005 0 0.075 0.005 0 5e-06 5e-06 5e-06 0 0.05 5e-06 0.05 5e-06 0.05 5e-06 0.05 5e-06 0.05 5e-06 0.05 5e-06 0.05 5e-06 0.05 5e-06 0.05 5e-06 0.05 5e-06 0.05 5e-06 0 0 0.005 0.005 0 0.075 0.005 0 5e-06 5e-06 5e-06 0 0.05 5e-06 0.05 5e-06 0.05 5e-06 0.05 5e-06 0.05 5e-06 0.05 5e-06 0.05 5e-06 0.05 5e-06 0.05 5e-06 0.05 5e-06 0.05 5e-06 0 0 0.005 0.005 0 0.075 0.005 0 5e-06 5e-06 5e-06 0 0.05 5e-06 0.05 5e-06 0.05 5e-06 0.05 5e-06 0.05 5e-06 0.05 5e-06 0.05 5e-06 0.05 5e-06 0.05 5e-06 0.05 5e-06 0.05 5e-06 0 0 0.005 0.005 0 0.075 0.005 0 5e-06 5e-06 5e-06 0 0.05 5e-06 0.05 5e-06 0.05 5e-06 0.05 5e-06 0.05 5e-06 0.05 5e-06 0.05 5e-06 0.05 5e-06 0.05 5e-06 0.05 5e-06 0.05 5e-06 0 0 0.005 0.005 0 0.075 0.005 0 5e-06 5e-06 5e-06 0 0.05 5e-06 0.05 5e-06 0.05 5e-06 0.05 5e-06 0.05 5e-06 0.05 5e-06 0.05 5e-06 0.05 5e-06 0.05 5e-06 0.05 5e-06 0.05 5e-06 0 0 0.005 0.005 0 0.075 0.005 0 5e-06 5e-06 5e-06 0 0.05 5e-06 0.05 5e-06 0.05 5e-06 0.05 5e-06 0.05 5e-06 0.05 5e-06 0.05 5e-06 0.05 5e-06 0.05 5e-06 0.05 5e-06 0.05 5e-06 0 0 0.005 0.005 0 0.075 0.005 0 5e-06 5e-06 5e-06 0 0.05 5e-06 0.05 5e-06 0.05 5e-06 0.05 5e-06 0.05 5e-06 0.05 5e-06 0.05 5e-06 0.05 5e-06 0.05 5e-06 0.05 5e-06 0.05 5e-06 0 0 0.005 0.005 0 0.075 0.005 0 5e-06 5e-06 5e-06 0 0.05 5e-06 0.05 5e-06 0.05 5e-06 0.05 5e-06 0.05 5e-06 0.05 5e-06 0.05 5e-06 0.05 5e-06 0.05 5e-06 0.05 5e-06 0.05 5e-06 0 0 0.005 0.005 0 0.075 0.005 0 5e-06 5e-06 5e-06 0 0.05 5e-06 0.05 5e-06 0.05 5e-06 0.05 5e-06 0.05 5e-06 0.05 5e-06 0.05 5e-06 0.05 5e-06 0.05 5e-06 0.05 5e-06 0.05 5e-06 0 0 0.005 0.005 0 0.075 0.005 0 5e-06 5e-06 5e-06 0 0.05 5e-06 0.05 5e-06 0.05 5e-06 0.05 5e-06 0.05 5e-06 0.05 5e-06 0.05 5e-06 0.05 5e-06 0.05 5e-06 0.05 5e-06 0.05 5e-06 0 0 0.005 0.005 0 0.075 0.005 0 5e-06 5e-06 5e-06 0 0.05 5e-06 0.05 5e-06 0.05 5e-06 0.05 5e-06 0.05 5e-06 0.05 5e-06 0.05 5e-06 0.05 5e-06 0.05 5e-06 0.05 5e-06 0.05 5e-06 0 0 0.005 0.005 0 0.075 0.005 0 5e-06 5e-06 5e-06 0 0.05 5e-06 0.05 5e-06 0.05 5e-06 0.05 5e-06 0.05 5e-06 0.05 5e-06 0.05 5e-06 0.05 5e-06 0.05 5e-06 0.05 5e-06 0.05 5e-06 0 0 0.005 0.005 0 0.075 0.005 0 5e-06 5e-06 5e-06 0 0.05 5e-06 0.05 5e-06 0.05 5e-06 0.05 5e-06 0.05 5e-06 0.05 5e-06 0.05 5e-06 0.05 5e-06 0.05 5e-06 0.05 5e-06 0.05 5e-06 0 0 0.005 0.005 0 0.075 0.005 0 5e-06 5e-06 5e-06 0 0.05 5e-06 0.05 5e-06 0.05 5e-06 0.05 5e-06 0.05 5e-06 0.05 5e-06 0.05 5e-06 0.05 5e-06 0.05 5e-06 0.05 5e-06 0.05 5e-06 0 0 0.005 0.005 0 0.075 0.005 0 5e-06 5e-06 5e-06 0 0.05 5e-06 0.05 5e-06 0.05 5e-06 0.05 5e-06 0.05 5e-06 0.05 5e-06 0.05 5e-06 0.05 5e-06 0.05 5e-06 0.05 5e-06 0.05 5e-06 0 0 0.005 0.005 0 0.075 0.005 0 5e-06 5e-06 5e-06 0 0.05 5e-06 0.05 5e-06 0.05 5e-06 0.05 5e-06 0.05 5e-06 0.05 5e-06 0.05 5e-06 0.05 5e-06 0.05 5e-06 0.05 5e-06 0.05 5e-06 0 0 0.005 0.005 0 0.075 0.005 0 5e-06 5e-06 5e-06 0 0.05 5e-06 0.05 5e-06 0.05 5e-06 0.05 5e-06 0.05 5e-06 0.05 5e-06 0.05 5e-06 0.05 5e-06 0.05 5e-06 0.05 5e-06 0.05 5e-06 0 0 0.005 0.005 0 0.075 0.005 0 5e-06 5e-06 5e-06 0 0.05 5e-06 0.05 5e-06 0.05 5e-06 0.05 5e-06 0.05 5e-06 0.05 5e-06 0.05 5e-06 0.05 5e-06 0.05 5e-06 0.05 5e-06 0.05 5e-06 0 0 0.005 0.005 0 0.075 0.005 0 5e-06 5e-06 5e-06 0 0.05 5e-06 0.05 5e-06 0.05 5e-06 0.05 5e-06 0.05 5e-06 0.05 5e-06 0.05 5e-06 0.05 5e-06 0.05 5e-06 0.05 5e-06 0.05 5e-06 0 0 0.005 0.005 0 0.075 0.005 0 5e-06 5e-06 5e-06 0 0.05 5e-06 0.05 5e-06 0.05 5e-06 0.05 5e-06 0.05 5e-06 0.05 5e-06 0.05 5e-06 0.05 5e-06 0.05 5e-06 0.05 5e-06 0.05 5e-06 0 0 0.005 0.005 0 0.075 0.005 0 5e-06 5e-06 5e-06 0 0.05 5e-06 0.05 5e-06 0.05 5e-06 0.05 5e-06 0.05 5e-06 0.05 5e-06 0.05 5e-06 0.05 5e-06 0.05 5e-06 0.05 5e-06 0.05 5e-06 0 0 0.005 0.005 0 0.075 0.005 0 5e-06 5e-06 5e-06 0 0.05 5e-06 0.05 5e-06 0.05 5e-06 0.05 5e-06 0.05 5e-06 0.05 5e-06 0.05 5e-06 0.05 5e-06 0.05 5e-06 0.05 5e-06 0.05 5e-06 0 0 0.005 0.005 0 0.075 0.005 0 5e-06 5e-06 5e-06 0 0.05 5e-06 0.05 5e-06 0.05 5e-06 0.05 5e-06 0.05 5e-06 0.05 5e-06 0.05 5e-06 0.05 5e-06 0.05 5e-06 0.05 5e-06 0.05 5e-06 0 0 0.005 0.005 0 0.075 0.005 0 5e-06 5e-06 5e-06 0 0.05 5e-06 0.05 5e-06 0.05 5e-06 0.05 5e-06 0.05 5e-06 0.05 5e-06 0.05 5e-06 0.05 5e-06 0.05 5e-06 0.05 5e-06 0.05 5e-06 0 0 0.005 0.005 0 0.075 0.005 0 5e-06 5e-06 5e-06 0 0.05 5e-06 0.05 5e-06 0.05 5e-06 0.05 5e-06 0.05 5e-06 0.05 5e-06 0.05 5e-06 0.05 5e-06 0.05 5e-06 0.05 5e-06 0.05 5e-06 0 0 0.005 0.005 0 0.075 0.005 0 5e-06 5e-06 5e-06 0 0.05 5e-06 0.05 5e-06 0.05 5e-06 0.05 5e-06 0.05 5e-06 0.05 5e-06 0.05 5e-06 0.05 5e-06 0.05 5e-06 0.05 5e-06 0.05 5e-06 0 0 0.005 0.005 0 0.075 0.005 0 5e-06 5e-06 5e-06 0 0.05 5e-06 0.05 5e-06 0.05 5e-06 0.05 5e-06 0.05 5e-06 0.05 5e-06 0.05 5e-06 0.05 5e-06 0.05 5e-06 0.05 5e-06 0.05 5e-06 0 0 0.005 0.005 0 0.075 0.005 0 5e-06 5e-06 5e-06 0 0.05 5e-06 0.05 5e-06 0.05 5e-06 0.05 5e-06 0.05 5e-06 0.05 5e-06 0.05 5e-06 0.05 5e-06 0.05 5e-06 0.05 5e-06 0.05 5e-06 0 0 0.005 0.005 0 0.075 0.005 0 5e-06 5e-06 5e-06 0 0.05 5e-06 0.05 5e-06 0.05 5e-06 0.05 5e-06 0.05 5e-06 0.05 5e-06 0.05 5e-06 0.05 5e-06 0.05 5e-06 0.05 5e-06 0.05 5e-06 0 0 0.005 0.005 0 0.075 0.005 0 5e-06 5e-06 5e-06 0 0.05 5e-06 0.05 5e-06 0.05 5e-06 0.05 5e-06 0.05 5e-06 0.05 5e-06 0.05 5e-06 0.05 5e-06 0.05 5e-06 0.05 5e-06 0.05 5e-06 0 0 0.005 0.005 0 0.075 0.005 0 5e-06 5e-06 5e-06 0 0.05 5e-06 0.05 5e-06 0.05 5e-06 0.05 5e-06 0.05 5e-06 0.05 5e-06 0.05 5e-06 0.05 5e-06 0.05 5e-06 0.05 5e-06 0.05 5e-06 0 0 0.005 0.005 0 0.075 0.005 0 5e-06 5e-06 5e-06 0 0.05 5e-06 0.05 5e-06 0.05 5e-06 0.05 5e-06 0.05 5e-06 0.05 5e-06 0.05 5e-06 0.05 5e-06 0.05 5e-06 0.05 5e-06 0.05 5e-06 0 0 0.005 0.005 0 0.075 0.005 0 5e-06 5e-06 5e-06 0 0.05 5e-06 0.05 5e-06 0.05 5e-06 0.05 5e-06 0.05 5e-06 0.05 5e-06 0.05 5e-06 0.05 5e-06 0.05 5e-06 0.05 5e-06 0.05 5e-06 0 0 0.005 0.005 0 0.075 0.005 0 5e-06 5e-06 5e-06 0 0.05 5e-06 0.05 5e-06 0.05 5e-06 0.05 5e-06 0.05 5e-06 0.05 5e-06 0.05 5e-06 0.05 5e-06 0.05 5e-06 0.05 5e-06 0.05 5e-06 0 0 0.005 0.005 0 0.075 0.005 0 5e-06 5e-06 5e-06 0 0.05 5e-06 0.05 5e-06 0.05 5e-06 0.05 5e-06 0.05 5e-06 0.05 5e-06 0.05 5e-06 0.05 5e-06 0.05 5e-06 0.05 5e-06 0.05 5e-06 0 0 0.005 0.005 0 0.075 0.005 0 5e-06 5e-06 5e-06 0 0.05 5e-06 0.05 5e-06 0.05 5e-06 0.05 5e-06 0.05 5e-06 0.05 5e-06 0.05 5e-06 0.05 5e-06 0.05 5e-06 0.05 5e-06 0.05 5e-06 0 0 0.005 0.005 0 0.075 0.005 0 5e-06 5e-06 5e-06 0 0.05 5e-06 0.05 5e-06 0.05 5e-06 0.05 5e-06 0.05 5e-06 0.05 5e-06 0.05 5e-06 0.05 5e-06 0.05 5e-06 0.05 5e-06 0.05 5e-06 0 0 0.005 0.005 0 0.075 0.005 0 5e-06 5e-06 5e-06 0 0.05 5e-06 0.05 5e-06 0.05 5e-06 0.05 5e-06 0.05 5e-06 0.05 5e-06 0.05 5e-06 0.05 5e-06 0.05 5e-06 0.05 5e-06 0.05 5e-06 0 0 0.005 0.005 0 0.075 0.005 0 5e-06 5e-06 5e-06 0 0.05 5e-06 0.05 5e-06 0.05 5e-06 0.05 5e-06 0.05 5e-06 0.05 5e-06 0.05 5e-06 0.05 5e-06 0.05 5e-06 0.05 5e-06 0.05 5e-06 0 0 0.005 0.005 0 0.075 0.005 0 5e-06 5e-06 5e-06 0 0.05 5e-06 0.05 5e-06 0.05 5e-06 0.05 5e-06 0.05 5e-06 0.05 5e-06 0.05 5e-06 0.05 5e-06 0.05 5e-06 0.05 5e-06 0.05 5e-06 0 0 0.005 0.005 0 0.075 0.005 0 5e-06 5e-06 5e-06 0 0.05 5e-06 0.05 5e-06 0.05 5e-06 0.05 5e-06 0.05 5e-06 0.05 5e-06 0.05 5e-06 0.05 5e-06 0.05 5e-06 0.05 5e-06 0.05 5e-06 0 0 0.005 0.005 0 0.075 0.005 0 5e-06 5e-06 5e-06 0 0.05 5e-06 0.05 5e-06 0.05 5e-06 0.05 5e-06 0.05 5e-06 0.05 5e-06 0.05 5e-06 0.05 5e-06 0.05 5e-06 0.05 5e-06 0.05 5e-06 0 0 0.005 0.005 0 0.075 0.005 0 5e-06 5e-06 5e-06 0 0.05 5e-06 0.05 5e-06 0.05 5e-06 0.05 5e-06 0.05 5e-06 0.05 5e-06 0.05 5e-06 0.05 5e-06 0.05 5e-06 0.05 5e-06 0.05 5e-06 0 0 0.005 0.005 0 0.075 0.005 0 5e-06 5e-06 5e-06 0 0.05 5e-06"
Ieee802154Power-3-20260924-21:43:55-1666,attr,Ieee802154Showcase.sensor1.wlan[0].radio.energyConsumer,powerConsumption:vector,interpolationmode,sample-hold,,
Ieee802154Power-3-20260924-21:43:55-1666,attr,Ieee802154Showcase.sensor1.wlan[0].radio.energyConsumer,powerConsumption:vector,recordingmode,vector,,
Ieee802154Power-3-20260924-21:43:55-1666,attr,Ieee802154Showcase.sensor1.wlan[0].radio.energyConsumer,powerConsumption:vector,source,powerConsumptionChanged,,
Ieee802154Power-3-20260924-21:43:55-1666,attr,Ieee802154Showcase.sensor1.wlan[0].radio.energyConsumer,powerConsumption:vector,title,Power consumption,,
Ieee802154Power-3-20260924-21:43:55-1666,attr,Ieee802154Showcase.sensor1.wlan[0].radio.energyConsumer,powerConsumption:vector,unit,W,,
Ieee802154Power-4-20260924-21:43:55-1666,vector,Ieee802154Showcase.sensor1.wlan[0].radio.energyConsumer,powerConsumption:vector,,,"0 0 0 0 0.143384197402 0.143384197402 0.145080197402 0.145272212466 0.145624212466 0.172823324989 0.172823324989 0.172823324989 0.172823324989 0.173015324989 0.173015324989 0.174711324989 0.174711324989 0.174711324989 0.174711324989 0.174711324989 0.174903375795 0.174903375795 0.175255375795 0.593141142297 0.594837142297 0.595029154928 0.595381154928 0.610315641477 0.612011641477 0.612203645893 0.612555645893 0.634243125623 0.635939125623 0.636131142649 0.636483142649 0.699380291591 0.701076291591 0.701268291676 0.701620291676 1.142104197402 1.143800197402 1.143992212466 1.144344212466 1.173463324989 1.173463324989 1.173463324989 1.173463324989 1.173655324989 1.173655324989 1.175351324989 1.175351324989 1.175351324989 1.175351324989 1.175351324989 1.175543375795 1.175543375795 1.175895375795 1.591541142297 1.593237142297 1.593429162853 1.593781162853 1.609675641477 1.611371641477 1.611563645893 1.611915645893 1.634243125623 1.635939125623 1.636131142649 1.636483142649 1.700020291591 1.701716291591 1.701908291676 1.702260291676 2.142424197402 2.144120197402 2.144312212466 2.144664212466 2.174743324989 2.174743324989 2.174743324989 2.174743324989 2.174935324989 2.174935324989 2.176631324989 2.176631324989 2.176631324989 2.176631324989 2.176631324989 2.176823375795 2.176823375795 2.177175375795 2.593461142297 2.595157142297 2.59534918117 2.59570118117 2.610315641477 2.612011641477 2.612203645893 2.612555645893 2.633283125623 2.634979125623 2.635171142649 2.635523142649 2.700660291591 2.702356291591 2.702548291676 2.702900291676 3.143384197402 3.145080197402 3.145272212466 3.145624212466 3.175063324989 3.175063324989 3.175063324989 3.175063324989 3.175255324989 3.175255324989 3.176951324989 3.176951324989 3.176951324989 3.176951324989 3.176951324989 3.177143375795 3.177143375795 3.177495375795 3.592181142297 3.593877142297 3.594069162853 3.594421162853 3.610955641477 3.612651641477 3.612843645893 3.613195645893 3.633283125623 3.634979125623 3.635171142649 3.635523142649 3.700660291591 3.702356291591 3.702548291676 3.702900291676 4.143064197402 4.144760197402 4.144952212466 4.145304212466 4.173783324989 4.173783324989 4.173783324989 4.173783324989 4.173975324989 4.173975324989 4.175671324989 4.175671324989 4.175671324989 4.175671324989 4.175671324989 4.175863375795 4.175863375795 4.176215375795 4.592501142297 4.594197142297 4.59438918117 4.59474118117 4.609675641477 4.611371641477 4.611563645893 4.611915645893 4.633283125623 4.634979125623 4.635171142649 4.635523142649 4.699380291591 4.701076291591 4.701268291676 4.701620291676 5.143704197402 5.145400197402 5.145592212466 5.145944212466 5.172823324989 5.172823324989 5.172823324989 5.172823324989 5.173015324989 5.173015324989 5.174711324989 5.174711324989 5.174711324989 5.174711324989 5.174711324989 5.174903375795 5.174903375795 5.175255375795 5.592821142297 5.594517142297 5.594709154928 5.595061154928 5.610315641477 5.612011641477 5.612203645893 5.612555645893 5.634563125623 5.636259125623 5.636451142649 5.636803142649 5.698740291591 5.700436291591 5.700628291676 5.700980291676 6.143704197402 6.145400197402 6.145592212466 6.145944212466 6.174423324989 6.174423324989 6.174423324989 6.174423324989 6.174615324989 6.174615324989 6.176311324989 6.176311324989 6.176311324989 6.176311324989 6.176311324989 6.176503375795 6.176503375795 6.176855375795 6.592821142297 6.594517142297 6.594709165303 6.595061165303 6.609995641477 6.611691641477 6.611883645893 6.612235645893 6.634243125623 6.635939125623 6.636131142649 6.636483142649 6.700980291591 6.702676291591 6.702868291676 6.703220291676 7.143704197402 7.145400197402 7.145592212466 7.145944212466 7.174103324989 7.174103324989 7.174103324989 7.174103324989 7.174295324989 7.174295324989 7.175991324989 7.175991324989 7.175991324989 7.175991324989 7.175991324989 7.176183375795 7.176183375795 7.176535375795 7.592501142297 7.594197142297 7.594389142986 7.594741142986 7.610955641477 7.612651641477 7.612843645893 7.613195645893 7.634563125623 7.636259125623 7.636451142649 7.636803142649 7.699380291591 7.701076291591 7.701268291676 7.701620291676 8.142744197402 8.144440197402 8.144632212466 8.144984212466 8.174103324989 8.174103324989 8.174103324989 8.174103324989 8.174295324989 8.174295324989 8.175991324989 8.175991324989 8.175991324989 8.175991324989 8.175991324989 8.176183375795 8.176183375795 8.176535375795 8.593461142297 8.595157142297 8.59534918117 8.59570118117 8.611595641477 8.613291641477 8.613483645893 8.613835645893 8.633283125623 8.634979125623 8.635171142649 8.635523142649 8.698740291591 8.700436291591 8.700628291676 8.700980291676 9.143384197402 9.145080197402 9.145272212466 9.145624212466 9.175063324989 9.175063324989 9.175063324989 9.175063324989 9.175255324989 9.175255324989 9.176951324989 9.176951324989 9.176951324989 9.176951324989 9.176951324989 9.177143375795 9.177143375795 9.177495375795 9.593461142297 9.595157142297 9.595349156062 9.595701156062 9.609355641477 9.611051641477 9.611243645893 9.611595645893 9.634563125623 9.636259125623 9.636451142649 9.636803142649 9.698740291591 9.700436291591 9.700628291676 9.700980291676 10.142424197402 10.144120197402 10.144312212466 10.144664212466 10.174743324989 10.174743324989 10.174743324989 10.174743324989 10.174935324989 10.174935324989 10.176631324989 10.176631324989 10.176631324989 10.176631324989 10.176631324989 10.176823375795 10.176823375795 10.177175375795 10.591541142297 10.593237142297 10.593429162537 10.593781162537 10.609675641477 10.611371641477 10.611563645893 10.611915645893 10.634563125623 10.636259125623 10.636451142649 10.636803142649 10.700660291591 10.702356291591 10.702548291676 10.702900291676 11.142744197402 11.144440197402 11.144632212466 11.144984212466 11.175063324989 11.175063324989 11.175063324989 11.175063324989 11.175255324989 11.175255324989 11.176951324989 11.176951324989 11.176951324989 11.176951324989 11.176951324989 11.177143375795 11.177143375795 11.177495375795 11.592821142297 11.594517142297 11.594709162537 11.595061162537 11.611595641477 11.613291641477 11.613483645893 11.613835645893 11.633923125623 11.635619125623 11.635811142649 11.636163142649 11.699060291591 11.700756291591 11.700948291676 11.701300291676 12.143704197402 12.145400197402 12.145592212466 12.145944212466 12.173143324989 12.173143324989 12.173143324989 12.173143324989 12.173335324989 12.173335324989 12.175031324989 12.175031324989 12.175031324989 12.175031324989 12.175031324989 12.175223375795 12.175223375795 12.175575375795 12.592181142297 12.593877142297 12.59406918117 12.59442118117 12.611595641477 12.613291641477 12.613483645893 12.613835645893 12.635523125623 12.637219125623 12.637411142649 12.637763142649 12.700020291591 12.701716291591 12.701908291676 12.702260291676 13.142744197402 13.144440197402 13.144632212466 13.144984212466 13.172823324989 13.172823324989 13.172823324989 13.172823324989 13.173015324989 13.173015324989 13.174711324989 13.174711324989 13.174711324989 13.174711324989 13.174711324989 13.174903375795 13.174903375795 13.175255375795 13.591541142297 13.593237142297 13.593429165303 13.593781165303 13.610955641477 13.612651641477 13.612843645893 13.613195645893 13.634883125623 13.636579125623 13.636771142649 13.637123142649 13.699380291591 13.701076291591 13.701268291676 13.701620291676 14.142424197402 14.144120197402 14.144312212466 14.144664212466 14.174423324989 14.174423324989 14.174423324989 14.174423324989 14.174615324989 14.174615324989 14.176311324989 14.176311324989 14.176311324989 14.176311324989 14.176311324989 14.176503375795 14.176503375795 14.176855375795 14.593141142297 14.594837142297 14.59502918048 14.59538118048 14.610315641477 14.612011641477 14.612203645893 14.612555645893 14.634243125623 14.635939125623 14.636131142649 14.636483142649 14.700020291591 14.701716291591 14.701908291676 14.702260291676 15.143064197402 15.144760197402 15.144952212466 15.145304212466 15.173783324989 15.173783324989 15.173783324989 15.173783324989 15.173975324989 15.173975324989 15.175671324989 15.175671324989 15.175671324989 15.175671324989 15.175671324989 15.175863375795 15.175863375795 15.176215375795 15.592821142297 15.594517142297 15.59470918048 15.59506118048 15.610635641477 15.612331641477 15.612523645893 15.612875645893 15.635203125623 15.636899125623 15.637091142649 15.637443142649 15.700980291591 15.702676291591 15.702868291676 15.703220291676 16.142744197402 16.144440197402 16.144632212466 16.144984212466 16.175063324989 16.175063324989 16.175063324989 16.175063324989 16.175255324989 16.175255324989 16.176951324989 16.176951324989 16.176951324989 16.176951324989 16.176951324989 16.177143375795 16.177143375795 16.177495375795 16.592501142297 16.594197142297 16.59438918117 16.59474118117 16.610955641477 16.612651641477 16.612843645893 16.613195645893 16.634563125623 16.636259125623 16.636451142649 16.636803142649 16.699700291591 16.701396291591 16.701588291676 16.701940291676 17.141784197402 17.143480197402 17.143672212466 17.144024212466 17.174103324989 17.174103324989 17.174103324989 17.174103324989 17.174295324989 17.174295324989 17.175991324989 17.175991324989 17.175991324989 17.175991324989 17.175991324989 17.176183375795 17.176183375795 17.176535375795 17.593461142297 17.595157142297 17.595349162537 17.595701162537 17.609675641477 17.611371641477 17.611563645893 17.611915645893 17.633283125623 17.634979125623 17.635171142649 17.635523142649 17.699700291591 17.701396291591 17.701588291676 17.701940291676 18.142424197402 18.144120197402 18.144312212466 18.144664212466 18.175063324989 18.175063324989 18.175063324989 18.175063324989 18.175255324989 18.175255324989 18.176951324989 18.176951324989 18.176951324989 18.176951324989 18.176951324989 18.177143375795 18.177143375795 18.177495375795 18.592501142297 18.594197142297 18.594389156062 18.594741156062 18.609675641477 18.611371641477 18.611563645893 18.611915645893 18.634563125623 18.636259125623 18.636451142649 18.636803142649 18.699380291591 18.701076291591 18.701268291676 18.701620291676 19.142424197402 19.144120197402 19.144312212466 19.144664212466 19.175063324989 19.175063324989 19.175063324989 19.175063324989 19.175255324989 19.175255324989 19.176951324989 19.176951324989 19.176951324989 19.176951324989 19.176951324989 19.177143375795 19.177143375795 19.177495375795 19.593141142297 19.594837142297 19.595029162853 19.595381162853 19.611275641477 19.612971641477 19.613163645893 19.613515645893 19.633923125623 19.635619125623 19.635811142649 19.636163142649 19.700980291591 19.702676291591 19.702868291676 19.703220291676 20.143704197402 20.145400197402 20.145592212466 20.145944212466 20.174743324989 20.174743324989 20.174743324989 20.174743324989 20.174935324989 20.174935324989 20.176631324989 20.176631324989 20.176631324989 20.176631324989 20.176631324989 20.176823375795 20.176823375795 20.177175375795 20.593141142297 20.594837142297 20.59502918048 20.59538118048 20.610315641477 20.612011641477 20.612203645893 20.612555645893 20.634563125623 20.636259125623 20.636451142649 20.636803142649 20.699380291591 20.701076291591 20.701268291676 20.701620291676 21.142104197402 21.143800197402 21.143992212466 21.144344212466 21.175063324989 21.175063324989 21.175063324989 21.175063324989 21.175255324989 21.175255324989 21.176951324989 21.176951324989 21.176951324989 21.176951324989 21.176951324989 21.177143375795 21.177143375795 21.177495375795 21.592821142297 21.594517142297 21.594709156062 21.595061156062 21.610635641477 21.612331641477 21.612523645893 21.612875645893 21.635523125623 21.637219125623 21.637411142649 21.637763142649 21.698740291591 21.700436291591 21.700628291676 21.700980291676 22.143704197402 22.145400197402 22.145592212466 22.145944212466 22.174423324989 22.174423324989 22.174423324989 22.174423324989 22.174615324989 22.174615324989 22.176311324989 22.176311324989 22.176311324989 22.176311324989 22.176311324989 22.176503375795 22.176503375795 22.176855375795 22.591861142297 22.593557142297 22.59374918048 22.59410118048 22.610955641477 22.612651641477 22.612843645893 22.613195645893 22.634243125623 22.635939125623 22.636131142649 22.636483142649 22.700980291591 22.702676291591 22.702868291676 22.703220291676 23.143384197402 23.145080197402 23.145272212466 23.145624212466 23.174743324989 23.174743324989 23.174743324989 23.174743324989 23.174935324989 23.174935324989 23.176631324989 23.176631324989 23.176631324989 23.176631324989 23.176631324989 23.176823375795 23.176823375795 23.177175375795 23.591861142297 23.593557142297 23.593749154928 23.594101154928 23.610315641477 23.612011641477 23.612203645893 23.612555645893 23.633283125623 23.634979125623 23.635171142649 23.635523142649 23.700340291591 23.702036291591 23.702228291676 23.702580291676 24.143064197402 24.144760197402 24.144952212466 24.145304212466 24.175063324989 24.175063324989 24.175063324989 24.175063324989 24.175255324989 24.175255324989 24.176951324989 24.176951324989 24.176951324989 24.176951324989 24.176951324989 24.177143375795 24.177143375795 24.177495375795 24.591541142297 24.593237142297 24.593429165303 24.593781165303 24.611595641477 24.613291641477 24.613483645893 24.613835645893 24.635203125623 24.636899125623 24.637091142649 24.637443142649 24.700980291591 24.702676291591 24.702868291676 24.703220291676 25.142104197402 25.143800197402 25.143992212466 25.144344212466 25.173783324989 25.173783324989 25.173783324989 25.173783324989 25.173975324989 25.173975324989 25.175671324989 25.175671324989 25.175671324989 25.175671324989 25.175671324989 25.175863375795 25.175863375795 25.176215375795 25.593781142297 25.595477142297 25.595669156062 25.596021156062 25.610635641477 25.612331641477 25.612523645893 25.612875645893 25.635523125623 25.637219125623 25.637411142649 25.637763142649 25.700020291591 25.701716291591 25.701908291676 25.702260291676 26.142744197402 26.144440197402 26.144632212466 26.144984212466 26.175063324989 26.175063324989 26.175063324989 26.175063324989 26.175255324989 26.175255324989 26.176951324989 26.176951324989 26.176951324989 26.176951324989 26.176951324989 26.177143375795 26.177143375795 26.177495375795 26.593781142297 26.595477142297 26.59566918048 26.59602118048 26.610955641477 26.612651641477 26.612843645893 26.613195645893 26.633603125623 26.635299125623 26.635491142649 26.635843142649 26.700660291591 26.702356291591 26.702548291676 26.702900291676 27.142744197402 27.144440197402 27.144632212466 27.144984212466 27.174103324989 27.174103324989 27.174103324989 27.174103324989 27.174295324989 27.174295324989 27.175991324989 27.175991324989 27.175991324989 27.175991324989 27.175991324989 27.176183375795 27.176183375795 27.176535375795 27.592501142297 27.594197142297 27.59438918048 27.59474118048 27.610315641477 27.612011641477 27.612203645893 27.612555645893 27.634563125623 27.636259125623 27.636451142649 27.636803142649 27.699060291591 27.700756291591 27.700948291676 27.701300291676 28.144024197402 28.145720197402 28.145912212466 28.146264212466 28.173143324989 28.173143324989 28.173143324989 28.173143324989 28.173335324989 28.173335324989 28.175031324989 28.175031324989 28.175031324989 28.175031324989 28.175031324989 28.175223375795 28.175223375795 28.175575375795 28.593781142297 28.595477142297 28.595669156062 28.596021156062 28.609675641477 28.611371641477 28.611563645893 28.611915645893 28.635203125623 28.636899125623 28.637091142649 28.637443142649 28.699380291591 28.701076291591 28.701268291676 28.701620291676 29.142424197402 29.144120197402 29.144312212466 29.144664212466 29.173463324989 29.173463324989 29.173463324989 29.173463324989 29.173655324989 29.173655324989 29.175351324989 29.175351324989 29.175351324989 29.175351324989 29.175351324989 29.175543375795 29.175543375795 29.175895375795 29.591541142297 29.593237142297 29.593429156062 29.593781156062 29.609675641477 29.611371641477 29.611563645893 29.611915645893 29.633603125623 29.635299125623 29.635491142649 29.635843142649 29.700660291591 29.702356291591 29.702548291676 29.702900291676 30.141784197402 30.143480197402 30.143672212466 30.144024212466 30.172823324989 30.172823324989 30.172823324989 30.172823324989 30.173015324989 30.173015324989 30.174711324989 30.174711324989 30.174711324989 30.174711324989 30.174711324989 30.174903375795 30.174903375795 30.175255375795 30.593781142297 30.595477142297 30.595669165303 30.596021165303 30.609355641477 30.611051641477 30.611243645893 30.611595645893 30.634883125623 30.636579125623 30.636771142649 30.637123142649 30.699700291591 30.701396291591 30.701588291676 30.701940291676 31.143384197402 31.145080197402 31.145272212466 31.145624212466 31.174743324989 31.174743324989 31.174743324989 31.174743324989 31.174935324989 31.174935324989 31.176631324989 31.176631324989 31.176631324989 31.176631324989 31.176631324989 31.176823375795 31.176823375795 31.177175375795 31.593141142297 31.594837142297 31.595029154928 31.595381154928 31.609355641477 31.611051641477 31.611243645893 31.611595645893 31.634883125623 31.636579125623 31.636771142649 31.637123142649 31.699700291591 31.701396291591 31.701588291676 31.701940291676 32.143064197402 32.144760197402 32.144952212466 32.145304212466 32.175063324989 32.175063324989 32.175063324989 32.175063324989 32.175255324989 32.175255324989 32.176951324989 32.176951324989 32.176951324989 32.176951324989 32.176951324989 32.177143375795 32.177143375795 32.177495375795 32.592821142297 32.594517142297 32.594709162853 32.595061162853 32.610635641477 32.612331641477 32.612523645893 32.612875645893 32.633603125623 32.635299125623 32.635491142649 32.635843142649 32.700980291591 32.702676291591 32.702868291676 32.703220291676 33.141784197402 33.143480197402 33.143672212466 33.144024212466 33.173143324989 33.173143324989 33.173143324989 33.173143324989 33.173335324989 33.173335324989 33.175031324989 33.175031324989 33.175031324989 33.175031324989 33.175031324989 33.175223375795 33.175223375795 33.175575375795 33.591861142297 33.593557142297 33.593749156062 33.594101156062 33.609355641477 33.611051641477 33.611243645893 33.611595645893 33.635203125623 33.636899125623 33.637091142649 33.637443142649 33.698740291591 33.700436291591 33.700628291676 33.700980291676 34.142424197402 34.144120197402 34.144312212466 34.144664212466 34.175063324989 34.175063324989 34.175063324989 34.175063324989 34.175255324989 34.175255324989 34.176951324989 34.176951324989 34.176951324989 34.176951324989 34.176951324989 34.177143375795 34.177143375795 34.177495375795 34.591861142297 34.593557142297 34.59374918048 34.59410118048 34.609995641477 34.611691641477 34.611883645893 34.612235645893 34.633923125623 34.635619125623 34.635811142649 34.636163142649 34.700340291591 34.702036291591 34.702228291676 34.702580291676 35.143384197402 35.145080197402 35.145272212466 35.145624212466 35.174743324989 35.174743324989 35.174743324989 35.174743324989 35.174935324989 35.174935324989 35.176631324989 35.176631324989 35.176631324989 35.176631324989 35.176631324989 35.176823375795 35.176823375795 35.177175375795 35.593781142297 35.595477142297 35.595669165303 35.596021165303 35.609995641477 35.611691641477 35.611883645893 35.612235645893 35.634243125623 35.635939125623 35.636131142649 35.636483142649 35.699060291591 35.700756291591 35.700948291676 35.701300291676 36.142744197402 36.144440197402 36.144632212466 36.144984212466 36.174423324989 36.174423324989 36.174423324989 36.174423324989 36.174615324989 36.174615324989 36.176311324989 36.176311324989 36.176311324989 36.176311324989 36.176311324989 36.176503375795 36.176503375795 36.176855375795 36.593461142297 36.595157142297 36.59534918117 36.59570118117 36.609995641477 36.611691641477 36.611883645893 36.612235645893 36.634563125623 36.636259125623 36.636451142649 36.636803142649 36.698740291591 36.700436291591 36.700628291676 36.700980291676 37.143384197402 37.145080197402 37.145272212466 37.145624212466 37.173463324989 37.173463324989 37.173463324989 37.173463324989 37.173655324989 37.173655324989 37.175351324989 37.175351324989 37.175351324989 37.175351324989 37.175351324989 37.175543375795 37.175543375795 37.175895375795 37.592821142297 37.594517142297 37.594709154928 37.595061154928 37.611275641477 37.612971641477 37.613163645893 37.613515645893 37.634563125623 37.636259125623 37.636451142649 37.636803142649 37.700660291591 37.702356291591 37.702548291676 37.702900291676 38.141784197402 38.143480197402 38.143672212466 38.144024212466 38.173783324989 38.173783324989 38.173783324989 38.173783324989 38.173975324989 38.173975324989 38.175671324989 38.175671324989 38.175671324989 38.175671324989 38.175671324989 38.175863375795 38.175863375795 38.176215375795 38.591541142297 38.593237142297 38.593429162853 38.593781162853 38.611595641477 38.613291641477 38.613483645893 38.613835645893 38.635523125623 38.637219125623 38.637411142649 38.637763142649 38.699380291591 38.701076291591 38.701268291676 38.701620291676 39.142744197402 39.144440197402 39.144632212466 39.144984212466 39.172823324989 39.172823324989 39.172823324989 39.172823324989 39.173015324989 39.173015324989 39.174711324989 39.174711324989 39.174711324989 39.174711324989 39.174711324989 39.174903375795 39.174903375795 39.175255375795 39.592501142297 39.594197142297 39.594389142986 39.594741142986 39.610955641477 39.612651641477 39.612843645893 39.613195645893 39.635523125623 39.637219125623 39.637411142649 39.637763142649 39.699380291591 39.701076291591 39.701268291676 39.701620291676 40.141784197402 40.143480197402 40.143672212466 40.144024212466 40.174743324989 40.174743324989 40.174743324989 40.174743324989 40.174935324989 40.174935324989 40.176631324989 40.176631324989 40.176631324989 40.176631324989 40.176631324989 40.176823375795 40.176823375795 40.177175375795 40.592821142297 40.594517142297 40.594709165303 40.595061165303 40.610315641477 40.612011641477 40.612203645893 40.612555645893 40.633283125623 40.634979125623 40.635171142649 40.635523142649 40.698740291591 40.700436291591 40.700628291676 40.700980291676 41.142424197402 41.144120197402 41.144312212466 41.144664212466 41.174103324989 41.174103324989 41.174103324989 41.174103324989 41.174295324989 41.174295324989 41.175991324989 41.175991324989 41.175991324989 41.175991324989 41.175991324989 41.176183375795 41.176183375795 41.176535375795 41.593141142297 41.594837142297 41.595029162853 41.595381162853 41.610955641477 41.612651641477 41.612843645893 41.613195645893 41.635523125623 41.637219125623 41.637411142649 41.637763142649 41.699380291591 41.701076291591 41.701268291676 41.701620291676 42.143384197402 42.145080197402 42.145272212466 42.145624212466 42.173783324989 42.173783324989 42.173783324989 42.173783324989 42.173975324989 42.173975324989 42.175671324989 42.175671324989 42.175671324989 42.175671324989 42.175671324989 42.175863375795 42.175863375795 42.176215375795 42.591861142297 42.593557142297 42.59374918117 42.59410118117 42.610955641477 42.612651641477 42.612843645893 42.613195645893 42.634563125623 42.636259125623 42.636451142649 42.636803142649 42.700020291591 42.701716291591 42.701908291676 42.702260291676 43.143064197402 43.144760197402 43.144952212466 43.145304212466 43.172823324989 43.172823324989 43.172823324989 43.172823324989 43.173015324989 43.173015324989 43.174711324989 43.174711324989 43.174711324989 43.174711324989 43.174711324989 43.174903375795 43.174903375795 43.175255375795 43.593141142297 43.594837142297 43.595029165303 43.595381165303 43.609355641477 43.611051641477 43.611243645893 43.611595645893 43.635203125623 43.636899125623 43.637091142649 43.637443142649 43.700340291591 43.702036291591 43.702228291676 43.702580291676 44.143384197402 44.145080197402 44.145272212466 44.145624212466 44.173143324989 44.173143324989 44.173143324989 44.173143324989 44.173335324989 44.173335324989 44.175031324989 44.175031324989 44.175031324989 44.175031324989 44.175031324989 44.175223375795 44.175223375795 44.175575375795 44.591541142297 44.593237142297 44.593429142986 44.593781142986 44.610955641477 44.612651641477 44.612843645893 44.613195645893 44.634243125623 44.635939125623 44.636131142649 44.636483142649 44.699060291591 44.700756291591 44.700948291676 44.701300291676 45.142104197402 45.143800197402 45.143992212466 45.144344212466 45.174423324989 45.174423324989 45.174423324989 45.174423324989 45.174615324989 45.174615324989 45.176311324989 45.176311324989 45.176311324989 45.176311324989 45.176311324989 45.176503375795 45.176503375795 45.176855375795 45.592821142297 45.594517142297 45.594709162537 45.595061162537 45.609355641477 45.611051641477 45.611243645893 45.611595645893 45.635523125623 45.637219125623 45.637411142649 45.637763142649 45.700020291591 45.701716291591 45.701908291676 45.702260291676 46.141784197402 46.143480197402 46.143672212466 46.144024212466 46.175063324989 46.175063324989 46.175063324989 46.175063324989 46.175255324989 46.175255324989 46.176951324989 46.176951324989 46.176951324989 46.176951324989 46.176951324989 46.177143375795 46.177143375795 46.177495375795 46.591541142297 46.593237142297 46.593429154928 46.593781154928 46.610955641477 46.612651641477 46.612843645893 46.613195645893 46.633923125623 46.635619125623 46.635811142649 46.636163142649 46.700660291591 46.702356291591 46.702548291676 46.702900291676 47.143064197402 47.144760197402 47.144952212466 47.145304212466 47.175063324989 47.175063324989 47.175063324989 47.175063324989 47.175255324989 47.175255324989 47.176951324989 47.176951324989 47.176951324989 47.176951324989 47.176951324989 47.177143375795 47.177143375795 47.177495375795 47.592501142297 47.594197142297 47.59438918048 47.59474118048 47.611595641477 47.613291641477 47.613483645893 47.613835645893 47.634883125623 47.636579125623 47.636771142649 47.637123142649 47.700660291591 47.702356291591 47.702548291676 47.702900291676 48.143384197402 48.145080197402 48.145272212466 48.145624212466 48.174423324989 48.174423324989 48.174423324989 48.174423324989 48.174615324989 48.174615324989 48.176311324989 48.176311324989 48.176311324989 48.176311324989 48.176311324989 48.176503375795 48.176503375795 48.176855375795 48.593461142297 48.595157142297 48.595349154928 48.595701154928 48.609355641477 48.611051641477 48.611243645893 48.611595645893 48.635523125623 48.637219125623 48.637411142649 48.637763142649 48.700340291591 48.702036291591 48.702228291676 48.702580291676 49.142424197402 49.144120197402 49.144312212466 49.144664212466 49.174743324989 49.174743324989 49.174743324989 49.174743324989 49.174935324989 49.174935324989 49.176631324989 49.176631324989 49.176631324989 49.176631324989 49.176631324989 49.176823375795 49.176823375795 49.177175375795 49.592181142297 49.593877142297 49.594069154928 49.594421154928 49.609675641477 49.611371641477 49.611563645893 49.611915645893 49.635523125623 49.637219125623 49.637411142649 49.637763142649 49.700020291591 49.701716291591 49.701908291676 49.702260291676 50.143384197402 50.145080197402 50.145272212466 50.145624212466 50.175063324989 50.175063324989 50.175063324989 50.175063324989 50.175255324989 50.175255324989 50.176951324989 50.176951324989 50.176951324989 50.176951324989 50.176951324989 50.177143375795 50.177143375795 50.177495375795 50.593141142297 50.594837142297 50.595029156062 50.595381156062 50.610955641477 50.612651641477 50.612843645893 50.613195645893 50.633603125623 50.635299125623 50.635491142649 50.635843142649 50.699700291591 50.701396291591 50.701588291676 50.701940291676 51.142424197402 51.144120197402 51.144312212466 51.144664212466 51.173143324989 51.173143324989 51.173143324989 51.173143324989 51.173335324989 51.173335324989 51.175031324989 51.175031324989 51.175031324989 51.175031324989 51.175031324989 51.175223375795 51.175223375795 51.175575375795 51.593781142297 51.595477142297 51.595669142986 51.596021142986 51.610635641477 51.612331641477 51.612523645893 51.612875645893 51.633603125623 51.635299125623 51.635491142649 51.635843142649 51.700660291591 51.702356291591 51.702548291676 51.702900291676 52.141784197402 52.143480197402 52.143672212466 52.144024212466 52.172823324989 52.172823324989 52.172823324989 52.172823324989 52.173015324989 52.173015324989 52.174711324989 52.174711324989 52.174711324989 52.174711324989 52.174711324989 52.174903375795 52.174903375795 52.175255375795 52.593461142297 52.595157142297 52.595349165303 52.595701165303 52.610955641477 52.612651641477 52.612843645893 52.613195645893 52.635203125623 52.636899125623 52.637091142649 52.637443142649 52.699380291591 52.701076291591 52.701268291676 52.701620291676 53.141784197402 53.143480197402 53.143672212466 53.144024212466 53.173783324989 53.173783324989 53.173783324989 53.173783324989 53.173975324989 53.173975324989 53.175671324989 53.175671324989 53.175671324989 53.175671324989 53.175671324989 53.175863375795 53.175863375795 53.176215375795 53.593781142297 53.595477142297 53.595669156062 53.596021156062 53.611595641477 53.613291641477 53.613483645893 53.613835645893 53.634563125623 53.636259125623 53.636451142649 53.636803142649 53.700020291591 53.701716291591 53.701908291676 53.702260291676 54.142104197402 54.143800197402 54.143992212466 54.144344212466 54.173143324989 54.173143324989 54.173143324989 54.173143324989 54.173335324989 54.173335324989 54.175031324989 54.175031324989 54.175031324989 54.175031324989 54.175031324989 54.175223375795 54.175223375795 54.175575375795 54.592501142297 54.594197142297 54.594389165303 54.594741165303 54.610315641477 54.612011641477 54.612203645893 54.612555645893 54.633283125623 54.634979125623 54.635171142649 54.635523142649 54.699700291591 54.701396291591 54.701588291676 54.701940291676 55.141784197402 55.143480197402 55.143672212466 55.144024212466 55.174423324989 55.174423324989 55.174423324989 55.174423324989 55.174615324989 55.174615324989 55.176311324989 55.176311324989 55.176311324989 55.176311324989 55.176311324989 55.176503375795 55.176503375795 55.176855375795 55.592181142297 55.593877142297 55.59406918048 55.59442118048 55.610955641477 55.612651641477 55.612843645893 55.613195645893 55.634563125623 55.636259125623 55.636451142649 55.636803142649 55.700980291591 55.702676291591 55.702868291676 55.703220291676 56.141784197402 56.143480197402 56.143672212466 56.144024212466 56.175063324989 56.175063324989 56.175063324989 56.175063324989 56.175255324989 56.175255324989 56.176951324989 56.176951324989 56.176951324989 56.176951324989 56.176951324989 56.177143375795 56.177143375795 56.177495375795 56.592501142297 56.594197142297 56.594389162853 56.594741162853 56.609355641477 56.611051641477 56.611243645893 56.611595645893 56.633923125623 56.635619125623 56.635811142649 56.636163142649 56.700980291591 56.702676291591 56.702868291676 56.703220291676 57.144024197402 57.145720197402 57.145912212466 57.146264212466 57.173783324989 57.173783324989 57.173783324989 57.173783324989 57.173975324989 57.173975324989 57.175671324989 57.175671324989 57.175671324989 57.175671324989 57.175671324989 57.175863375795 57.175863375795 57.176215375795 57.593781142297 57.595477142297 57.595669165303 57.596021165303 57.610955641477 57.612651641477 57.612843645893 57.613195645893 57.633923125623 57.635619125623 57.635811142649 57.636163142649 57.699700291591 57.701396291591 57.701588291676 57.701940291676 58.144024197402 58.145720197402 58.145912212466 58.146264212466 58.174103324989 58.174103324989 58.174103324989 58.174103324989 58.174295324989 58.174295324989 58.175991324989 58.175991324989 58.175991324989 58.175991324989 58.175991324989 58.176183375795 58.176183375795 58.176535375795 58.593461142297 58.595157142297 58.595349142986 58.595701142986 58.609995641477 58.611691641477 58.611883645893 58.612235645893 58.635523125623 58.637219125623 58.637411142649 58.637763142649 58.699060291591 58.700756291591 58.700948291676 58.701300291676 59.142744197402 59.144440197402 59.144632212466 59.144984212466 59.174743324989 59.174743324989 59.174743324989 59.174743324989 59.174935324989 59.174935324989 59.176631324989 59.176631324989 59.176631324989 59.176631324989 59.176631324989 59.176823375795 59.176823375795 59.177175375795 59.592501142297 59.594197142297 59.59438918048 59.59474118048 59.610315641477 59.612011641477 59.612203645893 59.612555645893 59.634563125623 59.636259125623 59.636451142649 59.636803142649 59.700980291591 59.702676291591 59.702868291676 59.703220291676 60.142424197402 60.144120197402 60.144312212466 60.144664212466 60.174103324989 60.174103324989 60.174103324989 60.174103324989 60.174295324989 60.174295324989 60.175991324989 60.175991324989 60.175991324989 60.175991324989 60.175991324989 60.176183375795 60.176183375795 60.176535375795 60.592821142297 60.594517142297 60.594709165303 60.595061165303 60.610955641477 60.612651641477 60.612843645893 60.613195645893 60.634243125623 60.635939125623 60.636131142649 60.636483142649 60.700660291591 60.702356291591 60.702548291676 60.702900291676 61.143384197402 61.145080197402 61.145272212466 61.145624212466 61.174103324989 61.174103324989 61.174103324989 61.174103324989 61.174295324989 61.174295324989 61.175991324989 61.175991324989 61.175991324989 61.175991324989 61.175991324989 61.176183375795 61.176183375795 61.176535375795 61.591541142297 61.593237142297 61.593429156062 61.593781156062 61.609675641477 61.611371641477 61.611563645893 61.611915645893 61.633603125623 61.635299125623 61.635491142649 61.635843142649 61.699060291591 61.700756291591 61.700948291676 61.701300291676 62.143704197402 62.145400197402 62.145592212466 62.145944212466 62.173783324989 62.173783324989 62.173783324989 62.173783324989 62.173975324989 62.173975324989 62.175671324989 62.175671324989 62.175671324989 62.175671324989 62.175671324989 62.175863375795 62.175863375795 62.176215375795 62.593141142297 62.594837142297 62.595029156062 62.595381156062 62.611275641477 62.612971641477 62.613163645893 62.613515645893 62.633603125623 62.635299125623 62.635491142649 62.635843142649 62.699380291591 62.701076291591 62.701268291676 62.701620291676 63.142104197402 63.143800197402 63.143992212466 63.144344212466 63.173463324989 63.173463324989 63.173463324989 63.173463324989 63.173655324989 63.173655324989 63.175351324989 63.175351324989 63.175351324989 63.175351324989 63.175351324989 63.175543375795 63.175543375795 63.175895375795 63.593461142297 63.595157142297 63.595349162537 63.595701162537 63.611275641477 63.612971641477 63.613163645893 63.613515645893 63.633603125623 63.635299125623 63.635491142649 63.635843142649 63.700980291591 63.702676291591 63.702868291676 63.703220291676 64.144024197402 64.145720197402 64.145912212466 64.146264212466 64.174103324989 64.174103324989 64.174103324989 64.174103324989 64.174295324989 64.174295324989 64.175991324989 64.175991324989 64.175991324989 64.175991324989 64.175991324989 64.176183375795 64.176183375795 64.176535375795 64.591861142297 64.593557142297 64.593749156062 64.594101156062 64.611595641477 64.613291641477 64.613483645893 64.613835645893 64.635523125623 64.637219125623 64.637411142649 64.637763142649 64.699380291591 64.701076291591 64.701268291676 64.701620291676 65.143384197402 65.145080197402 65.145272212466 65.145624212466 65.175063324989 65.175063324989 65.175063324989 65.175063324989 65.175255324989 65.175255324989 65.176951324989 65.176951324989 65.176951324989 65.176951324989 65.176951324989 65.177143375795 65.177143375795 65.177495375795 65.592501142297 65.594197142297 65.594389142986 65.594741142986 65.610635641477 65.612331641477 65.612523645893 65.612875645893 65.633283125623 65.634979125623 65.635171142649 65.635523142649 65.700340291591 65.702036291591 65.702228291676 65.702580291676 66.143064197402 66.144760197402 66.144952212466 66.145304212466 66.173143324989 66.173143324989 66.173143324989 66.173143324989 66.173335324989 66.173335324989 66.175031324989 66.175031324989 66.175031324989 66.175031324989 66.175031324989 66.175223375795 66.175223375795 66.175575375795 66.591541142297 66.593237142297 66.593429142986 66.593781142986 66.611595641477 66.613291641477 66.613483645893 66.613835645893 66.634883125623 66.636579125623 66.636771142649 66.637123142649 66.699060291591 66.700756291591 66.700948291676 66.701300291676 67.142424197402 67.144120197402 67.144312212466 67.144664212466 67.172823324989 67.172823324989 67.172823324989 67.172823324989 67.173015324989 67.173015324989 67.174711324989 67.174711324989 67.174711324989 67.174711324989 67.174711324989 67.174903375795 67.174903375795 67.175255375795 67.592821142297 67.594517142297 67.594709156062 67.595061156062 67.610955641477 67.612651641477 67.612843645893 67.613195645893 67.633923125623 67.635619125623 67.635811142649 67.636163142649 67.700340291591 67.702036291591 67.702228291676 67.702580291676 68.141784197402 68.143480197402 68.143672212466 68.144024212466 68.174743324989 68.174743324989 68.174743324989 68.174743324989 68.174935324989 68.174935324989 68.176631324989 68.176631324989 68.176631324989 68.176631324989 68.176631324989 68.176823375795 68.176823375795 68.177175375795 68.593781142297 68.595477142297 68.59566918117 68.59602118117 68.610315641477 68.612011641477 68.612203645893 68.612555645893 68.633283125623 68.634979125623 68.635171142649 68.635523142649 68.699380291591 68.701076291591 68.701268291676 68.701620291676 69.141784197402 69.143480197402 69.143672212466 69.144024212466 69.173783324989 69.173783324989 69.173783324989 69.173783324989 69.173975324989 69.173975324989 69.175671324989 69.175671324989 69.175671324989 69.175671324989 69.175671324989 69.175863375795 69.175863375795 69.176215375795 69.592501142297 69.594197142297 69.594389142986 69.594741142986 69.611595641477 69.613291641477 69.613483645893 69.613835645893 69.635523125623 69.637219125623 69.637411142649 69.637763142649 69.698740291591 69.700436291591 69.700628291676 69.700980291676 70.143384197402 70.145080197402 70.145272212466 70.145624212466 70.172823324989 70.172823324989 70.172823324989 70.172823324989 70.173015324989 70.173015324989 70.174711324989 70.174711324989 70.174711324989 70.174711324989 70.174711324989 70.174903375795 70.174903375795 70.175255375795 70.593461142297 70.595157142297 70.59534918117 70.59570118117 70.610955641477 70.612651641477 70.612843645893 70.613195645893 70.634883125623 70.636579125623 70.636771142649 70.637123142649 70.699380291591 70.701076291591 70.701268291676 70.701620291676 71.141784197402 71.143480197402 71.143672212466 71.144024212466 71.174743324989 71.174743324989 71.174743324989 71.174743324989 71.174935324989 71.174935324989 71.176631324989 71.176631324989 71.176631324989 71.176631324989 71.176631324989 71.176823375795 71.176823375795 71.177175375795 71.592501142297 71.594197142297 71.59438918048 71.59474118048 71.611595641477 71.613291641477 71.613483645893 71.613835645893 71.635203125623 71.636899125623 71.637091142649 71.637443142649 71.700660291591 71.702356291591 71.702548291676 71.702900291676 72.142104197402 72.143800197402 72.143992212466 72.144344212466 72.172823324989 72.172823324989 72.172823324989 72.172823324989 72.173015324989 72.173015324989 72.174711324989 72.174711324989 72.174711324989 72.174711324989 72.174711324989 72.174903375795 72.174903375795 72.175255375795 72.592501142297 72.594197142297 72.594389154928 72.594741154928 72.609995641477 72.611691641477 72.611883645893 72.612235645893 72.634243125623 72.635939125623 72.636131142649 72.636483142649 72.700340291591 72.702036291591 72.702228291676 72.702580291676 73.141784197402 73.143480197402 73.143672212466 73.144024212466 73.172823324989 73.172823324989 73.172823324989 73.172823324989 73.173015324989 73.173015324989 73.174711324989 73.174711324989 73.174711324989 73.174711324989 73.174711324989 73.174903375795 73.174903375795 73.175255375795 73.593141142297 73.594837142297 73.59502918117 73.59538118117 73.611275641477 73.612971641477 73.613163645893 73.613515645893 73.633603125623 73.635299125623 73.635491142649 73.635843142649 73.700020291591 73.701716291591 73.701908291676 73.702260291676 74.142104197402 74.143800197402 74.143992212466 74.144344212466 74.173783324989 74.173783324989 74.173783324989 74.173783324989 74.173975324989 74.173975324989 74.175671324989 74.175671324989 74.175671324989 74.175671324989 74.175671324989 74.175863375795 74.175863375795 74.176215375795 74.593141142297 74.594837142297 74.595029154928 74.595381154928 74.610315641477 74.612011641477 74.612203645893 74.612555645893 74.635203125623 74.636899125623 74.637091142649 74.637443142649 74.700340291591 74.702036291591 74.702228291676 74.702580291676 75.141784197402 75.143480197402 75.143672212466 75.144024212466 75.174743324989 75.174743324989 75.174743324989 75.174743324989 75.174935324989 75.174935324989 75.176631324989 75.176631324989 75.176631324989 75.176631324989 75.176631324989 75.176823375795 75.176823375795 75.177175375795 75.592821142297 75.594517142297 75.594709142986 75.595061142986 75.609995641477 75.611691641477 75.611883645893 75.612235645893 75.634883125623 75.636579125623 75.636771142649 75.637123142649 75.700980291591 75.702676291591 75.702868291676 75.703220291676 76.141784197402 76.143480197402 76.143672212466 76.144024212466 76.174423324989 76.174423324989 76.174423324989 76.174423324989 76.174615324989 76.174615324989 76.176311324989 76.176311324989 76.176311324989 76.176311324989 76.176311324989 76.176503375795 76.176503375795 76.176855375795 76.593781142297 76.595477142297 76.595669165303 76.596021165303 76.610315641477 76.612011641477 76.612203645893 76.612555645893 76.633603125623 76.635299125623 76.635491142649 76.635843142649 76.700020291591 76.701716291591 76.701908291676 76.702260291676 77.142104197402 77.143800197402 77.143992212466 77.144344212466 77.174423324989 77.174423324989 77.174423324989 77.174423324989 77.174615324989 77.174615324989 77.176311324989 77.176311324989 77.176311324989 77.176311324989 77.176311324989 77.176503375795 77.176503375795 77.176855375795 77.593781142297 77.595477142297 77.595669162537 77.596021162537 77.609995641477 77.611691641477 77.611883645893 77.612235645893 77.634563125623 77.636259125623 77.636451142649 77.636803142649 77.698740291591 77.700436291591 77.700628291676 77.700980291676 78.142104197402 78.143800197402 78.143992212466 78.144344212466 78.174103324989 78.174103324989 78.174103324989 78.174103324989 78.174295324989 78.174295324989 78.175991324989 78.175991324989 78.175991324989 78.175991324989 78.175991324989 78.176183375795 78.176183375795 78.176535375795 78.592501142297 78.594197142297 78.594389142986 78.594741142986 78.609355641477 78.611051641477 78.611243645893 78.611595645893 78.635203125623 78.636899125623 78.637091142649 78.637443142649 78.700980291591 78.702676291591 78.702868291676 78.703220291676 79.142424197402 79.144120197402 79.144312212466 79.144664212466 79.173463324989 79.173463324989 79.173463324989 79.173463324989 79.173655324989 79.173655324989 79.175351324989 79.175351324989 79.175351324989 79.175351324989 79.175351324989 79.175543375795 79.175543375795 79.175895375795 79.593781142297 79.595477142297 79.595669162853 79.596021162853 79.609995641477 79.611691641477 79.611883645893 79.612235645893 79.634243125623 79.635939125623 79.636131142649 79.636483142649 79.700980291591 79.702676291591 79.702868291676 79.703220291676 80.142104197402 80.143800197402 80.143992212466 80.144344212466 80.174423324989 80.174423324989 80.174423324989 80.174423324989 80.174615324989 80.174615324989 80.176311324989 80.176311324989 80.176311324989 80.176311324989 80.176311324989 80.176503375795 80.176503375795 80.176855375795 80.592181142297 80.593877142297 80.594069142986 80.594421142986 80.611595641477 80.613291641477 80.613483645893 80.613835645893 80.633603125623 80.635299125623 80.635491142649 80.635843142649 80.699700291591 80.701396291591 80.701588291676 80.701940291676 81.143704197402 81.145400197402 81.145592212466 81.145944212466 81.174103324989 81.174103324989 81.174103324989 81.174103324989 81.174295324989 81.174295324989 81.175991324989 81.175991324989 81.175991324989 81.175991324989 81.175991324989 81.176183375795 81.176183375795 81.176535375795 81.593141142297 81.594837142297 81.595029162853 81.595381162853 81.611595641477 81.613291641477 81.613483645893 81.613835645893 81.635203125623 81.636899125623 81.637091142649 81.637443142649 81.699060291591 81.700756291591 81.700948291676 81.701300291676 82.141784197402 82.143480197402 82.143672212466 82.144024212466 82.173143324989 82.173143324989 82.173143324989 82.173143324989 82.173335324989 82.173335324989 82.175031324989 82.175031324989 82.175031324989 82.175031324989 82.175031324989 82.175223375795 82.175223375795 82.175575375795 82.592181142297 82.593877142297 82.594069162853 82.594421162853 82.611275641477 82.612971641477 82.613163645893 82.613515645893 82.633923125623 82.635619125623 82.635811142649 82.636163142649 82.699060291591 82.700756291591 82.700948291676 82.701300291676 83.143064197402 83.144760197402 83.144952212466 83.145304212466 83.174423324989 83.174423324989 83.174423324989 83.174423324989 83.174615324989 83.174615324989 83.176311324989 83.176311324989 83.176311324989 83.176311324989 83.176311324989 83.176503375795 83.176503375795 83.176855375795 83.592501142297 83.594197142297 83.59438918048 83.59474118048 83.610635641477 83.612331641477 83.612523645893 83.612875645893 83.634883125623 83.636579125623 83.636771142649 83.637123142649 83.699060291591 83.700756291591 83.700948291676 83.701300291676 84.142104197402 84.143800197402 84.143992212466 84.144344212466 84.174103324989 84.174103324989 84.174103324989 84.174103324989 84.174295324989 84.174295324989 84.175991324989 84.175991324989 84.175991324989 84.175991324989 84.175991324989 84.176183375795 84.176183375795 84.176535375795 84.593141142297 84.594837142297 84.595029142986 84.595381142986 84.611275641477 84.612971641477 84.613163645893 84.613515645893 84.633603125623 84.635299125623 84.635491142649 84.635843142649 84.700660291591 84.702356291591 84.702548291676 84.702900291676 85.143704197402 85.145400197402 85.145592212466 85.145944212466 85.175063324989 85.175063324989 85.175063324989 85.175063324989 85.175255324989 85.175255324989 85.176951324989 85.176951324989 85.176951324989 85.176951324989 85.176951324989 85.177143375795 85.177143375795 85.177495375795 85.593781142297 85.595477142297 85.59566918048 85.59602118048 85.610635641477 85.612331641477 85.612523645893 85.612875645893 85.635203125623 85.636899125623 85.637091142649 85.637443142649 85.699060291591 85.700756291591 85.700948291676 85.701300291676 86.143704197402 86.145400197402 86.145592212466 86.145944212466 86.175063324989 86.175063324989 86.175063324989 86.175063324989 86.175255324989 86.175255324989 86.176951324989 86.176951324989 86.176951324989 86.176951324989 86.176951324989 86.177143375795 86.177143375795 86.177495375795 86.593781142297 86.595477142297 86.59566918117 86.59602118117 86.610635641477 86.612331641477 86.612523645893 86.612875645893 86.633283125623 86.634979125623 86.635171142649 86.635523142649 86.699060291591 86.700756291591 86.700948291676 86.701300291676 87.143064197402 87.144760197402 87.144952212466 87.145304212466 87.174743324989 87.174743324989 87.174743324989 87.174743324989 87.174935324989 87.174935324989 87.176631324989 87.176631324989 87.176631324989 87.176631324989 87.176631324989 87.176823375795 87.176823375795 87.177175375795 87.593461142297 87.595157142297 87.59534918117 87.59570118117 87.610955641477 87.612651641477 87.612843645893 87.613195645893 87.634883125623 87.636579125623 87.636771142649 87.637123142649 87.698740291591 87.700436291591 87.700628291676 87.700980291676 88.143384197402 88.145080197402 88.145272212466 88.145624212466 88.174743324989 88.174743324989 88.174743324989 88.174743324989 88.174935324989 88.174935324989 88.176631324989 88.176631324989 88.176631324989 88.176631324989 88.176631324989 88.176823375795 88.176823375795 88.177175375795 88.593461142297 88.595157142297 88.595349165303 88.595701165303 88.611595641477 88.613291641477 88.613483645893 88.613835645893 88.633923125623 88.635619125623 88.635811142649 88.636163142649 88.700660291591 88.702356291591 88.702548291676 88.702900291676 89.142104197402 89.143800197402 89.143992212466 89.144344212466 89.173463324989 89.173463324989 89.173463324989 89.173463324989 89.173655324989 89.173655324989 89.175351324989 89.175351324989 89.175351324989 89.175351324989 89.175351324989 89.175543375795 89.175543375795 89.175895375795 89.593781142297 89.595477142297 89.595669162537 89.596021162537 89.609995641477 89.611691641477 89.611883645893 89.612235645893 89.633603125623 89.635299125623 89.635491142649 89.635843142649 89.700660291591 89.702356291591 89.702548291676 89.702900291676 90.143704197402 90.145400197402 90.145592212466 90.145944212466 90.173463324989 90.173463324989 90.173463324989 90.173463324989 90.173655324989 90.173655324989 90.175351324989 90.175351324989 90.175351324989 90.175351324989 90.175351324989 90.175543375795 90.175543375795 90.175895375795 90.591541142297 90.593237142297 90.593429154928 90.593781154928 90.609675641477 90.611371641477 90.611563645893 90.611915645893 90.634883125623 90.636579125623 90.636771142649 90.637123142649 90.700020291591 90.701716291591 90.701908291676 90.702260291676 91.143704197402 91.145400197402 91.145592212466 91.145944212466 91.174743324989 91.174743324989 91.174743324989 91.174743324989 91.174935324989 91.174935324989 91.176631324989 91.176631324989 91.176631324989 91.176631324989 91.176631324989 91.176823375795 91.176823375795 91.177175375795 91.593781142297 91.595477142297 91.595669162853 91.596021162853 91.610955641477 91.612651641477 91.612843645893 91.613195645893 91.634883125623 91.636579125623 91.636771142649 91.637123142649 91.699060291591 91.700756291591 91.700948291676 91.701300291676 92.143064197402 92.144760197402 92.144952212466 92.145304212466 92.174743324989 92.174743324989 92.174743324989 92.174743324989 92.174935324989 92.174935324989 92.176631324989 92.176631324989 92.176631324989 92.176631324989 92.176631324989 92.176823375795 92.176823375795 92.177175375795 92.592181142297 92.593877142297 92.594069142986 92.594421142986 92.610955641477 92.612651641477 92.612843645893 92.613195645893 92.633603125623 92.635299125623 92.635491142649 92.635843142649 92.698740291591 92.700436291591 92.700628291676 92.700980291676 93.141784197402 93.143480197402 93.143672212466 93.144024212466 93.173463324989 93.173463324989 93.173463324989 93.173463324989 93.173655324989 93.173655324989 93.175351324989 93.175351324989 93.175351324989 93.175351324989 93.175351324989 93.175543375795 93.175543375795 93.175895375795 93.591861142297 93.593557142297 93.593749165303 93.594101165303 93.609995641477 93.611691641477 93.611883645893 93.612235645893 93.633923125623 93.635619125623 93.635811142649 93.636163142649 93.699700291591 93.701396291591 93.701588291676 93.701940291676 94.144024197402 94.145720197402 94.145912212466 94.146264212466 94.173143324989 94.173143324989 94.173143324989 94.173143324989 94.173335324989 94.173335324989 94.175031324989 94.175031324989 94.175031324989 94.175031324989 94.175031324989 94.175223375795 94.175223375795 94.175575375795 94.592181142297 94.593877142297 94.594069142986 94.594421142986 94.609995641477 94.611691641477 94.611883645893 94.612235645893 94.634243125623 94.635939125623 94.636131142649 94.636483142649 94.700980291591 94.702676291591 94.702868291676 94.703220291676 95.142744197402 95.144440197402 95.144632212466 95.144984212466 95.173463324989 95.173463324989 95.173463324989 95.173463324989 95.173655324989 95.173655324989 95.175351324989 95.175351324989 95.175351324989 95.175351324989 95.175351324989 95.175543375795 95.175543375795 95.175895375795 95.592181142297 95.593877142297 95.594069156062 95.594421156062 95.610315641477 95.612011641477 95.612203645893 95.612555645893 95.634243125623 95.635939125623 95.636131142649 95.636483142649 95.700340291591 95.702036291591 95.702228291676 95.702580291676 96.142104197402 96.143800197402 96.143992212466 96.144344212466 96.174423324989 96.174423324989 96.174423324989 96.174423324989 96.174615324989 96.174615324989 96.176311324989 96.176311324989 96.176311324989 96.176311324989 96.176311324989 96.176503375795 96.176503375795 96.176855375795 96.593141142297 96.594837142297 96.595029162537 96.595381162537 96.609355641477 96.611051641477 96.611243645893 96.611595645893 96.634243125623 96.635939125623 96.636131142649 96.636483142649 96.699380291591 96.701076291591 96.701268291676 96.701620291676 97.144024197402 97.145720197402 97.145912212466 97.146264212466 97.175063324989 97.175063324989 97.175063324989 97.175063324989 97.175255324989 97.175255324989 97.176951324989 97.176951324989 97.176951324989 97.176951324989 97.176951324989 97.177143375795 97.177143375795 97.177495375795 97.591541142297 97.593237142297 97.59342918117 97.59378118117 97.610635641477 97.612331641477 97.612523645893 97.612875645893 97.633923125623 97.635619125623 97.635811142649 97.636163142649 97.700980291591 97.702676291591 97.702868291676 97.703220291676 98.142744197402 98.144440197402 98.144632212466 98.144984212466 98.172823324989 98.172823324989 98.172823324989 98.172823324989 98.173015324989 98.173015324989 98.174711324989 98.174711324989 98.174711324989 98.174711324989 98.174711324989 98.174903375795 98.174903375795 98.175255375795 98.592501142297 98.594197142297 98.59438918117 98.59474118117 98.609675641477 98.611371641477 98.611563645893 98.611915645893 98.634563125623 98.636259125623 98.636451142649 98.636803142649 98.699700291591 98.701396291591 98.701588291676 98.701940291676 99.142744197402 99.144440197402 99.144632212466 99.144984212466 99.174103324989 99.174103324989 99.174103324989 99.174103324989 99.174295324989 99.174295324989 99.175991324989 99.175991324989 99.175991324989 99.175991324989 99.175991324989 99.176183375795 99.176183375795 99.176535375795 99.593141142297 99.594837142297 99.595029162537 99.595381162537 99.609995641477 99.611691641477 99.611883645893 99.612235645893 99.634883125623 99.636579125623 99.636771142649 99.637123142649 99.699700291591 99.701396291591 99.701588291676 99.701940291676","0 0 0 5e-06 0 0.05 5e-06 0.05 5e-06 0 0 0.005 0.005 0 0.075 0.005 0 5e-06 5e-06 5e-06 0 0.05 5e-06 0.05 5e-06 0.05 5e-06 0.05 5e-06 0.05 5e-06 0.05 5e-06 0.05 5e-06 0.05 5e-06 0.05 5e-06 0.05 5e-06 0.05 5e-06 0 0 0.005 0.005 0 0.075 0.005 0 5e-06 5e-06 5e-06 0 0.05 5e-06 0.05 5e-06 0.05 5e-06 0.05 5e-06 0.05 5e-06 0.05 5e-06 0.05 5e-06 0.05 5e-06 0.05 5e-06 0.05 5e-06 0.05 5e-06 0 0 0.005 0.005 0 0.075 0.005 0 5e-06 5e-06 5e-06 0 0.05 5e-06 0.05 5e-06 0.05 5e-06 0.05 5e-06 0.05 5e-06 0.05 5e-06 0.05 5e-06 0.05 5e-06 0.05 5e-06 0.05 5e-06 0.05 5e-06 0 0 0.005 0.005 0 0.075 0.005 0 5e-06 5e-06 5e-06 0 0.05 5e-06 0.05 5e-06 0.05 5e-06 0.05 5e-06 0.05 5e-06 0.05 5e-06 0.05 5e-06 0.05 5e-06 0.05 5e-06 0.05 5e-06 0.05 5e-06 0 0 0.005 0.005 0 0.075 0.005 0 5e-06 5e-06 5e-06 0 0.05 5e-06 0.05 5e-06 0.05 5e-06 0.05 5e-06 0.05 5e-06 0.05 5e-06 0.05 5e-06 0.05 5e-06 0.05 5e-06 0.05 5e-06 0.05 5e-06 0 0 0.005 0.005 0 0.075 0.005 0 5e-06 5e-06 5e-06 0 0.05 5e-06 0.05 5e-06 0.05 5e-06 0.05 5e-06 0.05 5e-06 0.05 5e-06 0.05 5e-06 0.05 5e-06 0.05 5e-06 0.05 5e-06 0.05 5e-06 0 0 0.005 0.005 0 0.075 0.005 0 5e-06 5e-06 5e-06 0 0.05 5e-06 0.05 5e-06 0.05 5e-06 0.05 5e-06 0.05 5e-06 0.05 5e-06 0.05 5e-06 0.05 5e-06 0.05 5e-06 0.05 5e-06 0.05 5e-06 0 0 0.005 0.005 0 0.075 0.005 0 5e-06 5e-06 5e-06 0 0.05 5e-06 0.05 5e-06 0.05 5e-06 0.05 5e-06 0.05 5e-06 0.05 5e-06 0.05 5e-06 0.05 5e-06 0.05 5e-06 0.05 5e-06 0.05 5e-06 0 0 0.005 0.005 0 0.075 0.005 0 5e-06 5e-06 5e-06 0 0.05 5e-06 0.05 5e-06 0.05 5e-06 0.05 5e-06 0.05 5e-06 0.05 5e-06 0.05 5e-06 0.05 5e-06 0.05 5e-06 0.05 5e-06 0.05 5e-06 0 0 0.005 0.005 0 0.075 0.005 0 5e-06 5e-06 5e-06 0 0.05 5e-06 0.05 5e-06 0.05 5e-06 0.05 5e-06 0.05 5e-06 0.05 5e-06 0.05 5e-06 0.05 5e-06 0.05 5e-06 0.05 5e-06 0.05 5e-06 0 0 0.005 0.005 0 0.075 0.005 0 5e-06 5e-06 5e-06 0 0.05 5e-06 0.05 5e-06 0.05 5e-06 0.05 5e-06 0.05 5e-06 0.05 5e-06 0.05 5e-06 0.05 5e-06 0.05 5e-06 0.05 5e-06 0.05 5e-06 0 0 0.005 0.005 0 0.075 0.005 0 5e-06 5e-06 5e-06 0 0.05 5e-06 0.05 5e-06 0.05 5e-06 0.05 5e-06 0.05 5e-06 0.05 5e-06 0.05 5e-06 0.05 5e-06 0.05 5e-06 0.05 5e-06 0.05 5e-06 0 0 0.005 0.005 0 0.075 0.005 0 5e-06 5e-06 5e-06 0 0.05 5e-06 0.05 5e-06 0.05 5e-06 0.05 5e-06 0.05 5e-06 0.05 5e-06 0.05 5e-06 0.05 5e-06 0.05 5e-06 0.05 5e-06 0.05 5e-06 0 0 0.005 0.005 0 0.075 0.005 0 5e-06 5e-06 5e-06 0 0.05 5e-06 0.05 5e-06 0.05 5e-06 0.05 5e-06 0.05 5e-06 0.05 5e-06 0.05 5e-06 0.05 5e-06 0.05 5e-06 0.05 5e-06 0.05 5e-06 0 0 0.005 0.005 0 0.075 0.005 0 5e-06 5e-06 5e-06 0 0.05 5e-06 0.05 5e-06 0.05 5e-06 0.05 5e-06 0.05 5e-06 0.05 5e-06 0.05 5e-06 0.05 5e-06 0.05 5e-06 0.05 5e-06 0.05 5e-06 0 0 0.005 0.005 0 0.075 0.005 0 5e-06 5e-06 5e-06 0 0.05 5e-06 0.05 5e-06 0.05 5e-06 0.05 5e-06 0.05 5e-06 0.05 5e-06 0.05 5e-06 0.05 5e-06 0.05 5e-06 0.05 5e-06 0.05 5e-06 0 0 0.005 0.005 0 0.075 0.005 0 5e-06 5e-06 5e-06 0 0.05 5e-06 0.05 5e-06 0.05 5e-06 0.05 5e-06 0.05 5e-06 0.05 5e-06 0.05 5e-06 0.05 5e-06 0.05 5e-06 0.05 5e-06 0.05 5e-06 0 0 0.005 0.005 0 0.075 0.005 0 5e-06 5e-06 5e-06 0 0.05 5e-06 0.05 5e-06 0.05 5e-06 0.05 5e-06 0.05 5e-06 0.05 5e-06 0.05 5e-06 0.05 5e-06 0.05 5e-06 0.05 5e-06 0.05 5e-06 0 0 0.005 0.005 0 0.075 0.005 0 5e-06 5e-06 5e-06 0 0.05 5e-06 0.05 5e-06 0.05 5e-06 0.05 5e-06 0.05 5e-06 0.05 5e-06 0.05 5e-06 0.05 5e-06 0.05 5e-06 0.05 5e-06 0.05 5e-06 0 0 0.005 0.005 0 0.075 0.005 0 5e-06 5e-06 5e-06 0 0.05 5e-06 0.05 5e-06 0.05 5e-06 0.05 5e-06 0.05 5e-06 0.05 5e-06 0.05 5e-06 0.05 5e-06 0.05 5e-06 0.05 5e-06 0.05 5e-06 0 0 0.005 0.005 0 0.075 0.005 0 5e-06 5e-06 5e-06 0 0.05 5e-06 0.05 5e-06 0.05 5e-06 0.05 5e-06 0.05 5e-06 0.05 5e-06 0.05 5e-06 0.05 5e-06 0.05 5e-06 0.05 5e-06 0.05 5e-06 0 0 0.005 0.005 0 0.075 0.005 0 5e-06 5e-06 5e-06 0 0.05 5e-06 0.05 5e-06 0.05 5e-06 0.05 5e-06 0.05 5e-06 0.05 5e-06 0.05 5e-06 0.05 5e-06 0.05 5e-06 0.05 5e-06 0.05 5e-06 0 0 0.005 0.005 0 0.075 0.005 0 5e-06 5e-06 5e-06 0 0.05 5e-06 0.05 5e-06 0.05 5e-06 0.05 5e-06 0.05 5e-06 0.05 5e-06 0.05 5e-06 0.05 5e-06 0.05 5e-06 0.05 5e-06 0.05 5e-06 0 0 0.005 0.005 0 0.075 0.005 0 5e-06 5e-06 5e-06 0 0.05 5e-06 0.05 5e-06 0.05 5e-06 0.05 5e-06 0.05 5e-06 0.05 5e-06 0.05 5e-06 0.05 5e-06 0.05 5e-06 0.05 5e-06 0.05 5e-06 0 0 0.005 0.005 0 0.075 0.005 0 5e-06 5e-06 5e-06 0 0.05 5e-06 0.05 5e-06 0.05 5e-06 0.05 5e-06 0.05 5e-06 0.05 5e-06 0.05 5e-06 0.05 5e-06 0.05 5e-06 0.05 5e-06 0.05 5e-06 0 0 0.005 0.005 0 0.075 0.005 0 5e-06 5e-06 5e-06 0 0.05 5e-06 0.05 5e-06 0.05 5e-06 0.05 5e-06 0.05 5e-06 0.05 5e-06 0.05 5e-06 0.05 5e-06 0.05 5e-06 0.05 5e-06 0.05 5e-06 0 0 0.005 0.005 0 0.075 0.005 0 5e-06 5e-06 5e-06 0 0.05 5e-06 0.05 5e-06 0.05 5e-06 0.05 5e-06 0.05 5e-06 0.05 5e-06 0.05 5e-06 0.05 5e-06 0.05 5e-06 0.05 5e-06 0.05 5e-06 0 0 0.005 0.005 0 0.075 0.005 0 5e-06 5e-06 5e-06 0 0.05 5e-06 0.05 5e-06 0.05 5e-06 0.05 5e-06 0.05 5e-06 0.05 5e-06 0.05 5e-06 0.05 5e-06 0.05 5e-06 0.05 5e-06 0.05 5e-06 0 0 0.005 0.005 0 0.075 0.005 0 5e-06 5e-06 5e-06 0 0.05 5e-06 0.05 5e-06 0.05 5e-06 0.05 5e-06 0.05 5e-06 0.05 5e-06 0.05 5e-06 0.05 5e-06 0.05 5e-06 0.05 5e-06 0.05 5e-06 0 0 0.005 0.005 0 0.075 0.005 0 5e-06 5e-06 5e-06 0 0.05 5e-06 0.05 5e-06 0.05 5e-06 0.05 5e-06 0.05 5e-06 0.05 5e-06 0.05 5e-06 0.05 5e-06 0.05 5e-06 0.05 5e-06 0.05 5e-06 0 0 0.005 0.005 0 0.075 0.005 0 5e-06 5e-06 5e-06 0 0.05 5e-06 0.05 5e-06 0.05 5e-06 0.05 5e-06 0.05 5e-06 0.05 5e-06 0.05 5e-06 0.05 5e-06 0.05 5e-06 0.05 5e-06 0.05 5e-06 0 0 0.005 0.005 0 0.075 0.005 0 5e-06 5e-06 5e-06 0 0.05 5e-06 0.05 5e-06 0.05 5e-06 0.05 5e-06 0.05 5e-06 0.05 5e-06 0.05 5e-06 0.05 5e-06 0.05 5e-06 0.05 5e-06 0.05 5e-06 0 0 0.005 0.005 0 0.075 0.005 0 5e-06 5e-06 5e-06 0 0.05 5e-06 0.05 5e-06 0.05 5e-06 0.05 5e-06 0.05 5e-06 0.05 5e-06 0.05 5e-06 0.05 5e-06 0.05 5e-06 0.05 5e-06 0.05 5e-06 0 0 0.005 0.005 0 0.075 0.005 0 5e-06 5e-06 5e-06 0 0.05 5e-06 0.05 5e-06 0.05 5e-06 0.05 5e-06 0.05 5e-06 0.05 5e-06 0.05 5e-06 0.05 5e-06 0.05 5e-06 0.05 5e-06 0.05 5e-06 0 0 0.005 0.005 0 0.075 0.005 0 5e-06 5e-06 5e-06 0 0.05 5e-06 0.05 5e-06 0.05 5e-06 0.05 5e-06 0.05 5e-06 0.05 5e-06 0.05 5e-06 0.05 5e-06 0.05 5e-06 0.05 5e-06 0.05 5e-06 0 0 0.005 0.005 0 0.075 0.005 0 5e-06 5e-06 5e-06 0 0.05 5e-06 0.05 5e-06 0.05 5e-06 0.05 5e-06 0.05 5e-06 0.05 5e-06 0.05 5e-06 0.05 5e-06 0.05 5e-06 0.05 5e-06 0.05 5e-06 0 0 0.005 0.005 0 0.075 0.005 0 5e-06 5e-06 5e-06 0 0.05 5e-06 0.05 5e-06 0.05 5e-06 0.05 5e-06 0.05 5e-06 0.05 5e-06 0.05 5e-06 0.05 5e-06 0.05 5e-06 0.05 5e-06 0.05 5e-06 0 0 0.005 0.005 0 0.075 0.005 0 5e-06 5e-06 5e-06 0 0.05 5e-06 0.05 5e-06 0.05 5e-06 0.05 5e-06 0.05 5e-06 0.05 5e-06 0.05 5e-06 0.05 5e-06 0.05 5e-06 0.05 5e-06 0.05 5e-06 0 0 0.005 0.005 0 0.075 0.005 0 5e-06 5e-06 5e-06 0 0.05 5e-06 0.05 5e-06 0.05 5e-06 0.05 5e-06 0.05 5e-06 0.05 5e-06 0.05 5e-06 0.05 5e-06 0.05 5e-06 0.05 5e-06 0.05 5e-06 0 0 0.005 0.005 0 0.075 0.005 0 5e-06 5e-06 5e-06 0 0.05 5e-06 0.05 5e-06 0.05 5e-06 0.05 5e-06 0.05 5e-06 0.05 5e-06 0.05 5e-06 0.05 5e-06 0.05 5e-06 0.05 5e-06 0.05 5e-06 0 0 0.005 0.005 0 0.075 0.005 0 5e-06 5e-06 5e-06 0 0.05 5e-06 0.05 5e-06 0.05 5e-06 0.05 5e-06 0.05 5e-06 0.05 5e-06 0.05 5e-06 0.05 5e-06 0.05 5e-06 0.05 5e-06 0.05 5e-06 0 0 0.005 0.005 0 0.075 0.005 0 5e-06 5e-06 5e-06 0 0.05 5e-06 0.05 5e-06 0.05 5e-06 0.05 5e-06 0.05 5e-06 0.05 5e-06 0.05 5e-06 0.05 5e-06 0.05 5e-06 0.05 5e-06 0.05 5e-06 0 0 0.005 0.005 0 0.075 0.005 0 5e-06 5e-06 5e-06 0 0.05 5e-06 0.05 5e-06 0.05 5e-06 0.05 5e-06 0.05 5e-06 0.05 5e-06 0.05 5e-06 0.05 5e-06 0.05 5e-06 0.05 5e-06 0.05 5e-06 0 0 0.005 0.005 0 0.075 0.005 0 5e-06 5e-06 5e-06 0 0.05 5e-06 0.05 5e-06 0.05 5e-06 0.05 5e-06 0.05 5e-06 0.05 5e-06 0.05 5e-06 0.05 5e-06 0.05 5e-06 0.05 5e-06 0.05 5e-06 0 0 0.005 0.005 0 0.075 0.005 0 5e-06 5e-06 5e-06 0 0.05 5e-06 0.05 5e-06 0.05 5e-06 0.05 5e-06 0.05 5e-06 0.05 5e-06 0.05 5e-06 0.05 5e-06 0.05 5e-06 0.05 5e-06 0.05 5e-06 0 0 0.005 0.005 0 0.075 0.005 0 5e-06 5e-06 5e-06 0 0.05 5e-06 0.05 5e-06 0.05 5e-06 0.05 5e-06 0.05 5e-06 0.05 5e-06 0.05 5e-06 0.05 5e-06 0.05 5e-06 0.05 5e-06 0.05 5e-06 0 0 0.005 0.005 0 0.075 0.005 0 5e-06 5e-06 5e-06 0 0.05 5e-06 0.05 5e-06 0.05 5e-06 0.05 5e-06 0.05 5e-06 0.05 5e-06 0.05 5e-06 0.05 5e-06 0.05 5e-06 0.05 5e-06 0.05 5e-06 0 0 0.005 0.005 0 0.075 0.005 0 5e-06 5e-06 5e-06 0 0.05 5e-06 0.05 5e-06 0.05 5e-06 0.05 5e-06 0.05 5e-06 0.05 5e-06 0.05 5e-06 0.05 5e-06 0.05 5e-06 0.05 5e-06 0.05 5e-06 0 0 0.005 0.005 0 0.075 0.005 0 5e-06 5e-06 5e-06 0 0.05 5e-06 0.05 5e-06 0.05 5e-06 0.05 5e-06 0.05 5e-06 0.05 5e-06 0.05 5e-06 0.05 5e-06 0.05 5e-06 0.05 5e-06 0.05 5e-06 0 0 0.005 0.005 0 0.075 0.005 0 5e-06 5e-06 5e-06 0 0.05 5e-06 0.05 5e-06 0.05 5e-06 0.05 5e-06 0.05 5e-06 0.05 5e-06 0.05 5e-06 0.05 5e-06 0.05 5e-06 0.05 5e-06 0.05 5e-06 0 0 0.005 0.005 0 0.075 0.005 0 5e-06 5e-06 5e-06 0 0.05 5e-06 0.05 5e-06 0.05 5e-06 0.05 5e-06 0.05 5e-06 0.05 5e-06 0.05 5e-06 0.05 5e-06 0.05 5e-06 0.05 5e-06 0.05 5e-06 0 0 0.005 0.005 0 0.075 0.005 0 5e-06 5e-06 5e-06 0 0.05 5e-06 0.05 5e-06 0.05 5e-06 0.05 5e-06 0.05 5e-06 0.05 5e-06 0.05 5e-06 0.05 5e-06 0.05 5e-06 0.05 5e-06 0.05 5e-06 0 0 0.005 0.005 0 0.075 0.005 0 5e-06 5e-06 5e-06 0 0.05 5e-06 0.05 5e-06 0.05 5e-06 0.05 5e-06 0.05 5e-06 0.05 5e-06 0.05 5e-06 0.05 5e-06 0.05 5e-06 0.05 5e-06 0.05 5e-06 0 0 0.005 0.005 0 0.075 0.005 0 5e-06 5e-06 5e-06 0 0.05 5e-06 0.05 5e-06 0.05 5e-06 0.05 5e-06 0.05 5e-06 0.05 5e-06 0.05 5e-06 0.05 5e-06 0.05 5e-06 0.05 5e-06 0.05 5e-06 0 0 0.005 0.005 0 0.075 0.005 0 5e-06 5e-06 5e-06 0 0.05 5e-06 0.05 5e-06 0.05 5e-06 0.05 5e-06 0.05 5e-06 0.05 5e-06 0.05 5e-06 0.05 5e-06 0.05 5e-06 0.05 5e-06 0.05 5e-06 0 0 0.005 0.005 0 0.075 0.005 0 5e-06 5e-06 5e-06 0 0.05 5e-06 0.05 5e-06 0.05 5e-06 0.05 5e-06 0.05 5e-06 0.05 5e-06 0.05 5e-06 0.05 5e-06 0.05 5e-06 0.05 5e-06 0.05 5e-06 0 0 0.005 0.005 0 0.075 0.005 0 5e-06 5e-06 5e-06 0 0.05 5e-06 0.05 5e-06 0.05 5e-06 0.05 5e-06 0.05 5e-06 0.05 5e-06 0.05 5e-06 0.05 5e-06 0.05 5e-06 0.05 5e-06 0.05 5e-06 0 0 0.005 0.005 0 0.075 0.005 0 5e-06 5e-06 5e-06 0 0.05 5e-06 0.05 5e-06 0.05 5e-06 0.05 5e-06 0.05 5e-06 0.05 5e-06 0.05 5e-06 0.05 5e-06 0.05 5e-06 0.05 5e-06 0.05 5e-06 0 0 0.005 0.005 0 0.075 0.005 0 5e-06 5e-06 5e-06 0 0.05 5e-06 0.05 5e-06 0.05 5e-06 0.05 5e-06 0.05 5e-06 0.05 5e-06 0.05 5e-06 0.05 5e-06 0.05 5e-06 0.05 5e-06 0.05 5e-06 0 0 0.005 0.005 0 0.075 0.005 0 5e-06 5e-06 5e-06 0 0.05 5e-06 0.05 5e-06 0.05 5e-06 0.05 5e-06 0.05 5e-06 0.05 5e-06 0.05 5e-06 0.05 5e-06 0.05 5e-06 0.05 5e-06 0.05 5e-06 0 0 0.005 0.005 0 0.075 0.005 0 5e-06 5e-06 5e-06 0 0.05 5e-06 0.05 5e-06 0.05 5e-06 0.05 5e-06 0.05 5e-06 0.05 5e-06 0.05 5e-06 0.05 5e-06 0.05 5e-06 0.05 5e-06 0.05 5e-06 0 0 0.005 0.005 0 0.075 0.005 0 5e-06 5e-06 5e-06 0 0.05 5e-06 0.05 5e-06 0.05 5e-06 0.05 5e-06 0.05 5e-06 0.05 5e-06 0.05 5e-06 0.05 5e-06 0.05 5e-06 0.05 5e-06 0.05 5e-06 0 0 0.005 0.005 0 0.075 0.005 0 5e-06 5e-06 5e-06 0 0.05 5e-06 0.05 5e-06 0.05 5e-06 0.05 5e-06 0.05 5e-06 0.05 5e-06 0.05 5e-06 0.05 5e-06 0.05 5e-06 0.05 5e-06 0.05 5e-06 0 0 0.005 0.005 0 0.075 0.005 0 5e-06 5e-06 5e-06 0 0.05 5e-06 0.05 5e-06 0.05 5e-06 0.05 5e-06 0.05 5e-06 0.05 5e-06 0.05 5e-06 0.05 5e-06 0.05 5e-06 0.05 5e-06 0.05 5e-06 0 0 0.005 0.005 0 0.075 0.005 0 5e-06 5e-06 5e-06 0 0.05 5e-06 0.05 5e-06 0.05 5e-06 0.05 5e-06 0.05 5e-06 0.05 5e-06 0.05 5e-06 0.05 5e-06 0.05 5e-06 0.05 5e-06 0.05 5e-06 0 0 0.005 0.005 0 0.075 0.005 0 5e-06 5e-06 5e-06 0 0.05 5e-06 0.05 5e-06 0.05 5e-06 0.05 5e-06 0.05 5e-06 0.05 5e-06 0.05 5e-06 0.05 5e-06 0.05 5e-06 0.05 5e-06 0.05 5e-06 0 0 0.005 0.005 0 0.075 0.005 0 5e-06 5e-06 5e-06 0 0.05 5e-06 0.05 5e-06 0.05 5e-06 0.05 5e-06 0.05 5e-06 0.05 5e-06 0.05 5e-06 0.05 5e-06 0.05 5e-06 0.05 5e-06 0.05 5e-06 0 0 0.005 0.005 0 0.075 0.005 0 5e-06 5e-06 5e-06 0 0.05 5e-06 0.05 5e-06 0.05 5e-06 0.05 5e-06 0.05 5e-06 0.05 5e-06 0.05 5e-06 0.05 5e-06 0.05 5e-06 0.05 5e-06 0.05 5e-06 0 0 0.005 0.005 0 0.075 0.005 0 5e-06 5e-06 5e-06 0 0.05 5e-06 0.05 5e-06 0.05 5e-06 0.05 5e-06 0.05 5e-06 0.05 5e-06 0.05 5e-06 0.05 5e-06 0.05 5e-06 0.05 5e-06 0.05 5e-06 0 0 0.005 0.005 0 0.075 0.005 0 5e-06 5e-06 5e-06 0 0.05 5e-06 0.05 5e-06 0.05 5e-06 0.05 5e-06 0.05 5e-06 0.05 5e-06 0.05 5e-06 0.05 5e-06 0.05 5e-06 0.05 5e-06 0.05 5e-06 0 0 0.005 0.005 0 0.075 0.005 0 5e-06 5e-06 5e-06 0 0.05 5e-06 0.05 5e-06 0.05 5e-06 0.05 5e-06 0.05 5e-06 0.05 5e-06 0.05 5e-06 0.05 5e-06 0.05 5e-06 0.05 5e-06 0.05 5e-06 0 0 0.005 0.005 0 0.075 0.005 0 5e-06 5e-06 5e-06 0 0.05 5e-06 0.05 5e-06 0.05 5e-06 0.05 5e-06 0.05 5e-06 0.05 5e-06 0.05 5e-06 0.05 5e-06 0.05 5e-06 0.05 5e-06 0.05 5e-06 0 0 0.005 0.005 0 0.075 0.005 0 5e-06 5e-06 5e-06 0 0.05 5e-06 0.05 5e-06 0.05 5e-06 0.05 5e-06 0.05 5e-06 0.05 5e-06 0.05 5e-06 0.05 5e-06 0.05 5e-06 0.05 5e-06 0.05 5e-06 0 0 0.005 0.005 0 0.075 0.005 0 5e-06 5e-06 5e-06 0 0.05 5e-06 0.05 5e-06 0.05 5e-06 0.05 5e-06 0.05 5e-06 0.05 5e-06 0.05 5e-06 0.05 5e-06 0.05 5e-06 0.05 5e-06 0.05 5e-06 0 0 0.005 0.005 0 0.075 0.005 0 5e-06 5e-06 5e-06 0 0.05 5e-06 0.05 5e-06 0.05 5e-06 0.05 5e-06 0.05 5e-06 0.05 5e-06 0.05 5e-06 0.05 5e-06 0.05 5e-06 0.05 5e-06 0.05 5e-06 0 0 0.005 0.005 0 0.075 0.005 0 5e-06 5e-06 5e-06 0 0.05 5e-06 0.05 5e-06 0.05 5e-06 0.05 5e-06 0.05 5e-06 0.05 5e-06 0.05 5e-06 0.05 5e-06 0.05 5e-06 0.05 5e-06 0.05 5e-06 0 0 0.005 0.005 0 0.075 0.005 0 5e-06 5e-06 5e-06 0 0.05 5e-06 0.05 5e-06 0.05 5e-06 0.05 5e-06 0.05 5e-06 0.05 5e-06 0.05 5e-06 0.05 5e-06 0.05 5e-06 0.05 5e-06 0.05 5e-06 0 0 0.005 0.005 0 0.075 0.005 0 5e-06 5e-06 5e-06 0 0.05 5e-06 0.05 5e-06 0.05 5e-06 0.05 5e-06 0.05 5e-06 0.05 5e-06 0.05 5e-06 0.05 5e-06 0.05 5e-06 0.05 5e-06 0.05 5e-06 0 0 0.005 0.005 0 0.075 0.005 0 5e-06 5e-06 5e-06 0 0.05 5e-06 0.05 5e-06 0.05 5e-06 0.05 5e-06 0.05 5e-06 0.05 5e-06 0.05 5e-06 0.05 5e-06 0.05 5e-06 0.05 5e-06 0.05 5e-06 0 0 0.005 0.005 0 0.075 0.005 0 5e-06 5e-06 5e-06 0 0.05 5e-06 0.05 5e-06 0.05 5e-06 0.05 5e-06 0.05 5e-06 0.05 5e-06 0.05 5e-06 0.05 5e-06 0.05 5e-06 0.05 5e-06 0.05 5e-06 0 0 0.005 0.005 0 0.075 0.005 0 5e-06 5e-06 5e-06 0 0.05 5e-06 0.05 5e-06 0.05 5e-06 0.05 5e-06 0.05 5e-06 0.05 5e-06 0.05 5e-06 0.05 5e-06 0.05 5e-06 0.05 5e-06 0.05 5e-06 0 0 0.005 0.005 0 0.075 0.005 0 5e-06 5e-06 5e-06 0 0.05 5e-06 0.05 5e-06 0.05 5e-06 0.05 5e-06 0.05 5e-06 0.05 5e-06 0.05 5e-06 0.05 5e-06 0.05 5e-06 0.05 5e-06 0.05 5e-06 0 0 0.005 0.005 0 0.075 0.005 0 5e-06 5e-06 5e-06 0 0.05 5e-06 0.05 5e-06 0.05 5e-06 0.05 5e-06 0.05 5e-06 0.05 5e-06 0.05 5e-06 0.05 5e-06 0.05 5e-06 0.05 5e-06 0.05 5e-06 0 0 0.005 0.005 0 0.075 0.005 0 5e-06 5e-06 5e-06 0 0.05 5e-06 0.05 5e-06 0.05 5e-06 0.05 5e-06 0.05 5e-06 0.05 5e-06 0.05 5e-06 0.05 5e-06 0.05 5e-06 0.05 5e-06 0.05 5e-06 0 0 0.005 0.005 0 0.075 0.005 0 5e-06 5e-06 5e-06 0 0.05 5e-06 0.05 5e-06 0.05 5e-06 0.05 5e-06 0.05 5e-06 0.05 5e-06 0.05 5e-06 0.05 5e-06 0.05 5e-06 0.05 5e-06 0.05 5e-06 0 0 0.005 0.005 0 0.075 0.005 0 5e-06 5e-06 5e-06 0 0.05 5e-06 0.05 5e-06 0.05 5e-06 0.05 5e-06 0.05 5e-06 0.05 5e-06 0.05 5e-06 0.05 5e-06 0.05 5e-06 0.05 5e-06 0.05 5e-06 0 0 0.005 0.005 0 0.075 0.005 0 5e-06 5e-06 5e-06 0 0.05 5e-06 0.05 5e-06 0.05 5e-06 0.05 5e-06 0.05 5e-06 0.05 5e-06 0.05 5e-06 0.05 5e-06 0.05 5e-06 0.05 5e-06 0.05 5e-06 0 0 0.005 0.005 0 0.075 0.005 0 5e-06 5e-06 5e-06 0 0.05 5e-06 0.05 5e-06 0.05 5e-06 0.05 5e-06 0.05 5e-06 0.05 5e-06 0.05 5e-06 0.05 5e-06 0.05 5e-06 0.05 5e-06 0.05 5e-06 0 0 0.005 0.005 0 0.075 0.005 0 5e-06 5e-06 5e-06 0 0.05 5e-06 0.05 5e-06 0.05 5e-06 0.05 5e-06 0.05 5e-06 0.05 5e-06 0.05 5e-06 0.05 5e-06 0.05 5e-06 0.05 5e-06 0.05 5e-06 0 0 0.005 0.005 0 0.075 0.005 0 5e-06 5e-06 5e-06 0 0.05 5e-06 0.05 5e-06 0.05 5e-06 0.05 5e-06 0.05 5e-06 0.05 5e-06 0.05 5e-06 0.05 5e-06 0.05 5e-06 0.05 5e-06 0.05 5e-06 0 0 0.005 0.005 0 0.075 0.005 0 5e-06 5e-06 5e-06 0 0.05 5e-06 0.05 5e-06 0.05 5e-06 0.05 5e-06 0.05 5e-06 0.05 5e-06 0.05 5e-06 0.05 5e-06 0.05 5e-06 0.05 5e-06 0.05 5e-06 0 0 0.005 0.005 0 0.075 0.005 0 5e-06 5e-06 5e-06 0 0.05 5e-06 0.05 5e-06 0.05 5e-06 0.05 5e-06 0.05 5e-06 0.05 5e-06 0.05 5e-06 0.05 5e-06 0.05 5e-06 0.05 5e-06 0.05 5e-06 0 0 0.005 0.005 0 0.075 0.005 0 5e-06 5e-06 5e-06 0 0.05 5e-06 0.05 5e-06 0.05 5e-06 0.05 5e-06 0.05 5e-06 0.05 5e-06 0.05 5e-06 0.05 5e-06 0.05 5e-06 0.05 5e-06 0.05 5e-06 0 0 0.005 0.005 0 0.075 0.005 0 5e-06 5e-06 5e-06 0 0.05 5e-06 0.05 5e-06 0.05 5e-06 0.05 5e-06 0.05 5e-06 0.05 5e-06 0.05 5e-06 0.05 5e-06 0.05 5e-06 0.05 5e-06 0.05 5e-06 0 0 0.005 0.005 0 0.075 0.005 0 5e-06 5e-06 5e-06 0 0.05 5e-06 0.05 5e-06 0.05 5e-06 0.05 5e-06 0.05 5e-06 0.05 5e-06 0.05 5e-06 0.05 5e-06 0.05 5e-06 0.05 5e-06 0.05 5e-06 0 0 0.005 0.005 0 0.075 0.005 0 5e-06 5e-06 5e-06 0 0.05 5e-06 0.05 5e-06 0.05 5e-06 0.05 5e-06 0.05 5e-06 0.05 5e-06 0.05 5e-06 0.05 5e-06 0.05 5e-06 0.05 5e-06 0.05 5e-06 0 0 0.005 0.005 0 0.075 0.005 0 5e-06 5e-06 5e-06 0 0.05 5e-06 0.05 5e-06 0.05 5e-06 0.05 5e-06 0.05 5e-06 0.05 5e-06 0.05 5e-06 0.05 5e-06 0.05 5e-06 0.05 5e-06 0.05 5e-06 0 0 0.005 0.005 0 0.075 0.005 0 5e-06 5e-06 5e-06 0 0.05 5e-06 0.05 5e-06 0.05 5e-06 0.05 5e-06 0.05 5e-06 0.05 5e-06 0.05 5e-06 0.05 5e-06 0.05 5e-06 0.05 5e-06 0.05 5e-06 0 0 0.005 0.005 0 0.075 0.005 0 5e-06 5e-06 5e-06 0 0.05 5e-06 0.05 5e-06 0.05 5e-06 0.05 5e-06 0.05 5e-06 0.05 5e-06 0.05 5e-06 0.05 5e-06 0.05 5e-06 0.05 5e-06 0.05 5e-06 0 0 0.005 0.005 0 0.075 0.005 0 5e-06 5e-06 5e-06 0 0.05 5e-06 0.05 5e-06 0.05 5e-06 0.05 5e-06 0.05 5e-06 0.05 5e-06 0.05 5e-06 0.05 5e-06 0.05 5e-06"
Ieee802154Power-4-20260924-21:43:55-1666,attr,Ieee802154Showcase.sensor1.wlan[0].radio.energyConsumer,powerConsumption:vector,interpolationmode,sample-hold,,
Ieee802154Power-4-20260924-21:43:55-1666,attr,Ieee802154Showcase.sensor1.wlan[0].radio.energyConsumer,powerConsumption:vector,recordingmode,vector,,
Ieee802154Power-4-20260924-21:43:55-1666,attr,Ieee802154Showcase.sensor1.wlan[0].radio.energyConsumer,powerConsumption:vector,source,powerConsumptionChanged,,
Ieee802154Power-4-20260924-21:43:55-1666,attr,Ieee802154Showcase.sensor1.wlan[0].radio.energyConsumer,powerConsumption:vector,title,Power consumption,,
Ieee802154Power-4-20260924-21:43:55-1666,attr,Ieee802154Showcase.sensor1.wlan[0].radio.energyConsumer,powerConsumption:vector,unit,W,,
Ieee802154Power-5-20260924-21:43:56-1666,vector,Ieee802154Showcase.sensor1.wlan[0].radio.energyConsumer,powerConsumption:vector,,,"0 0 0 0 0.39705663103 0.39705663103 0.39875263103 0.398944646094 0.399296646094 0.488878050583 0.490574050583 0.490766050668 0.491118050668 0.808921712496 0.810617712496 0.810809729522 0.811161729522 0.832415839987 0.832415839987 0.832415839987 0.832415839987 0.832607839987 0.832607839987 0.834303839987 0.834303839987 0.834303839987 0.834303839987 0.834303839987 0.834495890793 0.834495890793 0.834847890793 0.980405040981 0.982101040981 0.982293045397 0.982645045397 1.39897663103 1.40067263103 1.400864646094 1.401216646094 1.487918050583 1.489614050583 1.489806050668 1.490158050668 1.752850447271 1.754546447271 1.754738486144 1.755090486144 1.810201712496 1.811897712496 1.812089729522 1.812441729522 1.832735839987 1.832735839987 1.832735839987 1.832735839987 1.832927839987 1.832927839987 1.834623839987 1.834623839987 1.834623839987 1.834623839987 1.834623839987 1.834815890793 1.834815890793 1.835167890793 1.981365040981 1.983061040981 1.983253045397 1.983605045397 2.39897663103 2.40067263103 2.400864646094 2.401216646094 2.487918050583 2.489614050583 2.489806050668 2.490158050668 2.753490447271 2.755186447271 2.755378486144 2.755730486144 2.810841712496 2.812537712496 2.812729729522 2.813081729522 2.832415839987 2.832415839987 2.832415839987 2.832415839987 2.832607839987 2.832607839987 2.834303839987 2.834303839987 2.834303839987 2.834303839987 2.834303839987 2.834495890793 2.834495890793 2.834847890793 2.980725040981 2.982421040981 2.982613045397 2.982965045397 3.39737663103 3.39907263103 3.399264646094 3.399616646094 3.488558050583 3.490254050583 3.490446050668 3.490798050668 3.752210447271 3.753906447271 3.754098461036 3.754450461036 3.810521712496 3.812217712496 3.812409729522 3.812761729522 3.833695839987 3.833695839987 3.833695839987 3.833695839987 3.833887839987 3.833887839987 3.835583839987 3.835583839987 3.835583839987 3.835583839987 3.835583839987 3.835775890793 3.835775890793 3.836127890793 3.981685040981 3.983381040981 3.983573045397 3.983925045397 4.39705663103 4.39875263103 4.398944646094 4.399296646094 4.487598050583 4.489294050583 4.489486050668 4.489838050668 4.753170447271 4.754866447271 4.755058470277 4.755410470277 4.810201712496 4.811897712496 4.812089729522 4.812441729522 4.832415839987 4.832415839987 4.832415839987 4.832415839987 4.832607839987 4.832607839987 4.834303839987 4.834303839987 4.834303839987 4.834303839987 4.834303839987 4.834495890793 4.834495890793 4.834847890793 4.982005040981 4.983701040981 4.983893045397 4.984245045397 5.39833663103 5.40003263103 5.400224646094 5.400576646094 5.488558050583 5.490254050583 5.490446050668 5.490798050668 5.754450447271 5.756146447271 5.756338459902 5.756690459902 5.809241712496 5.810937712496 5.811129729522 5.811481729522 5.833695839987 5.833695839987 5.833695839987 5.833695839987 5.833887839987 5.833887839987 5.835583839987 5.835583839987 5.835583839987 5.835583839987 5.835583839987 5.835775890793 5.835775890793 5.836127890793 5.981685040981 5.983381040981 5.983573045397 5.983925045397 6.39705663103 6.39875263103 6.398944646094 6.399296646094 6.486958050583 6.488654050583 6.488846050668 6.489198050668 6.753490447271 6.755186447271 6.755378467511 6.755730467511 6.810201712496 6.811897712496 6.812089729522 6.812441729522 6.832415839987 6.832415839987 6.832415839987 6.832415839987 6.832607839987 6.832607839987 6.834303839987 6.834303839987 6.834303839987 6.834303839987 6.834303839987 6.834495890793 6.834495890793 6.834847890793 6.980085040981 6.981781040981 6.981973045397 6.982325045397 7.39833663103 7.40003263103 7.400224646094 7.400576646094 7.487598050583 7.489294050583 7.489486050668 7.489838050668 7.753170447271 7.754866447271 7.755058485454 7.755410485454 7.808601712496 7.810297712496 7.810489729522 7.810841729522 7.831775839987 7.831775839987 7.831775839987 7.831775839987 7.831967839987 7.831967839987 7.833663839987 7.833663839987 7.833663839987 7.833663839987 7.833663839987 7.833855890793 7.833855890793 7.834207890793 7.982005040981 7.983701040981 7.983893045397 7.984245045397 8.39801663103 8.39971263103 8.399904646094 8.400256646094 8.488238050583 8.489934050583 8.490126050668 8.490478050668 8.754450447271 8.756146447271 8.756338467827 8.756690467827 8.808601712496 8.810297712496 8.810489729522 8.810841729522 8.833055839987 8.833055839987 8.833055839987 8.833055839987 8.833247839987 8.833247839987 8.834943839987 8.834943839987 8.834943839987 8.834943839987 8.834943839987 8.835135890793 8.835135890793 8.835487890793 8.980725040981 8.982421040981 8.982613045397 8.982965045397 9.39769663103 9.39939263103 9.399584646094 9.399936646094 9.487278050583 9.488974050583 9.489166050668 9.489518050668 9.752850447271 9.754546447271 9.754738459902 9.755090459902 9.809881712496 9.811577712496 9.811769729522 9.812121729522 9.832735839987 9.832735839987 9.832735839987 9.832735839987 9.832927839987 9.832927839987 9.834623839987 9.834623839987 9.834623839987 9.834623839987 9.834623839987 9.834815890793 9.834815890793 9.835167890793 9.980085040981 9.981781040981 9.981973045397 9.982325045397 10.39769663103 10.39939263103 10.399584646094 10.399936646094 10.488238050583 10.489934050583 10.490126050668 10.490478050668 10.753490447271 10.755186447271 10.755378467827 10.755730467827 10.809241712496 10.810937712496 10.811129729522 10.811481729522 10.833695839987 10.833695839987 10.833695839987 10.833695839987 10.833887839987 10.833887839987 10.835583839987 10.835583839987 10.835583839987 10.835583839987 10.835583839987 10.835775890793 10.835775890793 10.836127890793 10.981685040981 10.983381040981 10.983573045397 10.983925045397 11.39737663103 11.39907263103 11.399264646094 11.399616646094 11.488878050583 11.490574050583 11.490766050668 11.491118050668 11.752850447271 11.754546447271 11.754738459902 11.755090459902 11.808921712496 11.810617712496 11.810809729522 11.811161729522 11.831455839987 11.831455839987 11.831455839987 11.831455839987 11.831647839987 11.831647839987 11.833343839987 11.833343839987 11.833343839987 11.833343839987 11.833343839987 11.833535890793 11.833535890793 11.833887890793 11.979765040981 11.981461040981 11.981653045397 11.982005045397 12.39737663103 12.39907263103 12.399264646094 12.399616646094 12.488238050583 12.489934050583 12.490126050668 12.490478050668 12.753170447271 12.754866447271 12.755058485454 12.755410485454 12.809241712496 12.810937712496 12.811129729522 12.811481729522 12.832735839987 12.832735839987 12.832735839987 12.832735839987 12.832927839987 12.832927839987 12.834623839987 12.834623839987 12.834623839987 12.834623839987 12.834623839987 12.834815890793 12.834815890793 12.835167890793 12.979765040981 12.981461040981 12.981653045397 12.982005045397 13.39897663103 13.40067263103 13.400864646094 13.401216646094 13.487918050583 13.489614050583 13.489806050668 13.490158050668 13.753170447271 13.754866447271 13.755058459902 13.755410459902 13.809881712496 13.811577712496 13.811769729522 13.812121729522 13.832095839987 13.832095839987 13.832095839987 13.832095839987 13.832287839987 13.832287839987 13.833983839987 13.833983839987 13.833983839987 13.833983839987 13.833983839987 13.834175890793 13.834175890793 13.834527890793 13.980085040981 13.981781040981 13.981973045397 13.982325045397 14.39737663103 14.39907263103 14.399264646094 14.399616646094 14.489198050583 14.490894050583 14.491086050668 14.491438050668 14.752530447271 14.754226447271 14.754418461036 14.754770461036 14.809241712496 14.810937712496 14.811129729522 14.811481729522 14.832415839987 14.832415839987 14.832415839987 14.832415839987 14.832607839987 14.832607839987 14.834303839987 14.834303839987 14.834303839987 14.834303839987 14.834303839987 14.834495890793 14.834495890793 14.834847890793 14.979765040981 14.981461040981 14.981653045397 14.982005045397 15.39865663103 15.40035263103 15.400544646094 15.400896646094 15.487278050583 15.488974050583 15.489166050668 15.489518050668 15.752210447271 15.753906447271 15.754098467827 15.754450467827 15.810841712496 15.812537712496 15.812729729522 15.813081729522 15.831775839987 15.831775839987 15.831775839987 15.831775839987 15.831967839987 15.831967839987 15.833663839987 15.833663839987 15.833663839987 15.833663839987 15.833663839987 15.833855890793 15.833855890793 15.834207890793 15.982005040981 15.983701040981 15.983893045397 15.984245045397 16.39801663103 16.39971263103 16.399904646094 16.400256646094 16.487598050583 16.489294050583 16.489486050668 16.489838050668 16.754450447271 16.756146447271 16.756338467827 16.756690467827 16.809881712496 16.811577712496 16.811769729522 16.812121729522 16.832095839987 16.832095839987 16.832095839987 16.832095839987 16.832287839987 16.832287839987 16.833983839987 16.833983839987 16.833983839987 16.833983839987 16.833983839987 16.834175890793 16.834175890793 16.834527890793 16.981685040981 16.983381040981 16.983573045397 16.983925045397 17.39737663103 17.39907263103 17.399264646094 17.399616646094 17.487918050583 17.489614050583 17.489806050668 17.490158050668 17.752530447271 17.754226447271 17.754418470277 17.754770470277 17.809881712496 17.811577712496 17.811769729522 17.812121729522 17.831455839987 17.831455839987 17.831455839987 17.831455839987 17.831647839987 17.831647839987 17.833343839987 17.833343839987 17.833343839987 17.833343839987 17.833343839987 17.833535890793 17.833535890793 17.833887890793 17.980405040981 17.982101040981 17.982293045397 17.982645045397 18.39801663103 18.39971263103 18.399904646094 18.400256646094 18.486958050583 18.488654050583 18.488846050668 18.489198050668 18.753810447271 18.755506447271 18.755698467511 18.756050467511 18.810841712496 18.812537712496 18.812729729522 18.813081729522 18.832735839987 18.832735839987 18.832735839987 18.832735839987 18.832927839987 18.832927839987 18.834623839987 18.834623839987 18.834623839987 18.834623839987 18.834623839987 18.834815890793 18.834815890793 18.835167890793 18.981685040981 18.983381040981 18.983573045397 18.983925045397 19.39737663103 19.39907263103 19.399264646094 19.399616646094 19.487278050583 19.488974050583 19.489166050668 19.489518050668 19.752530447271 19.754226447271 19.754418459902 19.754770459902 19.808921712496 19.810617712496 19.810809729522 19.811161729522 19.831775839987 19.831775839987 19.831775839987 19.831775839987 19.831967839987 19.831967839987 19.833663839987 19.833663839987 19.833663839987 19.833663839987 19.833663839987 19.833855890793 19.833855890793 19.834207890793 19.981045040981 19.982741040981 19.982933045397 19.983285045397 20.39865663103 20.40035263103 20.400544646094 20.400896646094 20.486958050583 20.488654050583 20.488846050668 20.489198050668 20.753810447271 20.755506447271 20.755698461036 20.756050461036 20.809241712496 20.810937712496 20.811129729522 20.811481729522 20.832415839987 20.832415839987 20.832415839987 20.832415839987 20.832607839987 20.832607839987 20.834303839987 20.834303839987 20.834303839987 20.834303839987 20.834303839987 20.834495890793 20.834495890793 20.834847890793 20.980725040981 20.982421040981 20.982613045397 20.982965045397 21.39705663103 21.39875263103 21.398944646094 21.399296646094 21.489198050583 21.490894050583 21.491086050668 21.491438050668 21.754450447271 21.756146447271 21.756338486144 21.756690486144 21.810841712496 21.812537712496 21.812729729522 21.813081729522 21.833375839987 21.833375839987 21.833375839987 21.833375839987 21.833567839987 21.833567839987 21.835263839987 21.835263839987 21.835263839987 21.835263839987 21.835263839987 21.835455890793 21.835455890793 21.835807890793 21.981685040981 21.983381040981 21.983573045397 21.983925045397 22.39929663103 22.40099263103 22.401184646094 22.401536646094 22.486958050583 22.488654050583 22.488846050668 22.489198050668 22.753490447271 22.755186447271 22.755378486144 22.755730486144 22.810201712496 22.811897712496 22.812089729522 22.812441729522 22.833375839987 22.833375839987 22.833375839987 22.833375839987 22.833567839987 22.833567839987 22.835263839987 22.835263839987 22.835263839987 22.835263839987 22.835263839987 22.835455890793 22.835455890793 22.835807890793 22.982005040981 22.983701040981 22.983893045397 22.984245045397 23.39897663103 23.40067263103 23.400864646094 23.401216646094 23.489198050583 23.490894050583 23.491086050668 23.491438050668 23.754130447271 23.755826447271 23.756018486144 23.756370486144 23.808921712496 23.810617712496 23.810809729522 23.811161729522 23.831775839987 23.831775839987 23.831775839987 23.831775839987 23.831967839987 23.831967839987 23.833663839987 23.833663839987 23.833663839987 23.833663839987 23.833663839987 23.833855890793 23.833855890793 23.834207890793 23.982005040981 23.983701040981 23.983893045397 23.984245045397 24.39929663103 24.40099263103 24.401184646094 24.401536646094 24.488878050583 24.490574050583 24.490766050668 24.491118050668 24.752850447271 24.754546447271 24.754738485454 24.755090485454 24.809241712496 24.810937712496 24.811129729522 24.811481729522 24.831455839987 24.831455839987 24.831455839987 24.831455839987 24.831647839987 24.831647839987 24.833343839987 24.833343839987 24.833343839987 24.833343839987 24.833343839987 24.833535890793 24.833535890793 24.833887890793 24.980085040981 24.981781040981 24.981973045397 24.982325045397 25.39865663103 25.40035263103 25.400544646094 25.400896646094 25.489198050583 25.490894050583 25.491086050668 25.491438050668 25.754450447271 25.756146447271 25.756338467827 25.756690467827 25.809561712496 25.811257712496 25.811449729522 25.811801729522 25.832095839987 25.832095839987 25.832095839987 25.832095839987 25.832287839987 25.832287839987 25.833983839987 25.833983839987 25.833983839987 25.833983839987 25.833983839987 25.834175890793 25.834175890793 25.834527890793 25.979765040981 25.981461040981 25.981653045397 25.982005045397 26.39865663103 26.40035263103 26.400544646094 26.400896646094 26.488238050583 26.489934050583 26.490126050668 26.490478050668 26.754130447271 26.755826447271 26.756018467511 26.756370467511 26.808921712496 26.810617712496 26.810809729522 26.811161729522 26.833375839987 26.833375839987 26.833375839987 26.833375839987 26.833567839987 26.833567839987 26.835263839987 26.835263839987 26.835263839987 26.835263839987 26.835263839987 26.835455890793 26.835455890793 26.835807890793 26.982005040981 26.983701040981 26.983893045397 26.984245045397 27.39801663103 27.39971263103 27.399904646094 27.400256646094 27.486958050583 27.488654050583 27.488846050668 27.489198050668 27.753490447271 27.755186447271 27.755378467511 27.755730467511 27.810841712496 27.812537712496 27.812729729522 27.813081729522 27.833695839987 27.833695839987 27.833695839987 27.833695839987 27.833887839987 27.833887839987 27.835583839987 27.835583839987 27.835583839987 27.835583839987 27.835583839987 27.835775890793 27.835775890793 27.836127890793 27.981365040981 27.983061040981 27.983253045397 27.983605045397 28.39801663103 28.39971263103 28.399904646094 28.400256646094 28.488878050583 28.490574050583 28.490766050668 28.491118050668 28.753810447271 28.755506447271 28.755698486144 28.756050486144 28.809561712496 28.811257712496 28.811449729522 28.811801729522 28.833055839987 28.833055839987 28.833055839987 28.833055839987 28.833247839987 28.833247839987 28.834943839987 28.834943839987 28.834943839987 28.834943839987 28.834943839987 28.835135890793 28.835135890793 28.835487890793 28.979765040981 28.981461040981 28.981653045397 28.982005045397 29.39769663103 29.39939263103 29.399584646094 29.399936646094 29.488878050583 29.490574050583 29.490766050668 29.491118050668 29.752850447271 29.754546447271 29.754738470277 29.755090470277 29.810521712496 29.812217712496 29.812409729522 29.812761729522 29.831455839987 29.831455839987 29.831455839987 29.831455839987 29.831647839987 29.831647839987 29.833343839987 29.833343839987 29.833343839987 29.833343839987 29.833343839987 29.833535890793 29.833535890793 29.833887890793 29.980085040981 29.981781040981 29.981973045397 29.982325045397 30.39801663103 30.39971263103 30.399904646094 30.400256646094 30.487598050583 30.489294050583 30.489486050668 30.489838050668 30.752850447271 30.754546447271 30.754738459902 30.755090459902 30.808921712496 30.810617712496 30.810809729522 30.811161729522 30.833055839987 30.833055839987 30.833055839987 30.833055839987 30.833247839987 30.833247839987 30.834943839987 30.834943839987 30.834943839987 30.834943839987 30.834943839987 30.835135890793 30.835135890793 30.835487890793 30.979765040981 30.981461040981 30.981653045397 30.982005045397 31.39769663103 31.39939263103 31.399584646094 31.399936646094 31.488878050583 31.490574050583 31.490766050668 31.491118050668 31.752530447271 31.754226447271 31.754418485454 31.754770485454 31.809881712496 31.811577712496 31.811769729522 31.812121729522 31.831775839987 31.831775839987 31.831775839987 31.831775839987 31.831967839987 31.831967839987 31.833663839987 31.833663839987 31.833663839987 31.833663839987 31.833663839987 31.833855890793 31.833855890793 31.834207890793 31.982005040981 31.983701040981 31.983893045397 31.984245045397 32.39897663103 32.40067263103 32.400864646094 32.401216646094 32.487278050583 32.488974050583 32.489166050668 32.489518050668 32.752530447271 32.754226447271 32.754418470277 32.754770470277 32.808601712496 32.810297712496 32.810489729522 32.810841729522 32.833055839987 32.833055839987 32.833055839987 32.833055839987 32.833247839987 32.833247839987 32.834943839987 32.834943839987 32.834943839987 32.834943839987 32.834943839987 32.835135890793 32.835135890793 32.835487890793 32.980725040981 32.982421040981 32.982613045397 32.982965045397 33.39801663103 33.39971263103 33.399904646094 33.400256646094 33.487278050583 33.488974050583 33.489166050668 33.489518050668 33.752210447271 33.753906447271 33.754098461036 33.754450461036 33.808601712496 33.810297712496 33.810489729522 33.810841729522 33.833695839987 33.833695839987 33.833695839987 33.833695839987 33.833887839987 33.833887839987 33.835583839987 33.835583839987 33.835583839987 33.835583839987 33.835583839987 33.835775890793 33.835775890793 33.836127890793 33.981045040981 33.982741040981 33.982933045397 33.983285045397 34.39897663103 34.40067263103 34.400864646094 34.401216646094 34.488878050583 34.490574050583 34.490766050668 34.491118050668 34.752850447271 34.754546447271 34.754738461036 34.755090461036 34.808601712496 34.810297712496 34.810489729522 34.810841729522 34.832735839987 34.832735839987 34.832735839987 34.832735839987 34.832927839987 34.832927839987 34.834623839987 34.834623839987 34.834623839987 34.834623839987 34.834623839987 34.834815890793 34.834815890793 34.835167890793 34.981685040981 34.983381040981 34.983573045397 34.983925045397 35.39769663103 35.39939263103 35.399584646094 35.399936646094 35.488558050583 35.490254050583 35.490446050668 35.490798050668 35.752210447271 35.753906447271 35.754098467827 35.754450467827 35.809881712496 35.811577712496 35.811769729522 35.812121729522 35.832735839987 35.832735839987 35.832735839987 35.832735839987 35.832927839987 35.832927839987 35.834623839987 35.834623839987 35.834623839987 35.834623839987 35.834623839987 35.834815890793 35.834815890793 35.835167890793 35.979765040981 35.981461040981 35.981653045397 35.982005045397 36.39705663103 36.39875263103 36.398944646094 36.399296646094 36.488558050583 36.490254050583 36.490446050668 36.490798050668 36.754450447271 36.756146447271 36.756338470277 36.756690470277 36.810841712496 36.812537712496 36.812729729522 36.813081729522 36.833055839987 36.833055839987 36.833055839987 36.833055839987 36.833247839987 36.833247839987 36.834943839987 36.834943839987 36.834943839987 36.834943839987 36.834943839987 36.835135890793 36.835135890793 36.835487890793 36.981365040981 36.983061040981 36.983253045397 36.983605045397 37.39897663103 37.40067263103 37.400864646094 37.401216646094 37.488878050583 37.490574050583 37.490766050668 37.491118050668 37.754130447271 37.755826447271 37.756018467511 37.756370467511 37.810841712496 37.812537712496 37.812729729522 37.813081729522 37.833695839987 37.833695839987 37.833695839987 37.833695839987 37.833887839987 37.833887839987 37.835583839987 37.835583839987 37.835583839987 37.835583839987 37.835583839987 37.835775890793 37.835775890793 37.836127890793 37.982005040981 37.983701040981 37.983893045397 37.984245045397 38.39737663103 38.39907263103 38.399264646094 38.399616646094 38.488558050583 38.490254050583 38.490446050668 38.490798050668 38.754130447271 38.755826447271 38.756018461036 38.756370461036 38.809241712496 38.810937712496 38.811129729522 38.811481729522 38.833055839987 38.833055839987 38.833055839987 38.833055839987 38.833247839987 38.833247839987 38.834943839987 38.834943839987 38.834943839987 38.834943839987 38.834943839987 38.835135890793 38.835135890793 38.835487890793 38.982005040981 38.983701040981 38.983893045397 38.984245045397 39.39865663103 39.40035263103 39.400544646094 39.400896646094 39.487598050583 39.489294050583 39.489486050668 39.489838050668 39.753490447271 39.755186447271 39.755378485454 39.755730485454 39.808921712496 39.810617712496 39.810809729522 39.811161729522 39.833695839987 39.833695839987 39.833695839987 39.833695839987 39.833887839987 39.833887839987 39.835583839987 39.835583839987 39.835583839987 39.835583839987 39.835583839987 39.835775890793 39.835775890793 39.836127890793 39.979765040981 39.981461040981 39.981653045397 39.982005045397 40.39737663103 40.39907263103 40.399264646094 40.399616646094 40.487278050583 40.488974050583 40.489166050668 40.489518050668 40.753490447271 40.755186447271 40.755378485454 40.755730485454 40.810201712496 40.811897712496 40.812089729522 40.812441729522 40.832415839987 40.832415839987 40.832415839987 40.832415839987 40.832607839987 40.832607839987 40.834303839987 40.834303839987 40.834303839987 40.834303839987 40.834303839987 40.834495890793 40.834495890793 40.834847890793 40.980085040981 40.981781040981 40.981973045397 40.982325045397 41.39865663103 41.40035263103 41.400544646094 41.400896646094 41.487278050583 41.488974050583 41.489166050668 41.489518050668 41.752850447271 41.754546447271 41.754738467827 41.755090467827 41.809561712496 41.811257712496 41.811449729522 41.811801729522 41.833375839987 41.833375839987 41.833375839987 41.833375839987 41.833567839987 41.833567839987 41.835263839987 41.835263839987 41.835263839987 41.835263839987 41.835263839987 41.835455890793 41.835455890793 41.835807890793 41.981685040981 41.983381040981 41.983573045397 41.983925045397 42.39865663103 42.40035263103 42.400544646094 42.400896646094 42.487598050583 42.489294050583 42.489486050668 42.489838050668 42.753170447271 42.754866447271 42.755058485454 42.755410485454 42.810841712496 42.812537712496 42.812729729522 42.813081729522 42.832415839987 42.832415839987 42.832415839987 42.832415839987 42.832607839987 42.832607839987 42.834303839987 42.834303839987 42.834303839987 42.834303839987 42.834303839987 42.834495890793 42.834495890793 42.834847890793 42.980085040981 42.981781040981 42.981973045397 42.982325045397 43.39705663103 43.39875263103 43.398944646094 43.399296646094 43.487278050583 43.488974050583 43.489166050668 43.489518050668 43.753810447271 43.755506447271 43.755698461036 43.756050461036 43.810201712496 43.811897712496 43.812089729522 43.812441729522 43.832735839987 43.832735839987 43.832735839987 43.832735839987 43.832927839987 43.832927839987 43.834623839987 43.834623839987 43.834623839987 43.834623839987 43.834623839987 43.834815890793 43.834815890793 43.835167890793 43.980405040981 43.982101040981 43.982293045397 43.982645045397 44.39833663103 44.40003263103 44.400224646094 44.400576646094 44.489198050583 44.490894050583 44.491086050668 44.491438050668 44.753170447271 44.754866447271 44.755058470277 44.755410470277 44.808921712496 44.810617712496 44.810809729522 44.811161729522 44.831455839987 44.831455839987 44.831455839987 44.831455839987 44.831647839987 44.831647839987 44.833343839987 44.833343839987 44.833343839987 44.833343839987 44.833343839987 44.833535890793 44.833535890793 44.833887890793 44.981685040981 44.983381040981 44.983573045397 44.983925045397 45.39897663103 45.40067263103 45.400864646094 45.401216646094 45.487598050583 45.489294050583 45.489486050668 45.489838050668 45.754450447271 45.756146447271 45.75633844796 45.75669044796 45.808921712496 45.810617712496 45.810809729522 45.811161729522 45.833375839987 45.833375839987 45.833375839987 45.833375839987 45.833567839987 45.833567839987 45.835263839987 45.835263839987 45.835263839987 45.835263839987 45.835263839987 45.835455890793 45.835455890793 45.835807890793 45.980085040981 45.981781040981 45.981973045397 45.982325045397 46.39929663103 46.40099263103 46.401184646094 46.401536646094 46.488878050583 46.490574050583 46.490766050668 46.491118050668 46.752530447271 46.754226447271 46.754418461036 46.754770461036 46.809561712496 46.811257712496 46.811449729522 46.811801729522 46.833055839987 46.833055839987 46.833055839987 46.833055839987 46.833247839987 46.833247839987 46.834943839987 46.834943839987 46.834943839987 46.834943839987 46.834943839987 46.835135890793 46.835135890793 46.835487890793 46.982005040981 46.983701040981 46.983893045397 46.984245045397 47.39705663103 47.39875263103 47.398944646094 47.399296646094 47.488238050583 47.489934050583 47.490126050668 47.490478050668 47.752530447271 47.754226447271 47.754418470277 47.754770470277 47.810521712496 47.812217712496 47.812409729522 47.812761729522 47.833055839987 47.833055839987 47.833055839987 47.833055839987 47.833247839987 47.833247839987 47.834943839987 47.834943839987 47.834943839987 47.834943839987 47.834943839987 47.835135890793 47.835135890793 47.835487890793 47.981685040981 47.983381040981 47.983573045397 47.983925045397 48.39769663103 48.39939263103 48.399584646094 48.399936646094 48.488558050583 48.490254050583 48.490446050668 48.490798050668 48.752850447271 48.754546447271 48.754738459902 48.755090459902 48.810841712496 48.812537712496 48.812729729522 48.813081729522 48.832415839987 48.832415839987 48.832415839987 48.832415839987 48.832607839987 48.832607839987 48.834303839987 48.834303839987 48.834303839987 48.834303839987 48.834303839987 48.834495890793 48.834495890793 48.834847890793 48.981365040981 48.983061040981 48.983253045397 48.983605045397 49.39769663103 49.39939263103 49.399584646094 49.399936646094 49.488878050583 49.490574050583 49.490766050668 49.491118050668 49.753810447271 49.755506447271 49.755698470277 49.756050470277 49.810841712496 49.812537712496 49.812729729522 49.813081729522 49.833375839987 49.833375839987 49.833375839987 49.833375839987 49.833567839987 49.833567839987 49.835263839987 49.835263839987 49.835263839987 49.835263839987 49.835263839987 49.835455890793 49.835455890793 49.835807890793 49.982005040981 49.983701040981 49.983893045397 49.984245045397 50.39801663103 50.39971263103 50.399904646094 50.400256646094 50.489198050583 50.490894050583 50.491086050668 50.491438050668 50.753810447271 50.755506447271 50.755698467827 50.756050467827 50.809241712496 50.810937712496 50.811129729522 50.811481729522 50.833375839987 50.833375839987 50.833375839987 50.833375839987 50.833567839987 50.833567839987 50.835263839987 50.835263839987 50.835263839987 50.835263839987 50.835263839987 50.835455890793 50.835455890793 50.835807890793 50.981365040981 50.983061040981 50.983253045397 50.983605045397 51.39865663103 51.40035263103 51.400544646094 51.400896646094 51.486958050583 51.488654050583 51.488846050668 51.489198050668 51.753170447271 51.754866447271 51.75505844796 51.75541044796 51.809881712496 51.811577712496 51.811769729522 51.812121729522 51.831455839987 51.831455839987 51.831455839987 51.831455839987 51.831647839987 51.831647839987 51.833343839987 51.833343839987 51.833343839987 51.833343839987 51.833343839987 51.833535890793 51.833535890793 51.833887890793 51.980085040981 51.981781040981 51.981973045397 51.982325045397 52.39737663103 52.39907263103 52.399264646094 52.399616646094 52.487598050583 52.489294050583 52.489486050668 52.489838050668 52.753490447271 52.755186447271 52.75537844796 52.75573044796 52.808921712496 52.810617712496 52.810809729522 52.811161729522 52.833375839987 52.833375839987 52.833375839987 52.833375839987 52.833567839987 52.833567839987 52.835263839987 52.835263839987 52.835263839987 52.835263839987 52.835263839987 52.835455890793 52.835455890793 52.835807890793 52.981685040981 52.983381040981 52.983573045397 52.983925045397 53.39865663103 53.40035263103 53.400544646094 53.400896646094 53.487598050583 53.489294050583 53.489486050668 53.489838050668 53.753490447271 53.755186447271 53.755378467827 53.755730467827 53.809241712496 53.810937712496 53.811129729522 53.811481729522 53.832095839987 53.832095839987 53.832095839987 53.832095839987 53.832287839987 53.832287839987 53.833983839987 53.833983839987 53.833983839987 53.833983839987 53.833983839987 53.834175890793 53.834175890793 53.834527890793 53.980405040981 53.982101040981 53.982293045397 53.982645045397 54.39865663103 54.40035263103 54.400544646094 54.400896646094 54.489198050583 54.490894050583 54.491086050668 54.491438050668 54.753490447271 54.755186447271 54.75537844796 54.75573044796 54.809241712496 54.810937712496 54.811129729522 54.811481729522 54.833375839987 54.833375839987 54.833375839987 54.833375839987 54.833567839987 54.833567839987 54.835263839987 54.835263839987 54.835263839987 54.835263839987 54.835263839987 54.835455890793 54.835455890793 54.835807890793 54.980725040981 54.982421040981 54.982613045397 54.982965045397 55.39705663103 55.39875263103 55.398944646094 55.399296646094 55.488238050583 55.489934050583 55.490126050668 55.490478050668 55.752210447271 55.753906447271 55.754098461036 55.754450461036 55.808601712496 55.810297712496 55.810489729522 55.810841729522 55.833695839987 55.833695839987 55.833695839987 55.833695839987 55.833887839987 55.833887839987 55.835583839987 55.835583839987 55.835583839987 55.835583839987 55.835583839987 55.835775890793 55.835775890793 55.836127890793 55.980405040981 55.982101040981 55.982293045397 55.982645045397 56.39737663103 56.39907263103 56.399264646094 56.399616646094 56.487278050583 56.488974050583 56.489166050668 56.489518050668 56.754450447271 56.756146447271 56.756338461036 56.756690461036 56.809881712496 56.811577712496 56.811769729522 56.812121729522 56.833055839987 56.833055839987 56.833055839987 56.833055839987 56.833247839987 56.833247839987 56.834943839987 56.834943839987 56.834943839987 56.834943839987 56.834943839987 56.835135890793 56.835135890793 56.835487890793 56.980725040981 56.982421040981 56.982613045397 56.982965045397 57.39769663103 57.39939263103 57.399584646094 57.399936646094 57.487918050583 57.489614050583 57.489806050668 57.490158050668 57.752210447271 57.753906447271 57.754098467511 57.754450467511 57.810841712496 57.812537712496 57.812729729522 57.813081729522 57.832735839987 57.832735839987 57.832735839987 57.832735839987 57.832927839987 57.832927839987 57.834623839987 57.834623839987 57.834623839987 57.834623839987 57.834623839987 57.834815890793 57.834815890793 57.835167890793 57.979765040981 57.981461040981 57.981653045397 57.982005045397 58.39705663103 58.39875263103 58.398944646094 58.399296646094 58.487918050583 58.489614050583 58.489806050668 58.490158050668 58.753170447271 58.754866447271 58.755058461036 58.755410461036 58.809241712496 58.810937712496 58.811129729522 58.811481729522 58.831455839987 58.831455839987 58.831455839987 58.831455839987 58.831647839987 58.831647839987 58.833343839987 58.833343839987 58.833343839987 58.833343839987 58.833343839987 58.833535890793 58.833535890793 58.833887890793 58.981045040981 58.982741040981 58.982933045397 58.983285045397 59.39801663103 59.39971263103 59.399904646094 59.400256646094 59.489198050583 59.490894050583 59.491086050668 59.491438050668 59.754130447271 59.755826447271 59.756018467827 59.756370467827 59.810841712496 59.812537712496 59.812729729522 59.813081729522 59.832735839987 59.832735839987 59.832735839987 59.832735839987 59.832927839987 59.832927839987 59.834623839987 59.834623839987 59.834623839987 59.834623839987 59.834623839987 59.834815890793 59.834815890793 59.835167890793 59.981365040981 59.983061040981 59.983253045397 59.983605045397 60.39929663103 60.40099263103 60.401184646094 60.401536646094 60.488238050583 60.489934050583 60.490126050668 60.490478050668 60.754130447271 60.755826447271 60.756018486144 60.756370486144 60.809241712496 60.810937712496 60.811129729522 60.811481729522 60.832735839987 60.832735839987 60.832735839987 60.832735839987 60.832927839987 60.832927839987 60.834623839987 60.834623839987 60.834623839987 60.834623839987 60.834623839987 60.834815890793 60.834815890793 60.835167890793 60.982005040981 60.983701040981 60.983893045397 60.984245045397 61.39929663103 61.40099263103 61.401184646094 61.401536646094 61.488558050583 61.490254050583 61.490446050668 61.490798050668 61.752530447271 61.754226447271 61.754418486144 61.754770486144 61.810521712496 61.812217712496 61.812409729522 61.812761729522 61.833375839987 61.833375839987 61.833375839987 61.833375839987 61.833567839987 61.833567839987 61.835263839987 61.835263839987 61.835263839987 61.835263839987 61.835263839987 61.835455890793 61.835455890793 61.835807890793 61.982005040981 61.983701040981 61.983893045397 61.984245045397 62.39833663103 62.40003263103 62.400224646094 62.400576646094 62.487278050583 62.488974050583 62.489166050668 62.489518050668 62.752850447271 62.754546447271 62.754738467827 62.755090467827 62.809241712496 62.810937712496 62.811129729522 62.811481729522 62.832415839987 62.832415839987 62.832415839987 62.832415839987 62.832607839987 62.832607839987 62.834303839987 62.834303839987 62.834303839987 62.834303839987 62.834303839987 62.834495890793 62.834495890793 62.834847890793 62.980085040981 62.981781040981 62.981973045397 62.982325045397 63.39897663103 63.40067263103 63.400864646094 63.401216646094 63.487918050583 63.489614050583 63.489806050668 63.490158050668 63.753490447271 63.755186447271 63.75537844796 63.75573044796 63.810201712496 63.811897712496 63.812089729522 63.812441729522 63.832095839987 63.832095839987 63.832095839987 63.832095839987 63.832287839987 63.832287839987 63.833983839987 63.833983839987 63.833983839987 63.833983839987 63.833983839987 63.834175890793 63.834175890793 63.834527890793 63.980725040981 63.982421040981 63.982613045397 63.982965045397 64.39929663103 64.40099263103 64.401184646094 64.401536646094 64.487278050583 64.488974050583 64.489166050668 64.489518050668 64.753810447271 64.755506447271 64.755698467511 64.756050467511 64.810521712496 64.812217712496 64.812409729522 64.812761729522 64.831455839987 64.831455839987 64.831455839987 64.831455839987 64.831647839987 64.831647839987 64.833343839987 64.833343839987 64.833343839987 64.833343839987 64.833343839987 64.833535890793 64.833535890793 64.833887890793 64.980725040981 64.982421040981 64.982613045397 64.982965045397 65.39737663103 65.39907263103 65.399264646094 65.399616646094 65.487598050583 65.489294050583 65.489486050668 65.489838050668 65.754130447271 65.755826447271 65.756018467827 65.756370467827 65.810841712496 65.812537712496 65.812729729522 65.813081729522 65.831775839987 65.831775839987 65.831775839987 65.831775839987 65.831967839987 65.831967839987 65.833663839987 65.833663839987 65.833663839987 65.833663839987 65.833663839987 65.833855890793 65.833855890793 65.834207890793 65.981365040981 65.983061040981 65.983253045397 65.983605045397 66.39737663103 66.39907263103 66.399264646094 66.399616646094 66.488558050583 66.490254050583 66.490446050668 66.490798050668 66.753170447271 66.754866447271 66.755058467827 66.755410467827 66.810521712496 66.812217712496 66.812409729522 66.812761729522 66.833695839987 66.833695839987 66.833695839987 66.833695839987 66.833887839987 66.833887839987 66.835583839987 66.835583839987 66.835583839987 66.835583839987 66.835583839987 66.835775890793 66.835775890793 66.836127890793 66.979765040981 66.981461040981 66.981653045397 66.982005045397 67.39897663103 67.40067263103 67.400864646094 67.401216646094 67.486958050583 67.488654050583 67.488846050668 67.489198050668 67.752850447271 67.754546447271 67.754738486144 67.755090486144 67.810201712496 67.811897712496 67.812089729522 67.812441729522 67.833375839987 67.833375839987 67.833375839987 67.833375839987 67.833567839987 67.833567839987 67.835263839987 67.835263839987 67.835263839987 67.835263839987 67.835263839987 67.835455890793 67.835455890793 67.835807890793 67.980085040981 67.981781040981 67.981973045397 67.982325045397 68.39833663103 68.40003263103 68.400224646094 68.400576646094 68.488558050583 68.490254050583 68.490446050668 68.490798050668 68.754130447271 68.755826447271 68.756018459902 68.756370459902 68.808601712496 68.810297712496 68.810489729522 68.810841729522 68.833695839987 68.833695839987 68.833695839987 68.833695839987 68.833887839987 68.833887839987 68.835583839987 68.835583839987 68.835583839987 68.835583839987 68.835583839987 68.835775890793 68.835775890793 68.836127890793 68.981045040981 68.982741040981 68.982933045397 68.983285045397 69.39929663103 69.40099263103 69.401184646094 69.401536646094 69.488878050583 69.490574050583 69.490766050668 69.491118050668 69.753170447271 69.754866447271 69.755058486144 69.755410486144 69.810201712496 69.811897712496 69.812089729522 69.812441729522 69.833375839987 69.833375839987 69.833375839987 69.833375839987 69.833567839987 69.833567839987 69.835263839987 69.835263839987 69.835263839987 69.835263839987 69.835263839987 69.835455890793 69.835455890793 69.835807890793 69.981045040981 69.982741040981 69.982933045397 69.983285045397 70.39897663103 70.40067263103 70.400864646094 70.401216646094 70.489198050583 70.490894050583 70.491086050668 70.491438050668 70.753810447271 70.755506447271 70.755698467827 70.756050467827 70.809241712496 70.810937712496 70.811129729522 70.811481729522 70.832095839987 70.832095839987 70.832095839987 70.832095839987 70.832287839987 70.832287839987 70.833983839987 70.833983839987 70.833983839987 70.833983839987 70.833983839987 70.834175890793 70.834175890793 70.834527890793 70.979765040981 70.981461040981 70.981653045397 70.982005045397 71.39833663103 71.40003263103 71.400224646094 71.400576646094 71.486958050583 71.488654050583 71.488846050668 71.489198050668 71.752530447271 71.754226447271 71.754418467511 71.754770467511 71.809241712496 71.810937712496 71.811129729522 71.811481729522 71.832095839987 71.832095839987 71.832095839987 71.832095839987 71.832287839987 71.832287839987 71.833983839987 71.833983839987 71.833983839987 71.833983839987 71.833983839987 71.834175890793 71.834175890793 71.834527890793 71.981045040981 71.982741040981 71.982933045397 71.983285045397 72.39705663103 72.39875263103 72.398944646094 72.399296646094 72.487918050583 72.489614050583 72.489806050668 72.490158050668 72.752850447271 72.754546447271 72.754738485454 72.755090485454 72.808921712496 72.810617712496 72.810809729522 72.811161729522 72.831455839987 72.831455839987 72.831455839987 72.831455839987 72.831647839987 72.831647839987 72.833343839987 72.833343839987 72.833343839987 72.833343839987 72.833343839987 72.833535890793 72.833535890793 72.833887890793 72.980405040981 72.982101040981 72.982293045397 72.982645045397 73.39865663103 73.40035263103 73.400544646094 73.400896646094 73.487918050583 73.489614050583 73.489806050668 73.490158050668 73.753490447271 73.755186447271 73.755378467827 73.755730467827 73.810521712496 73.812217712496 73.812409729522 73.812761729522 73.832415839987 73.832415839987 73.832415839987 73.832415839987 73.832607839987 73.832607839987 73.834303839987 73.834303839987 73.834303839987 73.834303839987 73.834303839987 73.834495890793 73.834495890793 73.834847890793 73.981045040981 73.982741040981 73.982933045397 73.983285045397 74.39705663103 74.39875263103 74.398944646094 74.399296646094 74.487278050583 74.488974050583 74.489166050668 74.489518050668 74.754130447271 74.755826447271 74.756018485454 74.756370485454 74.810201712496 74.811897712496 74.812089729522 74.812441729522 74.831455839987 74.831455839987 74.831455839987 74.831455839987 74.831647839987 74.831647839987 74.833343839987 74.833343839987 74.833343839987 74.833343839987 74.833343839987 74.833535890793 74.833535890793 74.833887890793 74.981365040981 74.983061040981 74.983253045397 74.983605045397 75.39769663103 75.39939263103 75.399584646094 75.399936646094 75.487918050583 75.489614050583 75.489806050668 75.490158050668 75.753490447271 75.755186447271 75.755378485454 75.755730485454 75.809881712496 75.811577712496 75.811769729522 75.812121729522 75.832735839987 75.832735839987 75.832735839987 75.832735839987 75.832927839987 75.832927839987 75.834623839987 75.834623839987 75.834623839987 75.834623839987 75.834623839987 75.834815890793 75.834815890793 75.835167890793 75.980085040981 75.981781040981 75.981973045397 75.982325045397 76.39929663103 76.40099263103 76.401184646094 76.401536646094 76.486958050583 76.488654050583 76.488846050668 76.489198050668 76.752850447271 76.754546447271 76.75473844796 76.75509044796 76.809241712496 76.810937712496 76.811129729522 76.811481729522 76.832095839987 76.832095839987 76.832095839987 76.832095839987 76.832287839987 76.832287839987 76.833983839987 76.833983839987 76.833983839987 76.833983839987 76.833983839987 76.834175890793 76.834175890793 76.834527890793 76.981045040981 76.982741040981 76.982933045397 76.983285045397 77.39833663103 77.40003263103 77.400224646094 77.400576646094 77.486958050583 77.488654050583 77.488846050668 77.489198050668 77.752530447271 77.754226447271 77.754418461036 77.754770461036 77.808601712496 77.810297712496 77.810489729522 77.810841729522 77.831775839987 77.831775839987 77.831775839987 77.831775839987 77.831967839987 77.831967839987 77.833663839987 77.833663839987 77.833663839987 77.833663839987 77.833663839987 77.833855890793 77.833855890793 77.834207890793 77.982005040981 77.983701040981 77.983893045397 77.984245045397 78.39929663103 78.40099263103 78.401184646094 78.401536646094 78.487918050583 78.489614050583 78.489806050668 78.490158050668 78.753490447271 78.755186447271 78.75537844796 78.75573044796 78.810201712496 78.811897712496 78.812089729522 78.812441729522 78.833375839987 78.833375839987 78.833375839987 78.833375839987 78.833567839987 78.833567839987 78.835263839987 78.835263839987 78.835263839987 78.835263839987 78.835263839987 78.835455890793 78.835455890793 78.835807890793 78.981685040981 78.983381040981 78.983573045397 78.983925045397 79.39897663103 79.40067263103 79.400864646094 79.401216646094 79.487918050583 79.489614050583 79.489806050668 79.490158050668 79.753810447271 79.755506447271 79.755698459902 79.756050459902 79.810521712496 79.812217712496 79.812409729522 79.812761729522 79.831455839987 79.831455839987 79.831455839987 79.831455839987 79.831647839987 79.831647839987 79.833343839987 79.833343839987 79.833343839987 79.833343839987 79.833343839987 79.833535890793 79.833535890793 79.833887890793 79.981685040981 79.983381040981 79.983573045397 79.983925045397 80.39833663103 80.40003263103 80.400224646094 80.400576646094 80.488878050583 80.490574050583 80.490766050668 80.491118050668 80.752530447271 80.754226447271 80.754418486144 80.754770486144 80.808601712496 80.810297712496 80.810489729522 80.810841729522 80.833375839987 80.833375839987 80.833375839987 80.833375839987 80.833567839987 80.833567839987 80.835263839987 80.835263839987 80.835263839987 80.835263839987 80.835263839987 80.835455890793 80.835455890793 80.835807890793 80.980085040981 80.981781040981 80.981973045397 80.982325045397 81.39929663103 81.40099263103 81.401184646094 81.401536646094 81.488238050583 81.489934050583 81.490126050668 81.490478050668 81.753490447271 81.755186447271 81.75537844796 81.75573044796 81.810201712496 81.811897712496 81.812089729522 81.812441729522 81.831455839987 81.831455839987 81.831455839987 81.831455839987 81.831647839987 81.831647839987 81.833343839987 81.833343839987 81.833343839987 81.833343839987 81.833343839987 81.833535890793 81.833535890793 81.833887890793 81.981685040981 81.983381040981 81.983573045397 81.983925045397 82.39801663103 82.39971263103 82.399904646094 82.400256646094 82.487918050583 82.489614050583 82.489806050668 82.490158050668 82.753810447271 82.755506447271 82.755698459902 82.756050459902 82.808601712496 82.810297712496 82.810489729522 82.810841729522 82.832415839987 82.832415839987 82.832415839987 82.832415839987 82.832607839987 82.832607839987 82.834303839987 82.834303839987 82.834303839987 82.834303839987 82.834303839987 82.834495890793 82.834495890793 82.834847890793 82.981045040981 82.982741040981 82.982933045397 82.983285045397 83.39769663103 83.39939263103 83.399584646094 83.399936646094 83.487918050583 83.489614050583 83.489806050668 83.490158050668 83.753810447271 83.755506447271 83.755698486144 83.756050486144 83.809561712496 83.811257712496 83.811449729522 83.811801729522 83.832095839987 83.832095839987 83.832095839987 83.832095839987 83.832287839987 83.832287839987 83.833983839987 83.833983839987 83.833983839987 83.833983839987 83.833983839987 83.834175890793 83.834175890793 83.834527890793 83.981365040981 83.983061040981 83.983253045397 83.983605045397 84.39897663103 84.40067263103 84.400864646094 84.401216646094 84.487598050583 84.489294050583 84.489486050668 84.489838050668 84.752210447271 84.753906447271 84.754098461036 84.754450461036 84.809881712496 84.811577712496 84.811769729522 84.812121729522 84.832415839987 84.832415839987 84.832415839987 84.832415839987 84.832607839987 84.832607839987 84.834303839987 84.834303839987 84.834303839987 84.834303839987 84.834303839987 84.834495890793 84.834495890793 84.834847890793 84.980725040981 84.982421040981 84.982613045397 84.982965045397 85.39705663103 85.39875263103 85.398944646094 85.399296646094 85.486958050583 85.488654050583 85.488846050668 85.489198050668 85.754450447271 85.756146447271 85.756338485454 85.756690485454 85.810841712496 85.812537712496 85.812729729522 85.813081729522 85.831775839987 85.831775839987 85.831775839987 85.831775839987 85.831967839987 85.831967839987 85.833663839987 85.833663839987 85.833663839987 85.833663839987 85.833663839987 85.833855890793 85.833855890793 85.834207890793 85.981685040981 85.983381040981 85.983573045397 85.983925045397 86.39897663103 86.40067263103 86.400864646094 86.401216646094 86.488558050583 86.490254050583 86.490446050668 86.490798050668 86.753170447271 86.754866447271 86.75505844796 86.75541044796 86.809881712496 86.811577712496 86.811769729522 86.812121729522 86.831775839987 86.831775839987 86.831775839987 86.831775839987 86.831967839987 86.831967839987 86.833663839987 86.833663839987 86.833663839987 86.833663839987 86.833663839987 86.833855890793 86.833855890793 86.834207890793 86.982005040981 86.983701040981 86.983893045397 86.984245045397 87.39833663103 87.40003263103 87.400224646094 87.400576646094 87.487598050583 87.489294050583 87.489486050668 87.489838050668 87.754450447271 87.756146447271 87.756338461036 87.756690461036 87.810521712496 87.812217712496 87.812409729522 87.812761729522 87.833695839987 87.833695839987 87.833695839987 87.833695839987 87.833887839987 87.833887839987 87.835583839987 87.835583839987 87.835583839987 87.835583839987 87.835583839987 87.835775890793 87.835775890793 87.836127890793 87.981365040981 87.983061040981 87.983253045397 87.983605045397 88.39737663103 88.39907263103 88.399264646094 88.399616646094 88.487598050583 88.489294050583 88.489486050668 88.489838050668 88.753810447271 88.755506447271 88.755698470277 88.756050470277 88.810841712496 88.812537712496 88.812729729522 88.813081729522 88.833695839987 88.833695839987 88.833695839987 88.833695839987 88.833887839987 88.833887839987 88.835583839987 88.835583839987 88.835583839987 88.835583839987 88.835583839987 88.835775890793 88.835775890793 88.836127890793 88.982005040981 88.983701040981 88.983893045397 88.984245045397 89.39929663103 89.40099263103 89.401184646094 89.401536646094 89.488558050583 89.490254050583 89.490446050668 89.490798050668 89.753490447271 89.755186447271 89.755378467511 89.755730467511 89.808601712496 89.810297712496 89.810489729522 89.810841729522 89.832735839987 89.832735839987 89.832735839987 89.832735839987 89.832927839987 89.832927839987 89.834623839987 89.834623839987 89.834623839987 89.834623839987 89.834623839987 89.834815890793 89.834815890793 89.835167890793 89.981365040981 89.983061040981 89.983253045397 89.983605045397 90.39929663103 90.40099263103 90.401184646094 90.401536646094 90.488238050583 90.489934050583 90.490126050668 90.490478050668 90.754450447271 90.756146447271 90.756338486144 90.756690486144 90.810841712496 90.812537712496 90.812729729522 90.813081729522 90.831455839987 90.831455839987 90.831455839987 90.831455839987 90.831647839987 90.831647839987 90.833343839987 90.833343839987 90.833343839987 90.833343839987 90.833343839987 90.833535890793 90.833535890793 90.833887890793 90.980725040981 90.982421040981 90.982613045397 90.982965045397 91.39769663103 91.39939263103 91.399584646094 91.399936646094 91.488878050583 91.490574050583 91.490766050668 91.491118050668 91.753490447271 91.755186447271 91.75537844796 91.75573044796 91.808921712496 91.810617712496 91.810809729522 91.811161729522 91.832415839987 91.832415839987 91.832415839987 91.832415839987 91.832607839987 91.832607839987 91.834303839987 91.834303839987 91.834303839987 91.834303839987 91.834303839987 91.834495890793 91.834495890793 91.834847890793 91.982005040981 91.983701040981 91.983893045397 91.984245045397 92.39737663103 92.39907263103 92.399264646094 92.399616646094 92.488878050583 92.490574050583 92.490766050668 92.491118050668 92.754130447271 92.755826447271 92.756018470277 92.756370470277 92.810521712496 92.812217712496 92.812409729522 92.812761729522 92.831455839987 92.831455839987 92.831455839987 92.831455839987 92.831647839987 92.831647839987 92.833343839987 92.833343839987 92.833343839987 92.833343839987 92.833343839987 92.833535890793 92.833535890793 92.833887890793 92.980405040981 92.982101040981 92.982293045397 92.982645045397 93.39833663103 93.40003263103 93.400224646094 93.400576646094 93.486958050583 93.488654050583 93.488846050668 93.489198050668 93.752210447271 93.753906447271 93.754098486144 93.754450486144 93.810521712496 93.812217712496 93.812409729522 93.812761729522 93.833055839987 93.833055839987 93.833055839987 93.833055839987 93.833247839987 93.833247839987 93.834943839987 93.834943839987 93.834943839987 93.834943839987 93.834943839987 93.835135890793 93.835135890793 93.835487890793 93.981365040981 93.983061040981 93.983253045397 93.983605045397 94.39929663103 94.40099263103 94.401184646094 94.401536646094 94.486958050583 94.488654050583 94.488846050668 94.489198050668 94.753170447271 94.754866447271 94.755058459902 94.755410459902 94.809561712496 94.811257712496 94.811449729522 94.811801729522 94.832095839987 94.832095839987 94.832095839987 94.832095839987 94.832287839987 94.832287839987 94.833983839987 94.833983839987 94.833983839987 94.833983839987 94.833983839987 94.834175890793 94.834175890793 94.834527890793 94.981045040981 94.982741040981 94.982933045397 94.983285045397 95.39897663103 95.40067263103 95.400864646094 95.401216646094 95.487918050583 95.489614050583 95.489806050668 95.490158050668 95.753810447271 95.755506447271 95.755698470277 95.756050470277 95.808921712496 95.810617712496 95.810809729522 95.811161729522 95.833055839987 95.833055839987 95.833055839987 95.833055839987 95.833247839987 95.833247839987 95.834943839987 95.834943839987 95.834943839987 95.834943839987 95.834943839987 95.835135890793 95.835135890793 95.835487890793 95.979765040981 95.981461040981 95.981653045397 95.982005045397 96.39705663103 96.39875263103 96.398944646094 96.399296646094 96.488558050583 96.490254050583 96.490446050668 96.490798050668 96.752850447271 96.754546447271 96.754738459902 96.755090459902 96.809241712496 96.810937712496 96.811129729522 96.811481729522 96.832095839987 96.832095839987 96.832095839987 96.832095839987 96.832287839987 96.832287839987 96.833983839987 96.833983839987 96.833983839987 96.833983839987 96.833983839987 96.834175890793 96.834175890793 96.834527890793 96.980725040981 96.982421040981 96.982613045397 96.982965045397 97.39833663103 97.40003263103 97.400224646094 97.400576646094 97.486958050583 97.488654050583 97.488846050668 97.489198050668 97.752210447271 97.753906447271 97.754098467827 97.754450467827 97.809881712496 97.811577712496 97.811769729522 97.812121729522 97.833695839987 97.833695839987 97.833695839987 97.833695839987 97.833887839987 97.833887839987 97.835583839987 97.835583839987 97.835583839987 97.835583839987 97.835583839987 97.835775890793 97.835775890793 97.836127890793 97.982005040981 97.983701040981 97.983893045397 97.984245045397 98.39865663103 98.40035263103 98.400544646094 98.400896646094 98.488558050583 98.490254050583 98.490446050668 98.490798050668 98.753170447271 98.754866447271 98.755058459902 98.755410459902 98.809881712496 98.811577712496 98.811769729522 98.812121729522 98.833055839987 98.833055839987 98.833055839987 98.833055839987 98.833247839987 98.833247839987 98.834943839987 98.834943839987 98.834943839987 98.834943839987 98.834943839987 98.835135890793 98.835135890793 98.835487890793 98.982005040981 98.983701040981 98.983893045397 98.984245045397 99.39833663103 99.40003263103 99.400224646094 99.400576646094 99.488238050583 99.489934050583 99.490126050668 99.490478050668 99.752530447271 99.754226447271 99.754418459902 99.754770459902 99.810201712496 99.811897712496 99.812089729522 99.812441729522 99.833055839987 99.833055839987 99.833055839987 99.833055839987 99.833247839987 99.833247839987 99.834943839987 99.834943839987 99.834943839987 99.834943839987 99.834943839987 99.835135890793 99.835135890793 99.835487890793 99.980725040981 99.982421040981 99.982613045397 99.982965045397","0 0 0 5e-06 0 0.05 5e-06 0.05 5e-06 0.05 5e-06 0.05 5e-06 0.05 5e-06 0.05 5e-06 0 0 0.005 0.005 0 0.075 0.005 0 5e-06 5e-06 5e-06 0 0.05 5e-06 0.05 5e-06 0.05 5e-06 0.05 5e-06 0.05 5e-06 0.05 5e-06 0.05 5e-06 0.05 5e-06 0.05 5e-06 0.05 5e-06 0.05 5e-06 0 0 0.005 0.005 0 0.075 0.005 0 5e-06 5e-06 5e-06 0 0.05 5e-06 0.05 5e-06 0.05 5e-06 0.05 5e-06 0.05 5e-06 0.05 5e-06 0.05 5e-06 0.05 5e-06 0.05 5e-06 0.05 5e-06 0.05 5e-06 0 0 0.005 0.005 0 0.075 0.005 0 5e-06 5e-06 5e-06 0 0.05 5e-06 0.05 5e-06 0.05 5e-06 0.05 5e-06 0.05 5e-06 0.05 5e-06 0.05 5e-06 0.05 5e-06 0.05 5e-06 0.05 5e-06 0.05 5e-06 0 0 0.005 0.005 0 0.075 0.005 0 5e-06 5e-06 5e-06 0 0.05 5e-06 0.05 5e-06 0.05 5e-06 0.05 5e-06 0.05 5e-06 0.05 5e-06 0.05 5e-06 0.05 5e-06 0.05 5e-06 0.05 5e-06 0.05 5e-06 0 0 0.005 0.005 0 0.075 0.005 0 5e-06 5e-06 5e-06 0 0.05 5e-06 0.05 5e-06 0.05 5e-06 0.05 5e-06 0.05 5e-06 0.05 5e-06 0.05 5e-06 0.05 5e-06 0.05 5e-06 0.05 5e-06 0.05 5e-06 0 0 0.005 0.005 0 0.075 0.005 0 5e-06 5e-06 5e-06 0 0.05 5e-06 0.05 5e-06 0.05 5e-06 0.05 5e-06 0.05 5e-06 0.05 5e-06 0.05 5e-06 0.05 5e-06 0.05 5e-06 0.05 5e-06 0.05 5e-06 0 0 0.005 0.005 0 0.075 0.005 0 5e-06 5e-06 5e-06 0 0.05 5e-06 0.05 5e-06 0.05 5e-06 0.05 5e-06 0.05 5e-06 0.05 5e-06 0.05 5e-06 0.05 5e-06 0.05 5e-06 0.05 5e-06 0.05 5e-06 0 0 0.005 0.005 0 0.075 0.005 0 5e-06 5e-06 5e-06 0 0.05 5e-06 0.05 5e-06 0.05 5e-06 0.05 5e-06 0.05 5e-06 0.05 5e-06 0.05 5e-06 0.05 5e-06 0.05 5e-06 0.05 5e-06 0.05 5e-06 0 0 0.005 0.005 0 0.075 0.005 0 5e-06 5e-06 5e-06 0 0.05 5e-06 0.05 5e-06 0.05 5e-06 0.05 5e-06 0.05 5e-06 0.05 5e-06 0.05 5e-06 0.05 5e-06 0.05 5e-06 0.05 5e-06 0.05 5e-06 0 0 0.005 0.005 0 0.075 0.005 0 5e-06 5e-06 5e-06 0 0.05 5e-06 0.05 5e-06 0.05 5e-06 0.05 5e-06 0.05 5e-06 0.05 5e-06 0.05 5e-06 0.05 5e-06 0.05 5e-06 0.05 5e-06 0.05 5e-06 0 0 0.005 0.005 0 0.075 0.005 0 5e-06 5e-06 5e-06 0 0.05 5e-06 0.05 5e-06 0.05 5e-06 0.05 5e-06 0.05 5e-06 0.05 5e-06 0.05 5e-06 0.05 5e-06 0.05 5e-06 0.05 5e-06 0.05 5e-06 0 0 0.005 0.005 0 0.075 0.005 0 5e-06 5e-06 5e-06 0 0.05 5e-06 0.05 5e-06 0.05 5e-06 0.05 5e-06 0.05 5e-06 0.05 5e-06 0.05 5e-06 0.05 5e-06 0.05 5e-06 0.05 5e-06 0.05 5e-06 0 0 0.005 0.005 0 0.075 0.005 0 5e-06 5e-06 5e-06 0 0.05 5e-06 0.05 5e-06 0.05 5e-06 0.05 5e-06 0.05 5e-06 0.05 5e-06 0.05 5e-06 0.05 5e-06 0.05 5e-06 0.05 5e-06 0.05 5e-06 0 0 0.005 0.005 0 0.075 0.005 0 5e-06 5e-06 5e-06 0 0.05 5e-06 0.05 5e-06 0.05 5e-06 0.05 5e-06 0.05 5e-06 0.05 5e-06 0.05 5e-06 0.05 5e-06 0.05 5e-06 0.05 5e-06 0.05 5e-06 0 0 0.005 0.005 0 0.075 0.005 0 5e-06 5e-06 5e-06 0 0.05 5e-06 0.05 5e-06 0.05 5e-06 0.05 5e-06 0.05 5e-06 0.05 5e-06 0.05 5e-06 0.05 5e-06 0.05 5e-06 0.05 5e-06 0.05 5e-06 0 0 0.005 0.005 0 0.075 0.005 0 5e-06 5e-06 5e-06 0 0.05 5e-06 0.05 5e-06 0.05 5e-06 0.05 5e-06 0.05 5e-06 0.05 5e-06 0.05 5e-06 0.05 5e-06 0.05 5e-06 0.05 5e-06 0.05 5e-06 0 0 0.005 0.005 0 0.075 0.005 0 5e-06 5e-06 5e-06 0 0.05 5e-06 0.05 5e-06 0.05 5e-06 0.05 5e-06 0.05 5e-06 0.05 5e-06 0.05 5e-06 0.05 5e-06 0.05 5e-06 0.05 5e-06 0.05 5e-06 0 0 0.005 0.005 0 0.075 0.005 0 5e-06 5e-06 5e-06 0 0.05 5e-06 0.05 5e-06 0.05 5e-06 0.05 5e-06 0.05 5e-06 0.05 5e-06 0.05 5e-06 0.05 5e-06 0.05 5e-06 0.05 5e-06 0.05 5e-06 0 0 0.005 0.005 0 0.075 0.005 0 5e-06 5e-06 5e-06 0 0.05 5e-06 0.05 5e-06 0.05 5e-06 0.05 5e-06 0.05 5e-06 0.05 5e-06 0.05 5e-06 0.05 5e-06 0.05 5e-06 0.05 5e-06 0.05 5e-06 0 0 0.005 0.005 0 0.075 0.005 0 5e-06 5e-06 5e-06 0 0.05 5e-06 0.05 5e-06 0.05 5e-06 0.05 5e-06 0.05 5e-06 0.05 5e-06 0.05 5e-06 0.05 5e-06 0.05 5e-06 0.05 5e-06 0.05 5e-06 0 0 0.005 0.005 0 0.075 0.005 0 5e-06 5e-06 5e-06 0 0.05 5e-06 0.05 5e-06 0.05 5e-06 0.05 5e-06 0.05 5e-06 0.05 5e-06 0.05 5e-06 0.05 5e-06 0.05 5e-06 0.05 5e-06 0.05 5e-06 0 0 0.005 0.005 0 0.075 0.005 0 5e-06 5e-06 5e-06 0 0.05 5e-06 0.05 5e-06 0.05 5e-06 0.05 5e-06 0.05 5e-06 0.05 5e-06 0.05 5e-06 0.05 5e-06 0.05 5e-06 0.05 5e-06 0.05 5e-06 0 0 0.005 0.005 0 0.075 0.005 0 5e-06 5e-06 5e-06 0 0.05 5e-06 0.05 5e-06 0.05 5e-06 0.05 5e-06 0.05 5e-06 0.05 5e-06 0.05 5e-06 0.05 5e-06 0.05 5e-06 0.05 5e-06 0.05 5e-06 0 0 0.005 0.005 0 0.075 0.005 0 5e-06 5e-06 5e-06 0 0.05 5e-06 0.05 5e-06 0.05 5e-06 0.05 5e-06 0.05 5e-06 0.05 5e-06 0.05 5e-06 0.05 5e-06 0.05 5e-06 0.05 5e-06 0.05 5e-06 0 0 0.005 0.005 0 0.075 0.005 0 5e-06 5e-06 5e-06 0 0.05 5e-06 0.05 5e-06 0.05 5e-06 0.05 5e-06 0.05 5e-06 0.05 5e-06 0.05 5e-06 0.05 5e-06 0.05 5e-06 0.05 5e-06 0.05 5e-06 0 0 0.005 0.005 0 0.075 0.005 0 5e-06 5e-06 5e-06 0 0.05 5e-06 0.05 5e-06 0.05 5e-06 0.05 5e-06 0.05 5e-06 0.05 5e-06 0.05 5e-06 0.05 5e-06 0.05 5e-06 0.05 5e-06 0.05 5e-06 0 0 0.005 0.005 0 0.075 0.005 0 5e-06 5e-06 5e-06 0 0.05 5e-06 0.05 5e-06 0.05 5e-06 0.05 5e-06 0.05 5e-06 0.05 5e-06 0.05 5e-06 0.05 5e-06 0.05 5e-06 0.05 5e-06 0.05 5e-06 0 0 0.005 0.005 0 0.075 0.005 0 5e-06 5e-06 5e-06 0 0.05 5e-06 0.05 5e-06 0.05 5e-06 0.05 5e-06 0.05 5e-06 0.05 5e-06 0.05 5e-06 0.05 5e-06 0.05 5e-06 0.05 5e-06 0.05 5e-06 0 0 0.005 0.005 0 0.075 0.005 0 5e-06 5e-06 5e-06 0 0.05 5e-06 0.05 5e-06 0.05 5e-06 0.05 5e-06 0.05 5e-06 0.05 5e-06 0.05 5e-06 0.05 5e-06 0.05 5e-06 0.05 5e-06 0.05 5e-06 0 0 0.005 0.005 0 0.075 0.005 0 5e-06 5e-06 5e-06 0 0.05 5e-06 0.05 5e-06 0.05 5e-06 0.05 5e-06 0.05 5e-06 0.05 5e-06 0.05 5e-06 0.05 5e-06 0.05 5e-06 0.05 5e-06 0.05 5e-06 0 0 0.005 0.005 0 0.075 0.005 0 5e-06 5e-06 5e-06 0 0.05 5e-06 0.05 5e-06 0.05 5e-06 0.05 5e-06 0.05 5e-06 0.05 5e-06 0.05 5e-06 0.05 5e-06 0.05 5e-06 0.05 5e-06 0.05 5e-06 0 0 0.005 0.005 0 0.075 0.005 0 5e-06 5e-06 5e-06 0 0.05 5e-06 0.05 5e-06 0.05 5e-06 0.05 5e-06 0.05 5e-06 0.05 5e-06 0.05 5e-06 0.05 5e-06 0.05 5e-06 0.05 5e-06 0.05 5e-06 0 0 0.005 0.005 0 0.075 0.005 0 5e-06 5e-06 5e-06 0 0.05 5e-06 0.05 5e-06 0.05 5e-06 0.05 5e-06 0.05 5e-06 0.05 5e-06 0.05 5e-06 0.05 5e-06 0.05 5e-06 0.05 5e-06 0.05 5e-06 0 0 0.005 0.005 0 0.075 0.005 0 5e-06 5e-06 5e-06 0 0.05 5e-06 0.05 5e-06 0.05 5e-06 0.05 5e-06 0.05 5e-06 0.05 5e-06 0.05 5e-06 0.05 5e-06 0.05 5e-06 0.05 5e-06 0.05 5e-06 0 0 0.005 0.005 0 0.075 0.005 0 5e-06 5e-06 5e-06 0 0.05 5e-06 0.05 5e-06 0.05 5e-06 0.05 5e-06 0.05 5e-06 0.05 5e-06 0.05 5e-06 0.05 5e-06 0.05 5e-06 0.05 5e-06 0.05 5e-06 0 0 0.005 0.005 0 0.075 0.005 0 5e-06 5e-06 5e-06 0 0.05 5e-06 0.05 5e-06 0.05 5e-06 0.05 5e-06 0.05 5e-06 0.05 5e-06 0.05 5e-06 0.05 5e-06 0.05 5e-06 0.05 5e-06 0.05 5e-06 0 0 0.005 0.005 0 0.075 0.005 0 5e-06 5e-06 5e-06 0 0.05 5e-06 0.05 5e-06 0.05 5e-06 0.05 5e-06 0.05 5e-06 0.05 5e-06 0.05 5e-06 0.05 5e-06 0.05 5e-06 0.05 5e-06 0.05 5e-06 0 0 0.005 0.005 0 0.075 0.005 0 5e-06 5e-06 5e-06 0 0.05 5e-06 0.05 5e-06 0.05 5e-06 0.05 5e-06 0.05 5e-06 0.05 5e-06 0.05 5e-06 0.05 5e-06 0.05 5e-06 0.05 5e-06 0.05 5e-06 0 0 0.005 0.005 0 0.075 0.005 0 5e-06 5e-06 5e-06 0 0.05 5e-06 0.05 5e-06 0.05 5e-06 0.05 5e-06 0.05 5e-06 0.05 5e-06 0.05 5e-06 0.05 5e-06 0.05 5e-06 0.05 5e-06 0.05 5e-06 0 0 0.005 0.005 0 0.075 0.005 0 5e-06 5e-06 5e-06 0 0.05 5e-06 0.05 5e-06 0.05 5e-06 0.05 5e-06 0.05 5e-06 0.05 5e-06 0.05 5e-06 0.05 5e-06 0.05 5e-06 0.05 5e-06 0.05 5e-06 0 0 0.005 0.005 0 0.075 0.005 0 5e-06 5e-06 5e-06 0 0.05 5e-06 0.05 5e-06 0.05 5e-06 0.05 5e-06 0.05 5e-06 0.05 5e-06 0.05 5e-06 0.05 5e-06 0.05 5e-06 0.05 5e-06 0.05 5e-06 0 0 0.005 0.005 0 0.075 0.005 0 5e-06 5e-06 5e-06 0 0.05 5e-06 0.05 5e-06 0.05 5e-06 0.05 5e-06 0.05 5e-06 0.05 5e-06 0.05 5e-06 0.05 5e-06 0.05 5e-06 0.05 5e-06 0.05 5e-06 0 0 0.005 0.005 0 0.075 0.005 0 5e-06 5e-06 5e-06 0 0.05 5e-06 0.05 5e-06 0.05 5e-06 0.05 5e-06 0.05 5e-06 0.05 5e-06 0.05 5e-06 0.05 5e-06 0.05 5e-06 0.05 5e-06 0.05 5e-06 0 0 0.005 0.005 0 0.075 0.005 0 5e-06 5e-06 5e-06 0 0.05 5e-06 0.05 5e-06 0.05 5e-06 0.05 5e-06 0.05 5e-06 0.05 5e-06 0.05 5e-06 0.05 5e-06 0.05 5e-06 0.05 5e-06 0.05 5e-06 0 0 0.005 0.005 0 0.075 0.005 0 5e-06 5e-06 5e-06 0 0.05 5e-06 0.05 5e-06 0.05 5e-06 0.05 5e-06 0.05 5e-06 0.05 5e-06 0.05 5e-06 0.05 5e-06 0.05 5e-06 0.05 5e-06 0.05 5e-06 0 0 0.005 0.005 0 0.075 0.005 0 5e-06 5e-06 5e-06 0 0.05 5e-06 0.05 5e-06 0.05 5e-06 0.05 5e-06 0.05 5e-06 0.05 5e-06 0.05 5e-06 0.05 5e-06 0.05 5e-06 0.05 5e-06 0.05 5e-06 0 0 0.005 0.005 0 0.075 0.005 0 5e-06 5e-06 5e-06 0 0.05 5e-06 0.05 5e-06 0.05 5e-06 0.05 5e-06 0.05 5e-06 0.05 5e-06 0.05 5e-06 0.05 5e-06 0.05 5e-06 0.05 5e-06 0.05 5e-06 0 0 0.005 0.005 0 0.075 0.005 0 5e-06 5e-06 5e-06 0 0.05 5e-06 0.05 5e-06 0.05 5e-06 0.05 5e-06 0.05 5e-06 0.05 5e-06 0.05 5e-06 0.05 5e-06 0.05 5e-06 0.05 5e-06 0.05 5e-06 0 0 0.005 0.005 0 0.075 0.005 0 5e-06 5e-06 5e-06 0 0.05 5e-06 0.05 5e-06 0.05 5e-06 0.05 5e-06 0.05 5e-06 0.05 5e-06 0.05 5e-06 0.05 5e-06 0.05 5e-06 0.05 5e-06 0.05 5e-06 0 0 0.005 0.005 0 0.075 0.005 0 5e-06 5e-06 5e-06 0 0.05 5e-06 0.05 5e-06 0.05 5e-06 0.05 5e-06 0.05 5e-06 0.05 5e-06 0.05 5e-06 0.05 5e-06 0.05 5e-06 0.05 5e-06 0.05 5e-06 0 0 0.005 0.005 0 0.075 0.005 0 5e-06 5e-06 5e-06 0 0.05 5e-06 0.05 5e-06 0.05 5e-06 0.05 5e-06 0.05 5e-06 0.05 5e-06 0.05 5e-06 0.05 5e-06 0.05 5e-06 0.05 5e-06 0.05 5e-06 0 0 0.005 0.005 0 0.075 0.005 0 5e-06 5e-06 5e-06 0 0.05 5e-06 0.05 5e-06 0.05 5e-06 0.05 5e-06 0.05 5e-06 0.05 5e-06 0.05 5e-06 0.05 5e-06 0.05 5e-06 0.05 5e-06 0.05 5e-06 0 0 0.005 0.005 0 0.075 0.005 0 5e-06 5e-06 5e-06 0 0.05 5e-06 0.05 5e-06 0.05 5e-06 0.05 5e-06 0.05 5e-06 0.05 5e-06 0.05 5e-06 0.05 5e-06 0.05 5e-06 0.05 5e-06 0.05 5e-06 0 0 0.005 0.005 0 0.075 0.005 0 5e-06 5e-06 5e-06 0 0.05 5e-06 0.05 5e-06 0.05 5e-06 0.05 5e-06 0.05 5e-06 0.05 5e-06 0.05 5e-06 0.05 5e-06 0.05 5e-06 0.05 5e-06 0.05 5e-06 0 0 0.005 0.005 0 0.075 0.005 0 5e-06 5e-06 5e-06 0 0.05 5e-06 0.05 5e-06 0.05 5e-06 0.05 5e-06 0.05 5e-06 0.05 5e-06 0.05 5e-06 0.05 5e-06 0.05 5e-06 0.05 5e-06 0.05 5e-06 0 0 0.005 0.005 0 0.075 0.005 0 5e-06 5e-06 5e-06 0 0.05 5e-06 0.05 5e-06 0.05 5e-06 0.05 5e-06 0.05 5e-06 0.05 5e-06 0.05 5e-06 0.05 5e-06 0.05 5e-06 0.05 5e-06 0.05 5e-06 0 0 0.005 0.005 0 0.075 0.005 0 5e-06 5e-06 5e-06 0 0.05 5e-06 0.05 5e-06 0.05 5e-06 0.05 5e-06 0.05 5e-06 0.05 5e-06 0.05 5e-06 0.05 5e-06 0.05 5e-06 0.05 5e-06 0.05 5e-06 0 0 0.005 0.005 0 0.075 0.005 0 5e-06 5e-06 5e-06 0 0.05 5e-06 0.05 5e-06 0.05 5e-06 0.05 5e-06 0.05 5e-06 0.05 5e-06 0.05 5e-06 0.05 5e-06 0.05 5e-06 0.05 5e-06 0.05 5e-06 0 0 0.005 0.005 0 0.075 0.005 0 5e-06 5e-06 5e-06 0 0.05 5e-06 0.05 5e-06 0.05 5e-06 0.05 5e-06 0.05 5e-06 0.05 5e-06 0.05 5e-06 0.05 5e-06 0.05 5e-06 0.05 5e-06 0.05 5e-06 0 0 0.005 0.005 0 0.075 0.005 0 5e-06 5e-06 5e-06 0 0.05 5e-06 0.05 5e-06 0.05 5e-06 0.05 5e-06 0.05 5e-06 0.05 5e-06 0.05 5e-06 0.05 5e-06 0.05 5e-06 0.05 5e-06 0.05 5e-06 0 0 0.005 0.005 0 0.075 0.005 0 5e-06 5e-06 5e-06 0 0.05 5e-06 0.05 5e-06 0.05 5e-06 0.05 5e-06 0.05 5e-06 0.05 5e-06 0.05 5e-06 0.05 5e-06 0.05 5e-06 0.05 5e-06 0.05 5e-06 0 0 0.005 0.005 0 0.075 0.005 0 5e-06 5e-06 5e-06 0 0.05 5e-06 0.05 5e-06 0.05 5e-06 0.05 5e-06 0.05 5e-06 0.05 5e-06 0.05 5e-06 0.05 5e-06 0.05 5e-06 0.05 5e-06 0.05 5e-06 0 0 0.005 0.005 0 0.075 0.005 0 5e-06 5e-06 5e-06 0 0.05 5e-06 0.05 5e-06 0.05 5e-06 0.05 5e-06 0.05 5e-06 0.05 5e-06 0.05 5e-06 0.05 5e-06 0.05 5e-06 0.05 5e-06 0.05 5e-06 0 0 0.005 0.005 0 0.075 0.005 0 5e-06 5e-06 5e-06 0 0.05 5e-06 0.05 5e-06 0.05 5e-06 0.05 5e-06 0.05 5e-06 0.05 5e-06 0.05 5e-06 0.05 5e-06 0.05 5e-06 0.05 5e-06 0.05 5e-06 0 0 0.005 0.005 0 0.075 0.005 0 5e-06 5e-06 5e-06 0 0.05 5e-06 0.05 5e-06 0.05 5e-06 0.05 5e-06 0.05 5e-06 0.05 5e-06 0.05 5e-06 0.05 5e-06 0.05 5e-06 0.05 5e-06 0.05 5e-06 0 0 0.005 0.005 0 0.075 0.005 0 5e-06 5e-06 5e-06 0 0.05 5e-06 0.05 5e-06 0.05 5e-06 0.05 5e-06 0.05 5e-06 0.05 5e-06 0.05 5e-06 0.05 5e-06 0.05 5e-06 0.05 5e-06 0.05 5e-06 0 0 0.005 0.005 0 0.075 0.005 0 5e-06 5e-06 5e-06 0 0.05 5e-06 0.05 5e-06 0.05 5e-06 0.05 5e-06 0.05 5e-06 0.05 5e-06 0.05 5e-06 0.05 5e-06 0.05 5e-06 0.05 5e-06 0.05 5e-06 0 0 0.005 0.005 0 0.075 0.005 0 5e-06 5e-06 5e-06 0 0.05 5e-06 0.05 5e-06 0.05 5e-06 0.05 5e-06 0.05 5e-06 0.05 5e-06 0.05 5e-06 0.05 5e-06 0.05 5e-06 0.05 5e-06 0.05 5e-06 0 0 0.005 0.005 0 0.075 0.005 0 5e-06 5e-06 5e-06 0 0.05 5e-06 0.05 5e-06 0.05 5e-06 0.05 5e-06 0.05 5e-06 0.05 5e-06 0.05 5e-06 0.05 5e-06 0.05 5e-06 0.05 5e-06 0.05 5e-06 0 0 0.005 0.005 0 0.075 0.005 0 5e-06 5e-06 5e-06 0 0.05 5e-06 0.05 5e-06 0.05 5e-06 0.05 5e-06 0.05 5e-06 0.05 5e-06 0.05 5e-06 0.05 5e-06 0.05 5e-06 0.05 5e-06 0.05 5e-06 0 0 0.005 0.005 0 0.075 0.005 0 5e-06 5e-06 5e-06 0 0.05 5e-06 0.05 5e-06 0.05 5e-06 0.05 5e-06 0.05 5e-06 0.05 5e-06 0.05 5e-06 0.05 5e-06 0.05 5e-06 0.05 5e-06 0.05 5e-06 0 0 0.005 0.005 0 0.075 0.005 0 5e-06 5e-06 5e-06 0 0.05 5e-06 0.05 5e-06 0.05 5e-06 0.05 5e-06 0.05 5e-06 0.05 5e-06 0.05 5e-06 0.05 5e-06 0.05 5e-06 0.05 5e-06 0.05 5e-06 0 0 0.005 0.005 0 0.075 0.005 0 5e-06 5e-06 5e-06 0 0.05 5e-06 0.05 5e-06 0.05 5e-06 0.05 5e-06 0.05 5e-06 0.05 5e-06 0.05 5e-06 0.05 5e-06 0.05 5e-06 0.05 5e-06 0.05 5e-06 0 0 0.005 0.005 0 0.075 0.005 0 5e-06 5e-06 5e-06 0 0.05 5e-06 0.05 5e-06 0.05 5e-06 0.05 5e-06 0.05 5e-06 0.05 5e-06 0.05 5e-06 0.05 5e-06 0.05 5e-06 0.05 5e-06 0.05 5e-06 0 0 0.005 0.005 0 0.075 0.005 0 5e-06 5e-06 5e-06 0 0.05 5e-06 0.05 5e-06 0.05 5e-06 0.05 5e-06 0.05 5e-06 0.05 5e-06 0.05 5e-06 0.05 5e-06 0.05 5e-06 0.05 5e-06 0.05 5e-06 0 0 0.005 0.005 0 0.075 0.005 0 5e-06 5e-06 5e-06 0 0.05 5e-06 0.05 5e-06 0.05 5e-06 0.05 5e-06 0.05 5e-06 0.05 5e-06 0.05 5e-06 0.05 5e-06 0.05 5e-06 0.05 5e-06 0.05 5e-06 0 0 0.005 0.005 0 0.075 0.005 0 5e-06 5e-06 5e-06 0 0.05 5e-06 0.05 5e-06 0.05 5e-06 0.05 5e-06 0.05 5e-06 0.05 5e-06 0.05 5e-06 0.05 5e-06 0.05 5e-06 0.05 5e-06 0.05 5e-06 0 0 0.005 0.005 0 0.075 0.005 0 5e-06 5e-06 5e-06 0 0.05 5e-06 0.05 5e-06 0.05 5e-06 0.05 5e-06 0.05 5e-06 0.05 5e-06 0.05 5e-06 0.05 5e-06 0.05 5e-06 0.05 5e-06 0.05 5e-06 0 0 0.005 0.005 0 0.075 0.005 0 5e-06 5e-06 5e-06 0 0.05 5e-06 0.05 5e-06 0.05 5e-06 0.05 5e-06 0.05 5e-06 0.05 5e-06 0.05 5e-06 0.05 5e-06 0.05 5e-06 0.05 5e-06 0.05 5e-06 0 0 0.005 0.005 0 0.075 0.005 0 5e-06 5e-06 5e-06 0 0.05 5e-06 0.05 5e-06 0.05 5e-06 0.05 5e-06 0.05 5e-06 0.05 5e-06 0.05 5e-06 0.05 5e-06 0.05 5e-06 0.05 5e-06 0.05 5e-06 0 0 0.005 0.005 0 0.075 0.005 0 5e-06 5e-06 5e-06 0 0.05 5e-06 0.05 5e-06 0.05 5e-06 0.05 5e-06 0.05 5e-06 0.05 5e-06 0.05 5e-06 0.05 5e-06 0.05 5e-06 0.05 5e-06 0.05 5e-06 0 0 0.005 0.005 0 0.075 0.005 0 5e-06 5e-06 5e-06 0 0.05 5e-06 0.05 5e-06 0.05 5e-06 0.05 5e-06 0.05 5e-06 0.05 5e-06 0.05 5e-06 0.05 5e-06 0.05 5e-06 0.05 5e-06 0.05 5e-06 0 0 0.005 0.005 0 0.075 0.005 0 5e-06 5e-06 5e-06 0 0.05 5e-06 0.05 5e-06 0.05 5e-06 0.05 5e-06 0.05 5e-06 0.05 5e-06 0.05 5e-06 0.05 5e-06 0.05 5e-06 0.05 5e-06 0.05 5e-06 0 0 0.005 0.005 0 0.075 0.005 0 5e-06 5e-06 5e-06 0 0.05 5e-06 0.05 5e-06 0.05 5e-06 0.05 5e-06 0.05 5e-06 0.05 5e-06 0.05 5e-06 0.05 5e-06 0.05 5e-06 0.05 5e-06 0.05 5e-06 0 0 0.005 0.005 0 0.075 0.005 0 5e-06 5e-06 5e-06 0 0.05 5e-06 0.05 5e-06 0.05 5e-06 0.05 5e-06 0.05 5e-06 0.05 5e-06 0.05 5e-06 0.05 5e-06 0.05 5e-06 0.05 5e-06 0.05 5e-06 0 0 0.005 0.005 0 0.075 0.005 0 5e-06 5e-06 5e-06 0 0.05 5e-06 0.05 5e-06 0.05 5e-06 0.05 5e-06 0.05 5e-06 0.05 5e-06 0.05 5e-06 0.05 5e-06 0.05 5e-06 0.05 5e-06 0.05 5e-06 0 0 0.005 0.005 0 0.075 0.005 0 5e-06 5e-06 5e-06 0 0.05 5e-06 0.05 5e-06 0.05 5e-06 0.05 5e-06 0.05 5e-06 0.05 5e-06 0.05 5e-06 0.05 5e-06 0.05 5e-06 0.05 5e-06 0.05 5e-06 0 0 0.005 0.005 0 0.075 0.005 0 5e-06 5e-06 5e-06 0 0.05 5e-06 0.05 5e-06 0.05 5e-06 0.05 5e-06 0.05 5e-06 0.05 5e-06 0.05 5e-06 0.05 5e-06 0.05 5e-06 0.05 5e-06 0.05 5e-06 0 0 0.005 0.005 0 0.075 0.005 0 5e-06 5e-06 5e-06 0 0.05 5e-06 0.05 5e-06 0.05 5e-06 0.05 5e-06 0.05 5e-06 0.05 5e-06 0.05 5e-06 0.05 5e-06 0.05 5e-06 0.05 5e-06 0.05 5e-06 0 0 0.005 0.005 0 0.075 0.005 0 5e-06 5e-06 5e-06 0 0.05 5e-06 0.05 5e-06 0.05 5e-06 0.05 5e-06 0.05 5e-06 0.05 5e-06 0.05 5e-06 0.05 5e-06 0.05 5e-06 0.05 5e-06 0.05 5e-06 0 0 0.005 0.005 0 0.075 0.005 0 5e-06 5e-06 5e-06 0 0.05 5e-06 0.05 5e-06 0.05 5e-06 0.05 5e-06 0.05 5e-06 0.05 5e-06 0.05 5e-06 0.05 5e-06 0.05 5e-06 0.05 5e-06 0.05 5e-06 0 0 0.005 0.005 0 0.075 0.005 0 5e-06 5e-06 5e-06 0 0.05 5e-06 0.05 5e-06 0.05 5e-06 0.05 5e-06 0.05 5e-06 0.05 5e-06 0.05 5e-06 0.05 5e-06 0.05 5e-06 0.05 5e-06 0.05 5e-06 0 0 0.005 0.005 0 0.075 0.005 0 5e-06 5e-06 5e-06 0 0.05 5e-06 0.05 5e-06 0.05 5e-06 0.05 5e-06 0.05 5e-06 0.05 5e-06 0.05 5e-06 0.05 5e-06 0.05 5e-06 0.05 5e-06 0.05 5e-06 0 0 0.005 0.005 0 0.075 0.005 0 5e-06 5e-06 5e-06 0 0.05 5e-06 0.05 5e-06 0.05 5e-06 0.05 5e-06 0.05 5e-06 0.05 5e-06 0.05 5e-06 0.05 5e-06 0.05 5e-06 0.05 5e-06 0.05 5e-06 0 0 0.005 0.005 0 0.075 0.005 0 5e-06 5e-06 5e-06 0 0.05 5e-06 0.05 5e-06 0.05 5e-06 0.05 5e-06 0.05 5e-06 0.05 5e-06 0.05 5e-06 0.05 5e-06 0.05 5e-06 0.05 5e-06 0.05 5e-06 0 0 0.005 0.005 0 0.075 0.005 0 5e-06 5e-06 5e-06 0 0.05 5e-06 0.05 5e-06 0.05 5e-06 0.05 5e-06 0.05 5e-06 0.05 5e-06 0.05 5e-06 0.05 5e-06 0.05 5e-06 0.05 5e-06 0.05 5e-06 0 0 0.005 0.005 0 0.075 0.005 0 5e-06 5e-06 5e-06 0 0.05 5e-06 0.05 5e-06 0.05 5e-06 0.05 5e-06 0.05 5e-06 0.05 5e-06 0.05 5e-06 0.05 5e-06 0.05 5e-06 0.05 5e-06 0.05 5e-06 0 0 0.005 0.005 0 0.075 0.005 0 5e-06 5e-06 5e-06 0 0.05 5e-06 0.05 5e-06 0.05 5e-06 0.05 5e-06 0.05 5e-06 0.05 5e-06 0.05 5e-06 0.05 5e-06 0.05 5e-06 0.05 5e-06 0.05 5e-06 0 0 0.005 0.005 0 0.075 0.005 0 5e-06 5e-06 5e-06 0 0.05 5e-06 0.05 5e-06 0.05 5e-06 0.05 5e-06 0.05 5e-06 0.05 5e-06 0.05 5e-06 0.05 5e-06 0.05 5e-06 0.05 5e-06 0.05 5e-06 0 0 0.005 0.005 0 0.075 0.005 0 5e-06 5e-06 5e-06 0 0.05 5e-06 0.05 5e-06 0.05 5e-06"
Ieee802154Power-5-20260924-21:43:56-1666,attr,Ieee802154Showcase.sensor1.wlan[0].radio.energyConsumer,powerConsumption:vector,interpolationmode,sample-hold,,
Ieee802154Power-5-20260924-21:43:56-1666,attr,Ieee802154Showcase.sensor1.wlan[0].radio.energyConsumer,powerConsumption:vector,recordingmode,vector,,
Ieee802154Power-5-20260924-21:43:56-1666,attr,Ieee802154Showcase.sensor1.wlan[0].radio.energyConsumer,powerConsumption:vector,source,powerConsumptionChanged,,
Ieee802154Power-5-20260924-21:43:56-1666,attr,Ieee802154Showcase.sensor1.wlan[0].radio.energyConsumer,powerConsumption:vector,title,Power consumption,,
Ieee802154Power-5-20260924-21:43:56-1666,attr,Ieee802154Showcase.sensor1.wlan[0].radio.energyConsumer,powerConsumption:vector,unit,W,,
Ieee802154Power-6-20260924-21:43:56-1666,vector,Ieee802154Showcase.sensor1.wlan[0].radio.energyConsumer,powerConsumption:vector,,,"0 0 0 0 0.101391713043 0.101391713043 0.103087713043 0.103279728107 0.103631728107 0.21081436564 0.21081436564 0.21081436564 0.21081436564 0.21100636564 0.21100636564 0.21270236564 0.21270236564 0.21270236564 0.21270236564 0.21270236564 0.212894416446 0.212894416446 0.213246416446 0.370749447335 0.372445447335 0.372637451751 0.372989451751 0.531356519751 0.533052519751 0.533244519836 0.533596519836 0.827449311704 0.829145311704 0.82933732873 0.82968932873 0.958674694747 0.960370694747 0.960562708512 0.960914708512 1.101711713043 1.103407713043 1.103599728107 1.103951728107 1.21017436564 1.21017436564 1.21017436564 1.21017436564 1.21036636564 1.21036636564 1.21206236564 1.21206236564 1.21206236564 1.21206236564 1.21206236564 1.212254416446 1.212254416446 1.212606416446 1.371069447335 1.372765447335 1.372957451751 1.373309451751 1.532316519751 1.534012519751 1.534204519836 1.534556519836 1.825849311704 1.827545311704 1.82773732873 1.82808932873 1.959634694747 1.961330694747 1.961522714987 1.961874714987 2.100111713043 2.101807713043 2.101999728107 2.102351728107 2.20985436564 2.20985436564 2.20985436564 2.20985436564 2.21004636564 2.21004636564 2.21174236564 2.21174236564 2.21174236564 2.21174236564 2.21174236564 2.211934416446 2.211934416446 2.212286416446 2.370429447335 2.372125447335 2.372317451751 2.372669451751 2.531676519751 2.533372519751 2.533564519836 2.533916519836 2.826809311704 2.828505311704 2.82869732873 2.82904932873 2.958674694747 2.960370694747 2.96056273362 2.96091473362 3.101071713043 3.102767713043 3.102959728107 3.103311728107 3.21081436564 3.21081436564 3.21081436564 3.21081436564 3.21100636564 3.21100636564 3.21270236564 3.21270236564 3.21270236564 3.21270236564 3.21270236564 3.212894416446 3.212894416446 3.213246416446 3.372669447335 3.374365447335 3.374557451751 3.374909451751 3.532956519751 3.534652519751 3.534844519836 3.535196519836 3.827129311704 3.828825311704 3.82901732873 3.82936932873 3.960594694747 3.962290694747 3.96248273362 3.96283473362 4.100111713043 4.101807713043 4.101999728107 4.102351728107 4.20953436564 4.20953436564 4.20953436564 4.20953436564 4.20972636564 4.20972636564 4.21142236564 4.21142236564 4.21142236564 4.21142236564 4.21142236564 4.211614416446 4.211614416446 4.211966416446 4.371069447335 4.372765447335 4.372957451751 4.373309451751 4.532316519751 4.534012519751 4.534204519836 4.534556519836 4.825849311704 4.827545311704 4.82773732873 4.82808932873 4.959314694747 4.961010694747 4.961202708512 4.961554708512 5.100111713043 5.101807713043 5.101999728107 5.102351728107 5.21081436564 5.21081436564 5.21081436564 5.21081436564 5.21100636564 5.21100636564 5.21270236564 5.21270236564 5.21270236564 5.21270236564 5.21270236564 5.212894416446 5.212894416446 5.213246416446 5.371709447335 5.373405447335 5.373597451751 5.373949451751 5.531036519751 5.532732519751 5.532924519836 5.533276519836 5.826489311704 5.828185311704 5.82837732873 5.82872932873 5.959634694747 5.961330694747 5.961522707378 5.961874707378 6.101071713043 6.102767713043 6.102959728107 6.103311728107 6.20953436564 6.20953436564 6.20953436564 6.20953436564 6.20972636564 6.20972636564 6.21142236564 6.21142236564 6.21142236564 6.21142236564 6.21142236564 6.211614416446 6.211614416446 6.211966416446 6.372349447335 6.374045447335 6.374237451751 6.374589451751 6.531356519751 6.533052519751 6.533244519836 6.533596519836 6.826809311704 6.828505311704 6.82869732873 6.82904932873 6.959314694747 6.961010694747 6.961202707378 6.961554707378 7.100111713043 7.101807713043 7.101999728107 7.102351728107 7.21081436564 7.21081436564 7.21081436564 7.21081436564 7.21100636564 7.21100636564 7.21270236564 7.21270236564 7.21270236564 7.21270236564 7.21270236564 7.212894416446 7.212894416446 7.213246416446 7.372029447335 7.373725447335 7.373917451751 7.374269451751 7.531356519751 7.533052519751 7.533244519836 7.533596519836 7.826809311704 7.828505311704 7.82869732873 7.82904932873 7.960914694747 7.962610694747 7.96280273293 7.96315473293 8.101711713043 8.103407713043 8.103599728107 8.103951728107 8.21145436564 8.21145436564 8.21145436564 8.21145436564 8.21164636564 8.21164636564 8.21334236564 8.21334236564 8.21334236564 8.21334236564 8.21334236564 8.213534416446 8.213534416446 8.213886416446 8.372669447335 8.374365447335 8.374557451751 8.374909451751 8.531996519751 8.533692519751 8.533884519836 8.534236519836 8.826809311704 8.828505311704 8.82869732873 8.82904932873 8.959634694747 8.961330694747 8.961522715303 8.961874715303 9.101391713043 9.103087713043 9.103279728107 9.103631728107 9.21017436564 9.21017436564 9.21017436564 9.21017436564 9.21036636564 9.21036636564 9.21206236564 9.21206236564 9.21206236564 9.21206236564 9.21206236564 9.212254416446 9.212254416446 9.212606416446 9.372669447335 9.374365447335 9.374557451751 9.374909451751 9.532316519751 9.534012519751 9.534204519836 9.534556519836 9.825529311704 9.827225311704 9.82741732873 9.82776932873 9.959314694747 9.961010694747 9.961202695436 9.961554695436 10.101391713043 10.103087713043 10.103279728107 10.103631728107 10.20953436564 10.20953436564 10.20953436564 10.20953436564 10.20972636564 10.20972636564 10.21142236564 10.21142236564 10.21142236564 10.21142236564 10.21142236564 10.211614416446 10.211614416446 10.211966416446 10.370749447335 10.372445447335 10.372637451751 10.372989451751 10.532316519751 10.534012519751 10.534204519836 10.534556519836 10.826809311704 10.828505311704 10.82869732873 10.82904932873 10.960594694747 10.962290694747 10.962482707378 10.962834707378 11.101711713043 11.103407713043 11.103599728107 11.103951728107 11.21177436564 11.21177436564 11.21177436564 11.21177436564 11.21196636564 11.21196636564 11.21366236564 11.21366236564 11.21366236564 11.21366236564 11.21366236564 11.213854416446 11.213854416446 11.214206416446 11.372029447335 11.373725447335 11.373917451751 11.374269451751 11.532636519751 11.534332519751 11.534524519836 11.534876519836 11.825529311704 11.827225311704 11.82741732873 11.82776932873 11.958994694747 11.960690694747 11.960882717753 11.961234717753 12.100431713043 12.102127713043 12.102319728107 12.102671728107 12.21049436564 12.21049436564 12.21049436564 12.21049436564 12.21068636564 12.21068636564 12.21238236564 12.21238236564 12.21238236564 12.21238236564 12.21238236564 12.212574416446 12.212574416446 12.212926416446 12.372669447335 12.374365447335 12.374557451751 12.374909451751 12.531676519751 12.533372519751 12.533564519836 12.533916519836 12.826489311704 12.828185311704 12.82837732873 12.82872932873 12.960914694747 12.962610694747 12.962802695436 12.963154695436 13.100751713043 13.102447713043 13.102639728107 13.102991728107 13.21113436564 13.21113436564 13.21113436564 13.21113436564 13.21132636564 13.21132636564 13.21302236564 13.21302236564 13.21302236564 13.21302236564 13.21302236564 13.213214416446 13.213214416446 13.213566416446 13.371389447335 13.373085447335 13.373277451751 13.373629451751 13.530716519751 13.532412519751 13.532604519836 13.532956519836 13.826809311704 13.828505311704 13.82869732873 13.82904932873 13.960274694747 13.961970694747 13.962162708512 13.962514708512 14.099791713043 14.101487713043 14.101679728107 14.102031728107 14.21113436564 14.21113436564 14.21113436564 14.21113436564 14.21132636564 14.21132636564 14.21302236564 14.21302236564 14.21302236564 14.21302236564 14.21302236564 14.213214416446 14.213214416446 14.213566416446 14.372029447335 14.373725447335 14.373917451751 14.374269451751 14.531996519751 14.533692519751 14.533884519836 14.534236519836 14.827449311704 14.829145311704 14.82933732873 14.82968932873 14.960274694747 14.961970694747 14.96216273293 14.96251473293 15.100111713043 15.101807713043 15.101999728107 15.102351728107 15.20953436564 15.20953436564 15.20953436564 15.20953436564 15.20972636564 15.20972636564 15.21142236564 15.21142236564 15.21142236564 15.21142236564 15.21142236564 15.211614416446 15.211614416446 15.211966416446 15.372349447335 15.374045447335 15.374237451751 15.374589451751 15.531356519751 15.533052519751 15.533244519836 15.533596519836 15.827449311704 15.829145311704 15.82933732873 15.82968932873 15.958674694747 15.960370694747 15.960562695436 15.960914695436 16.099791713043 16.101487713043 16.101679728107 16.102031728107 16.21145436564 16.21145436564 16.21145436564 16.21145436564 16.21164636564 16.21164636564 16.21334236564 16.21334236564 16.21334236564 16.21334236564 16.21334236564 16.213534416446 16.213534416446 16.213886416446 16.370749447335 16.372445447335 16.372637451751 16.372989451751 16.532316519751 16.534012519751 16.534204519836 16.534556519836 16.825849311704 16.827545311704 16.82773732873 16.82808932873 16.958674694747 16.960370694747 16.96056273293 16.96091473293 17.101391713043 17.103087713043 17.103279728107 17.103631728107 17.21081436564 17.21081436564 17.21081436564 17.21081436564 17.21100636564 17.21100636564 17.21270236564 17.21270236564 17.21270236564 17.21270236564 17.21270236564 17.212894416446 17.212894416446 17.213246416446 17.371709447335 17.373405447335 17.373597451751 17.373949451751 17.531356519751 17.533052519751 17.533244519836 17.533596519836 17.825849311704 17.827545311704 17.82773732873 17.82808932873 17.959634694747 17.961330694747 17.961522717753 17.961874717753 18.101071713043 18.102767713043 18.102959728107 18.103311728107 18.20953436564 18.20953436564 18.20953436564 18.20953436564 18.20972636564 18.20972636564 18.21142236564 18.21142236564 18.21142236564 18.21142236564 18.21142236564 18.211614416446 18.211614416446 18.211966416446 18.371069447335 18.372765447335 18.372957451751 18.373309451751 18.532956519751 18.534652519751 18.534844519836 18.535196519836 18.826809311704 18.828505311704 18.82869732873 18.82904932873 18.960914694747 18.962610694747 18.962802715303 18.963154715303 19.101071713043 19.102767713043 19.102959728107 19.103311728107 19.21017436564 19.21017436564 19.21017436564 19.21017436564 19.21036636564 19.21036636564 19.21206236564 19.21206236564 19.21206236564 19.21206236564 19.21206236564 19.212254416446 19.212254416446 19.212606416446 19.371069447335 19.372765447335 19.372957451751 19.373309451751 19.531676519751 19.533372519751 19.533564519836 19.533916519836 19.826169311704 19.827865311704 19.82805732873 19.82840932873 19.960274694747 19.961970694747 19.962162714987 19.962514714987 20.102031713043 20.103727713043 20.103919728107 20.104271728107 20.21049436564 20.21049436564 20.21049436564 20.21049436564 20.21068636564 20.21068636564 20.21238236564 20.21238236564 20.21238236564 20.21238236564 20.21238236564 20.212574416446 20.212574416446 20.212926416446 20.372349447335 20.374045447335 20.374237451751 20.374589451751 20.530716519751 20.532412519751 20.532604519836 20.532956519836 20.827129311704 20.828825311704 20.82901732873 20.82936932873 20.960594694747 20.962290694747 20.962482717753 20.962834717753 21.102031713043 21.103727713043 21.103919728107 21.104271728107 21.21017436564 21.21017436564 21.21017436564 21.21017436564 21.21036636564 21.21036636564 21.21206236564 21.21206236564 21.21206236564 21.21206236564 21.21206236564 21.212254416446 21.212254416446 21.212606416446 21.371069447335 21.372765447335 21.372957451751 21.373309451751 21.531996519751 21.533692519751 21.533884519836 21.534236519836 21.826489311704 21.828185311704 21.82837732873 21.82872932873 21.958994694747 21.960690694747 21.96088273362 21.96123473362 22.101071713043 22.102767713043 22.102959728107 22.103311728107 22.21145436564 22.21145436564 22.21145436564 22.21145436564 22.21164636564 22.21164636564 22.21334236564 22.21334236564 22.21334236564 22.21334236564 22.21334236564 22.213534416446 22.213534416446 22.213886416446 22.370429447335 22.372125447335 22.372317451751 22.372669451751 22.532316519751 22.534012519751 22.534204519836 22.534556519836 22.827769311704 22.829465311704 22.82965732873 22.83000932873 22.958994694747 22.960690694747 22.960882707378 22.961234707378 23.102031713043 23.103727713043 23.103919728107 23.104271728107 23.21145436564 23.21145436564 23.21145436564 23.21145436564 23.21164636564 23.21164636564 23.21334236564 23.21334236564 23.21334236564 23.21334236564 23.21334236564 23.213534416446 23.213534416446 23.213886416446 23.370429447335 23.372125447335 23.372317451751 23.372669451751 23.532316519751 23.534012519751 23.534204519836 23.534556519836 23.826809311704 23.828505311704 23.82869732873 23.82904932873 23.960274694747 23.961970694747 23.962162717753 23.962514717753 24.100431713043 24.102127713043 24.102319728107 24.102671728107 24.21081436564 24.21081436564 24.21081436564 24.21081436564 24.21100636564 24.21100636564 24.21270236564 24.21270236564 24.21270236564 24.21270236564 24.21270236564 24.212894416446 24.212894416446 24.213246416446 24.371069447335 24.372765447335 24.372957451751 24.373309451751 24.532956519751 24.534652519751 24.534844519836 24.535196519836 24.827129311704 24.828825311704 24.82901732873 24.82936932873 24.959954694747 24.961650694747 24.96184273362 24.96219473362 25.101711713043 25.103407713043 25.103599728107 25.103951728107 25.21113436564 25.21113436564 25.21113436564 25.21113436564 25.21132636564 25.21132636564 25.21302236564 25.21302236564 25.21302236564 25.21302236564 25.21302236564 25.213214416446 25.213214416446 25.213566416446 25.370429447335 25.372125447335 25.372317451751 25.372669451751 25.531036519751 25.532732519751 25.532924519836 25.533276519836 25.827769311704 25.829465311704 25.82965732873 25.83000932873 25.958674694747 25.960370694747 25.96056273362 25.96091473362 26.101071713043 26.102767713043 26.102959728107 26.103311728107 26.21081436564 26.21081436564 26.21081436564 26.21081436564 26.21100636564 26.21100636564 26.21270236564 26.21270236564 26.21270236564 26.21270236564 26.21270236564 26.212894416446 26.212894416446 26.213246416446 26.372669447335 26.374365447335 26.374557451751 26.374909451751 26.532636519751 26.534332519751 26.534524519836 26.534876519836 26.827129311704 26.828825311704 26.82901732873 26.82936932873 26.960594694747 26.962290694747 26.962482707378 26.962834707378 27.099791713043 27.101487713043 27.101679728107 27.102031728107 27.21081436564 27.21081436564 27.21081436564 27.21081436564 27.21100636564 27.21100636564 27.21270236564 27.21270236564 27.21270236564 27.21270236564 27.21270236564 27.212894416446 27.212894416446 27.213246416446 27.371069447335 27.372765447335 27.372957451751 27.373309451751 27.530716519751 27.532412519751 27.532604519836 27.532956519836 27.825849311704 27.827545311704 27.82773732873 27.82808932873 27.960274694747 27.961970694747 27.962162707378 27.962514707378 28.100751713043 28.102447713043 28.102639728107 28.102991728107 28.21049436564 28.21049436564 28.21049436564 28.21049436564 28.21068636564 28.21068636564 28.21238236564 28.21238236564 28.21238236564 28.21238236564 28.21238236564 28.212574416446 28.212574416446 28.212926416446 28.371069447335 28.372765447335 28.372957451751 28.373309451751 28.532956519751 28.534652519751 28.534844519836 28.535196519836 28.827769311704 28.829465311704 28.82965732873 28.83000932873 28.960274694747 28.961970694747 28.962162695436 28.962514695436 29.101391713043 29.103087713043 29.103279728107 29.103631728107 29.21113436564 29.21113436564 29.21113436564 29.21113436564 29.21132636564 29.21132636564 29.21302236564 29.21302236564 29.21302236564 29.21302236564 29.21302236564 29.213214416446 29.213214416446 29.213566416446 29.372029447335 29.373725447335 29.373917451751 29.374269451751 29.531676519751 29.533372519751 29.533564519836 29.533916519836 29.827769311704 29.829465311704 29.82965732873 29.83000932873 29.959314694747 29.961010694747 29.961202715303 29.961554715303 30.100431713043 30.102127713043 30.102319728107 30.102671728107 30.20985436564 30.20985436564 30.20985436564 30.20985436564 30.21004636564 30.21004636564 30.21174236564 30.21174236564 30.21174236564 30.21174236564 30.21174236564 30.211934416446 30.211934416446 30.212286416446 30.371389447335 30.373085447335 30.373277451751 30.373629451751 30.531356519751 30.533052519751 30.533244519836 30.533596519836 30.827769311704 30.829465311704 30.82965732873 30.83000932873 30.958674694747 30.960370694747 30.960562715303 30.960914715303 31.101071713043 31.102767713043 31.102959728107 31.103311728107 31.21049436564 31.21049436564 31.21049436564 31.21049436564 31.21068636564 31.21068636564 31.21238236564 31.21238236564 31.21238236564 31.21238236564 31.21238236564 31.212574416446 31.212574416446 31.212926416446 31.370429447335 31.372125447335 31.372317451751 31.372669451751 31.532636519751 31.534332519751 31.534524519836 31.534876519836 31.825529311704 31.827225311704 31.82741732873 31.82776932873 31.959954694747 31.961650694747 31.961842714987 31.962194714987 32.100751713043 32.102447713043 32.102639728107 32.102991728107 32.21017436564 32.21017436564 32.21017436564 32.21017436564 32.21036636564 32.21036636564 32.21206236564 32.21206236564 32.21206236564 32.21206236564 32.21206236564 32.212254416446 32.212254416446 32.212606416446 32.371709447335 32.373405447335 32.373597451751 32.373949451751 32.532956519751 32.534652519751 32.534844519836 32.535196519836 32.827449311704 32.829145311704 32.82933732873 32.82968932873 32.960914694747 32.962610694747 32.96280273362 32.96315473362 33.100431713043 33.102127713043 33.102319728107 33.102671728107 33.21049436564 33.21049436564 33.21049436564 33.21049436564 33.21068636564 33.21068636564 33.21238236564 33.21238236564 33.21238236564 33.21238236564 33.21238236564 33.212574416446 33.212574416446 33.212926416446 33.371069447335 33.372765447335 33.372957451751 33.373309451751 33.531036519751 33.532732519751 33.532924519836 33.533276519836 33.827129311704 33.828825311704 33.82901732873 33.82936932873 33.960274694747 33.961970694747 33.962162715303 33.962514715303 34.102031713043 34.103727713043 34.103919728107 34.104271728107 34.21049436564 34.21049436564 34.21049436564 34.21049436564 34.21068636564 34.21068636564 34.21238236564 34.21238236564 34.21238236564 34.21238236564 34.21238236564 34.212574416446 34.212574416446 34.212926416446 34.371709447335 34.373405447335 34.373597451751 34.373949451751 34.532956519751 34.534652519751 34.534844519836 34.535196519836 34.826489311704 34.828185311704 34.82837732873 34.82872932873 34.960914694747 34.962610694747 34.962802714987 34.963154714987 35.100111713043 35.101807713043 35.101999728107 35.102351728107 35.21081436564 35.21081436564 35.21081436564 35.21081436564 35.21100636564 35.21100636564 35.21270236564 35.21270236564 35.21270236564 35.21270236564 35.21270236564 35.212894416446 35.212894416446 35.213246416446 35.370749447335 35.372445447335 35.372637451751 35.372989451751 35.531036519751 35.532732519751 35.532924519836 35.533276519836 35.825849311704 35.827545311704 35.82773732873 35.82808932873 35.958674694747 35.960370694747 35.96056273293 35.96091473293 36.099791713043 36.101487713043 36.101679728107 36.102031728107 36.21081436564 36.21081436564 36.21081436564 36.21081436564 36.21100636564 36.21100636564 36.21270236564 36.21270236564 36.21270236564 36.21270236564 36.21270236564 36.212894416446 36.212894416446 36.213246416446 36.371389447335 36.373085447335 36.373277451751 36.373629451751 36.531036519751 36.532732519751 36.532924519836 36.533276519836 36.826169311704 36.827865311704 36.82805732873 36.82840932873 36.959954694747 36.961650694747 36.96184273362 36.96219473362 37.101071713043 37.102767713043 37.102959728107 37.103311728107 37.20953436564 37.20953436564 37.20953436564 37.20953436564 37.20972636564 37.20972636564 37.21142236564 37.21142236564 37.21142236564 37.21142236564 37.21142236564 37.211614416446 37.211614416446 37.211966416446 37.371709447335 37.373405447335 37.373597451751 37.373949451751 37.532316519751 37.534012519751 37.534204519836 37.534556519836 37.827129311704 37.828825311704 37.82901732873 37.82936932873 37.958994694747 37.960690694747 37.960882714987 37.961234714987 38.100111713043 38.101807713043 38.101999728107 38.102351728107 38.21145436564 38.21145436564 38.21145436564 38.21145436564 38.21164636564 38.21164636564 38.21334236564 38.21334236564 38.21334236564 38.21334236564 38.21334236564 38.213534416446 38.213534416446 38.213886416446 38.372669447335 38.374365447335 38.374557451751 38.374909451751 38.532636519751 38.534332519751 38.534524519836 38.534876519836 38.827769311704 38.829465311704 38.82965732873 38.83000932873 38.959634694747 38.961330694747 38.96152273362 38.96187473362 39.102031713043 39.103727713043 39.103919728107 39.104271728107 39.20953436564 39.20953436564 39.20953436564 39.20953436564 39.20972636564 39.20972636564 39.21142236564 39.21142236564 39.21142236564 39.21142236564 39.21142236564 39.211614416446 39.211614416446 39.211966416446 39.370749447335 39.372445447335 39.372637451751 39.372989451751 39.532956519751 39.534652519751 39.534844519836 39.535196519836 39.826169311704 39.827865311704 39.82805732873 39.82840932873 39.960914694747 39.962610694747 39.962802707378 39.963154707378 40.100751713043 40.102447713043 40.102639728107 40.102991728107 40.20985436564 40.20985436564 40.20985436564 40.20985436564 40.21004636564 40.21004636564 40.21174236564 40.21174236564 40.21174236564 40.21174236564 40.21174236564 40.211934416446 40.211934416446 40.212286416446 40.371069447335 40.372765447335 40.372957451751 40.373309451751 40.531036519751 40.532732519751 40.532924519836 40.533276519836 40.827449311704 40.829145311704 40.82933732873 40.82968932873 40.960914694747 40.962610694747 40.962802714987 40.963154714987 41.102031713043 41.103727713043 41.103919728107 41.104271728107 41.20985436564 41.20985436564 41.20985436564 41.20985436564 41.21004636564 41.21004636564 41.21174236564 41.21174236564 41.21174236564 41.21174236564 41.21174236564 41.211934416446 41.211934416446 41.212286416446 41.370429447335 41.372125447335 41.372317451751 41.372669451751 41.531676519751 41.533372519751 41.533564519836 41.533916519836 41.825849311704 41.827545311704 41.82773732873 41.82808932873 41.959634694747 41.961330694747 41.961522714987 41.961874714987 42.101711713043 42.103407713043 42.103599728107 42.103951728107 42.21017436564 42.21017436564 42.21017436564 42.21017436564 42.21036636564 42.21036636564 42.21206236564 42.21206236564 42.21206236564 42.21206236564 42.21206236564 42.212254416446 42.212254416446 42.212606416446 42.370429447335 42.372125447335 42.372317451751 42.372669451751 42.530716519751 42.532412519751 42.532604519836 42.532956519836 42.827129311704 42.828825311704 42.82901732873 42.82936932873 42.958674694747 42.960370694747 42.960562707378 42.960914707378 43.100431713043 43.102127713043 43.102319728107 43.102671728107 43.21081436564 43.21081436564 43.21081436564 43.21081436564 43.21100636564 43.21100636564 43.21270236564 43.21270236564 43.21270236564 43.21270236564 43.21270236564 43.212894416446 43.212894416446 43.213246416446 43.370429447335 43.372125447335 43.372317451751 43.372669451751 43.531036519751 43.532732519751 43.532924519836 43.533276519836 43.827129311704 43.828825311704 43.82901732873 43.82936932873 43.958994694747 43.960690694747 43.960882717753 43.961234717753 44.101391713043 44.103087713043 44.103279728107 44.103631728107 44.20953436564 44.20953436564 44.20953436564 44.20953436564 44.20972636564 44.20972636564 44.21142236564 44.21142236564 44.21142236564 44.21142236564 44.21142236564 44.211614416446 44.211614416446 44.211966416446 44.372349447335 44.374045447335 44.374237451751 44.374589451751 44.531356519751 44.533052519751 44.533244519836 44.533596519836 44.827129311704 44.828825311704 44.82901732873 44.82936932873 44.960594694747 44.962290694747 44.962482714987 44.962834714987 45.101391713043 45.103087713043 45.103279728107 45.103631728107 45.21081436564 45.21081436564 45.21081436564 45.21081436564 45.21100636564 45.21100636564 45.21270236564 45.21270236564 45.21270236564 45.21270236564 45.21270236564 45.212894416446 45.212894416446 45.213246416446 45.372349447335 45.374045447335 45.374237451751 45.374589451751 45.531036519751 45.532732519751 45.532924519836 45.533276519836 45.827129311704 45.828825311704 45.82901732873 45.82936932873 45.959634694747 45.961330694747 45.961522717753 45.961874717753 46.100751713043 46.102447713043 46.102639728107 46.102991728107 46.21081436564 46.21081436564 46.21081436564 46.21081436564 46.21100636564 46.21100636564 46.21270236564 46.21270236564 46.21270236564 46.21270236564 46.21270236564 46.212894416446 46.212894416446 46.213246416446 46.370429447335 46.372125447335 46.372317451751 46.372669451751 46.531036519751 46.532732519751 46.532924519836 46.533276519836 46.826489311704 46.828185311704 46.82837732873 46.82872932873 46.959314694747 46.961010694747 46.96120273293 46.96155473293 47.101391713043 47.103087713043 47.103279728107 47.103631728107 47.21049436564 47.21049436564 47.21049436564 47.21049436564 47.21068636564 47.21068636564 47.21238236564 47.21238236564 47.21238236564 47.21238236564 47.21238236564 47.212574416446 47.212574416446 47.212926416446 47.370429447335 47.372125447335 47.372317451751 47.372669451751 47.532636519751 47.534332519751 47.534524519836 47.534876519836 47.827769311704 47.829465311704 47.82965732873 47.83000932873 47.960914694747 47.962610694747 47.962802714987 47.963154714987 48.100111713043 48.101807713043 48.101999728107 48.102351728107 48.21113436564 48.21113436564 48.21113436564 48.21113436564 48.21132636564 48.21132636564 48.21302236564 48.21302236564 48.21302236564 48.21302236564 48.21302236564 48.213214416446 48.213214416446 48.213566416446 48.372029447335 48.373725447335 48.373917451751 48.374269451751 48.531036519751 48.532732519751 48.532924519836 48.533276519836 48.827769311704 48.829465311704 48.82965732873 48.83000932873 48.958994694747 48.960690694747 48.960882708512 48.961234708512 49.100751713043 49.102447713043 49.102639728107 49.102991728107 49.20953436564 49.20953436564 49.20953436564 49.20953436564 49.20972636564 49.20972636564 49.21142236564 49.21142236564 49.21142236564 49.21142236564 49.21142236564 49.211614416446 49.211614416446 49.211966416446 49.371069447335 49.372765447335 49.372957451751 49.373309451751 49.532956519751 49.534652519751 49.534844519836 49.535196519836 49.826169311704 49.827865311704 49.82805732873 49.82840932873 49.960914694747 49.962610694747 49.962802707378 49.963154707378 50.099791713043 50.101487713043 50.101679728107 50.102031728107 50.20985436564 50.20985436564 50.20985436564 50.20985436564 50.21004636564 50.21004636564 50.21174236564 50.21174236564 50.21174236564 50.21174236564 50.21174236564 50.211934416446 50.211934416446 50.212286416446 50.371709447335 50.373405447335 50.373597451751 50.373949451751 50.532316519751 50.534012519751 50.534204519836 50.534556519836 50.827129311704 50.828825311704 50.82901732873 50.82936932873 50.960914694747 50.962610694747 50.962802714987 50.963154714987 51.101071713043 51.102767713043 51.102959728107 51.103311728107 51.21113436564 51.21113436564 51.21113436564 51.21113436564 51.21132636564 51.21132636564 51.21302236564 51.21302236564 51.21302236564 51.21302236564 51.21302236564 51.213214416446 51.213214416446 51.213566416446 51.372349447335 51.374045447335 51.374237451751 51.374589451751 51.532956519751 51.534652519751 51.534844519836 51.535196519836 51.826809311704 51.828505311704 51.82869732873 51.82904932873 51.960274694747 51.961970694747 51.962162707378 51.962514707378 52.100111713043 52.101807713043 52.101999728107 52.102351728107 52.21049436564 52.21049436564 52.21049436564 52.21049436564 52.21068636564 52.21068636564 52.21238236564 52.21238236564 52.21238236564 52.21238236564 52.21238236564 52.212574416446 52.212574416446 52.212926416446 52.372349447335 52.374045447335 52.374237451751 52.374589451751 52.531996519751 52.533692519751 52.533884519836 52.534236519836 52.826489311704 52.828185311704 52.82837732873 52.82872932873 52.959954694747 52.961650694747 52.96184273293 52.96219473293 53.100431713043 53.102127713043 53.102319728107 53.102671728107 53.20953436564 53.20953436564 53.20953436564 53.20953436564 53.20972636564 53.20972636564 53.21142236564 53.21142236564 53.21142236564 53.21142236564 53.21142236564 53.211614416446 53.211614416446 53.211966416446 53.371069447335 53.372765447335 53.372957451751 53.373309451751 53.531356519751 53.533052519751 53.533244519836 53.533596519836 53.827449311704 53.829145311704 53.82933732873 53.82968932873 53.958994694747 53.960690694747 53.960882714987 53.961234714987 54.102031713043 54.103727713043 54.103919728107 54.104271728107 54.21049436564 54.21049436564 54.21049436564 54.21049436564 54.21068636564 54.21068636564 54.21238236564 54.21238236564 54.21238236564 54.21238236564 54.21238236564 54.212574416446 54.212574416446 54.212926416446 54.372669447335 54.374365447335 54.374557451751 54.374909451751 54.531036519751 54.532732519751 54.532924519836 54.533276519836 54.825529311704 54.827225311704 54.82741732873 54.82776932873 54.960914694747 54.962610694747 54.962802715303 54.963154715303 55.102031713043 55.103727713043 55.103919728107 55.104271728107 55.21113436564 55.21113436564 55.21113436564 55.21113436564 55.21132636564 55.21132636564 55.21302236564 55.21302236564 55.21302236564 55.21302236564 55.21302236564 55.213214416446 55.213214416446 55.213566416446 55.371709447335 55.373405447335 55.373597451751 55.373949451751 55.532636519751 55.534332519751 55.534524519836 55.534876519836 55.827129311704 55.828825311704 55.82901732873 55.82936932873 55.959634694747 55.961330694747 55.961522707378 55.961874707378 56.100111713043 56.101807713043 56.101999728107 56.102351728107 56.20985436564 56.20985436564 56.20985436564 56.20985436564 56.21004636564 56.21004636564 56.21174236564 56.21174236564 56.21174236564 56.21174236564 56.21174236564 56.211934416446 56.211934416446 56.212286416446 56.371069447335 56.372765447335 56.372957451751 56.373309451751 56.531676519751 56.533372519751 56.533564519836 56.533916519836 56.826809311704 56.828505311704 56.82869732873 56.82904932873 56.959314694747 56.961010694747 56.96120273293 56.96155473293 57.102031713043 57.103727713043 57.103919728107 57.104271728107 57.21145436564 57.21145436564 57.21145436564 57.21145436564 57.21164636564 57.21164636564 57.21334236564 57.21334236564 57.21334236564 57.21334236564 57.21334236564 57.213534416446 57.213534416446 57.213886416446 57.370749447335 57.372445447335 57.372637451751 57.372989451751 57.531036519751 57.532732519751 57.532924519836 57.533276519836 57.826809311704 57.828505311704 57.82869732873 57.82904932873 57.958994694747 57.960690694747 57.960882715303 57.961234715303 58.100431713043 58.102127713043 58.102319728107 58.102671728107 58.21017436564 58.21017436564 58.21017436564 58.21017436564 58.21036636564 58.21036636564 58.21206236564 58.21206236564 58.21206236564 58.21206236564 58.21206236564 58.212254416446 58.212254416446 58.212606416446 58.370749447335 58.372445447335 58.372637451751 58.372989451751 58.532316519751 58.534012519751 58.534204519836 58.534556519836 58.826169311704 58.827865311704 58.82805732873 58.82840932873 58.958674694747 58.960370694747 58.960562695436 58.960914695436 59.100431713043 59.102127713043 59.102319728107 59.102671728107 59.20985436564 59.20985436564 59.20985436564 59.20985436564 59.21004636564 59.21004636564 59.21174236564 59.21174236564 59.21174236564 59.21174236564 59.21174236564 59.211934416446 59.211934416446 59.212286416446 59.372029447335 59.373725447335 59.373917451751 59.374269451751 59.531676519751 59.533372519751 59.533564519836 59.533916519836 59.826489311704 59.828185311704 59.82837732873 59.82872932873 59.959634694747 59.961330694747 59.961522717753 59.961874717753 60.102031713043 60.103727713043 60.103919728107 60.104271728107 60.21049436564 60.21049436564 60.21049436564 60.21049436564 60.21068636564 60.21068636564 60.21238236564 60.21238236564 60.21238236564 60.21238236564 60.21238236564 60.212574416446 60.212574416446 60.212926416446 60.371709447335 60.373405447335 60.373597451751 60.373949451751 60.531036519751 60.532732519751 60.532924519836 60.533276519836 60.827129311704 60.828825311704 60.82901732873 60.82936932873 60.959954694747 60.961650694747 60.961842714987 60.962194714987 61.100431713043 61.102127713043 61.102319728107 61.102671728107 61.21145436564 61.21145436564 61.21145436564 61.21145436564 61.21164636564 61.21164636564 61.21334236564 61.21334236564 61.21334236564 61.21334236564 61.21334236564 61.213534416446 61.213534416446 61.213886416446 61.371069447335 61.372765447335 61.372957451751 61.373309451751 61.531996519751 61.533692519751 61.533884519836 61.534236519836 61.827449311704 61.829145311704 61.82933732873 61.82968932873 61.959954694747 61.961650694747 61.96184273293 61.96219473293 62.102031713043 62.103727713043 62.103919728107 62.104271728107 62.21113436564 62.21113436564 62.21113436564 62.21113436564 62.21132636564 62.21132636564 62.21302236564 62.21302236564 62.21302236564 62.21302236564 62.21302236564 62.213214416446 62.213214416446 62.213566416446 62.372029447335 62.373725447335 62.373917451751 62.374269451751 62.530716519751 62.532412519751 62.532604519836 62.532956519836 62.827769311704 62.829465311704 62.82965732873 62.83000932873 62.958994694747 62.960690694747 62.96088273293 62.96123473293 63.100111713043 63.101807713043 63.101999728107 63.102351728107 63.20985436564 63.20985436564 63.20985436564 63.20985436564 63.21004636564 63.21004636564 63.21174236564 63.21174236564 63.21174236564 63.21174236564 63.21174236564 63.211934416446 63.211934416446 63.212286416446 63.370429447335 63.372125447335 63.372317451751 63.372669451751 63.531356519751 63.533052519751 63.533244519836 63.533596519836 63.825529311704 63.827225311704 63.82741732873 63.82776932873 63.958674694747 63.960370694747 63.96056273293 63.96091473293 64.099791713043 64.101487713043 64.101679728107 64.102031728107 64.21017436564 64.21017436564 64.21017436564 64.21017436564 64.21036636564 64.21036636564 64.21206236564 64.21206236564 64.21206236564 64.21206236564 64.21206236564 64.212254416446 64.212254416446 64.212606416446 64.372029447335 64.373725447335 64.373917451751 64.374269451751 64.532636519751 64.534332519751 64.534524519836 64.534876519836 64.827129311704 64.828825311704 64.82901732873 64.82936932873 64.959954694747 64.961650694747 64.961842715303 64.962194715303 65.100751713043 65.102447713043 65.102639728107 65.102991728107 65.21113436564 65.21113436564 65.21113436564 65.21113436564 65.21132636564 65.21132636564 65.21302236564 65.21302236564 65.21302236564 65.21302236564 65.21302236564 65.213214416446 65.213214416446 65.213566416446 65.371069447335 65.372765447335 65.372957451751 65.373309451751 65.531356519751 65.533052519751 65.533244519836 65.533596519836 65.827449311704 65.829145311704 65.82933732873 65.82968932873 65.959954694747 65.961650694747 65.961842714987 65.962194714987 66.100431713043 66.102127713043 66.102319728107 66.102671728107 66.21113436564 66.21113436564 66.21113436564 66.21113436564 66.21132636564 66.21132636564 66.21302236564 66.21302236564 66.21302236564 66.21302236564 66.21302236564 66.213214416446 66.213214416446 66.213566416446 66.371389447335 66.373085447335 66.373277451751 66.373629451751 66.532316519751 66.534012519751 66.534204519836 66.534556519836 66.827769311704 66.829465311704 66.82965732873 66.83000932873 66.959314694747 66.961010694747 66.961202708512 66.961554708512 67.100431713043 67.102127713043 67.102319728107 67.102671728107 67.20953436564 67.20953436564 67.20953436564 67.20953436564 67.20972636564 67.20972636564 67.21142236564 67.21142236564 67.21142236564 67.21142236564 67.21142236564 67.211614416446 67.211614416446 67.211966416446 67.370749447335 67.372445447335 67.372637451751 67.372989451751 67.531356519751 67.533052519751 67.533244519836 67.533596519836 67.827449311704 67.829145311704 67.82933732873 67.82968932873 67.960274694747 67.961970694747 67.96216273362 67.96251473362 68.101071713043 68.102767713043 68.102959728107 68.103311728107 68.20953436564 68.20953436564 68.20953436564 68.20953436564 68.20972636564 68.20972636564 68.21142236564 68.21142236564 68.21142236564 68.21142236564 68.21142236564 68.211614416446 68.211614416446 68.211966416446 68.371709447335 68.373405447335 68.373597451751 68.373949451751 68.531356519751 68.533052519751 68.533244519836 68.533596519836 68.826169311704 68.827865311704 68.82805732873 68.82840932873 68.959954694747 68.961650694747 68.961842717753 68.962194717753 69.100111713043 69.101807713043 69.101999728107 69.102351728107 69.21081436564 69.21081436564 69.21081436564 69.21081436564 69.21100636564 69.21100636564 69.21270236564 69.21270236564 69.21270236564 69.21270236564 69.21270236564 69.212894416446 69.212894416446 69.213246416446 69.372029447335 69.373725447335 69.373917451751 69.374269451751 69.531036519751 69.532732519751 69.532924519836 69.533276519836 69.826169311704 69.827865311704 69.82805732873 69.82840932873 69.960274694747 69.961970694747 69.96216273362 69.96251473362 70.100111713043 70.101807713043 70.101999728107 70.102351728107 70.21049436564 70.21049436564 70.21049436564 70.21049436564 70.21068636564 70.21068636564 70.21238236564 70.21238236564 70.21238236564 70.21238236564 70.21238236564 70.212574416446 70.212574416446 70.212926416446 70.372669447335 70.374365447335 70.374557451751 70.374909451751 70.532956519751 70.534652519751 70.534844519836 70.535196519836 70.827769311704 70.829465311704 70.82965732873 70.83000932873 70.960594694747 70.962290694747 70.962482695436 70.962834695436 71.102031713043 71.103727713043 71.103919728107 71.104271728107 71.21017436564 71.21017436564 71.21017436564 71.21017436564 71.21036636564 71.21036636564 71.21206236564 71.21206236564 71.21206236564 71.21206236564 71.21206236564 71.212254416446 71.212254416446 71.212606416446 71.372029447335 71.373725447335 71.373917451751 71.374269451751 71.530716519751 71.532412519751 71.532604519836 71.532956519836 71.825849311704 71.827545311704 71.82773732873 71.82808932873 71.958994694747 71.960690694747 71.960882714987 71.961234714987 72.101391713043 72.103087713043 72.103279728107 72.103631728107 72.21145436564 72.21145436564 72.21145436564 72.21145436564 72.21164636564 72.21164636564 72.21334236564 72.21334236564 72.21334236564 72.21334236564 72.21334236564 72.213534416446 72.213534416446 72.213886416446 72.371389447335 72.373085447335 72.373277451751 72.373629451751 72.531036519751 72.532732519751 72.532924519836 72.533276519836 72.826489311704 72.828185311704 72.82837732873 72.82872932873 72.959634694747 72.961330694747 72.961522708512 72.961874708512 73.101711713043 73.103407713043 73.103599728107 73.103951728107 73.20985436564 73.20985436564 73.20985436564 73.20985436564 73.21004636564 73.21004636564 73.21174236564 73.21174236564 73.21174236564 73.21174236564 73.21174236564 73.211934416446 73.211934416446 73.212286416446 73.372669447335 73.374365447335 73.374557451751 73.374909451751 73.530716519751 73.532412519751 73.532604519836 73.532956519836 73.826809311704 73.828505311704 73.82869732873 73.82904932873 73.960274694747 73.961970694747 73.96216273293 73.96251473293 74.102031713043 74.103727713043 74.103919728107 74.104271728107 74.21017436564 74.21017436564 74.21017436564 74.21017436564 74.21036636564 74.21036636564 74.21206236564 74.21206236564 74.21206236564 74.21206236564 74.21206236564 74.212254416446 74.212254416446 74.212606416446 74.370749447335 74.372445447335 74.372637451751 74.372989451751 74.531996519751 74.533692519751 74.533884519836 74.534236519836 74.827129311704 74.828825311704 74.82901732873 74.82936932873 74.960914694747 74.962610694747 74.962802695436 74.963154695436 75.099791713043 75.101487713043 75.101679728107 75.102031728107 75.21113436564 75.21113436564 75.21113436564 75.21113436564 75.21132636564 75.21132636564 75.21302236564 75.21302236564 75.21302236564 75.21302236564 75.21302236564 75.213214416446 75.213214416446 75.213566416446 75.371069447335 75.372765447335 75.372957451751 75.373309451751 75.531676519751 75.533372519751 75.533564519836 75.533916519836 75.827449311704 75.829145311704 75.82933732873 75.82968932873 75.960594694747 75.962290694747 75.962482695436 75.962834695436 76.101391713043 76.103087713043 76.103279728107 76.103631728107 76.20953436564 76.20953436564 76.20953436564 76.20953436564 76.20972636564 76.20972636564 76.21142236564 76.21142236564 76.21142236564 76.21142236564 76.21142236564 76.211614416446 76.211614416446 76.211966416446 76.372349447335 76.374045447335 76.374237451751 76.374589451751 76.531036519751 76.532732519751 76.532924519836 76.533276519836 76.826169311704 76.827865311704 76.82805732873 76.82840932873 76.959954694747 76.961650694747 76.96184273293 76.96219473293 77.100431713043 77.102127713043 77.102319728107 77.102671728107 77.21113436564 77.21113436564 77.21113436564 77.21113436564 77.21132636564 77.21132636564 77.21302236564 77.21302236564 77.21302236564 77.21302236564 77.21302236564 77.213214416446 77.213214416446 77.213566416446 77.371389447335 77.373085447335 77.373277451751 77.373629451751 77.530716519751 77.532412519751 77.532604519836 77.532956519836 77.826809311704 77.828505311704 77.82869732873 77.82904932873 77.960914694747 77.962610694747 77.96280273362 77.96315473362 78.102031713043 78.103727713043 78.103919728107 78.104271728107 78.20985436564 78.20985436564 78.20985436564 78.20985436564 78.21004636564 78.21004636564 78.21174236564 78.21174236564 78.21174236564 78.21174236564 78.21174236564 78.211934416446 78.211934416446 78.212286416446 78.372669447335 78.374365447335 78.374557451751 78.374909451751 78.530716519751 78.532412519751 78.532604519836 78.532956519836 78.827129311704 78.828825311704 78.82901732873 78.82936932873 78.958674694747 78.960370694747 78.960562695436 78.960914695436 79.100751713043 79.102447713043 79.102639728107 79.102991728107 79.21017436564 79.21017436564 79.21017436564 79.21017436564 79.21036636564 79.21036636564 79.21206236564 79.21206236564 79.21206236564 79.21206236564 79.21206236564 79.212254416446 79.212254416446 79.212606416446 79.372669447335 79.374365447335 79.374557451751 79.374909451751 79.531036519751 79.532732519751 79.532924519836 79.533276519836 79.827129311704 79.828825311704 79.82901732873 79.82936932873 79.960914694747 79.962610694747 79.962802707378 79.963154707378 80.102031713043 80.103727713043 80.103919728107 80.104271728107 80.21017436564 80.21017436564 80.21017436564 80.21017436564 80.21036636564 80.21036636564 80.21206236564 80.21206236564 80.21206236564 80.21206236564 80.21206236564 80.212254416446 80.212254416446 80.212606416446 80.371709447335 80.373405447335 80.373597451751 80.373949451751 80.531676519751 80.533372519751 80.533564519836 80.533916519836 80.827769311704 80.829465311704 80.82965732873 80.83000932873 80.960914694747 80.962610694747 80.962802715303 80.963154715303 81.101391713043 81.103087713043 81.103279728107 81.103631728107 81.21017436564 81.21017436564 81.21017436564 81.21017436564 81.21036636564 81.21036636564 81.21206236564 81.21206236564 81.21206236564 81.21206236564 81.21206236564 81.212254416446 81.212254416446 81.212606416446 81.370429447335 81.372125447335 81.372317451751 81.372669451751 81.532636519751 81.534332519751 81.534524519836 81.534876519836 81.826169311704 81.827865311704 81.82805732873 81.82840932873 81.958994694747 81.960690694747 81.960882695436 81.961234695436 82.101391713043 82.103087713043 82.103279728107 82.103631728107 82.21113436564 82.21113436564 82.21113436564 82.21113436564 82.21132636564 82.21132636564 82.21302236564 82.21302236564 82.21302236564 82.21302236564 82.21302236564 82.213214416446 82.213214416446 82.213566416446 82.370429447335 82.372125447335 82.372317451751 82.372669451751 82.532636519751 82.534332519751 82.534524519836 82.534876519836 82.827769311704 82.829465311704 82.82965732873 82.83000932873 82.960914694747 82.962610694747 82.962802695436 82.963154695436 83.100431713043 83.102127713043 83.102319728107 83.102671728107 83.21049436564 83.21049436564 83.21049436564 83.21049436564 83.21068636564 83.21068636564 83.21238236564 83.21238236564 83.21238236564 83.21238236564 83.21238236564 83.212574416446 83.212574416446 83.212926416446 83.370749447335 83.372445447335 83.372637451751 83.372989451751 83.531676519751 83.533372519751 83.533564519836 83.533916519836 83.826169311704 83.827865311704 83.82805732873 83.82840932873 83.960274694747 83.961970694747 83.962162708512 83.962514708512 84.101391713043 84.103087713043 84.103279728107 84.103631728107 84.21177436564 84.21177436564 84.21177436564 84.21177436564 84.21196636564 84.21196636564 84.21366236564 84.21366236564 84.21366236564 84.21366236564 84.21366236564 84.213854416446 84.213854416446 84.214206416446 84.372349447335 84.374045447335 84.374237451751 84.374589451751 84.532956519751 84.534652519751 84.534844519836 84.535196519836 84.827769311704 84.829465311704 84.82965732873 84.83000932873 84.960274694747 84.961970694747 84.96216273362 84.96251473362 85.101711713043 85.103407713043 85.103599728107 85.103951728107 85.21177436564 85.21177436564 85.21177436564 85.21177436564 85.21196636564 85.21196636564 85.21366236564 85.21366236564 85.21366236564 85.21366236564 85.21366236564 85.213854416446 85.213854416446 85.214206416446 85.370749447335 85.372445447335 85.372637451751 85.372989451751 85.531996519751 85.533692519751 85.533884519836 85.534236519836 85.826809311704 85.828505311704 85.82869732873 85.82904932873 85.959634694747 85.961330694747 85.961522695436 85.961874695436 86.102031713043 86.103727713043 86.103919728107 86.104271728107 86.20985436564 86.20985436564 86.20985436564 86.20985436564 86.21004636564 86.21004636564 86.21174236564 86.21174236564 86.21174236564 86.21174236564 86.21174236564 86.211934416446 86.211934416446 86.212286416446 86.372029447335 86.373725447335 86.373917451751 86.374269451751 86.531036519751 86.532732519751 86.532924519836 86.533276519836 86.826169311704 86.827865311704 86.82805732873 86.82840932873 86.960274694747 86.961970694747 86.962162708512 86.962514708512 87.100751713043 87.102447713043 87.102639728107 87.102991728107 87.21145436564 87.21145436564 87.21145436564 87.21145436564 87.21164636564 87.21164636564 87.21334236564 87.21334236564 87.21334236564 87.21334236564 87.21334236564 87.213534416446 87.213534416446 87.213886416446 87.370749447335 87.372445447335 87.372637451751 87.372989451751 87.531676519751 87.533372519751 87.533564519836 87.533916519836 87.825849311704 87.827545311704 87.82773732873 87.82808932873 87.960914694747 87.962610694747 87.962802714987 87.963154714987 88.101071713043 88.102767713043 88.102959728107 88.103311728107 88.20985436564 88.20985436564 88.20985436564 88.20985436564 88.21004636564 88.21004636564 88.21174236564 88.21174236564 88.21174236564 88.21174236564 88.21174236564 88.211934416446 88.211934416446 88.212286416446 88.370749447335 88.372445447335 88.372637451751 88.372989451751 88.531356519751 88.533052519751 88.533244519836 88.533596519836 88.827449311704 88.829145311704 88.82933732873 88.82968932873 88.960594694747 88.962290694747 88.962482695436 88.962834695436 89.100111713043 89.101807713043 89.101999728107 89.102351728107 89.21177436564 89.21177436564 89.21177436564 89.21177436564 89.21196636564 89.21196636564 89.21366236564 89.21366236564 89.21366236564 89.21366236564 89.21366236564 89.213854416446 89.213854416446 89.214206416446 89.372029447335 89.373725447335 89.373917451751 89.374269451751 89.531036519751 89.532732519751 89.532924519836 89.533276519836 89.827129311704 89.828825311704 89.82901732873 89.82936932873 89.960274694747 89.961970694747 89.962162715303 89.962514715303 90.100111713043 90.101807713043 90.101999728107 90.102351728107 90.21177436564 90.21177436564 90.21177436564 90.21177436564 90.21196636564 90.21196636564 90.21366236564 90.21366236564 90.21366236564 90.21366236564 90.21366236564 90.213854416446 90.213854416446 90.214206416446 90.371709447335 90.373405447335 90.373597451751 90.373949451751 90.532316519751 90.534012519751 90.534204519836 90.534556519836 90.825529311704 90.827225311704 90.82741732873 90.82776932873 90.959954694747 90.961650694747 90.961842707378 90.962194707378 91.099791713043 91.101487713043 91.101679728107 91.102031728107 91.21145436564 91.21145436564 91.21145436564 91.21145436564 91.21164636564 91.21164636564 91.21334236564 91.21334236564 91.21334236564 91.21334236564 91.21334236564 91.213534416446 91.213534416446 91.213886416446 91.370429447335 91.372125447335 91.372317451751 91.372669451751 91.531676519751 91.533372519751 91.533564519836 91.533916519836 91.827129311704 91.828825311704 91.82901732873 91.82936932873 91.958674694747 91.960370694747 91.96056273362 91.96091473362 92.100431713043 92.102127713043 92.102319728107 92.102671728107 92.21081436564 92.21081436564 92.21081436564 92.21081436564 92.21100636564 92.21100636564 92.21270236564 92.21270236564 92.21270236564 92.21270236564 92.21270236564 92.212894416446 92.212894416446 92.213246416446 92.372349447335 92.374045447335 92.374237451751 92.374589451751 92.532316519751 92.534012519751 92.534204519836 92.534556519836 92.827449311704 92.829145311704 92.82933732873 92.82968932873 92.960594694747 92.962290694747 92.96248273362 92.96283473362 93.100111713043 93.101807713043 93.101999728107 93.102351728107 93.21177436564 93.21177436564 93.21177436564 93.21177436564 93.21196636564 93.21196636564 93.21366236564 93.21366236564 93.21366236564 93.21366236564 93.21366236564 93.213854416446 93.213854416446 93.214206416446 93.372029447335 93.373725447335 93.373917451751 93.374269451751 93.532956519751 93.534652519751 93.534844519836 93.535196519836 93.827129311704 93.828825311704 93.82901732873 93.82936932873 93.960594694747 93.962290694747 93.962482715303 93.962834715303 94.101391713043 94.103087713043 94.103279728107 94.103631728107 94.21017436564 94.21017436564 94.21017436564 94.21017436564 94.21036636564 94.21036636564 94.21206236564 94.21206236564 94.21206236564 94.21206236564 94.21206236564 94.212254416446 94.212254416446 94.212606416446 94.372029447335 94.373725447335 94.373917451751 94.374269451751 94.532316519751 94.534012519751 94.534204519836 94.534556519836 94.826489311704 94.828185311704 94.82837732873 94.82872932873 94.960914694747 94.962610694747 94.96280273362 94.96315473362 95.099791713043 95.101487713043 95.101679728107 95.102031728107 95.21049436564 95.21049436564 95.21049436564 95.21049436564 95.21068636564 95.21068636564 95.21238236564 95.21238236564 95.21238236564 95.21238236564 95.21238236564 95.212574416446 95.212574416446 95.212926416446 95.371709447335 95.373405447335 95.373597451751 95.373949451751 95.532956519751 95.534652519751 95.534844519836 95.535196519836 95.825529311704 95.827225311704 95.82741732873 95.82776932873 95.958674694747 95.960370694747 95.960562707378 95.960914707378 96.101071713043 96.102767713043 96.102959728107 96.103311728107 96.21049436564 96.21049436564 96.21049436564 96.21049436564 96.21068636564 96.21068636564 96.21238236564 96.21238236564 96.21238236564 96.21238236564 96.21238236564 96.212574416446 96.212574416446 96.212926416446 96.372669447335 96.374365447335 96.374557451751 96.374909451751 96.531996519751 96.533692519751 96.533884519836 96.534236519836 96.826809311704 96.828505311704 96.82869732873 96.82904932873 96.958674694747 96.960370694747 96.96056273293 96.96091473293 97.102031713043 97.103727713043 97.103919728107 97.104271728107 97.21017436564 97.21017436564 97.21017436564 97.21017436564 97.21036636564 97.21036636564 97.21206236564 97.21206236564 97.21206236564 97.21206236564 97.21206236564 97.212254416446 97.212254416446 97.212606416446 97.370749447335 97.372445447335 97.372637451751 97.372989451751 97.532956519751 97.534652519751 97.534844519836 97.535196519836 97.826169311704 97.827865311704 97.82805732873 97.82840932873 97.959634694747 97.961330694747 97.96152273362 97.96187473362 98.101391713043 98.103087713043 98.103279728107 98.103631728107 98.21049436564 98.21049436564 98.21049436564 98.21049436564 98.21068636564 98.21068636564 98.21238236564 98.21238236564 98.21238236564 98.21238236564 98.21238236564 98.212574416446 98.212574416446 98.212926416446 98.372029447335 98.373725447335 98.373917451751 98.374269451751 98.531996519751 98.533692519751 98.533884519836 98.534236519836 98.826169311704 98.827865311704 98.82805732873 98.82840932873 98.960914694747 98.962610694747 98.962802708512 98.963154708512 99.101071713043 99.102767713043 99.102959728107 99.103311728107 99.21177436564 99.21177436564 99.21177436564 99.21177436564 99.21196636564 99.21196636564 99.21366236564 99.21366236564 99.21366236564 99.21366236564 99.21366236564 99.213854416446 99.213854416446 99.214206416446 99.370749447335 99.372445447335 99.372637451751 99.372989451751 99.532316519751 99.534012519751 99.534204519836 99.534556519836 99.826809311704 99.828505311704 99.82869732873 99.82904932873 99.960594694747 99.962290694747 99.962482714987 99.962834714987","0 0 0 5e-06 0 0.05 5e-06 0.05 5e-06 0 0 0.005 0.005 0 0.075 0.005 0 5e-06 5e-06 5e-06 0 0.05 5e-06 0.05 5e-06 0.05 5e-06 0.05 5e-06 0.05 5e-06 0.05 5e-06 0.05 5e-06 0.05 5e-06 0.05 5e-06 0.05 5e-06 0.05 5e-06 0 0 0.005 0.005 0 0.075 0.005 0 5e-06 5e-06 5e-06 0 0.05 5e-06 0.05 5e-06 0.05 5e-06 0.05 5e-06 0.05 5e-06 0.05 5e-06 0.05 5e-06 0.05 5e-06 0.05 5e-06 0.05 5e-06 0.05 5e-06 0 0 0.005 0.005 0 0.075 0.005 0 5e-06 5e-06 5e-06 0 0.05 5e-06 0.05 5e-06 0.05 5e-06 0.05 5e-06 0.05 5e-06 0.05 5e-06 0.05 5e-06 0.05 5e-06 0.05 5e-06 0.05 5e-06 0.05 5e-06 0 0 0.005 0.005 0 0.075 0.005 0 5e-06 5e-06 5e-06 0 0.05 5e-06 0.05 5e-06 0.05 5e-06 0.05 5e-06 0.05 5e-06 0.05 5e-06 0.05 5e-06 0.05 5e-06 0.05 5e-06 0.05 5e-06 0.05 5e-06 0 0 0.005 0.005 0 0.075 0.005 0 5e-06 5e-06 5e-06 0 0.05 5e-06 0.05 5e-06 0.05 5e-06 0.05 5e-06 0.05 5e-06 0.05 5e-06 0.05 5e-06 0.05 5e-06 0.05 5e-06 0.05 5e-06 0.05 5e-06 0 0 0.005 0.005 0 0.075 0.005 0 5e-06 5e-06 5e-06 0 0.05 5e-06 0.05 5e-06 0.05 5e-06 0.05 5e-06 0.05 5e-06 0.05 5e-06 0.05 5e-06 0.05 5e-06 0.05 5e-06 0.05 5e-06 0.05 5e-06 0 0 0.005 0.005 0 0.075 0.005 0 5e-06 5e-06 5e-06 0 0.05 5e-06 0.05 5e-06 0.05 5e-06 0.05 5e-06 0.05 5e-06 0.05 5e-06 0.05 5e-06 0.05 5e-06 0.05 5e-06 0.05 5e-06 0.05 5e-06 0 0 0.005 0.005 0 0.075 0.005 0 5e-06 5e-06 5e-06 0 0.05 5e-06 0.05 5e-06 0.05 5e-06 0.05 5e-06 0.05 5e-06 0.05 5e-06 0.05 5e-06 0.05 5e-06 0.05 5e-06 0.05 5e-06 0.05 5e-06 0 0 0.005 0.005 0 0.075 0.005 0 5e-06 5e-06 5e-06 0 0.05 5e-06 0.05 5e-06 0.05 5e-06 0.05 5e-06 0.05 5e-06 0.05 5e-06 0.05 5e-06 0.05 5e-06 0.05 5e-06 0.05 5e-06 0.05 5e-06 0 0 0.005 0.005 0 0.075 0.005 0 5e-06 5e-06 5e-06 0 0.05 5e-06 0.05 5e-06 0.05 5e-06 0.05 5e-06 0.05 5e-06 0.05 5e-06 0.05 5e-06 0.05 5e-06 0.05 5e-06 0.05 5e-06 0.05 5e-06 0 0 0.005 0.005 0 0.075 0.005 0 5e-06 5e-06 5e-06 0 0.05 5e-06 0.05 5e-06 0.05 5e-06 0.05 5e-06 0.05 5e-06 0.05 5e-06 0.05 5e-06 0.05 5e-06 0.05 5e-06 0.05 5e-06 0.05 5e-06 0 0 0.005 0.005 0 0.075 0.005 0 5e-06 5e-06 5e-06 0 0.05 5e-06 0.05 5e-06 0.05 5e-06 0.05 5e-06 0.05 5e-06 0.05 5e-06 0.05 5e-06 0.05 5e-06 0.05 5e-06 0.05 5e-06 0.05 5e-06 0 0 0.005 0.005 0 0.075 0.005 0 5e-06 5e-06 5e-06 0 0.05 5e-06 0.05 5e-06 0.05 5e-06 0.05 5e-06 0.05 5e-06 0.05 5e-06 0.05 5e-06 0.05 5e-06 0.05 5e-06 0.05 5e-06 0.05 5e-06 0 0 0.005 0.005 0 0.075 0.005 0 5e-06 5e-06 5e-06 0 0.05 5e-06 0.05 5e-06 0.05 5e-06 0.05 5e-06 0.05 5e-06 0.05 5e-06 0.05 5e-06 0.05 5e-06 0.05 5e-06 0.05 5e-06 0.05 5e-06 0 0 0.005 0.005 0 0.075 0.005 0 5e-06 5e-06 5e-06 0 0.05 5e-06 0.05 5e-06 0.05 5e-06 0.05 5e-06 0.05 5e-06 0.05 5e-06 0.05 5e-06 0.05 5e-06 0.05 5e-06 0.05 5e-06 0.05 5e-06 0 0 0.005 0.005 0 0.075 0.005 0 5e-06 5e-06 5e-06 0 0.05 5e-06 0.05 5e-06 0.05 5e-06 0.05 5e-06 0.05 5e-06 0.05 5e-06 0.05 5e-06 0.05 5e-06 0.05 5e-06 0.05 5e-06 0.05 5e-06 0 0 0.005 0.005 0 0.075 0.005 0 5e-06 5e-06 5e-06 0 0.05 5e-06 0.05 5e-06 0.05 5e-06 0.05 5e-06 0.05 5e-06 0.05 5e-06 0.05 5e-06 0.05 5e-06 0.05 5e-06 0.05 5e-06 0.05 5e-06 0 0 0.005 0.005 0 0.075 0.005 0 5e-06 5e-06 5e-06 0 0.05 5e-06 0.05 5e-06 0.05 5e-06 0.05 5e-06 0.05 5e-06 0.05 5e-06 0.05 5e-06 0.05 5e-06 0.05 5e-06 0.05 5e-06 0.05 5e-06 0 0 0.005 0.005 0 0.075 0.005 0 5e-06 5e-06 5e-06 0 0.05 5e-06 0.05 5e-06 0.05 5e-06 0.05 5e-06 0.05 5e-06 0.05 5e-06 0.05 5e-06 0.05 5e-06 0.05 5e-06 0.05 5e-06 0.05 5e-06 0 0 0.005 0.005 0 0.075 0.005 0 5e-06 5e-06 5e-06 0 0.05 5e-06 0.05 5e-06 0.05 5e-06 0.05 5e-06 0.05 5e-06 0.05 5e-06 0.05 5e-06 0.05 5e-06 0.05 5e-06 0.05 5e-06 0.05 5e-06 0 0 0.005 0.005 0 0.075 0.005 0 5e-06 5e-06 5e-06 0 0.05 5e-06 0.05 5e-06 0.05 5e-06 0.05 5e-06 0.05 5e-06 0.05 5e-06 0.05 5e-06 0.05 5e-06 0.05 5e-06 0.05 5e-06 0.05 5e-06 0 0 0.005 0.005 0 0.075 0.005 0 5e-06 5e-06 5e-06 0 0.05 5e-06 0.05 5e-06 0.05 5e-06 0.05 5e-06 0.05 5e-06 0.05 5e-06 0.05 5e-06 0.05 5e-06 0.05 5e-06 0.05 5e-06 0.05 5e-06 0 0 0.005 0.005 0 0.075 0.005 0 5e-06 5e-06 5e-06 0 0.05 5e-06 0.05 5e-06 0.05 5e-06 0.05 5e-06 0.05 5e-06 0.05 5e-06 0.05 5e-06 0.05 5e-06 0.05 5e-06 0.05 5e-06 0.05 5e-06 0 0 0.005 0.005 0 0.075 0.005 0 5e-06 5e-06 5e-06 0 0.05 5e-06 0.05 5e-06 0.05 5e-06 0.05 5e-06 0.05 5e-06 0.05 5e-06 0.05 5e-06 0.05 5e-06 0.05 5e-06 0.05 5e-06 0.05 5e-06 0 0 0.005 0.005 0 0.075 0.005 0 5e-06 5e-06 5e-06 0 0.05 5e-06 0.05 5e-06 0.05 5e-06 0.05 5e-06 0.05 5e-06 0.05 5e-06 0.05 5e-06 0.05 5e-06 0.05 5e-06 0.05 5e-06 0.05 5e-06 0 0 0.005 0.005 0 0.075 0.005 0 5e-06 5e-06 5e-06 0 0.05 5e-06 0.05 5e-06 0.05 5e-06 0.05 5e-06 0.05 5e-06 0.05 5e-06 0.05 5e-06 0.05 5e-06 0.05 5e-06 0.05 5e-06 0.05 5e-06 0 0 0.005 0.005 0 0.075 0.005 0 5e-06 5e-06 5e-06 0 0.05 5e-06 0.05 5e-06 0.05 5e-06 0.05 5e-06 0.05 5e-06 0.05 5e-06 0.05 5e-06 0.05 5e-06 0.05 5e-06 0.05 5e-06 0.05 5e-06 0 0 0.005 0.005 0 0.075 0.005 0 5e-06 5e-06 5e-06 0 0.05 5e-06 0.05 5e-06 0.05 5e-06 0.05 5e-06 0.05 5e-06 0.05 5e-06 0.05 5e-06 0.05 5e-06 0.05 5e-06 0.05 5e-06 0.05 5e-06 0 0 0.005 0.005 0 0.075 0.005 0 5e-06 5e-06 5e-06 0 0.05 5e-06 0.05 5e-06 0.05 5e-06 0.05 5e-06 0.05 5e-06 0.05 5e-06 0.05 5e-06 0.05 5e-06 0.05 5e-06 0.05 5e-06 0.05 5e-06 0 0 0.005 0.005 0 0.075 0.005 0 5e-06 5e-06 5e-06 0 0.05 5e-06 0.05 5e-06 0.05 5e-06 0.05 5e-06 0.05 5e-06 0.05 5e-06 0.05 5e-06 0.05 5e-06 0.05 5e-06 0.05 5e-06 0.05 5e-06 0 0 0.005 0.005 0 0.075 0.005 0 5e-06 5e-06 5e-06 0 0.05 5e-06 0.05 5e-06 0.05 5e-06 0.05 5e-06 0.05 5e-06 0.05 5e-06 0.05 5e-06 0.05 5e-06 0.05 5e-06 0.05 5e-06 0.05 5e-06 0 0 0.005 0.005 0 0.075 0.005 0 5e-06 5e-06 5e-06 0 0.05 5e-06 0.05 5e-06 0.05 5e-06 0.05 5e-06 0.05 5e-06 0.05 5e-06 0.05 5e-06 0.05 5e-06 0.05 5e-06 0.05 5e-06 0.05 5e-06 0 0 0.005 0.005 0 0.075 0.005 0 5e-06 5e-06 5e-06 0 0.05 5e-06 0.05 5e-06 0.05 5e-06 0.05 5e-06 0.05 5e-06 0.05 5e-06 0.05 5e-06 0.05 5e-06 0.05 5e-06 0.05 5e-06 0.05 5e-06 0 0 0.005 0.005 0 0.075 0.005 0 5e-06 5e-06 5e-06 0 0.05 5e-06 0.05 5e-06 0.05 5e-06 0.05 5e-06 0.05 5e-06 0.05 5e-06 0.05 5e-06 0.05 5e-06 0.05 5e-06 0.05 5e-06 0.05 5e-06 0 0 0.005 0.005 0 0.075 0.005 0 5e-06 5e-06 5e-06 0 0.05 5e-06 0.05 5e-06 0.05 5e-06 0.05 5e-06 0.05 5e-06 0.05 5e-06 0.05 5e-06 0.05 5e-06 0.05 5e-06 0.05 5e-06 0.05 5e-06 0 0 0.005 0.005 0 0.075 0.005 0 5e-06 5e-06 5e-06 0 0.05 5e-06 0.05 5e-06 0.05 5e-06 0.05 5e-06 0.05 5e-06 0.05 5e-06 0.05 5e-06 0.05 5e-06 0.05 5e-06 0.05 5e-06 0.05 5e-06 0 0 0.005 0.005 0 0.075 0.005 0 5e-06 5e-06 5e-06 0 0.05 5e-06 0.05 5e-06 0.05 5e-06 0.05 5e-06 0.05 5e-06 0.05 5e-06 0.05 5e-06 0.05 5e-06 0.05 5e-06 0.05 5e-06 0.05 5e-06 0 0 0.005 0.005 0 0.075 0.005 0 5e-06 5e-06 5e-06 0 0.05 5e-06 0.05 5e-06 0.05 5e-06 0.05 5e-06 0.05 5e-06 0.05 5e-06 0.05 5e-06 0.05 5e-06 0.05 5e-06 0.05 5e-06 0.05 5e-06 0 0 0.005 0.005 0 0.075 0.005 0 5e-06 5e-06 5e-06 0 0.05 5e-06 0.05 5e-06 0.05 5e-06 0.05 5e-06 0.05 5e-06 0.05 5e-06 0.05 5e-06 0.05 5e-06 0.05 5e-06 0.05 5e-06 0.05 5e-06 0 0 0.005 0.005 0 0.075 0.005 0 5e-06 5e-06 5e-06 0 0.05 5e-06 0.05 5e-06 0.05 5e-06 0.05 5e-06 0.05 5e-06 0.05 5e-06 0.05 5e-06 0.05 5e-06 0.05 5e-06 0.05 5e-06 0.05 5e-06 0 0 0.005 0.005 0 0.075 0.005 0 5e-06 5e-06 5e-06 0 0.05 5e-06 0.05 5e-06 0.05 5e-06 0.05 5e-06 0.05 5e-06 0.05 5e-06 0.05 5e-06 0.05 5e-06 0.05 5e-06 0.05 5e-06 0.05 5e-06 0 0 0.005 0.005 0 0.075 0.005 0 5e-06 5e-06 5e-06 0 0.05 5e-06 0.05 5e-06 0.05 5e-06 0.05 5e-06 0.05 5e-06 0.05 5e-06 0.05 5e-06 0.05 5e-06 0.05 5e-06 0.05 5e-06 0.05 5e-06 0 0 0.005 0.005 0 0.075 0.005 0 5e-06 5e-06 5e-06 0 0.05 5e-06 0.05 5e-06 0.05 5e-06 0.05 5e-06 0.05 5e-06 0.05 5e-06 0.05 5e-06 0.05 5e-06 0.05 5e-06 0.05 5e-06 0.05 5e-06 0 0 0.005 0.005 0 0.075 0.005 0 5e-06 5e-06 5e-06 0 0.05 5e-06 0.05 5e-06 0.05 5e-06 0.05 5e-06 0.05 5e-06 0.05 5e-06 0.05 5e-06 0.05 5e-06 0.05 5e-06 0.05 5e-06 0.05 5e-06 0 0 0.005 0.005 0 0.075 0.005 0 5e-06 5e-06 5e-06 0 0.05 5e-06 0.05 5e-06 0.05 5e-06 0.05 5e-06 0.05 5e-06 0.05 5e-06 0.05 5e-06 0.05 5e-06 0.05 5e-06 0.05 5e-06 0.05 5e-06 0 0 0.005 0.005 0 0.075 0.005 0 5e-06 5e-06 5e-06 0 0.05 5e-06 0.05 5e-06 0.05 5e-06 0.05 5e-06 0.05 5e-06 0.05 5e-06 0.05 5e-06 0.05 5e-06 0.05 5e-06 0.05 5e-06 0.05 5e-06 0 0 0.005 0.005 0 0.075 0.005 0 5e-06 5e-06 5e-06 0 0.05 5e-06 0.05 5e-06 0.05 5e-06 0.05 5e-06 0.05 5e-06 0.05 5e-06 0.05 5e-06 0.05 5e-06 0.05 5e-06 0.05 5e-06 0.05 5e-06 0 0 0.005 0.005 0 0.075 0.005 0 5e-06 5e-06 5e-06 0 0.05 5e-06 0.05 5e-06 0.05 5e-06 0.05 5e-06 0.05 5e-06 0.05 5e-06 0.05 5e-06 0.05 5e-06 0.05 5e-06 0.05 5e-06 0.05 5e-06 0 0 0.005 0.005 0 0.075 0.005 0 5e-06 5e-06 5e-06 0 0.05 5e-06 0.05 5e-06 0.05 5e-06 0.05 5e-06 0.05 5e-06 0.05 5e-06 0.05 5e-06 0.05 5e-06 0.05 5e-06 0.05 5e-06 0.05 5e-06 0 0 0.005 0.005 0 0.075 0.005 0 5e-06 5e-06 5e-06 0 0.05 5e-06 0.05 5e-06 0.05 5e-06 0.05 5e-06 0.05 5e-06 0.05 5e-06 0.05 5e-06 0.05 5e-06 0.05 5e-06 0.05 5e-06 0.05 5e-06 0 0 0.005 0.005 0 0.075 0.005 0 5e-06 5e-06 5e-06 0 0.05 5e-06 0.05 5e-06 0.05 5e-06 0.05 5e-06 0.05 5e-06 0.05 5e-06 0.05 5e-06 0.05 5e-06 0.05 5e-06 0.05 5e-06 0.05 5e-06 0 0 0.005 0.005 0 0.075 0.005 0 5e-06 5e-06 5e-06 0 0.05 5e-06 0.05 5e-06 0.05 5e-06 0.05 5e-06 0.05 5e-06 0.05 5e-06 0.05 5e-06 0.05 5e-06 0.05 5e-06 0.05 5e-06 0.05 5e-06 0 0 0.005 0.005 0 0.075 0.005 0 5e-06 5e-06 5e-06 0 0.05 5e-06 0.05 5e-06 0.05 5e-06 0.05 5e-06 0.05 5e-06 0.05 5e-06 0.05 5e-06 0.05 5e-06 0.05 5e-06 0.05 5e-06 0.05 5e-06 0 0 0.005 0.005 0 0.075 0.005 0 5e-06 5e-06 5e-06 0 0.05 5e-06 0.05 5e-06 0.05 5e-06 0.05 5e-06 0.05 5e-06 0.05 5e-06 0.05 5e-06 0.05 5e-06 0.05 5e-06 0.05 5e-06 0.05 5e-06 0 0 0.005 0.005 0 0.075 0.005 0 5e-06 5e-06 5e-06 0 0.05 5e-06 0.05 5e-06 0.05 5e-06 0.05 5e-06 0.05 5e-06 0.05 5e-06 0.05 5e-06 0.05 5e-06 0.05 5e-06 0.05 5e-06 0.05 5e-06 0 0 0.005 0.005 0 0.075 0.005 0 5e-06 5e-06 5e-06 0 0.05 5e-06 0.05 5e-06 0.05 5e-06 0.05 5e-06 0.05 5e-06 0.05 5e-06 0.05 5e-06 0.05 5e-06 0.05 5e-06 0.05 5e-06 0.05 5e-06 0 0 0.005 0.005 0 0.075 0.005 0 5e-06 5e-06 5e-06 0 0.05 5e-06 0.05 5e-06 0.05 5e-06 0.05 5e-06 0.05 5e-06 0.05 5e-06 0.05 5e-06 0.05 5e-06 0.05 5e-06 0.05 5e-06 0.05 5e-06 0 0 0.005 0.005 0 0.075 0.005 0 5e-06 5e-06 5e-06 0 0.05 5e-06 0.05 5e-06 0.05 5e-06 0.05 5e-06 0.05 5e-06 0.05 5e-06 0.05 5e-06 0.05 5e-06 0.05 5e-06 0.05 5e-06 0.05 5e-06 0 0 0.005 0.005 0 0.075 0.005 0 5e-06 5e-06 5e-06 0 0.05 5e-06 0.05 5e-06 0.05 5e-06 0.05 5e-06 0.05 5e-06 0.05 5e-06 0.05 5e-06 0.05 5e-06 0.05 5e-06 0.05 5e-06 0.05 5e-06 0 0 0.005 0.005 0 0.075 0.005 0 5e-06 5e-06 5e-06 0 0.05 5e-06 0.05 5e-06 0.05 5e-06 0.05 5e-06 0.05 5e-06 0.05 5e-06 0.05 5e-06 0.05 5e-06 0.05 5e-06 0.05 5e-06 0.05 5e-06 0 0 0.005 0.005 0 0.075 0.005 0 5e-06 5e-06 5e-06 0 0.05 5e-06 0.05 5e-06 0.05 5e-06 0.05 5e-06 0.05 5e-06 0.05 5e-06 0.05 5e-06 0.05 5e-06 0.05 5e-06 0.05 5e-06 0.05 5e-06 0 0 0.005 0.005 0 0.075 0.005 0 5e-06 5e-06 5e-06 0 0.05 5e-06 0.05 5e-06 0.05 5e-06 0.05 5e-06 0.05 5e-06 0.05 5e-06 0.05 5e-06 0.05 5e-06 0.05 5e-06 0.05 5e-06 0.05 5e-06 0 0 0.005 0.005 0 0.075 0.005 0 5e-06 5e-06 5e-06 0 0.05 5e-06 0.05 5e-06 0.05 5e-06 0.05 5e-06 0.05 5e-06 0.05 5e-06 0.05 5e-06 0.05 5e-06 0.05 5e-06 0.05 5e-06 0.05 5e-06 0 0 0.005 0.005 0 0.075 0.005 0 5e-06 5e-06 5e-06 0 0.05 5e-06 0.05 5e-06 0.05 5e-06 0.05 5e-06 0.05 5e-06 0.05 5e-06 0.05 5e-06 0.05 5e-06 0.05 5e-06 0.05 5e-06 0.05 5e-06 0 0 0.005 0.005 0 0.075 0.005 0 5e-06 5e-06 5e-06 0 0.05 5e-06 0.05 5e-06 0.05 5e-06 0.05 5e-06 0.05 5e-06 0.05 5e-06 0.05 5e-06 0.05 5e-06 0.05 5e-06 0.05 5e-06 0.05 5e-06 0 0 0.005 0.005 0 0.075 0.005 0 5e-06 5e-06 5e-06 0 0.05 5e-06 0.05 5e-06 0.05 5e-06 0.05 5e-06 0.05 5e-06 0.05 5e-06 0.05 5e-06 0.05 5e-06 0.05 5e-06 0.05 5e-06 0.05 5e-06 0 0 0.005 0.005 0 0.075 0.005 0 5e-06 5e-06 5e-06 0 0.05 5e-06 0.05 5e-06 0.05 5e-06 0.05 5e-06 0.05 5e-06 0.05 5e-06 0.05 5e-06 0.05 5e-06 0.05 5e-06 0.05 5e-06 0.05 5e-06 0 0 0.005 0.005 0 0.075 0.005 0 5e-06 5e-06 5e-06 0 0.05 5e-06 0.05 5e-06 0.05 5e-06 0.05 5e-06 0.05 5e-06 0.05 5e-06 0.05 5e-06 0.05 5e-06 0.05 5e-06 0.05 5e-06 0.05 5e-06 0 0 0.005 0.005 0 0.075 0.005 0 5e-06 5e-06 5e-06 0 0.05 5e-06 0.05 5e-06 0.05 5e-06 0.05 5e-06 0.05 5e-06 0.05 5e-06 0.05 5e-06 0.05 5e-06 0.05 5e-06 0.05 5e-06 0.05 5e-06 0 0 0.005 0.005 0 0.075 0.005 0 5e-06 5e-06 5e-06 0 0.05 5e-06 0.05 5e-06 0.05 5e-06 0.05 5e-06 0.05 5e-06 0.05 5e-06 0.05 5e-06 0.05 5e-06 0.05 5e-06 0.05 5e-06 0.05 5e-06 0 0 0.005 0.005 0 0.075 0.005 0 5e-06 5e-06 5e-06 0 0.05 5e-06 0.05 5e-06 0.05 5e-06 0.05 5e-06 0.05 5e-06 0.05 5e-06 0.05 5e-06 0.05 5e-06 0.05 5e-06 0.05 5e-06 0.05 5e-06 0 0 0.005 0.005 0 0.075 0.005 0 5e-06 5e-06 5e-06 0 0.05 5e-06 0.05 5e-06 0.05 5e-06 0.05 5e-06 0.05 5e-06 0.05 5e-06 0.05 5e-06 0.05 5e-06 0.05 5e-06 0.05 5e-06 0.05 5e-06 0 0 0.005 0.005 0 0.075 0.005 0 5e-06 5e-06 5e-06 0 0.05 5e-06 0.05 5e-06 0.05 5e-06 0.05 5e-06 0.05 5e-06 0.05 5e-06 0.05 5e-06 0.05 5e-06 0.05 5e-06 0.05 5e-06 0.05 5e-06 0 0 0.005 0.005 0 0.075 0.005 0 5e-06 5e-06 5e-06 0 0.05 5e-06 0.05 5e-06 0.05 5e-06 0.05 5e-06 0.05 5e-06 0.05 5e-06 0.05 5e-06 0.05 5e-06 0.05 5e-06 0.05 5e-06 0.05 5e-06 0 0 0.005 0.005 0 0.075 0.005 0 5e-06 5e-06 5e-06 0 0.05 5e-06 0.05 5e-06 0.05 5e-06 0.05 5e-06 0.05 5e-06 0.05 5e-06 0.05 5e-06 0.05 5e-06 0.05 5e-06 0.05 5e-06 0.05 5e-06 0 0 0.005 0.005 0 0.075 0.005 0 5e-06 5e-06 5e-06 0 0.05 5e-06 0.05 5e-06 0.05 5e-06 0.05 5e-06 0.05 5e-06 0.05 5e-06 0.05 5e-06 0.05 5e-06 0.05 5e-06 0.05 5e-06 0.05 5e-06 0 0 0.005 0.005 0 0.075 0.005 0 5e-06 5e-06 5e-06 0 0.05 5e-06 0.05 5e-06 0.05 5e-06 0.05 5e-06 0.05 5e-06 0.05 5e-06 0.05 5e-06 0.05 5e-06 0.05 5e-06 0.05 5e-06 0.05 5e-06 0 0 0.005 0.005 0 0.075 0.005 0 5e-06 5e-06 5e-06 0 0.05 5e-06 0.05 5e-06 0.05 5e-06 0.05 5e-06 0.05 5e-06 0.05 5e-06 0.05 5e-06 0.05 5e-06 0.05 5e-06 0.05 5e-06 0.05 5e-06 0 0 0.005 0.005 0 0.075 0.005 0 5e-06 5e-06 5e-06 0 0.05 5e-06 0.05 5e-06 0.05 5e-06 0.05 5e-06 0.05 5e-06 0.05 5e-06 0.05 5e-06 0.05 5e-06 0.05 5e-06 0.05 5e-06 0.05 5e-06 0 0 0.005 0.005 0 0.075 0.005 0 5e-06 5e-06 5e-06 0 0.05 5e-06 0.05 5e-06 0.05 5e-06 0.05 5e-06 0.05 5e-06 0.05 5e-06 0.05 5e-06 0.05 5e-06 0.05 5e-06 0.05 5e-06 0.05 5e-06 0 0 0.005 0.005 0 0.075 0.005 0 5e-06 5e-06 5e-06 0 0.05 5e-06 0.05 5e-06 0.05 5e-06 0.05 5e-06 0.05 5e-06 0.05 5e-06 0.05 5e-06 0.05 5e-06 0.05 5e-06 0.05 5e-06 0.05 5e-06 0 0 0.005 0.005 0 0.075 0.005 0 5e-06 5e-06 5e-06 0 0.05 5e-06 0.05 5e-06 0.05 5e-06 0.05 5e-06 0.05 5e-06 0.05 5e-06 0.05 5e-06 0.05 5e-06 0.05 5e-06 0.05 5e-06 0.05 5e-06 0 0 0.005 0.005 0 0.075 0.005 0 5e-06 5e-06 5e-06 0 0.05 5e-06 0.05 5e-06 0.05 5e-06 0.05 5e-06 0.05 5e-06 0.05 5e-06 0.05 5e-06 0.05 5e-06 0.05 5e-06 0.05 5e-06 0.05 5e-06 0 0 0.005 0.005 0 0.075 0.005 0 5e-06 5e-06 5e-06 0 0.05 5e-06 0.05 5e-06 0.05 5e-06 0.05 5e-06 0.05 5e-06 0.05 5e-06 0.05 5e-06 0.05 5e-06 0.05 5e-06 0.05 5e-06 0.05 5e-06 0 0 0.005 0.005 0 0.075 0.005 0 5e-06 5e-06 5e-06 0 0.05 5e-06 0.05 5e-06 0.05 5e-06 0.05 5e-06 0.05 5e-06 0.05 5e-06 0.05 5e-06 0.05 5e-06 0.05 5e-06 0.05 5e-06 0.05 5e-06 0 0 0.005 0.005 0 0.075 0.005 0 5e-06 5e-06 5e-06 0 0.05 5e-06 0.05 5e-06 0.05 5e-06 0.05 5e-06 0.05 5e-06 0.05 5e-06 0.05 5e-06 0.05 5e-06 0.05 5e-06 0.05 5e-06 0.05 5e-06 0 0 0.005 0.005 0 0.075 0.005 0 5e-06 5e-06 5e-06 0 0.05 5e-06 0.05 5e-06 0.05 5e-06 0.05 5e-06 0.05 5e-06 0.05 5e-06 0.05 5e-06 0.05 5e-06 0.05 5e-06 0.05 5e-06 0.05 5e-06 0 0 0.005 0.005 0 0.075 0.005 0 5e-06 5e-06 5e-06 0 0.05 5e-06 0.05 5e-06 0.05 5e-06 0.05 5e-06 0.05 5e-06 0.05 5e-06 0.05 5e-06 0.05 5e-06 0.05 5e-06 0.05 5e-06 0.05 5e-06 0 0 0.005 0.005 0 0.075 0.005 0 5e-06 5e-06 5e-06 0 0.05 5e-06 0.05 5e-06 0.05 5e-06 0.05 5e-06 0.05 5e-06 0.05 5e-06 0.05 5e-06 0.05 5e-06 0.05 5e-06 0.05 5e-06 0.05 5e-06 0 0 0.005 0.005 0 0.075 0.005 0 5e-06 5e-06 5e-06 0 0.05 5e-06 0.05 5e-06 0.05 5e-06 0.05 5e-06 0.05 5e-06 0.05 5e-06 0.05 5e-06 0.05 5e-06 0.05 5e-06 0.05 5e-06 0.05 5e-06 0 0 0.005 0.005 0 0.075 0.005 0 5e-06 5e-06 5e-06 0 0.05 5e-06 0.05 5e-06 0.05 5e-06 0.05 5e-06 0.05 5e-06 0.05 5e-06 0.05 5e-06 0.05 5e-06 0.05 5e-06 0.05 5e-06 0.05 5e-06 0 0 0.005 0.005 0 0.075 0.005 0 5e-06 5e-06 5e-06 0 0.05 5e-06 0.05 5e-06 0.05 5e-06 0.05 5e-06 0.05 5e-06 0.05 5e-06 0.05 5e-06 0.05 5e-06 0.05 5e-06 0.05 5e-06 0.05 5e-06 0 0 0.005 0.005 0 0.075 0.005 0 5e-06 5e-06 5e-06 0 0.05 5e-06 0.05 5e-06 0.05 5e-06 0.05 5e-06 0.05 5e-06 0.05 5e-06 0.05 5e-06 0.05 5e-06 0.05 5e-06 0.05 5e-06 0.05 5e-06 0 0 0.005 0.005 0 0.075 0.005 0 5e-06 5e-06 5e-06 0 0.05 5e-06 0.05 5e-06 0.05 5e-06 0.05 5e-06 0.05 5e-06 0.05 5e-06 0.05 5e-06 0.05 5e-06 0.05 5e-06 0.05 5e-06 0.05 5e-06 0 0 0.005 0.005 0 0.075 0.005 0 5e-06 5e-06 5e-06 0 0.05 5e-06 0.05 5e-06 0.05 5e-06 0.05 5e-06 0.05 5e-06 0.05 5e-06 0.05 5e-06 0.05 5e-06 0.05 5e-06 0.05 5e-06 0.05 5e-06 0 0 0.005 0.005 0 0.075 0.005 0 5e-06 5e-06 5e-06 0 0.05 5e-06 0.05 5e-06 0.05 5e-06 0.05 5e-06 0.05 5e-06 0.05 5e-06 0.05 5e-06 0.05 5e-06 0.05 5e-06 0.05 5e-06 0.05 5e-06 0 0 0.005 0.005 0 0.075 0.005 0 5e-06 5e-06 5e-06 0 0.05 5e-06 0.05 5e-06 0.05 5e-06 0.05 5e-06 0.05 5e-06 0.05 5e-06 0.05 5e-06 0.05 5e-06 0.05 5e-06 0.05 5e-06 0.05 5e-06 0 0 0.005 0.005 0 0.075 0.005 0 5e-06 5e-06 5e-06 0 0.05 5e-06 0.05 5e-06 0.05 5e-06 0.05 5e-06 0.05 5e-06 0.05 5e-06 0.05 5e-06 0.05 5e-06 0.05 5e-06 0.05 5e-06 0.05 5e-06 0 0 0.005 0.005 0 0.075 0.005 0 5e-06 5e-06 5e-06 0 0.05 5e-06 0.05 5e-06 0.05 5e-06 0.05 5e-06 0.05 5e-06 0.05 5e-06 0.05 5e-06 0.05 5e-06 0.05 5e-06 0.05 5e-06 0.05 5e-06 0 0 0.005 0.005 0 0.075 0.005 0 5e-06 5e-06 5e-06 0 0.05 5e-06 0.05 5e-06 0.05 5e-06 0.05 5e-06 0.05 5e-06 0.05 5e-06 0.05 5e-06 0.05 5e-06 0.05 5e-06"
Ieee802154Power-6-20260924-21:43:56-1666,attr,Ieee802154Showcase.sensor1.wlan[0].radio.energyConsumer,powerConsumption:vector,interpolationmode,sample-hold,,
Ieee802154Power-6-20260924-21:43:56-1666,attr,Ieee802154Showcase.sensor1.wlan[0].radio.energyConsumer,powerConsumption:vector,recordingmode,vector,,
Ieee802154Power-6-20260924-21:43:56-1666,attr,Ieee802154Showcase.sensor1.wlan[0].radio.energyConsumer,powerConsumption:vector,source,powerConsumptionChanged,,
Ieee802154Power-6-20260924-21:43:56-1666,attr,Ieee802154Showcase.sensor1.wlan[0].radio.energyConsumer,powerConsumption:vector,title,Power consumption,,
Ieee802154Power-6-20260924-21:43:56-1666,attr,Ieee802154Showcase.sensor1.wlan[0].radio.energyConsumer,powerConsumption:vector,unit,W,,
Ieee802154Power-7-20260924-21:43:56-1666,vector,Ieee802154Showcase.sensor1.wlan[0].radio.energyConsumer,powerConsumption:vector,,,"0 0 0 0 0.266110865199 0.266110865199 0.267806865199 0.267998880263 0.268350880263 0.321340227629 0.321340227629 0.321340227629 0.321340227629 0.321532227629 0.321532227629 0.323228227629 0.323228227629 0.323228227629 0.323228227629 0.323228227629 0.323420278435 0.323420278435 0.323772278435 0.420652262956 0.422348262956 0.422540263041 0.422892263041 0.456864951034 0.458560951034 0.45875295545 0.45910495545 0.528404817263 0.530100817263 0.530292834289 0.530644834289 1.264190865199 1.265886865199 1.266078880263 1.266430880263 1.321340227629 1.321340227629 1.321340227629 1.321340227629 1.321532227629 1.321532227629 1.323228227629 1.323228227629 1.323228227629 1.323228227629 1.323228227629 1.323420278435 1.323420278435 1.323772278435 1.420972262956 1.422668262956 1.422860263041 1.423212263041 1.457184951034 1.458880951034 1.45907295545 1.45942495545 1.530324817263 1.532020817263 1.532212834289 1.532564834289 1.564930142858 1.566626142858 1.566818163098 1.567170163098 2.264190865199 2.265886865199 2.266078880263 2.266430880263 2.321340227629 2.321340227629 2.321340227629 2.321340227629 2.321532227629 2.321532227629 2.323228227629 2.323228227629 2.323228227629 2.323228227629 2.323228227629 2.323420278435 2.323420278435 2.323772278435 2.420972262956 2.422668262956 2.422860263041 2.423212263041 2.455904951034 2.457600951034 2.45779295545 2.45814495545 2.529364817263 2.531060817263 2.531252834289 2.531604834289 2.564930142858 2.566626142858 2.566818181731 2.567170181731 3.265150865199 3.266846865199 3.267038880263 3.267390880263 3.319420227629 3.319420227629 3.319420227629 3.319420227629 3.319612227629 3.319612227629 3.321308227629 3.321308227629 3.321308227629 3.321308227629 3.321308227629 3.321500278435 3.321500278435 3.321852278435 3.420652262956 3.422348262956 3.422540263041 3.422892263041 3.456864951034 3.458560951034 3.45875295545 3.45910495545 3.529044817263 3.530740817263 3.530932834289 3.531284834289 3.564930142858 3.566626142858 3.566818155489 3.567170155489 4.264510865199 4.266206865199 4.266398880263 4.266750880263 4.319420227629 4.319420227629 4.319420227629 4.319420227629 4.319612227629 4.319612227629 4.321308227629 4.321308227629 4.321308227629 4.321308227629 4.321308227629 4.321500278435 4.321500278435 4.321852278435 4.421932262956 4.423628262956 4.423820263041 4.424172263041 4.456864951034 4.458560951034 4.45875295545 4.45910495545 4.528724817263 4.530420817263 4.530612834289 4.530964834289 4.566850142858 4.568546142858 4.568738165864 4.569090165864 5.265150865199 5.266846865199 5.267038880263 5.267390880263 5.321340227629 5.321340227629 5.321340227629 5.321340227629 5.321532227629 5.321532227629 5.323228227629 5.323228227629 5.323228227629 5.323228227629 5.323228227629 5.323420278435 5.323420278435 5.323772278435 5.420972262956 5.422668262956 5.422860263041 5.423212263041 5.456864951034 5.458560951034 5.45875295545 5.45910495545 5.528404817263 5.530100817263 5.530292834289 5.530644834289 5.565570142858 5.567266142858 5.567458181041 5.567810181041 6.266110865199 6.267806865199 6.267998880263 6.268350880263 6.320380227629 6.320380227629 6.320380227629 6.320380227629 6.320572227629 6.320572227629 6.322268227629 6.322268227629 6.322268227629 6.322268227629 6.322268227629 6.322460278435 6.322460278435 6.322812278435 6.420972262956 6.422668262956 6.422860263041 6.423212263041 6.456864951034 6.458560951034 6.45875295545 6.45910495545 6.528084817263 6.529780817263 6.529972834289 6.530324834289 6.565570142858 6.567266142858 6.567458181041 6.567810181041 7.264830865199 7.266526865199 7.266718880263 7.267070880263 7.321020227629 7.321020227629 7.321020227629 7.321020227629 7.321212227629 7.321212227629 7.322908227629 7.322908227629 7.322908227629 7.322908227629 7.322908227629 7.323100278435 7.323100278435 7.323452278435 7.421932262956 7.423628262956 7.423820263041 7.424172263041 7.457504951034 7.459200951034 7.45939295545 7.45974495545 7.530324817263 7.532020817263 7.532212834289 7.532564834289 7.566210142858 7.567906142858 7.568098181731 7.568450181731 8.265470865199 8.267166865199 8.267358880263 8.267710880263 8.320700227629 8.320700227629 8.320700227629 8.320700227629 8.320892227629 8.320892227629 8.322588227629 8.322588227629 8.322588227629 8.322588227629 8.322588227629 8.322780278435 8.322780278435 8.323132278435 8.421612262956 8.423308262956 8.423500263041 8.423852263041 8.457504951034 8.459200951034 8.45939295545 8.45974495545 8.529684817263 8.531380817263 8.531572834289 8.531924834289 8.565570142858 8.567266142858 8.567458181041 8.567810181041 9.264510865199 9.266206865199 9.266398880263 9.266750880263 9.321340227629 9.321340227629 9.321340227629 9.321340227629 9.321532227629 9.321532227629 9.323228227629 9.323228227629 9.323228227629 9.323228227629 9.323228227629 9.323420278435 9.323420278435 9.323772278435 9.420972262956 9.422668262956 9.422860263041 9.423212263041 9.456224951034 9.457920951034 9.45811295545 9.45846495545 9.529684817263 9.531380817263 9.531572834289 9.531924834289 9.564610142858 9.566306142858 9.566498163098 9.566850163098 10.266110865199 10.267806865199 10.267998880263 10.268350880263 10.319740227629 10.319740227629 10.319740227629 10.319740227629 10.319932227629 10.319932227629 10.321628227629 10.321628227629 10.321628227629 10.321628227629 10.321628227629 10.321820278435 10.321820278435 10.322172278435 10.421612262956 10.423308262956 10.423500263041 10.423852263041 10.456544951034 10.458240951034 10.45843295545 10.45878495545 10.528724817263 10.530420817263 10.530612834289 10.530964834289 10.565890142858 10.567586142858 10.567778155489 10.568130155489 11.265790865199 11.267486865199 11.267678880263 11.268030880263 11.319740227629 11.319740227629 11.319740227629 11.319740227629 11.319932227629 11.319932227629 11.321628227629 11.321628227629 11.321628227629 11.321628227629 11.321628227629 11.321820278435 11.321820278435 11.322172278435 11.421292262956 11.422988262956 11.423180263041 11.423532263041 11.456224951034 11.457920951034 11.45811295545 11.45846495545 11.529364817263 11.531060817263 11.531252834289 11.531604834289 11.564610142858 11.566306142858 11.566498163414 11.566850163414 12.266110865199 12.267806865199 12.267998880263 12.268350880263 12.320700227629 12.320700227629 12.320700227629 12.320700227629 12.320892227629 12.320892227629 12.322588227629 12.322588227629 12.322588227629 12.322588227629 12.322588227629 12.322780278435 12.322780278435 12.323132278435 12.421932262956 12.423628262956 12.423820263041 12.424172263041 12.457184951034 12.458880951034 12.45907295545 12.45942495545 12.529364817263 12.531060817263 12.531252834289 12.531604834289 12.565570142858 12.567266142858 12.567458163414 12.567810163414 13.264190865199 13.265886865199 13.266078880263 13.266430880263 13.320700227629 13.320700227629 13.320700227629 13.320700227629 13.320892227629 13.320892227629 13.322588227629 13.322588227629 13.322588227629 13.322588227629 13.322588227629 13.322780278435 13.322780278435 13.323132278435 13.421612262956 13.423308262956 13.423500263041 13.423852263041 13.457184951034 13.458880951034 13.45907295545 13.45942495545 13.529044817263 13.530740817263 13.530932834289 13.531284834289 13.566850142858 13.568546142858 13.568738156623 13.569090156623 14.265470865199 14.267166865199 14.267358880263 14.267710880263 14.320700227629 14.320700227629 14.320700227629 14.320700227629 14.320892227629 14.320892227629 14.322588227629 14.322588227629 14.322588227629 14.322588227629 14.322588227629 14.322780278435 14.322780278435 14.323132278435 14.421932262956 14.423628262956 14.423820263041 14.424172263041 14.456544951034 14.458240951034 14.45843295545 14.45878495545 14.530004817263 14.531700817263 14.531892834289 14.532244834289 14.565570142858 14.567266142858 14.567458156623 14.567810156623 15.264830865199 15.266526865199 15.266718880263 15.267070880263 15.320380227629 15.320380227629 15.320380227629 15.320380227629 15.320572227629 15.320572227629 15.322268227629 15.322268227629 15.322268227629 15.322268227629 15.322268227629 15.322460278435 15.322460278435 15.322812278435 15.421292262956 15.422988262956 15.423180263041 15.423532263041 15.457504951034 15.459200951034 15.45939295545 15.45974495545 15.529684817263 15.531380817263 15.531572834289 15.531924834289 15.566850142858 15.568546142858 15.568738156623 15.569090156623 16.265790865199 16.267486865199 16.267678880263 16.268030880263 16.320380227629 16.320380227629 16.320380227629 16.320380227629 16.320572227629 16.320572227629 16.322268227629 16.322268227629 16.322268227629 16.322268227629 16.322268227629 16.322460278435 16.322460278435 16.322812278435 16.421612262956 16.423308262956 16.423500263041 16.423852263041 16.456224951034 16.457920951034 16.45811295545 16.45846495545 16.528084817263 16.529780817263 16.529972834289 16.530324834289 16.566850142858 16.568546142858 16.568738163098 16.569090163098 17.266430865199 17.268126865199 17.268318880263 17.268670880263 17.319740227629 17.319740227629 17.319740227629 17.319740227629 17.319932227629 17.319932227629 17.321628227629 17.321628227629 17.321628227629 17.321628227629 17.321628227629 17.321820278435 17.321820278435 17.322172278435 17.420012262956 17.421708262956 17.421900263041 17.422252263041 17.457504951034 17.459200951034 17.45939295545 17.45974495545 17.528404817263 17.530100817263 17.530292834289 17.530644834289 17.566530142858 17.568226142858 17.568418156623 17.568770156623 18.264190865199 18.265886865199 18.266078880263 18.266430880263 18.319420227629 18.319420227629 18.319420227629 18.319420227629 18.319612227629 18.319612227629 18.321308227629 18.321308227629 18.321308227629 18.321308227629 18.321308227629 18.321500278435 18.321500278435 18.321852278435 18.420012262956 18.421708262956 18.421900263041 18.422252263041 18.456864951034 18.458560951034 18.45875295545 18.45910495545 18.528724817263 18.530420817263 18.530612834289 18.530964834289 18.566210142858 18.567906142858 18.568098143547 18.568450143547 19.264830865199 19.266526865199 19.266718880263 19.267070880263 19.320380227629 19.320380227629 19.320380227629 19.320380227629 19.320572227629 19.320572227629 19.322268227629 19.322268227629 19.322268227629 19.322268227629 19.322268227629 19.322460278435 19.322460278435 19.322812278435 19.420652262956 19.422348262956 19.422540263041 19.422892263041 19.455904951034 19.457600951034 19.45779295545 19.45814495545 19.528404817263 19.530100817263 19.530292834289 19.530644834289 19.564930142858 19.566626142858 19.566818181041 19.567170181041 20.266110865199 20.267806865199 20.267998880263 20.268350880263 20.321020227629 20.321020227629 20.321020227629 20.321020227629 20.321212227629 20.321212227629 20.322908227629 20.322908227629 20.322908227629 20.322908227629 20.322908227629 20.323100278435 20.323100278435 20.323452278435 20.420972262956 20.422668262956 20.422860263041 20.423212263041 20.456224951034 20.457920951034 20.45811295545 20.45846495545 20.528084817263 20.529780817263 20.529972834289 20.530324834289 20.566850142858 20.568546142858 20.568738163098 20.569090163098 21.264190865199 21.265886865199 21.266078880263 21.266430880263 21.320380227629 21.320380227629 21.320380227629 21.320380227629 21.320572227629 21.320572227629 21.322268227629 21.322268227629 21.322268227629 21.322268227629 21.322268227629 21.322460278435 21.322460278435 21.322812278435 21.421612262956 21.423308262956 21.423500263041 21.423852263041 21.456544951034 21.458240951034 21.45843295545 21.45878495545 21.530324817263 21.532020817263 21.532212834289 21.532564834289 21.566210142858 21.567906142858 21.568098181731 21.568450181731 22.264190865199 22.265886865199 22.266078880263 22.266430880263 22.320060227629 22.320060227629 22.320060227629 22.320060227629 22.320252227629 22.320252227629 22.321948227629 22.321948227629 22.321948227629 22.321948227629 22.321948227629 22.322140278435 22.322140278435 22.322492278435 22.419692262956 22.421388262956 22.421580263041 22.421932263041 22.457184951034 22.458880951034 22.45907295545 22.45942495545 22.529364817263 22.531060817263 22.531252834289 22.531604834289 22.566210142858 22.567906142858 22.568098181731 22.568450181731 23.265790865199 23.267486865199 23.267678880263 23.268030880263 23.319740227629 23.319740227629 23.319740227629 23.319740227629 23.319932227629 23.319932227629 23.321628227629 23.321628227629 23.321628227629 23.321628227629 23.321628227629 23.321820278435 23.321820278435 23.322172278435 23.419692262956 23.421388262956 23.421580263041 23.421932263041 23.458144951034 23.459840951034 23.46003295545 23.46038495545 23.530324817263 23.532020817263 23.532212834289 23.532564834289 23.565250142858 23.566946142858 23.567138163098 23.567490163098 24.266110865199 24.267806865199 24.267998880263 24.268350880263 24.321020227629 24.321020227629 24.321020227629 24.321020227629 24.321212227629 24.321212227629 24.322908227629 24.322908227629 24.322908227629 24.322908227629 24.322908227629 24.323100278435 24.323100278435 24.323452278435 24.421292262956 24.422988262956 24.423180263041 24.423532263041 24.456224951034 24.457920951034 24.45811295545 24.45846495545 24.528084817263 24.529780817263 24.529972834289 24.530324834289 24.566850142858 24.568546142858 24.568738181731 24.569090181731 25.264830865199 25.266526865199 25.266718880263 25.267070880263 25.319420227629 25.319420227629 25.319420227629 25.319420227629 25.319612227629 25.319612227629 25.321308227629 25.321308227629 25.321308227629 25.321308227629 25.321308227629 25.321500278435 25.321500278435 25.321852278435 25.420652262956 25.422348262956 25.422540263041 25.422892263041 25.457824951034 25.459520951034 25.45971295545 25.46006495545 25.529684817263 25.531380817263 25.531572834289 25.531924834289 25.564930142858 25.566626142858 25.566818181731 25.567170181731 26.266110865199 26.267806865199 26.267998880263 26.268350880263 26.320380227629 26.320380227629 26.320380227629 26.320380227629 26.320572227629 26.320572227629 26.322268227629 26.322268227629 26.322268227629 26.322268227629 26.322268227629 26.322460278435 26.322460278435 26.322812278435 26.420972262956 26.422668262956 26.422860263041 26.423212263041 26.456224951034 26.457920951034 26.45811295545 26.45846495545 26.528724817263 26.530420817263 26.530612834289 26.530964834289 26.565890142858 26.567586142858 26.567778143547 26.568130143547 27.264510865199 27.266206865199 27.266398880263 27.266750880263 27.320380227629 27.320380227629 27.320380227629 27.320380227629 27.320572227629 27.320572227629 27.322268227629 27.322268227629 27.322268227629 27.322268227629 27.322268227629 27.322460278435 27.322460278435 27.322812278435 27.420012262956 27.421708262956 27.421900263041 27.422252263041 27.457824951034 27.459520951034 27.45971295545 27.46006495545 27.529684817263 27.531380817263 27.531572834289 27.531924834289 27.565890142858 27.567586142858 27.567778163098 27.568130163098 28.265470865199 28.267166865199 28.267358880263 28.267710880263 28.320380227629 28.320380227629 28.320380227629 28.320380227629 28.320572227629 28.320572227629 28.322268227629 28.322268227629 28.322268227629 28.322268227629 28.322268227629 28.322460278435 28.322460278435 28.322812278435 28.420012262956 28.421708262956 28.421900263041 28.422252263041 28.455904951034 28.457600951034 28.45779295545 28.45814495545 28.528724817263 28.530420817263 28.530612834289 28.530964834289 28.566530142858 28.568226142858 28.568418163414 28.568770163414 29.265790865199 29.267486865199 29.267678880263 29.268030880263 29.321340227629 29.321340227629 29.321340227629 29.321340227629 29.321532227629 29.321532227629 29.323228227629 29.323228227629 29.323228227629 29.323228227629 29.323228227629 29.323420278435 29.323420278435 29.323772278435 29.421292262956 29.422988262956 29.423180263041 29.423532263041 29.458144951034 29.459840951034 29.46003295545 29.46038495545 29.528084817263 29.529780817263 29.529972834289 29.530324834289 29.566530142858 29.568226142858 29.568418163098 29.568770163098 30.265470865199 30.267166865199 30.267358880263 30.267710880263 30.321020227629 30.321020227629 30.321020227629 30.321020227629 30.321212227629 30.321212227629 30.322908227629 30.322908227629 30.322908227629 30.322908227629 30.322908227629 30.323100278435 30.323100278435 30.323452278435 30.420332262956 30.422028262956 30.422220263041 30.422572263041 30.457824951034 30.459520951034 30.45971295545 30.46006495545 30.529684817263 30.531380817263 30.531572834289 30.531924834289 30.565570142858 30.567266142858 30.567458181731 30.567810181731 31.264190865199 31.265886865199 31.266078880263 31.266430880263 31.320380227629 31.320380227629 31.320380227629 31.320380227629 31.320572227629 31.320572227629 31.322268227629 31.322268227629 31.322268227629 31.322268227629 31.322268227629 31.322460278435 31.322460278435 31.322812278435 31.419692262956 31.421388262956 31.421580263041 31.421932263041 31.456224951034 31.457920951034 31.45811295545 31.45846495545 31.530324817263 31.532020817263 31.532212834289 31.532564834289 31.566530142858 31.568226142858 31.568418156623 31.568770156623 32.266110865199 32.267806865199 32.267998880263 32.268350880263 32.320700227629 32.320700227629 32.320700227629 32.320700227629 32.320892227629 32.320892227629 32.322588227629 32.322588227629 32.322588227629 32.322588227629 32.322588227629 32.322780278435 32.322780278435 32.323132278435 32.420012262956 32.421708262956 32.421900263041 32.422252263041 32.456224951034 32.457920951034 32.45811295545 32.45846495545 32.530324817263 32.532020817263 32.532212834289 32.532564834289 32.564610142858 32.566306142858 32.566498181041 32.566850181041 33.265790865199 33.267486865199 33.267678880263 33.268030880263 33.320380227629 33.320380227629 33.320380227629 33.320380227629 33.320572227629 33.320572227629 33.322268227629 33.322268227629 33.322268227629 33.322268227629 33.322268227629 33.322460278435 33.322460278435 33.322812278435 33.420972262956 33.422668262956 33.422860263041 33.423212263041 33.457504951034 33.459200951034 33.45939295545 33.45974495545 33.529044817263 33.530740817263 33.530932834289 33.531284834289 33.565570142858 33.567266142858 33.567458156623 33.567810156623 34.264190865199 34.265886865199 34.266078880263 34.266430880263 34.320060227629 34.320060227629 34.320060227629 34.320060227629 34.320252227629 34.320252227629 34.321948227629 34.321948227629 34.321948227629 34.321948227629 34.321948227629 34.322140278435 34.322140278435 34.322492278435 34.421932262956 34.423628262956 34.423820263041 34.424172263041 34.458144951034 34.459840951034 34.46003295545 34.46038495545 34.530004817263 34.531700817263 34.531892834289 34.532244834289 34.566850142858 34.568546142858 34.568738181731 34.569090181731 35.265790865199 35.267486865199 35.267678880263 35.268030880263 35.320060227629 35.320060227629 35.320060227629 35.320060227629 35.320252227629 35.320252227629 35.321948227629 35.321948227629 35.321948227629 35.321948227629 35.321948227629 35.322140278435 35.322140278435 35.322492278435 35.420012262956 35.421708262956 35.421900263041 35.422252263041 35.455904951034 35.457600951034 35.45779295545 35.45814495545 35.530324817263 35.532020817263 35.532212834289 35.532564834289 35.565250142858 35.566946142858 35.567138163098 35.567490163098 36.265150865199 36.266846865199 36.267038880263 36.267390880263 36.319740227629 36.319740227629 36.319740227629 36.319740227629 36.319932227629 36.319932227629 36.321628227629 36.321628227629 36.321628227629 36.321628227629 36.321628227629 36.321820278435 36.321820278435 36.322172278435 36.419692262956 36.421388262956 36.421580263041 36.421932263041 36.457504951034 36.459200951034 36.45939295545 36.45974495545 36.529364817263 36.531060817263 36.531252834289 36.531604834289 36.565250142858 36.566946142858 36.567138163414 36.567490163414 37.265470865199 37.267166865199 37.267358880263 37.267710880263 37.319740227629 37.319740227629 37.319740227629 37.319740227629 37.319932227629 37.319932227629 37.321628227629 37.321628227629 37.321628227629 37.321628227629 37.321628227629 37.321820278435 37.321820278435 37.322172278435 37.420652262956 37.422348262956 37.422540263041 37.422892263041 37.457504951034 37.459200951034 37.45939295545 37.45974495545 37.530004817263 37.531700817263 37.531892834289 37.532244834289 37.564930142858 37.566626142858 37.566818143547 37.567170143547 38.265150865199 38.266846865199 38.267038880263 38.267390880263 38.319740227629 38.319740227629 38.319740227629 38.319740227629 38.319932227629 38.319932227629 38.321628227629 38.321628227629 38.321628227629 38.321628227629 38.321628227629 38.321820278435 38.321820278435 38.322172278435 38.420332262956 38.422028262956 38.422220263041 38.422572263041 38.455904951034 38.457600951034 38.45779295545 38.45814495545 38.530004817263 38.531700817263 38.531892834289 38.532244834289 38.564930142858 38.566626142858 38.566818181041 38.567170181041 39.264190865199 39.265886865199 39.266078880263 39.266430880263 39.319100227629 39.319100227629 39.319100227629 39.319100227629 39.319292227629 39.319292227629 39.320988227629 39.320988227629 39.320988227629 39.320988227629 39.320988227629 39.321180278435 39.321180278435 39.321532278435 39.420332262956 39.422028262956 39.422220263041 39.422572263041 39.456544951034 39.458240951034 39.45843295545 39.45878495545 39.529364817263 39.531060817263 39.531252834289 39.531604834289 39.564930142858 39.566626142858 39.566818181731 39.567170181731 40.265790865199 40.267486865199 40.267678880263 40.268030880263 40.320380227629 40.320380227629 40.320380227629 40.320380227629 40.320572227629 40.320572227629 40.322268227629 40.322268227629 40.322268227629 40.322268227629 40.322268227629 40.322460278435 40.322460278435 40.322812278435 40.421612262956 40.423308262956 40.423500263041 40.423852263041 40.456224951034 40.457920951034 40.45811295545 40.45846495545 40.529364817263 40.531060817263 40.531252834289 40.531604834289 40.565890142858 40.567586142858 40.567778143547 40.568130143547 41.265470865199 41.267166865199 41.267358880263 41.267710880263 41.320700227629 41.320700227629 41.320700227629 41.320700227629 41.320892227629 41.320892227629 41.322588227629 41.322588227629 41.322588227629 41.322588227629 41.322588227629 41.322780278435 41.322780278435 41.323132278435 41.421932262956 41.423628262956 41.423820263041 41.424172263041 41.457504951034 41.459200951034 41.45939295545 41.45974495545 41.530004817263 41.531700817263 41.531892834289 41.532244834289 41.566530142858 41.568226142858 41.568418155489 41.568770155489 42.265150865199 42.266846865199 42.267038880263 42.267390880263 42.320380227629 42.320380227629 42.320380227629 42.320380227629 42.320572227629 42.320572227629 42.322268227629 42.322268227629 42.322268227629 42.322268227629 42.322268227629 42.322460278435 42.322460278435 42.322812278435 42.420012262956 42.421708262956 42.421900263041 42.422252263041 42.458144951034 42.459840951034 42.46003295545 42.46038495545 42.528084817263 42.529780817263 42.529972834289 42.530324834289 42.565250142858 42.566946142858 42.567138181731 42.567490181731 43.264830865199 43.266526865199 43.266718880263 43.267070880263 43.319420227629 43.319420227629 43.319420227629 43.319420227629 43.319612227629 43.319612227629 43.321308227629 43.321308227629 43.321308227629 43.321308227629 43.321308227629 43.321500278435 43.321500278435 43.321852278435 43.420332262956 43.422028262956 43.422220263041 43.422572263041 43.456544951034 43.458240951034 43.45843295545 43.45878495545 43.529364817263 43.531060817263 43.531252834289 43.531604834289 43.565890142858 43.567586142858 43.567778181731 43.568130181731 44.266430865199 44.268126865199 44.268318880263 44.268670880263 44.319740227629 44.319740227629 44.319740227629 44.319740227629 44.319932227629 44.319932227629 44.321628227629 44.321628227629 44.321628227629 44.321628227629 44.321628227629 44.321820278435 44.321820278435 44.322172278435 44.420332262956 44.422028262956 44.422220263041 44.422572263041 44.455904951034 44.457600951034 44.45779295545 44.45814495545 44.528084817263 44.529780817263 44.529972834289 44.530324834289 44.565890142858 44.567586142858 44.567778165864 44.568130165864 45.265470865199 45.267166865199 45.267358880263 45.267710880263 45.321340227629 45.321340227629 45.321340227629 45.321340227629 45.321532227629 45.321532227629 45.323228227629 45.323228227629 45.323228227629 45.323228227629 45.323228227629 45.323420278435 45.323420278435 45.323772278435 45.420972262956 45.422668262956 45.422860263041 45.423212263041 45.456224951034 45.457920951034 45.45811295545 45.45846495545 45.528084817263 45.529780817263 45.529972834289 45.530324834289 45.564610142858 45.566306142858 45.566498163414 45.566850163414 46.266110865199 46.267806865199 46.267998880263 46.268350880263 46.319740227629 46.319740227629 46.319740227629 46.319740227629 46.319932227629 46.319932227629 46.321628227629 46.321628227629 46.321628227629 46.321628227629 46.321628227629 46.321820278435 46.321820278435 46.322172278435 46.420332262956 46.422028262956 46.422220263041 46.422572263041 46.458144951034 46.459840951034 46.46003295545 46.46038495545 46.528404817263 46.530100817263 46.530292834289 46.530644834289 46.564610142858 46.566306142858 46.566498163098 46.566850163098 47.264830865199 47.266526865199 47.266718880263 47.267070880263 47.321340227629 47.321340227629 47.321340227629 47.321340227629 47.321532227629 47.321532227629 47.323228227629 47.323228227629 47.323228227629 47.323228227629 47.323228227629 47.323420278435 47.323420278435 47.323772278435 47.420972262956 47.422668262956 47.422860263041 47.423212263041 47.456864951034 47.458560951034 47.45875295545 47.45910495545 47.530004817263 47.531700817263 47.531892834289 47.532244834289 47.564610142858 47.566306142858 47.566498165864 47.566850165864 48.266110865199 48.267806865199 48.267998880263 48.268350880263 48.320380227629 48.320380227629 48.320380227629 48.320380227629 48.320572227629 48.320572227629 48.322268227629 48.322268227629 48.322268227629 48.322268227629 48.322268227629 48.322460278435 48.322460278435 48.322812278435 48.420652262956 48.422348262956 48.422540263041 48.422892263041 48.456864951034 48.458560951034 48.45875295545 48.45910495545 48.530004817263 48.531700817263 48.531892834289 48.532244834289 48.565890142858 48.567586142858 48.567778181041 48.568130181041 49.265790865199 49.267486865199 49.267678880263 49.268030880263 49.319420227629 49.319420227629 49.319420227629 49.319420227629 49.319612227629 49.319612227629 49.321308227629 49.321308227629 49.321308227629 49.321308227629 49.321308227629 49.321500278435 49.321500278435 49.321852278435 49.420332262956 49.422028262956 49.422220263041 49.422572263041 49.455904951034 49.457600951034 49.45779295545 49.45814495545 49.528724817263 49.530420817263 49.530612834289 49.530964834289 49.564610142858 49.566306142858 49.566498163414 49.566850163414 50.266110865199 50.267806865199 50.267998880263 50.268350880263 50.320700227629 50.320700227629 50.320700227629 50.320700227629 50.320892227629 50.320892227629 50.322588227629 50.322588227629 50.322588227629 50.322588227629 50.322588227629 50.322780278435 50.322780278435 50.323132278435 50.421612262956 50.423308262956 50.423500263041 50.423852263041 50.456864951034 50.458560951034 50.45875295545 50.45910495545 50.530324817263 50.532020817263 50.532212834289 50.532564834289 50.565890142858 50.567586142858 50.567778155489 50.568130155489 51.265470865199 51.267166865199 51.267358880263 51.267710880263 51.319100227629 51.319100227629 51.319100227629 51.319100227629 51.319292227629 51.319292227629 51.320988227629 51.320988227629 51.320988227629 51.320988227629 51.320988227629 51.321180278435 51.321180278435 51.321532278435 51.420332262956 51.422028262956 51.422220263041 51.422572263041 51.456864951034 51.458560951034 51.45875295545 51.45910495545 51.528084817263 51.529780817263 51.529972834289 51.530324834289 51.566850142858 51.568546142858 51.568738181041 51.569090181041 52.264830865199 52.266526865199 52.266718880263 52.267070880263 52.320380227629 52.320380227629 52.320380227629 52.320380227629 52.320572227629 52.320572227629 52.322268227629 52.322268227629 52.322268227629 52.322268227629 52.322268227629 52.322460278435 52.322460278435 52.322812278435 52.421292262956 52.422988262956 52.423180263041 52.423532263041 52.457184951034 52.458880951034 52.45907295545 52.45942495545 52.528404817263 52.530100817263 52.530292834289 52.530644834289 52.565250142858 52.566946142858 52.567138155489 52.567490155489 53.266110865199 53.267806865199 53.267998880263 53.268350880263 53.319100227629 53.319100227629 53.319100227629 53.319100227629 53.319292227629 53.319292227629 53.320988227629 53.320988227629 53.320988227629 53.320988227629 53.320988227629 53.321180278435 53.321180278435 53.321532278435 53.420012262956 53.421708262956 53.421900263041 53.422252263041 53.457184951034 53.458880951034 53.45907295545 53.45942495545 53.530004817263 53.531700817263 53.531892834289 53.532244834289 53.566850142858 53.568546142858 53.568738143547 53.569090143547 54.264830865199 54.266526865199 54.266718880263 54.267070880263 54.320700227629 54.320700227629 54.320700227629 54.320700227629 54.320892227629 54.320892227629 54.322588227629 54.322588227629 54.322588227629 54.322588227629 54.322588227629 54.322780278435 54.322780278435 54.323132278435 54.420012262956 54.421708262956 54.421900263041 54.422252263041 54.458144951034 54.459840951034 54.46003295545 54.46038495545 54.528084817263 54.529780817263 54.529972834289 54.530324834289 54.566850142858 54.568546142858 54.568738181041 54.569090181041 55.264830865199 55.266526865199 55.266718880263 55.267070880263 55.321020227629 55.321020227629 55.321020227629 55.321020227629 55.321212227629 55.321212227629 55.322908227629 55.322908227629 55.322908227629 55.322908227629 55.322908227629 55.323100278435 55.323100278435 55.323452278435 55.420332262956 55.422028262956 55.422220263041 55.422572263041 55.457824951034 55.459520951034 55.45971295545 55.46006495545 55.530324817263 55.532020817263 55.532212834289 55.532564834289 55.566210142858 55.567906142858 55.568098143547 55.568450143547 56.264510865199 56.266206865199 56.266398880263 56.266750880263 56.321340227629 56.321340227629 56.321340227629 56.321340227629 56.321532227629 56.321532227629 56.323228227629 56.323228227629 56.323228227629 56.323228227629 56.323228227629 56.323420278435 56.323420278435 56.323772278435 56.420972262956 56.422668262956 56.422860263041 56.423212263041 56.458144951034 56.459840951034 56.46003295545 56.46038495545 56.529364817263 56.531060817263 56.531252834289 56.531604834289 56.564930142858 56.566626142858 56.566818181731 56.567170181731 57.265790865199 57.267486865199 57.267678880263 57.268030880263 57.319100227629 57.319100227629 57.319100227629 57.319100227629 57.319292227629 57.319292227629 57.320988227629 57.320988227629 57.320988227629 57.320988227629 57.320988227629 57.321180278435 57.321180278435 57.321532278435 57.419692262956 57.421388262956 57.421580263041 57.421932263041 57.456544951034 57.458240951034 57.45843295545 57.45878495545 57.528724817263 57.530420817263 57.530612834289 57.530964834289 57.566530142858 57.568226142858 57.568418156623 57.568770156623 58.264510865199 58.266206865199 58.266398880263 58.266750880263 58.319100227629 58.319100227629 58.319100227629 58.319100227629 58.319292227629 58.319292227629 58.320988227629 58.320988227629 58.320988227629 58.320988227629 58.320988227629 58.321180278435 58.321180278435 58.321532278435 58.421612262956 58.423308262956 58.423500263041 58.423852263041 58.457504951034 58.459200951034 58.45939295545 58.45974495545 58.529044817263 58.530740817263 58.530932834289 58.531284834289 58.566530142858 58.568226142858 58.568418155489 58.568770155489 59.264510865199 59.266206865199 59.266398880263 59.266750880263 59.320700227629 59.320700227629 59.320700227629 59.320700227629 59.320892227629 59.320892227629 59.322588227629 59.322588227629 59.322588227629 59.322588227629 59.322588227629 59.322780278435 59.322780278435 59.323132278435 59.420012262956 59.421708262956 59.421900263041 59.422252263041 59.457824951034 59.459520951034 59.45971295545 59.46006495545 59.529364817263 59.531060817263 59.531252834289 59.531604834289 59.566530142858 59.568226142858 59.568418163414 59.568770163414 60.266430865199 60.268126865199 60.268318880263 60.268670880263 60.319420227629 60.319420227629 60.319420227629 60.319420227629 60.319612227629 60.319612227629 60.321308227629 60.321308227629 60.321308227629 60.321308227629 60.321308227629 60.321500278435 60.321500278435 60.321852278435 60.420652262956 60.422348262956 60.422540263041 60.422892263041 60.457824951034 60.459520951034 60.45971295545 60.46006495545 60.528724817263 60.530420817263 60.530612834289 60.530964834289 60.565250142858 60.566946142858 60.567138163098 60.567490163098 61.265790865199 61.267486865199 61.267678880263 61.268030880263 61.320380227629 61.320380227629 61.320380227629 61.320380227629 61.320572227629 61.320572227629 61.322268227629 61.322268227629 61.322268227629 61.322268227629 61.322268227629 61.322460278435 61.322460278435 61.322812278435 61.420972262956 61.422668262956 61.422860263041 61.423212263041 61.457504951034 61.459200951034 61.45939295545 61.45974495545 61.529684817263 61.531380817263 61.531572834289 61.531924834289 61.566850142858 61.568546142858 61.568738155489 61.569090155489 62.265150865199 62.266846865199 62.267038880263 62.267390880263 62.320700227629 62.320700227629 62.320700227629 62.320700227629 62.320892227629 62.320892227629 62.322588227629 62.322588227629 62.322588227629 62.322588227629 62.322588227629 62.322780278435 62.322780278435 62.323132278435 62.419692262956 62.421388262956 62.421580263041 62.421932263041 62.457824951034 62.459520951034 62.45971295545 62.46006495545 62.528724817263 62.530420817263 62.530612834289 62.530964834289 62.564610142858 62.566306142858 62.566498181041 62.566850181041 63.265470865199 63.267166865199 63.267358880263 63.267710880263 63.320380227629 63.320380227629 63.320380227629 63.320380227629 63.320572227629 63.320572227629 63.322268227629 63.322268227629 63.322268227629 63.322268227629 63.322268227629 63.322460278435 63.322460278435 63.322812278435 63.421292262956 63.422988262956 63.423180263041 63.423532263041 63.457184951034 63.458880951034 63.45907295545 63.45942495545 63.528724817263 63.530420817263 63.530612834289 63.530964834289 63.566530142858 63.568226142858 63.568418143547 63.568770143547 64.265150865199 64.266846865199 64.267038880263 64.267390880263 64.319100227629 64.319100227629 64.319100227629 64.319100227629 64.319292227629 64.319292227629 64.320988227629 64.320988227629 64.320988227629 64.320988227629 64.320988227629 64.321180278435 64.321180278435 64.321532278435 64.421612262956 64.423308262956 64.423500263041 64.423852263041 64.456864951034 64.458560951034 64.45875295545 64.45910495545 64.530324817263 64.532020817263 64.532212834289 64.532564834289 64.565890142858 64.567586142858 64.567778155489 64.568130155489 65.264190865199 65.265886865199 65.266078880263 65.266430880263 65.319740227629 65.319740227629 65.319740227629 65.319740227629 65.319932227629 65.319932227629 65.321628227629 65.321628227629 65.321628227629 65.321628227629 65.321628227629 65.321820278435 65.321820278435 65.322172278435 65.421932262956 65.423628262956 65.423820263041 65.424172263041 65.457824951034 65.459520951034 65.45971295545 65.46006495545 65.528724817263 65.530420817263 65.530612834289 65.530964834289 65.564930142858 65.566626142858 65.566818181731 65.567170181731 66.264830865199 66.266526865199 66.266718880263 66.267070880263 66.320380227629 66.320380227629 66.320380227629 66.320380227629 66.320572227629 66.320572227629 66.322268227629 66.322268227629 66.322268227629 66.322268227629 66.322268227629 66.322460278435 66.322460278435 66.322812278435 66.420332262956 66.422028262956 66.422220263041 66.422572263041 66.456224951034 66.457920951034 66.45811295545 66.45846495545 66.529364817263 66.531060817263 66.531252834289 66.531604834289 66.565250142858 66.566946142858 66.567138163414 66.567490163414 67.264510865199 67.266206865199 67.266398880263 67.266750880263 67.321020227629 67.321020227629 67.321020227629 67.321020227629 67.321212227629 67.321212227629 67.322908227629 67.322908227629 67.322908227629 67.322908227629 67.322908227629 67.323100278435 67.323100278435 67.323452278435 67.420332262956 67.422028262956 67.422220263041 67.422572263041 67.457824951034 67.459520951034 67.45971295545 67.46006495545 67.530004817263 67.531700817263 67.531892834289 67.532244834289 67.566210142858 67.567906142858 67.568098156623 67.568450156623 68.264190865199 68.265886865199 68.266078880263 68.266430880263 68.319740227629 68.319740227629 68.319740227629 68.319740227629 68.319932227629 68.319932227629 68.321628227629 68.321628227629 68.321628227629 68.321628227629 68.321628227629 68.321820278435 68.321820278435 68.322172278435 68.421292262956 68.422988262956 68.423180263041 68.423532263041 68.455904951034 68.457600951034 68.45779295545 68.45814495545 68.529044817263 68.530740817263 68.530932834289 68.531284834289 68.565890142858 68.567586142858 68.567778156623 68.568130156623 69.265470865199 69.267166865199 69.267358880263 69.267710880263 69.319100227629 69.319100227629 69.319100227629 69.319100227629 69.319292227629 69.319292227629 69.320988227629 69.320988227629 69.320988227629 69.320988227629 69.320988227629 69.321180278435 69.321180278435 69.321532278435 69.420332262956 69.422028262956 69.422220263041 69.422572263041 69.457504951034 69.459200951034 69.45939295545 69.45974495545 69.528404817263 69.530100817263 69.530292834289 69.530644834289 69.566530142858 69.568226142858 69.568418155489 69.568770155489 70.265790865199 70.267486865199 70.267678880263 70.268030880263 70.320060227629 70.320060227629 70.320060227629 70.320060227629 70.320252227629 70.320252227629 70.321948227629 70.321948227629 70.321948227629 70.321948227629 70.321948227629 70.322140278435 70.322140278435 70.322492278435 70.420332262956 70.422028262956 70.422220263041 70.422572263041 70.456864951034 70.458560951034 70.45875295545 70.45910495545 70.530324817263 70.532020817263 70.532212834289 70.532564834289 70.565570142858 70.567266142858 70.567458143547 70.567810143547 71.265150865199 71.266846865199 71.267038880263 71.267390880263 71.319100227629 71.319100227629 71.319100227629 71.319100227629 71.319292227629 71.319292227629 71.320988227629 71.320988227629 71.320988227629 71.320988227629 71.320988227629 71.321180278435 71.321180278435 71.321532278435 71.421612262956 71.423308262956 71.423500263041 71.423852263041 71.457504951034 71.459200951034 71.45939295545 71.45974495545 71.529364817263 71.531060817263 71.531252834289 71.531604834289 71.566850142858 71.568546142858 71.568738163098 71.569090163098 72.264830865199 72.266526865199 72.266718880263 72.267070880263 72.320700227629 72.320700227629 72.320700227629 72.320700227629 72.320892227629 72.320892227629 72.322588227629 72.322588227629 72.322588227629 72.322588227629 72.322588227629 72.322780278435 72.322780278435 72.323132278435 72.421932262956 72.423628262956 72.423820263041 72.424172263041 72.455904951034 72.457600951034 72.45779295545 72.45814495545 72.529044817263 72.530740817263 72.530932834289 72.531284834289 72.566850142858 72.568546142858 72.568738181731 72.569090181731 73.265790865199 73.267486865199 73.267678880263 73.268030880263 73.320380227629 73.320380227629 73.320380227629 73.320380227629 73.320572227629 73.320572227629 73.322268227629 73.322268227629 73.322268227629 73.322268227629 73.322268227629 73.322460278435 73.322460278435 73.322812278435 73.421612262956 73.423308262956 73.423500263041 73.423852263041 73.457184951034 73.458880951034 73.45907295545 73.45942495545 73.528724817263 73.530420817263 73.530612834289 73.530964834289 73.564610142858 73.566306142858 73.566498181731 73.566850181731 74.264510865199 74.266206865199 74.266398880263 74.266750880263 74.320060227629 74.320060227629 74.320060227629 74.320060227629 74.320252227629 74.320252227629 74.321948227629 74.321948227629 74.321948227629 74.321948227629 74.321948227629 74.322140278435 74.322140278435 74.322492278435 74.419692262956 74.421388262956 74.421580263041 74.421932263041 74.456224951034 74.457920951034 74.45811295545 74.45846495545 74.530324817263 74.532020817263 74.532212834289 74.532564834289 74.566850142858 74.568546142858 74.568738156623 74.569090156623 75.265150865199 75.266846865199 75.267038880263 75.267390880263 75.320380227629 75.320380227629 75.320380227629 75.320380227629 75.320572227629 75.320572227629 75.322268227629 75.322268227629 75.322268227629 75.322268227629 75.322268227629 75.322460278435 75.322460278435 75.322812278435 75.419692262956 75.421388262956 75.421580263041 75.421932263041 75.458144951034 75.459840951034 75.46003295545 75.46038495545 75.529684817263 75.531380817263 75.531572834289 75.531924834289 75.565570142858 75.567266142858 75.567458156623 75.567810156623 76.265470865199 76.267166865199 76.267358880263 76.267710880263 76.320060227629 76.320060227629 76.320060227629 76.320060227629 76.320252227629 76.320252227629 76.321948227629 76.321948227629 76.321948227629 76.321948227629 76.321948227629 76.322140278435 76.322140278435 76.322492278435 76.420332262956 76.422028262956 76.422220263041 76.422572263041 76.456224951034 76.457920951034 76.45811295545 76.45846495545 76.528724817263 76.530420817263 76.530612834289 76.530964834289 76.566210142858 76.567906142858 76.568098181731 76.568450181731 77.265470865199 77.267166865199 77.267358880263 77.267710880263 77.320060227629 77.320060227629 77.320060227629 77.320060227629 77.320252227629 77.320252227629 77.321948227629 77.321948227629 77.321948227629 77.321948227629 77.321948227629 77.322140278435 77.322140278435 77.322492278435 77.419692262956 77.421388262956 77.421580263041 77.421932263041 77.456864951034 77.458560951034 77.45875295545 77.45910495545 77.528404817263 77.530100817263 77.530292834289 77.530644834289 77.565250142858 77.566946142858 77.567138181041 77.567490181041 78.265150865199 78.266846865199 78.267038880263 78.267390880263 78.319100227629 78.319100227629 78.319100227629 78.319100227629 78.319292227629 78.319292227629 78.320988227629 78.320988227629 78.320988227629 78.320988227629 78.320988227629 78.321180278435 78.321180278435 78.321532278435 78.420652262956 78.422348262956 78.422540263041 78.422892263041 78.456544951034 78.458240951034 78.45843295545 78.45878495545 78.528084817263 78.529780817263 78.529972834289 78.530324834289 78.564930142858 78.566626142858 78.566818163414 78.567170163414 79.266430865199 79.268126865199 79.268318880263 79.268670880263 79.321340227629 79.321340227629 79.321340227629 79.321340227629 79.321532227629 79.321532227629 79.323228227629 79.323228227629 79.323228227629 79.323228227629 79.323228227629 79.323420278435 79.323420278435 79.323772278435 79.420012262956 79.421708262956 79.421900263041 79.422252263041 79.457504951034 79.459200951034 79.45939295545 79.45974495545 79.528724817263 79.530420817263 79.530612834289 79.530964834289 79.565570142858 79.567266142858 79.567458163414 79.567810163414 80.264510865199 80.266206865199 80.266398880263 80.266750880263 80.319420227629 80.319420227629 80.319420227629 80.319420227629 80.319612227629 80.319612227629 80.321308227629 80.321308227629 80.321308227629 80.321308227629 80.321308227629 80.321500278435 80.321500278435 80.321852278435 80.421932262956 80.423628262956 80.423820263041 80.424172263041 80.457504951034 80.459200951034 80.45939295545 80.45974495545 80.529044817263 80.530740817263 80.530932834289 80.531284834289 80.566850142858 80.568546142858 80.568738155489 80.569090155489 81.266110865199 81.267806865199 81.267998880263 81.268350880263 81.319100227629 81.319100227629 81.319100227629 81.319100227629 81.319292227629 81.319292227629 81.320988227629 81.320988227629 81.320988227629 81.320988227629 81.320988227629 81.321180278435 81.321180278435 81.321532278435 81.421612262956 81.423308262956 81.423500263041 81.423852263041 81.455904951034 81.457600951034 81.45779295545 81.45814495545 81.528404817263 81.530100817263 81.530292834289 81.530644834289 81.565890142858 81.567586142858 81.567778156623 81.568130156623 82.265470865199 82.267166865199 82.267358880263 82.267710880263 82.321020227629 82.321020227629 82.321020227629 82.321020227629 82.321212227629 82.321212227629 82.322908227629 82.322908227629 82.322908227629 82.322908227629 82.322908227629 82.323100278435 82.323100278435 82.323452278435 82.421612262956 82.423308262956 82.423500263041 82.423852263041 82.458144951034 82.459840951034 82.46003295545 82.46038495545 82.528084817263 82.529780817263 82.529972834289 82.530324834289 82.564930142858 82.566626142858 82.566818143547 82.567170143547 83.264830865199 83.266526865199 83.266718880263 83.267070880263 83.319420227629 83.319420227629 83.319420227629 83.319420227629 83.319612227629 83.319612227629 83.321308227629 83.321308227629 83.321308227629 83.321308227629 83.321308227629 83.321500278435 83.321500278435 83.321852278435 83.421932262956 83.423628262956 83.423820263041 83.424172263041 83.456864951034 83.458560951034 83.45875295545 83.45910495545 83.529044817263 83.530740817263 83.530932834289 83.531284834289 83.565890142858 83.567586142858 83.567778163098 83.568130163098 84.264510865199 84.266206865199 84.266398880263 84.266750880263 84.319420227629 84.319420227629 84.319420227629 84.319420227629 84.319612227629 84.319612227629 84.321308227629 84.321308227629 84.321308227629 84.321308227629 84.321308227629 84.321500278435 84.321500278435 84.321852278435 84.421292262956 84.422988262956 84.423180263041 84.423532263041 84.455904951034 84.457600951034 84.45779295545 84.45814495545 84.529044817263 84.530740817263 84.530932834289 84.531284834289 84.565250142858 84.566946142858 84.567138181041 84.567490181041 85.264830865199 85.266526865199 85.266718880263 85.267070880263 85.320380227629 85.320380227629 85.320380227629 85.320380227629 85.320572227629 85.320572227629 85.322268227629 85.322268227629 85.322268227629 85.322268227629 85.322268227629 85.322460278435 85.322460278435 85.322812278435 85.420332262956 85.422028262956 85.422220263041 85.422572263041 85.457504951034 85.459200951034 85.45939295545 85.45974495545 85.529044817263 85.530740817263 85.530932834289 85.531284834289 85.564610142858 85.566306142858 85.566498163414 85.566850163414 86.264190865199 86.265886865199 86.266078880263 86.266430880263 86.319100227629 86.319100227629 86.319100227629 86.319100227629 86.319292227629 86.319292227629 86.320988227629 86.320988227629 86.320988227629 86.320988227629 86.320988227629 86.321180278435 86.321180278435 86.321532278435 86.421292262956 86.422988262956 86.423180263041 86.423532263041 86.458144951034 86.459840951034 86.46003295545 86.46038495545 86.529044817263 86.530740817263 86.530932834289 86.531284834289 86.564930142858 86.566626142858 86.566818181731 86.567170181731 87.264830865199 87.266526865199 87.266718880263 87.267070880263 87.319420227629 87.319420227629 87.319420227629 87.319420227629 87.319612227629 87.319612227629 87.321308227629 87.321308227629 87.321308227629 87.321308227629 87.321308227629 87.321500278435 87.321500278435 87.321852278435 87.420012262956 87.421708262956 87.421900263041 87.422252263041 87.456544951034 87.458240951034 87.45843295545 87.45878495545 87.530324817263 87.532020817263 87.532212834289 87.532564834289 87.564930142858 87.566626142858 87.566818155489 87.567170155489 88.264190865199 88.265886865199 88.266078880263 88.266430880263 88.320700227629 88.320700227629 88.320700227629 88.320700227629 88.320892227629 88.320892227629 88.322588227629 88.322588227629 88.322588227629 88.322588227629 88.322588227629 88.322780278435 88.322780278435 88.323132278435 88.420972262956 88.422668262956 88.422860263041 88.423212263041 88.455904951034 88.457600951034 88.45779295545 88.45814495545 88.529364817263 88.531060817263 88.531252834289 88.531604834289 88.566210142858 88.567906142858 88.568098156623 88.568450156623 89.264830865199 89.266526865199 89.266718880263 89.267070880263 89.321340227629 89.321340227629 89.321340227629 89.321340227629 89.321532227629 89.321532227629 89.323228227629 89.323228227629 89.323228227629 89.323228227629 89.323228227629 89.323420278435 89.323420278435 89.323772278435 89.421932262956 89.423628262956 89.423820263041 89.424172263041 89.456864951034 89.458560951034 89.45875295545 89.45910495545 89.529044817263 89.530740817263 89.530932834289 89.531284834289 89.566210142858 89.567906142858 89.568098163414 89.568450163414 90.264190865199 90.265886865199 90.266078880263 90.266430880263 90.320380227629 90.320380227629 90.320380227629 90.320380227629 90.320572227629 90.320572227629 90.322268227629 90.322268227629 90.322268227629 90.322268227629 90.322268227629 90.322460278435 90.322460278435 90.322812278435 90.421612262956 90.423308262956 90.423500263041 90.423852263041 90.456864951034 90.458560951034 90.45875295545 90.45910495545 90.528724817263 90.530420817263 90.530612834289 90.530964834289 90.564930142858 90.566626142858 90.566818143547 90.567170143547 91.264830865199 91.266526865199 91.266718880263 91.267070880263 91.319740227629 91.319740227629 91.319740227629 91.319740227629 91.319932227629 91.319932227629 91.321628227629 91.321628227629 91.321628227629 91.321628227629 91.321628227629 91.321820278435 91.321820278435 91.322172278435 91.419692262956 91.421388262956 91.421580263041 91.421932263041 91.458144951034 91.459840951034 91.46003295545 91.46038495545 91.530324817263 91.532020817263 91.532212834289 91.532564834289 91.566850142858 91.568546142858 91.568738163414 91.569090163414 92.264510865199 92.266206865199 92.266398880263 92.266750880263 92.319420227629 92.319420227629 92.319420227629 92.319420227629 92.319612227629 92.319612227629 92.321308227629 92.321308227629 92.321308227629 92.321308227629 92.321308227629 92.321500278435 92.321500278435 92.321852278435 92.421612262956 92.423308262956 92.423500263041 92.423852263041 92.456224951034 92.457920951034 92.45811295545 92.45846495545 92.530324817263 92.532020817263 92.532212834289 92.532564834289 92.564930142858 92.566626142858 92.566818163098 92.567170163098 93.265790865199 93.267486865199 93.267678880263 93.268030880263 93.321340227629 93.321340227629 93.321340227629 93.321340227629 93.321532227629 93.321532227629 93.323228227629 93.323228227629 93.323228227629 93.323228227629 93.323228227629 93.323420278435 93.323420278435 93.323772278435 93.419692262956 93.421388262956 93.421580263041 93.421932263041 93.456224951034 93.457920951034 93.45811295545 93.45846495545 93.528084817263 93.529780817263 93.529972834289 93.530324834289 93.566850142858 93.568546142858 93.568738156623 93.569090156623 94.266430865199 94.268126865199 94.268318880263 94.268670880263 94.320060227629 94.320060227629 94.320060227629 94.320060227629 94.320252227629 94.320252227629 94.321948227629 94.321948227629 94.321948227629 94.321948227629 94.321948227629 94.322140278435 94.322140278435 94.322492278435 94.420652262956 94.422348262956 94.422540263041 94.422892263041 94.456544951034 94.458240951034 94.45843295545 94.45878495545 94.529364817263 94.531060817263 94.531252834289 94.531604834289 94.565570142858 94.567266142858 94.567458143547 94.567810143547 95.266110865199 95.267806865199 95.267998880263 95.268350880263 95.321020227629 95.321020227629 95.321020227629 95.321020227629 95.321212227629 95.321212227629 95.322908227629 95.322908227629 95.322908227629 95.322908227629 95.322908227629 95.323100278435 95.323100278435 95.323452278435 95.419692262956 95.421388262956 95.421580263041 95.421932263041 95.457504951034 95.459200951034 95.45939295545 95.45974495545 95.530004817263 95.531700817263 95.531892834289 95.532244834289 95.565890142858 95.567586142858 95.567778181041 95.568130181041 96.266110865199 96.267806865199 96.267998880263 96.268350880263 96.320380227629 96.320380227629 96.320380227629 96.320380227629 96.320572227629 96.320572227629 96.322268227629 96.322268227629 96.322268227629 96.322268227629 96.322268227629 96.322460278435 96.322460278435 96.322812278435 96.421932262956 96.423628262956 96.423820263041 96.424172263041 96.456544951034 96.458240951034 96.45843295545 96.45878495545 96.530324817263 96.532020817263 96.532212834289 96.532564834289 96.564610142858 96.566306142858 96.566498155489 96.566850155489 97.266430865199 97.268126865199 97.268318880263 97.268670880263 97.321340227629 97.321340227629 97.321340227629 97.321340227629 97.321532227629 97.321532227629 97.323228227629 97.323228227629 97.323228227629 97.323228227629 97.323228227629 97.323420278435 97.323420278435 97.323772278435 97.420652262956 97.422348262956 97.422540263041 97.422892263041 97.455904951034 97.457600951034 97.45779295545 97.45814495545 97.529684817263 97.531380817263 97.531572834289 97.531924834289 97.564930142858 97.566626142858 97.566818155489 97.567170155489 98.265790865199 98.267486865199 98.267678880263 98.268030880263 98.319100227629 98.319100227629 98.319100227629 98.319100227629 98.319292227629 98.319292227629 98.320988227629 98.320988227629 98.320988227629 98.320988227629 98.320988227629 98.321180278435 98.321180278435 98.321532278435 98.420012262956 98.421708262956 98.421900263041 98.422252263041 98.455904951034 98.457600951034 98.45779295545 98.45814495545 98.530004817263 98.531700817263 98.531892834289 98.532244834289 98.565250142858 98.566946142858 98.567138163098 98.567490163098 99.265150865199 99.266846865199 99.267038880263 99.267390880263 99.320060227629 99.320060227629 99.320060227629 99.320060227629 99.320252227629 99.320252227629 99.321948227629 99.321948227629 99.321948227629 99.321948227629 99.321948227629 99.322140278435 99.322140278435 99.322492278435 99.421292262956 99.422988262956 99.423180263041 99.423532263041 99.455904951034 99.457600951034 99.45779295545 99.45814495545 99.530004817263 99.531700817263 99.531892834289 99.532244834289 99.565570142858 99.567266142858 99.567458156623 99.567810156623","0 0 0 5e-06 0 0.05 5e-06 0.05 5e-06 0 0 0.005 0.005 0 0.075 0.005 0 5e-06 5e-06 5e-06 0 0.05 5e-06 0.05 5e-06 0.05 5e-06 0.05 5e-06 0.05 5e-06 0.05 5e-06 0.05 5e-06 0.05 5e-06 0.05 5e-06 0 0 0.005 0.005 0 0.075 0.005 0 5e-06 5e-06 5e-06 0 0.05 5e-06 0.05 5e-06 0.05 5e-06 0.05 5e-06 0.05 5e-06 0.05 5e-06 0.05 5e-06 0.05 5e-06 0.05 5e-06 0.05 5e-06 0.05 5e-06 0 0 0.005 0.005 0 0.075 0.005 0 5e-06 5e-06 5e-06 0 0.05 5e-06 0.05 5e-06 0.05 5e-06 0.05 5e-06 0.05 5e-06 0.05 5e-06 0.05 5e-06 0.05 5e-06 0.05 5e-06 0.05 5e-06 0.05 5e-06 0 0 0.005 0.005 0 0.075 0.005 0 5e-06 5e-06 5e-06 0 0.05 5e-06 0.05 5e-06 0.05 5e-06 0.05 5e-06 0.05 5e-06 0.05 5e-06 0.05 5e-06 0.05 5e-06 0.05 5e-06 0.05 5e-06 0.05 5e-06 0 0 0.005 0.005 0 0.075 0.005 0 5e-06 5e-06 5e-06 0 0.05 5e-06 0.05 5e-06 0.05 5e-06 0.05 5e-06 0.05 5e-06 0.05 5e-06 0.05 5e-06 0.05 5e-06 0.05 5e-06 0.05 5e-06 0.05 5e-06 0 0 0.005 0.005 0 0.075 0.005 0 5e-06 5e-06 5e-06 0 0.05 5e-06 0.05 5e-06 0.05 5e-06 0.05 5e-06 0.05 5e-06 0.05 5e-06 0.05 5e-06 0.05 5e-06 0.05 5e-06 0.05 5e-06 0.05 5e-06 0 0 0.005 0.005 0 0.075 0.005 0 5e-06 5e-06 5e-06 0 0.05 5e-06 0.05 5e-06 0.05 5e-06 0.05 5e-06 0.05 5e-06 0.05 5e-06 0.05 5e-06 0.05 5e-06 0.05 5e-06 0.05 5e-06 0.05 5e-06 0 0 0.005 0.005 0 0.075 0.005 0 5e-06 5e-06 5e-06 0 0.05 5e-06 0.05 5e-06 0.05 5e-06 0.05 5e-06 0.05 5e-06 0.05 5e-06 0.05 5e-06 0.05 5e-06 0.05 5e-06 0.05 5e-06 0.05 5e-06 0 0 0.005 0.005 0 0.075 0.005 0 5e-06 5e-06 5e-06 0 0.05 5e-06 0.05 5e-06 0.05 5e-06 0.05 5e-06 0.05 5e-06 0.05 5e-06 0.05 5e-06 0.05 5e-06 0.05 5e-06 0.05 5e-06 0.05 5e-06 0 0 0.005 0.005 0 0.075 0.005 0 5e-06 5e-06 5e-06 0 0.05 5e-06 0.05 5e-06 0.05 5e-06 0.05 5e-06 0.05 5e-06 0.05 5e-06 0.05 5e-06 0.05 5e-06 0.05 5e-06 0.05 5e-06 0.05 5e-06 0 0 0.005 0.005 0 0.075 0.005 0 5e-06 5e-06 5e-06 0 0.05 5e-06 0.05 5e-06 0.05 5e-06 0.05 5e-06 0.05 5e-06 0.05 5e-06 0.05 5e-06 0.05 5e-06 0.05 5e-06 0.05 5e-06 0.05 5e-06 0 0 0.005 0.005 0 0.075 0.005 0 5e-06 5e-06 5e-06 0 0.05 5e-06 0.05 5e-06 0.05 5e-06 0.05 5e-06 0.05 5e-06 0.05 5e-06 0.05 5e-06 0.05 5e-06 0.05 5e-06 0.05 5e-06 0.05 5e-06 0 0 0.005 0.005 0 0.075 0.005 0 5e-06 5e-06 5e-06 0 0.05 5e-06 0.05 5e-06 0.05 5e-06 0.05 5e-06 0.05 5e-06 0.05 5e-06 0.05 5e-06 0.05 5e-06 0.05 5e-06 0.05 5e-06 0.05 5e-06 0 0 0.005 0.005 0 0.075 0.005 0 5e-06 5e-06 5e-06 0 0.05 5e-06 0.05 5e-06 0.05 5e-06 0.05 5e-06 0.05 5e-06 0.05 5e-06 0.05 5e-06 0.05 5e-06 0.05 5e-06 0.05 5e-06 0.05 5e-06 0 0 0.005 0.005 0 0.075 0.005 0 5e-06 5e-06 5e-06 0 0.05 5e-06 0.05 5e-06 0.05 5e-06 0.05 5e-06 0.05 5e-06 0.05 5e-06 0.05 5e-06 0.05 5e-06 0.05 5e-06 0.05 5e-06 0.05 5e-06 0 0 0.005 0.005 0 0.075 0.005 0 5e-06 5e-06 5e-06 0 0.05 5e-06 0.05 5e-06 0.05 5e-06 0.05 5e-06 0.05 5e-06 0.05 5e-06 0.05 5e-06 0.05 5e-06 0.05 5e-06 0.05 5e-06 0.05 5e-06 0 0 0.005 0.005 0 0.075 0.005 0 5e-06 5e-06 5e-06 0 0.05 5e-06 0.05 5e-06 0.05 5e-06 0.05 5e-06 0.05 5e-06 0.05 5e-06 0.05 5e-06 0.05 5e-06 0.05 5e-06 0.05 5e-06 0.05 5e-06 0 0 0.005 0.005 0 0.075 0.005 0 5e-06 5e-06 5e-06 0 0.05 5e-06 0.05 5e-06 0.05 5e-06 0.05 5e-06 0.05 5e-06 0.05 5e-06 0.05 5e-06 0.05 5e-06 0.05 5e-06 0.05 5e-06 0.05 5e-06 0 0 0.005 0.005 0 0.075 0.005 0 5e-06 5e-06 5e-06 0 0.05 5e-06 0.05 5e-06 0.05 5e-06 0.05 5e-06 0.05 5e-06 0.05 5e-06 0.05 5e-06 0.05 5e-06 0.05 5e-06 0.05 5e-06 0.05 5e-06 0 0 0.005 0.005 0 0.075 0.005 0 5e-06 5e-06 5e-06 0 0.05 5e-06 0.05 5e-06 0.05 5e-06 0.05 5e-06 0.05 5e-06 0.05 5e-06 0.05 5e-06 0.05 5e-06 0.05 5e-06 0.05 5e-06 0.05 5e-06 0 0 0.005 0.005 0 0.075 0.005 0 5e-06 5e-06 5e-06 0 0.05 5e-06 0.05 5e-06 0.05 5e-06 0.05 5e-06 0.05 5e-06 0.05 5e-06 0.05 5e-06 0.05 5e-06 0.05 5e-06 0.05 5e-06 0.05 5e-06 0 0 0.005 0.005 0 0.075 0.005 0 5e-06 5e-06 5e-06 0 0.05 5e-06 0.05 5e-06 0.05 5e-06 0.05 5e-06 0.05 5e-06 0.05 5e-06 0.05 5e-06 0.05 5e-06 0.05 5e-06 0.05 5e-06 0.05 5e-06 0 0 0.005 0.005 0 0.075 0.005 0 5e-06 5e-06 5e-06 0 0.05 5e-06 0.05 5e-06 0.05 5e-06 0.05 5e-06 0.05 5e-06 0.05 5e-06 0.05 5e-06 0.05 5e-06 0.05 5e-06 0.05 5e-06 0.05 5e-06 0 0 0.005 0.005 0 0.075 0.005 0 5e-06 5e-06 5e-06 0 0.05 5e-06 0.05 5e-06 0.05 5e-06 0.05 5e-06 0.05 5e-06 0.05 5e-06 0.05 5e-06 0.05 5e-06 0.05 5e-06 0.05 5e-06 0.05 5e-06 0 0 0.005 0.005 0 0.075 0.005 0 5e-06 5e-06 5e-06 0 0.05 5e-06 0.05 5e-06 0.05 5e-06 0.05 5e-06 0.05 5e-06 0.05 5e-06 0.05 5e-06 0.05 5e-06 0.05 5e-06 0.05 5e-06 0.05 5e-06 0 0 0.005 0.005 0 0.075 0.005 0 5e-06 5e-06 5e-06 0 0.05 5e-06 0.05 5e-06 0.05 5e-06 0.05 5e-06 0.05 5e-06 0.05 5e-06 0.05 5e-06 0.05 5e-06 0.05 5e-06 0.05 5e-06 0.05 5e-06 0 0 0.005 0.005 0 0.075 0.005 0 5e-06 5e-06 5e-06 0 0.05 5e-06 0.05 5e-06 0.05 5e-06 0.05 5e-06 0.05 5e-06 0.05 5e-06 0.05 5e-06 0.05 5e-06 0.05 5e-06 0.05 5e-06 0.05 5e-06 0 0 0.005 0.005 0 0.075 0.005 0 5e-06 5e-06 5e-06 0 0.05 5e-06 0.05 5e-06 0.05 5e-06 0.05 5e-06 0.05 5e-06 0.05 5e-06 0.05 5e-06 0.05 5e-06 0.05 5e-06 0.05 5e-06 0.05 5e-06 0 0 0.005 0.005 0 0.075 0.005 0 5e-06 5e-06 5e-06 0 0.05 5e-06 0.05 5e-06 0.05 5e-06 0.05 5e-06 0.05 5e-06 0.05 5e-06 0.05 5e-06 0.05 5e-06 0.05 5e-06 0.05 5e-06 0.05 5e-06 0 0 0.005 0.005 0 0.075 0.005 0 5e-06 5e-06 5e-06 0 0.05 5e-06 0.05 5e-06 0.05 5e-06 0.05 5e-06 0.05 5e-06 0.05 5e-06 0.05 5e-06 0.05 5e-06 0.05 5e-06 0.05 5e-06 0.05 5e-06 0 0 0.005 0.005 0 0.075 0.005 0 5e-06 5e-06 5e-06 0 0.05 5e-06 0.05 5e-06 0.05 5e-06 0.05 5e-06 0.05 5e-06 0.05 5e-06 0.05 5e-06 0.05 5e-06 0.05 5e-06 0.05 5e-06 0.05 5e-06 0 0 0.005 0.005 0 0.075 0.005 0 5e-06 5e-06 5e-06 0 0.05 5e-06 0.05 5e-06 0.05 5e-06 0.05 5e-06 0.05 5e-06 0.05 5e-06 0.05 5e-06 0.05 5e-06 0.05 5e-06 0.05 5e-06 0.05 5e-06 0 0 0.005 0.005 0 0.075 0.005 0 5e-06 5e-06 5e-06 0 0.05 5e-06 0.05 5e-06 0.05 5e-06 0.05 5e-06 0.05 5e-06 0.05 5e-06 0.05 5e-06 0.05 5e-06 0.05 5e-06 0.05 5e-06 0.05 5e-06 0 0 0.005 0.005 0 0.075 0.005 0 5e-06 5e-06 5e-06 0 0.05 5e-06 0.05 5e-06 0.05 5e-06 0.05 5e-06 0.05 5e-06 0.05 5e-06 0.05 5e-06 0.05 5e-06 0.05 5e-06 0.05 5e-06 0.05 5e-06 0 0 0.005 0.005 0 0.075 0.005 0 5e-06 5e-06 5e-06 0 0.05 5e-06 0.05 5e-06 0.05 5e-06 0.05 5e-06 0.05 5e-06 0.05 5e-06 0.05 5e-06 0.05 5e-06 0.05 5e-06 0.05 5e-06 0.05 5e-06 0 0 0.005 0.005 0 0.075 0.005 0 5e-06 5e-06 5e-06 0 0.05 5e-06 0.05 5e-06 0.05 5e-06 0.05 5e-06 0.05 5e-06 0.05 5e-06 0.05 5e-06 0.05 5e-06 0.05 5e-06 0.05 5e-06 0.05 5e-06 0 0 0.005 0.005 0 0.075 0.005 0 5e-06 5e-06 5e-06 0 0.05 5e-06 0.05 5e-06 0.05 5e-06 0.05 5e-06 0.05 5e-06 0.05 5e-06 0.05 5e-06 0.05 5e-06 0.05 5e-06 0.05 5e-06 0.05 5e-06 0 0 0.005 0.005 0 0.075 0.005 0 5e-06 5e-06 5e-06 0 0.05 5e-06 0.05 5e-06 0.05 5e-06 0.05 5e-06 0.05 5e-06 0.05 5e-06 0.05 5e-06 0.05 5e-06 0.05 5e-06 0.05 5e-06 0.05 5e-06 0 0 0.005 0.005 0 0.075 0.005 0 5e-06 5e-06 5e-06 0 0.05 5e-06 0.05 5e-06 0.05 5e-06 0.05 5e-06 0.05 5e-06 0.05 5e-06 0.05 5e-06 0.05 5e-06 0.05 5e-06 0.05 5e-06 0.05 5e-06 0 0 0.005 0.005 0 0.075 0.005 0 5e-06 5e-06 5e-06 0 0.05 5e-06 0.05 5e-06 0.05 5e-06 0.05 5e-06 0.05 5e-06 0.05 5e-06 0.05 5e-06 0.05 5e-06 0.05 5e-06 0.05 5e-06 0.05 5e-06 0 0 0.005 0.005 0 0.075 0.005 0 5e-06 5e-06 5e-06 0 0.05 5e-06 0.05 5e-06 0.05 5e-06 0.05 5e-06 0.05 5e-06 0.05 5e-06 0.05 5e-06 0.05 5e-06 0.05 5e-06 0.05 5e-06 0.05 5e-06 0 0 0.005 0.005 0 0.075 0.005 0 5e-06 5e-06 5e-06 0 0.05 5e-06 0.05 5e-06 0.05 5e-06 0.05 5e-06 0.05 5e-06 0.05 5e-06 0.05 5e-06 0.05 5e-06 0.05 5e-06 0.05 5e-06 0.05 5e-06 0 0 0.005 0.005 0 0.075 0.005 0 5e-06 5e-06 5e-06 0 0.05 5e-06 0.05 5e-06 0.05 5e-06 0.05 5e-06 0.05 5e-06 0.05 5e-06 0.05 5e-06 0.05 5e-06 0.05 5e-06 0.05 5e-06 0.05 5e-06 0 0 0.005 0.005 0 0.075 0.005 0 5e-06 5e-06 5e-06 0 0.05 5e-06 0.05 5e-06 0.05 5e-06 0.05 5e-06 0.05 5e-06 0.05 5e-06 0.05 5e-06 0.05 5e-06 0.05 5e-06 0.05 5e-06 0.05 5e-06 0 0 0.005 0.005 0 0.075 0.005 0 5e-06 5e-06 5e-06 0 0.05 5e-06 0.05 5e-06 0.05 5e-06 0.05 5e-06 0.05 5e-06 0.05 5e-06 0.05 5e-06 0.05 5e-06 0.05 5e-06 0.05 5e-06 0.05 5e-06 0 0 0.005 0.005 0 0.075 0.005 0 5e-06 5e-06 5e-06 0 0.05 5e-06 0.05 5e-06 0.05 5e-06 0.05 5e-06 0.05 5e-06 0.05 5e-06 0.05 5e-06 0.05 5e-06 0.05 5e-06 0.05 5e-06 0.05 5e-06 0 0 0.005 0.005 0 0.075 0.005 0 5e-06 5e-06 5e-06 0 0.05 5e-06 0.05 5e-06 0.05 5e-06 0.05 5e-06 0.05 5e-06 0.05 5e-06 0.05 5e-06 0.05 5e-06 0.05 5e-06 0.05 5e-06 0.05 5e-06 0 0 0.005 0.005 0 0.075 0.005 0 5e-06 5e-06 5e-06 0 0.05 5e-06 0.05 5e-06 0.05 5e-06 0.05 5e-06 0.05 5e-06 0.05 5e-06 0.05 5e-06 0.05 5e-06 0.05 5e-06 0.05 5e-06 0.05 5e-06 0 0 0.005 0.005 0 0.075 0.005 0 5e-06 5e-06 5e-06 0 0.05 5e-06 0.05 5e-06 0.05 5e-06 0.05 5e-06 0.05 5e-06 0.05 5e-06 0.05 5e-06 0.05 5e-06 0.05 5e-06 0.05 5e-06 0.05 5e-06 0 0 0.005 0.005 0 0.075 0.005 0 5e-06 5e-06 5e-06 0 0.05 5e-06 0.05 5e-06 0.05 5e-06 0.05 5e-06 0.05 5e-06 0.05 5e-06 0.05 5e-06 0.05 5e-06 0.05 5e-06 0.05 5e-06 0.05 5e-06 0 0 0.005 0.005 0 0.075 0.005 0 5e-06 5e-06 5e-06 0 0.05 5e-06 0.05 5e-06 0.05 5e-06 0.05 5e-06 0.05 5e-06 0.05 5e-06 0.05 5e-06 0.05 5e-06 0.05 5e-06 0.05 5e-06 0.05 5e-06 0 0 0.005 0.005 0 0.075 0.005 0 5e-06 5e-06 5e-06 0 0.05 5e-06 0.05 5e-06 0.05 5e-06 0.05 5e-06 0.05 5e-06 0.05 5e-06 0.05 5e-06 0.05 5e-06 0.05 5e-06 0.05 5e-06 0.05 5e-06 0 0 0.005 0.005 0 0.075 0.005 0 5e-06 5e-06 5e-06 0 0.05 5e-06 0.05 5e-06 0.05 5e-06 0.05 5e-06 0.05 5e-06 0.05 5e-06 0.05 5e-06 0.05 5e-06 0.05 5e-06 0.05 5e-06 0.05 5e-06 0 0 0.005 0.005 0 0.075 0.005 0 5e-06 5e-06 5e-06 0 0.05 5e-06 0.05 5e-06 0.05 5e-06 0.05 5e-06 0.05 5e-06 0.05 5e-06 0.05 5e-06 0.05 5e-06 0.05 5e-06 0.05 5e-06 0.05 5e-06 0 0 0.005 0.005 0 0.075 0.005 0 5e-06 5e-06 5e-06 0 0.05 5e-06 0.05 5e-06 0.05 5e-06 0.05 5e-06 0.05 5e-06 0.05 5e-06 0.05 5e-06 0.05 5e-06 0.05 5e-06 0.05 5e-06 0.05 5e-06 0 0 0.005 0.005 0 0.075 0.005 0 5e-06 5e-06 5e-06 0 0.05 5e-06 0.05 5e-06 0.05 5e-06 0.05 5e-06 0.05 5e-06 0.05 5e-06 0.05 5e-06 0.05 5e-06 0.05 5e-06 0.05 5e-06 0.05 5e-06 0 0 0.005 0.005 0 0.075 0.005 0 5e-06 5e-06 5e-06 0 0.05 5e-06 0.05 5e-06 0.05 5e-06 0.05 5e-06 0.05 5e-06 0.05 5e-06 0.05 5e-06 0.05 5e-06 0.05 5e-06 0.05 5e-06 0.05 5e-06 0 0 0.005 0.005 0 0.075 0.005 0 5e-06 5e-06 5e-06 0 0.05 5e-06 0.05 5e-06 0.05 5e-06 0.05 5e-06 0.05 5e-06 0.05 5e-06 0.05 5e-06 0.05 5e-06 0.05 5e-06 0.05 5e-06 0.05 5e-06 0 0 0.005 0.005 0 0.075 0.005 0 5e-06 5e-06 5e-06 0 0.05 5e-06 0.05 5e-06 0.05 5e-06 0.05 5e-06 0.05 5e-06 0.05 5e-06 0.05 5e-06 0.05 5e-06 0.05 5e-06 0.05 5e-06 0.05 5e-06 0 0 0.005 0.005 0 0.075 0.005 0 5e-06 5e-06 5e-06 0 0.05 5e-06 0.05 5e-06 0.05 5e-06 0.05 5e-06 0.05 5e-06 0.05 5e-06 0.05 5e-06 0.05 5e-06 0.05 5e-06 0.05 5e-06 0.05 5e-06 0 0 0.005 0.005 0 0.075 0.005 0 5e-06 5e-06 5e-06 0 0.05 5e-06 0.05 5e-06 0.05 5e-06 0.05 5e-06 0.05 5e-06 0.05 5e-06 0.05 5e-06 0.05 5e-06 0.05 5e-06 0.05 5e-06 0.05 5e-06 0 0 0.005 0.005 0 0.075 0.005 0 5e-06 5e-06 5e-06 0 0.05 5e-06 0.05 5e-06 0.05 5e-06 0.05 5e-06 0.05 5e-06 0.05 5e-06 0.05 5e-06 0.05 5e-06 0.05 5e-06 0.05 5e-06 0.05 5e-06 0 0 0.005 0.005 0 0.075 0.005 0 5e-06 5e-06 5e-06 0 0.05 5e-06 0.05 5e-06 0.05 5e-06 0.05 5e-06 0.05 5e-06 0.05 5e-06 0.05 5e-06 0.05 5e-06 0.05 5e-06 0.05 5e-06 0.05 5e-06 0 0 0.005 0.005 0 0.075 0.005 0 5e-06 5e-06 5e-06 0 0.05 5e-06 0.05 5e-06 0.05 5e-06 0.05 5e-06 0.05 5e-06 0.05 5e-06 0.05 5e-06 0.05 5e-06 0.05 5e-06 0.05 5e-06 0.05 5e-06 0 0 0.005 0.005 0 0.075 0.005 0 5e-06 5e-06 5e-06 0 0.05 5e-06 0.05 5e-06 0.05 5e-06 0.05 5e-06 0.05 5e-06 0.05 5e-06 0.05 5e-06 0.05 5e-06 0.05 5e-06 0.05 5e-06 0.05 5e-06 0 0 0.005 0.005 0 0.075 0.005 0 5e-06 5e-06 5e-06 0 0.05 5e-06 0.05 5e-06 0.05 5e-06 0.05 5e-06 0.05 5e-06 0.05 5e-06 0.05 5e-06 0.05 5e-06 0.05 5e-06 0.05 5e-06 0.05 5e-06 0 0 0.005 0.005 0 0.075 0.005 0 5e-06 5e-06 5e-06 0 0.05 5e-06 0.05 5e-06 0.05 5e-06 0.05 5e-06 0.05 5e-06 0.05 5e-06 0.05 5e-06 0.05 5e-06 0.05 5e-06 0.05 5e-06 0.05 5e-06 0 0 0.005 0.005 0 0.075 0.005 0 5e-06 5e-06 5e-06 0 0.05 5e-06 0.05 5e-06 0.05 5e-06 0.05 5e-06 0.05 5e-06 0.05 5e-06 0.05 5e-06 0.05 5e-06 0.05 5e-06 0.05 5e-06 0.05 5e-06 0 0 0.005 0.005 0 0.075 0.005 0 5e-06 5e-06 5e-06 0 0.05 5e-06 0.05 5e-06 0.05 5e-06 0.05 5e-06 0.05 5e-06 0.05 5e-06 0.05 5e-06 0.05 5e-06 0.05 5e-06 0.05 5e-06 0.05 5e-06 0 0 0.005 0.005 0 0.075 0.005 0 5e-06 5e-06 5e-06 0 0.05 5e-06 0.05 5e-06 0.05 5e-06 0.05 5e-06 0.05 5e-06 0.05 5e-06 0.05 5e-06 0.05 5e-06 0.05 5e-06 0.05 5e-06 0.05 5e-06 0 0 0.005 0.005 0 0.075 0.005 0 5e-06 5e-06 5e-06 0 0.05 5e-06 0.05 5e-06 0.05 5e-06 0.05 5e-06 0.05 5e-06 0.05 5e-06 0.05 5e-06 0.05 5e-06 0.05 5e-06 0.05 5e-06 0.05 5e-06 0 0 0.005 0.005 0 0.075 0.005 0 5e-06 5e-06 5e-06 0 0.05 5e-06 0.05 5e-06 0.05 5e-06 0.05 5e-06 0.05 5e-06 0.05 5e-06 0.05 5e-06 0.05 5e-06 0.05 5e-06 0.05 5e-06 0.05 5e-06 0 0 0.005 0.005 0 0.075 0.005 0 5e-06 5e-06 5e-06 0 0.05 5e-06 0.05 5e-06 0.05 5e-06 0.05 5e-06 0.05 5e-06 0.05 5e-06 0.05 5e-06 0.05 5e-06 0.05 5e-06 0.05 5e-06 0.05 5e-06 0 0 0.005 0.005 0 0.075 0.005 0 5e-06 5e-06 5e-06 0 0.05 5e-06 0.05 5e-06 0.05 5e-06 0.05 5e-06 0.05 5e-06 0.05 5e-06 0.05 5e-06 0.05 5e-06 0.05 5e-06 0.05 5e-06 0.05 5e-06 0 0 0.005 0.005 0 0.075 0.005 0 5e-06 5e-06 5e-06 0 0.05 5e-06 0.05 5e-06 0.05 5e-06 0.05 5e-06 0.05 5e-06 0.05 5e-06 0.05 5e-06 0.05 5e-06 0.05 5e-06 0.05 5e-06 0.05 5e-06 0 0 0.005 0.005 0 0.075 0.005 0 5e-06 5e-06 5e-06 0 0.05 5e-06 0.05 5e-06 0.05 5e-06 0.05 5e-06 0.05 5e-06 0.05 5e-06 0.05 5e-06 0.05 5e-06 0.05 5e-06 0.05 5e-06 0.05 5e-06 0 0 0.005 0.005 0 0.075 0.005 0 5e-06 5e-06 5e-06 0 0.05 5e-06 0.05 5e-06 0.05 5e-06 0.05 5e-06 0.05 5e-06 0.05 5e-06 0.05 5e-06 0.05 5e-06 0.05 5e-06 0.05 5e-06 0.05 5e-06 0 0 0.005 0.005 0 0.075 0.005 0 5e-06 5e-06 5e-06 0 0.05 5e-06 0.05 5e-06 0.05 5e-06 0.05 5e-06 0.05 5e-06 0.05 5e-06 0.05 5e-06 0.05 5e-06 0.05 5e-06 0.05 5e-06 0.05 5e-06 0 0 0.005 0.005 0 0.075 0.005 0 5e-06 5e-06 5e-06 0 0.05 5e-06 0.05 5e-06 0.05 5e-06 0.05 5e-06 0.05 5e-06 0.05 5e-06 0.05 5e-06 0.05 5e-06 0.05 5e-06 0.05 5e-06 0.05 5e-06 0 0 0.005 0.005 0 0.075 0.005 0 5e-06 5e-06 5e-06 0 0.05 5e-06 0.05 5e-06 0.05 5e-06 0.05 5e-06 0.05 5e-06 0.05 5e-06 0.05 5e-06 0.05 5e-06 0.05 5e-06 0.05 5e-06 0.05 5e-06 0 0 0.005 0.005 0 0.075 0.005 0 5e-06 5e-06 5e-06 0 0.05 5e-06 0.05 5e-06 0.05 5e-06 0.05 5e-06 0.05 5e-06 0.05 5e-06 0.05 5e-06 0.05 5e-06 0.05 5e-06 0.05 5e-06 0.05 5e-06 0 0 0.005 0.005 0 0.075 0.005 0 5e-06 5e-06 5e-06 0 0.05 5e-06 0.05 5e-06 0.05 5e-06 0.05 5e-06 0.05 5e-06 0.05 5e-06 0.05 5e-06 0.05 5e-06 0.05 5e-06 0.05 5e-06 0.05 5e-06 0 0 0.005 0.005 0 0.075 0.005 0 5e-06 5e-06 5e-06 0 0.05 5e-06 0.05 5e-06 0.05 5e-06 0.05 5e-06 0.05 5e-06 0.05 5e-06 0.05 5e-06 0.05 5e-06 0.05 5e-06 0.05 5e-06 0.05 5e-06 0 0 0.005 0.005 0 0.075 0.005 0 5e-06 5e-06 5e-06 0 0.05 5e-06 0.05 5e-06 0.05 5e-06 0.05 5e-06 0.05 5e-06 0.05 5e-06 0.05 5e-06 0.05 5e-06 0.05 5e-06 0.05 5e-06 0.05 5e-06 0 0 0.005 0.005 0 0.075 0.005 0 5e-06 5e-06 5e-06 0 0.05 5e-06 0.05 5e-06 0.05 5e-06 0.05 5e-06 0.05 5e-06 0.05 5e-06 0.05 5e-06 0.05 5e-06 0.05 5e-06 0.05 5e-06 0.05 5e-06 0 0 0.005 0.005 0 0.075 0.005 0 5e-06 5e-06 5e-06 0 0.05 5e-06 0.05 5e-06 0.05 5e-06 0.05 5e-06 0.05 5e-06 0.05 5e-06 0.05 5e-06 0.05 5e-06 0.05 5e-06 0.05 5e-06 0.05 5e-06 0 0 0.005 0.005 0 0.075 0.005 0 5e-06 5e-06 5e-06 0 0.05 5e-06 0.05 5e-06 0.05 5e-06 0.05 5e-06 0.05 5e-06 0.05 5e-06 0.05 5e-06 0.05 5e-06 0.05 5e-06 0.05 5e-06 0.05 5e-06 0 0 0.005 0.005 0 0.075 0.005 0 5e-06 5e-06 5e-06 0 0.05 5e-06 0.05 5e-06 0.05 5e-06 0.05 5e-06 0.05 5e-06 0.05 5e-06 0.05 5e-06 0.05 5e-06 0.05 5e-06 0.05 5e-06 0.05 5e-06 0 0 0.005 0.005 0 0.075 0.005 0 5e-06 5e-06 5e-06 0 0.05 5e-06 0.05 5e-06 0.05 5e-06 0.05 5e-06 0.05 5e-06 0.05 5e-06 0.05 5e-06 0.05 5e-06 0.05 5e-06 0.05 5e-06 0.05 5e-06 0 0 0.005 0.005 0 0.075 0.005 0 5e-06 5e-06 5e-06 0 0.05 5e-06 0.05 5e-06 0.05 5e-06 0.05 5e-06 0.05 5e-06 0.05 5e-06 0.05 5e-06 0.05 5e-06 0.05 5e-06 0.05 5e-06 0.05 5e-06 0 0 0.005 0.005 0 0.075 0.005 0 5e-06 5e-06 5e-06 0 0.05 5e-06 0.05 5e-06 0.05 5e-06 0.05 5e-06 0.05 5e-06 0.05 5e-06 0.05 5e-06 0.05 5e-06 0.05 5e-06 0.05 5e-06 0.05 5e-06 0 0 0.005 0.005 0 0.075 0.005 0 5e-06 5e-06 5e-06 0 0.05 5e-06 0.05 5e-06 0.05 5e-06 0.05 5e-06 0.05 5e-06 0.05 5e-06 0.05 5e-06 0.05 5e-06 0.05 5e-06 0.05 5e-06 0.05 5e-06 0 0 0.005 0.005 0 0.075 0.005 0 5e-06 5e-06 5e-06 0 0.05 5e-06 0.05 5e-06 0.05 5e-06 0.05 5e-06 0.05 5e-06 0.05 5e-06 0.05 5e-06 0.05 5e-06 0.05 5e-06 0.05 5e-06 0.05 5e-06 0 0 0.005 0.005 0 0.075 0.005 0 5e-06 5e-06 5e-06 0 0.05 5e-06 0.05 5e-06 0.05 5e-06 0.05 5e-06 0.05 5e-06 0.05 5e-06 0.05 5e-06 0.05 5e-06 0.05 5e-06 0.05 5e-06 0.05 5e-06 0 0 0.005 0.005 0 0.075 0.005 0 5e-06 5e-06 5e-06 0 0.05 5e-06 0.05 5e-06 0.05 5e-06 0.05 5e-06 0.05 5e-06 0.05 5e-06 0.05 5e-06 0.05 5e-06 0.05 5e-06 0.05 5e-06 0.05 5e-06 0 0 0.005 0.005 0 0.075 0.005 0 5e-06 5e-06 5e-06 0 0.05 5e-06 0.05 5e-06 0.05 5e-06 0.05 5e-06 0.05 5e-06 0.05 5e-06 0.05 5e-06 0.05 5e-06 0.05 5e-06 0.05 5e-06 0.05 5e-06 0 0 0.005 0.005 0 0.075 0.005 0 5e-06 5e-06 5e-06 0 0.05 5e-06 0.05 5e-06 0.05 5e-06 0.05 5e-06 0.05 5e-06 0.05 5e-06 0.05 5e-06 0.05 5e-06 0.05 5e-06 0.05 5e-06 0.05 5e-06 0 0 0.005 0.005 0 0.075 0.005 0 5e-06 5e-06 5e-06 0 0.05 5e-06 0.05 5e-06 0.05 5e-06 0.05 5e-06 0.05 5e-06 0.05 5e-06 0.05 5e-06 0.05 5e-06 0.05 5e-06 0.05 5e-06 0.05 5e-06 0 0 0.005 0.005 0 0.075 0.005 0 5e-06 5e-06 5e-06 0 0.05 5e-06 0.05 5e-06 0.05 5e-06 0.05 5e-06 0.05 5e-06 0.05 5e-06 0.05 5e-06 0.05 5e-06 0.05 5e-06 0.05 5e-06 0.05 5e-06 0 0 0.005 0.005 0 0.075 0.005 0 5e-06 5e-06 5e-06 0 0.05 5e-06 0.05 5e-06 0.05 5e-06 0.05 5e-06 0.05 5e-06 0.05 5e-06 0.05 5e-06 0.05 5e-06 0.05 5e-06"
Ieee802154Power-7-20260924-21:43:56-1666,attr,Ieee802154Showcase.sensor1.wlan[0].radio.energyConsumer,powerConsumption:vector,interpolationmode,sample-hold,,
Ieee802154Power-7-20260924-21:43:56-1666,attr,Ieee802154Showcase.sensor1.wlan[0].radio.energyConsumer,powerConsumption:vector,recordingmode,vector,,
Ieee802154Power-7-20260924-21:43:56-1666,attr,Ieee802154Showcase.sensor1.wlan[0].radio.energyConsumer,powerConsumption:vector,source,powerConsumptionChanged,,
Ieee802154Power-7-20260924-21:43:56-1666,attr,Ieee802154Showcase.sensor1.wlan[0].radio.energyConsumer,powerConsumption:vector,title,Power consumption,,
Ieee802154Power-7-20260924-21:43:56-1666,attr,Ieee802154Showcase.sensor1.wlan[0].radio.energyConsumer,powerConsumption:vector,unit,W,,
Ieee802154Power-8-20260924-21:43:57-1666,vector,Ieee802154Showcase.sensor1.wlan[0].radio.energyConsumer,powerConsumption:vector,,,"0 0 0 0 0.204312504106 0.204312504106 0.206008504106 0.206200542979 0.206552542979 0.240527571509 0.240527571509 0.240527571509 0.240527571509 0.240719571509 0.240719571509 0.242415571509 0.242415571509 0.242415571509 0.242415571509 0.242415571509 0.242607622315 0.242607622315 0.242959622315 0.404485165962 0.406181165962 0.406373166047 0.406725166047 0.614593357471 0.616289357471 0.616481372535 0.616833372535 0.818381327775 0.820077327775 0.820269332191 0.820621332191 0.926758420341 0.928454420341 0.928646437367 0.928998437367 1.203352504106 1.205048504106 1.205240542289 1.205592542289 1.241807571509 1.241807571509 1.241807571509 1.241807571509 1.241999571509 1.241999571509 1.243695571509 1.243695571509 1.243695571509 1.243695571509 1.243695571509 1.243887622315 1.243887622315 1.244239622315 1.402245165962 1.403941165962 1.404133166047 1.404485166047 1.613953357471 1.615649357471 1.615841372535 1.616193372535 1.818701327775 1.820397327775 1.820589332191 1.820941332191 1.928998420341 1.930694420341 1.930886437367 1.931238437367 2.203032504106 2.204728504106 2.204920542289 2.205272542289 2.239887571509 2.239887571509 2.239887571509 2.239887571509 2.240079571509 2.240079571509 2.241775571509 2.241775571509 2.241775571509 2.241775571509 2.241775571509 2.241967622315 2.241967622315 2.242319622315 2.404165165962 2.405861165962 2.406053166047 2.406405166047 2.613633357471 2.615329357471 2.615521372535 2.615873372535 2.817741327775 2.819437327775 2.819629332191 2.819981332191 2.927398420341 2.929094420341 2.929286437367 2.929638437367 3.203992504106 3.205688504106 3.205880516737 3.206232516737 3.241807571509 3.241807571509 3.241807571509 3.241807571509 3.241999571509 3.241999571509 3.243695571509 3.243695571509 3.243695571509 3.243695571509 3.243695571509 3.243887622315 3.243887622315 3.244239622315 3.404165165962 3.405861165962 3.406053166047 3.406405166047 3.614273357471 3.615969357471 3.616161372535 3.616513372535 3.816781327775 3.818477327775 3.818669332191 3.819021332191 3.927398420341 3.929094420341 3.929286437367 3.929638437367 4.203992504106 4.205688504106 4.205880517871 4.206232517871 4.240207571509 4.240207571509 4.240207571509 4.240207571509 4.240399571509 4.240399571509 4.242095571509 4.242095571509 4.242095571509 4.242095571509 4.242095571509 4.242287622315 4.242287622315 4.242639622315 4.402885165962 4.404581165962 4.404773166047 4.405125166047 4.613313357471 4.615009357471 4.615201372535 4.615553372535 4.817101327775 4.818797327775 4.818989332191 4.819341332191 4.926758420341 4.928454420341 4.928646437367 4.928998437367 5.203992504106 5.205688504106 5.205880516737 5.206232516737 5.241807571509 5.241807571509 5.241807571509 5.241807571509 5.241999571509 5.241999571509 5.243695571509 5.243695571509 5.243695571509 5.243695571509 5.243695571509 5.243887622315 5.243887622315 5.244239622315 5.404485165962 5.406181165962 5.406373166047 5.406725166047 5.613633357471 5.615329357471 5.615521372535 5.615873372535 5.817421327775 5.819117327775 5.819309332191 5.819661332191 5.927398420341 5.929094420341 5.929286437367 5.929638437367 6.203992504106 6.205688504106 6.205880504795 6.206232504795 6.240847571509 6.240847571509 6.240847571509 6.240847571509 6.241039571509 6.241039571509 6.242735571509 6.242735571509 6.242735571509 6.242735571509 6.242735571509 6.242927622315 6.242927622315 6.243279622315 6.402885165962 6.404581165962 6.404773166047 6.405125166047 6.613313357471 6.615009357471 6.615201372535 6.615553372535 6.817741327775 6.819437327775 6.819629332191 6.819981332191 6.928038420341 6.929734420341 6.929926437367 6.930278437367 7.204312504106 7.206008504106 7.206200504795 7.206552504795 7.241487571509 7.241487571509 7.241487571509 7.241487571509 7.241679571509 7.241679571509 7.243375571509 7.243375571509 7.243375571509 7.243375571509 7.243375571509 7.243567622315 7.243567622315 7.243919622315 7.404485165962 7.406181165962 7.406373166047 7.406725166047 7.612993357471 7.614689357471 7.614881372535 7.615233372535 7.816781327775 7.818477327775 7.818669332191 7.819021332191 7.928998420341 7.930694420341 7.930886437367 7.931238437367 8.203032504106 8.204728504106 8.204920542289 8.205272542289 8.240847571509 8.240847571509 8.240847571509 8.240847571509 8.241039571509 8.241039571509 8.242735571509 8.242735571509 8.242735571509 8.242735571509 8.242735571509 8.242927622315 8.242927622315 8.243279622315 8.402245165962 8.403941165962 8.404133166047 8.404485166047 8.612353357471 8.614049357471 8.614241372535 8.614593372535 8.817421327775 8.819117327775 8.819309332191 8.819661332191 8.928358420341 8.930054420341 8.930246437367 8.930598437367 9.203992504106 9.205688504106 9.205880524346 9.206232524346 9.241807571509 9.241807571509 9.241807571509 9.241807571509 9.241999571509 9.241999571509 9.243695571509 9.243695571509 9.243695571509 9.243695571509 9.243695571509 9.243887622315 9.243887622315 9.244239622315 9.402245165962 9.403941165962 9.404133166047 9.404485166047 9.612673357471 9.614369357471 9.614561372535 9.614913372535 9.818701327775 9.820397327775 9.820589332191 9.820941332191 9.928038420341 9.929734420341 9.929926437367 9.930278437367 10.202392504106 10.204088504106 10.204280527112 10.204632527112 10.241167571509 10.241167571509 10.241167571509 10.241167571509 10.241359571509 10.241359571509 10.243055571509 10.243055571509 10.243055571509 10.243055571509 10.243055571509 10.243247622315 10.243247622315 10.243599622315 10.403525165962 10.405221165962 10.405413166047 10.405765166047 10.612353357471 10.614049357471 10.614241372535 10.614593372535 10.816781327775 10.818477327775 10.818669332191 10.819021332191 10.928998420341 10.930694420341 10.930886437367 10.931238437367 11.202392504106 11.204088504106 11.204280504795 11.204632504795 11.239567571509 11.239567571509 11.239567571509 11.239567571509 11.239759571509 11.239759571509 11.241455571509 11.241455571509 11.241455571509 11.241455571509 11.241455571509 11.241647622315 11.241647622315 11.241999622315 11.402565165962 11.404261165962 11.404453166047 11.404805166047 11.613953357471 11.615649357471 11.615841372535 11.616193372535 11.818061327775 11.819757327775 11.819949332191 11.820301332191 11.927398420341 11.929094420341 11.929286437367 11.929638437367 12.203992504106 12.205688504106 12.205880527112 12.206232527112 12.240847571509 12.240847571509 12.240847571509 12.240847571509 12.241039571509 12.241039571509 12.242735571509 12.242735571509 12.242735571509 12.242735571509 12.242735571509 12.242927622315 12.242927622315 12.243279622315 12.402885165962 12.404581165962 12.404773166047 12.405125166047 12.614593357471 12.616289357471 12.616481372535 12.616833372535 12.818701327775 12.820397327775 12.820589332191 12.820941332191 12.927398420341 12.929094420341 12.929286437367 12.929638437367 13.203352504106 13.205048504106 13.205240504795 13.205592504795 13.240207571509 13.240207571509 13.240207571509 13.240207571509 13.240399571509 13.240399571509 13.242095571509 13.242095571509 13.242095571509 13.242095571509 13.242095571509 13.242287622315 13.242287622315 13.242639622315 13.403525165962 13.405221165962 13.405413166047 13.405765166047 13.613953357471 13.615649357471 13.615841372535 13.616193372535 13.817741327775 13.819437327775 13.819629332191 13.819981332191 13.926758420341 13.928454420341 13.928646437367 13.928998437367 14.203352504106 14.205048504106 14.205240542289 14.205592542289 14.239567571509 14.239567571509 14.239567571509 14.239567571509 14.239759571509 14.239759571509 14.241455571509 14.241455571509 14.241455571509 14.241455571509 14.241455571509 14.241647622315 14.241647622315 14.241999622315 14.403525165962 14.405221165962 14.405413166047 14.405765166047 14.612673357471 14.614369357471 14.614561372535 14.614913372535 14.818381327775 14.820077327775 14.820269332191 14.820621332191 14.928038420341 14.929734420341 14.929926437367 14.930278437367 15.202712504106 15.204408504106 15.204600504795 15.204952504795 15.240207571509 15.240207571509 15.240207571509 15.240207571509 15.240399571509 15.240399571509 15.242095571509 15.242095571509 15.242095571509 15.242095571509 15.242095571509 15.242287622315 15.242287622315 15.242639622315 15.402885165962 15.404581165962 15.404773166047 15.405125166047 15.612993357471 15.614689357471 15.614881372535 15.615233372535 15.818701327775 15.820397327775 15.820589332191 15.820941332191 15.928678420341 15.930374420341 15.930566437367 15.930918437367 16.203352504106 16.205048504106 16.205240524346 16.205592524346 16.239887571509 16.239887571509 16.239887571509 16.239887571509 16.240079571509 16.240079571509 16.241775571509 16.241775571509 16.241775571509 16.241775571509 16.241775571509 16.241967622315 16.241967622315 16.242319622315 16.403525165962 16.405221165962 16.405413166047 16.405765166047 16.613633357471 16.615329357471 16.615521372535 16.615873372535 16.817741327775 16.819437327775 16.819629332191 16.819981332191 16.927078420341 16.928774420341 16.928966437367 16.929318437367 17.203032504106 17.204728504106 17.204920524662 17.205272524662 17.240847571509 17.240847571509 17.240847571509 17.240847571509 17.241039571509 17.241039571509 17.242735571509 17.242735571509 17.242735571509 17.242735571509 17.242735571509 17.242927622315 17.242927622315 17.243279622315 17.402885165962 17.404581165962 17.404773166047 17.405125166047 17.612353357471 17.614049357471 17.614241372535 17.614593372535 17.818381327775 17.820077327775 17.820269332191 17.820621332191 17.928038420341 17.929734420341 17.929926437367 17.930278437367 18.202712504106 18.204408504106 18.204600542979 18.204952542979 18.240847571509 18.240847571509 18.240847571509 18.240847571509 18.241039571509 18.241039571509 18.242735571509 18.242735571509 18.242735571509 18.242735571509 18.242735571509 18.242927622315 18.242927622315 18.243279622315 18.402565165962 18.404261165962 18.404453166047 18.404805166047 18.614273357471 18.615969357471 18.616161372535 18.616513372535 18.817101327775 18.818797327775 18.818989332191 18.819341332191 18.926758420341 18.928454420341 18.928646437367 18.928998437367 19.203672504106 19.205368504106 19.205560504795 19.205912504795 19.239567571509 19.239567571509 19.239567571509 19.239567571509 19.239759571509 19.239759571509 19.241455571509 19.241455571509 19.241455571509 19.241455571509 19.241455571509 19.241647622315 19.241647622315 19.241999622315 19.404165165962 19.405861165962 19.406053166047 19.406405166047 19.614273357471 19.615969357471 19.616161372535 19.616513372535 19.818061327775 19.819757327775 19.819949332191 19.820301332191 19.928998420341 19.930694420341 19.930886437367 19.931238437367 20.202392504106 20.204088504106 20.204280527112 20.204632527112 20.241487571509 20.241487571509 20.241487571509 20.241487571509 20.241679571509 20.241679571509 20.243375571509 20.243375571509 20.243375571509 20.243375571509 20.243375571509 20.243567622315 20.243567622315 20.243919622315 20.402565165962 20.404261165962 20.404453166047 20.404805166047 20.613313357471 20.615009357471 20.615201372535 20.615553372535 20.819021327775 20.820717327775 20.820909332191 20.821261332191 20.928678420341 20.930374420341 20.930566437367 20.930918437367 21.203032504106 21.204728504106 21.204920542289 21.205272542289 21.240527571509 21.240527571509 21.240527571509 21.240527571509 21.240719571509 21.240719571509 21.242415571509 21.242415571509 21.242415571509 21.242415571509 21.242415571509 21.242607622315 21.242607622315 21.242959622315 21.403525165962 21.405221165962 21.405413166047 21.405765166047 21.612993357471 21.614689357471 21.614881372535 21.615233372535 21.818061327775 21.819757327775 21.819949332191 21.820301332191 21.926758420341 21.928454420341 21.928646437367 21.928998437367 22.203032504106 22.204728504106 22.204920516737 22.205272516737 22.241807571509 22.241807571509 22.241807571509 22.241807571509 22.241999571509 22.241999571509 22.243695571509 22.243695571509 22.243695571509 22.243695571509 22.243695571509 22.243887622315 22.243887622315 22.244239622315 22.402565165962 22.404261165962 22.404453166047 22.404805166047 22.614273357471 22.615969357471 22.616161372535 22.616513372535 22.817421327775 22.819117327775 22.819309332191 22.819661332191 22.927398420341 22.929094420341 22.929286437367 22.929638437367 23.202392504106 23.204088504106 23.204280527112 23.204632527112 23.240527571509 23.240527571509 23.240527571509 23.240527571509 23.240719571509 23.240719571509 23.242415571509 23.242415571509 23.242415571509 23.242415571509 23.242415571509 23.242607622315 23.242607622315 23.242959622315 23.403525165962 23.405221165962 23.405413166047 23.405765166047 23.612993357471 23.614689357471 23.614881372535 23.615233372535 23.818381327775 23.820077327775 23.820269332191 23.820621332191 23.927078420341 23.928774420341 23.928966437367 23.929318437367 24.203672504106 24.205368504106 24.205560524346 24.205912524346 24.240207571509 24.240207571509 24.240207571509 24.240207571509 24.240399571509 24.240399571509 24.242095571509 24.242095571509 24.242095571509 24.242095571509 24.242095571509 24.242287622315 24.242287622315 24.242639622315 24.402565165962 24.404261165962 24.404453166047 24.404805166047 24.613633357471 24.615329357471 24.615521372535 24.615873372535 24.817421327775 24.819117327775 24.819309332191 24.819661332191 24.928038420341 24.929734420341 24.929926437367 24.930278437367 25.202712504106 25.204408504106 25.204600517871 25.204952517871 25.241167571509 25.241167571509 25.241167571509 25.241167571509 25.241359571509 25.241359571509 25.243055571509 25.243055571509 25.243055571509 25.243055571509 25.243055571509 25.243247622315 25.243247622315 25.243599622315 25.404485165962 25.406181165962 25.406373166047 25.406725166047 25.613633357471 25.615329357471 25.615521372535 25.615873372535 25.817741327775 25.819437327775 25.819629332191 25.819981332191 25.928678420341 25.930374420341 25.930566437367 25.930918437367 26.203672504106 26.205368504106 26.205560524662 26.205912524662 26.241167571509 26.241167571509 26.241167571509 26.241167571509 26.241359571509 26.241359571509 26.243055571509 26.243055571509 26.243055571509 26.243055571509 26.243055571509 26.243247622315 26.243247622315 26.243599622315 26.402885165962 26.404581165962 26.404773166047 26.405125166047 26.613953357471 26.615649357471 26.615841372535 26.616193372535 26.816781327775 26.818477327775 26.818669332191 26.819021332191 26.928038420341 26.929734420341 26.929926437367 26.930278437367 27.203352504106 27.205048504106 27.205240542979 27.205592542979 27.239887571509 27.239887571509 27.239887571509 27.239887571509 27.240079571509 27.240079571509 27.241775571509 27.241775571509 27.241775571509 27.241775571509 27.241775571509 27.241967622315 27.241967622315 27.242319622315 27.402245165962 27.403941165962 27.404133166047 27.404485166047 27.612673357471 27.614369357471 27.614561372535 27.614913372535 27.818701327775 27.820397327775 27.820589332191 27.820941332191 27.927718420341 27.929414420341 27.929606437367 27.929958437367 28.203992504106 28.205688504106 28.205880542979 28.206232542979 28.240207571509 28.240207571509 28.240207571509 28.240207571509 28.240399571509 28.240399571509 28.242095571509 28.242095571509 28.242095571509 28.242095571509 28.242095571509 28.242287622315 28.242287622315 28.242639622315 28.402565165962 28.404261165962 28.404453166047 28.404805166047 28.612993357471 28.614689357471 28.614881372535 28.615233372535 28.817101327775 28.818797327775 28.818989332191 28.819341332191 28.927718420341 28.929414420341 28.929606437367 28.929958437367 29.203992504106 29.205688504106 29.205880504795 29.206232504795 29.241487571509 29.241487571509 29.241487571509 29.241487571509 29.241679571509 29.241679571509 29.243375571509 29.243375571509 29.243375571509 29.243375571509 29.243375571509 29.243567622315 29.243567622315 29.243919622315 29.402565165962 29.404261165962 29.404453166047 29.404805166047 29.613633357471 29.615329357471 29.615521372535 29.615873372535 29.819021327775 29.820717327775 29.820909332191 29.821261332191 29.927718420341 29.929414420341 29.929606437367 29.929958437367 30.202072504106 30.203768504106 30.203960524346 30.204312524346 30.239887571509 30.239887571509 30.239887571509 30.239887571509 30.240079571509 30.240079571509 30.241775571509 30.241775571509 30.241775571509 30.241775571509 30.241775571509 30.241967622315 30.241967622315 30.242319622315 30.403845165962 30.405541165962 30.405733166047 30.406085166047 30.612993357471 30.614689357471 30.614881372535 30.615233372535 30.818381327775 30.820077327775 30.820269332191 30.820621332191 30.927078420341 30.928774420341 30.928966437367 30.929318437367 31.203032504106 31.204728504106 31.204920504795 31.205272504795 31.241487571509 31.241487571509 31.241487571509 31.241487571509 31.241679571509 31.241679571509 31.243375571509 31.243375571509 31.243375571509 31.243375571509 31.243375571509 31.243567622315 31.243567622315 31.243919622315 31.402565165962 31.404261165962 31.404453166047 31.404805166047 31.614593357471 31.616289357471 31.616481372535 31.616833372535 31.819021327775 31.820717327775 31.820909332191 31.821261332191 31.928358420341 31.930054420341 31.930246437367 31.930598437367 32.203352504106 32.205048504106 32.205240524662 32.205592524662 32.239887571509 32.239887571509 32.239887571509 32.239887571509 32.240079571509 32.240079571509 32.241775571509 32.241775571509 32.241775571509 32.241775571509 32.241775571509 32.241967622315 32.241967622315 32.242319622315 32.402885165962 32.404581165962 32.404773166047 32.405125166047 32.614593357471 32.616289357471 32.616481372535 32.616833372535 32.817741327775 32.819437327775 32.819629332191 32.819981332191 32.926758420341 32.928454420341 32.928646437367 32.928998437367 33.202072504106 33.203768504106 33.203960542979 33.204312542979 33.240207571509 33.240207571509 33.240207571509 33.240207571509 33.240399571509 33.240399571509 33.242095571509 33.242095571509 33.242095571509 33.242095571509 33.242095571509 33.242287622315 33.242287622315 33.242639622315 33.403525165962 33.405221165962 33.405413166047 33.405765166047 33.612993357471 33.614689357471 33.614881372535 33.615233372535 33.819021327775 33.820717327775 33.820909332191 33.821261332191 33.928678420341 33.930374420341 33.930566437367 33.930918437367 34.202392504106 34.204088504106 34.204280516737 34.204632516737 34.240527571509 34.240527571509 34.240527571509 34.240527571509 34.240719571509 34.240719571509 34.242415571509 34.242415571509 34.242415571509 34.242415571509 34.242415571509 34.242607622315 34.242607622315 34.242959622315 34.403845165962 34.405541165962 34.405733166047 34.406085166047 34.612993357471 34.614689357471 34.614881372535 34.615233372535 34.818701327775 34.820397327775 34.820589332191 34.820941332191 34.927718420341 34.929414420341 34.929606437367 34.929958437367 35.204312504106 35.206008504106 35.206200542979 35.206552542979 35.239887571509 35.239887571509 35.239887571509 35.239887571509 35.240079571509 35.240079571509 35.241775571509 35.241775571509 35.241775571509 35.241775571509 35.241775571509 35.241967622315 35.241967622315 35.242319622315 35.404485165962 35.406181165962 35.406373166047 35.406725166047 35.613633357471 35.615329357471 35.615521372535 35.615873372535 35.817101327775 35.818797327775 35.818989332191 35.819341332191 35.928678420341 35.930374420341 35.930566437367 35.930918437367 36.202392504106 36.204088504106 36.204280524346 36.204632524346 36.240207571509 36.240207571509 36.240207571509 36.240207571509 36.240399571509 36.240399571509 36.242095571509 36.242095571509 36.242095571509 36.242095571509 36.242095571509 36.242287622315 36.242287622315 36.242639622315 36.403845165962 36.405541165962 36.405733166047 36.406085166047 36.614273357471 36.615969357471 36.616161372535 36.616513372535 36.819021327775 36.820717327775 36.820909332191 36.821261332191 36.928038420341 36.929734420341 36.929926437367 36.930278437367 37.203352504106 37.205048504106 37.205240542289 37.205592542289 37.241167571509 37.241167571509 37.241167571509 37.241167571509 37.241359571509 37.241359571509 37.243055571509 37.243055571509 37.243055571509 37.243055571509 37.243055571509 37.243247622315 37.243247622315 37.243599622315 37.403205165962 37.404901165962 37.405093166047 37.405445166047 37.613953357471 37.615649357471 37.615841372535 37.616193372535 37.817741327775 37.819437327775 37.819629332191 37.819981332191 37.928998420341 37.930694420341 37.930886437367 37.931238437367 38.203992504106 38.205688504106 38.205880527112 38.206232527112 38.239887571509 38.239887571509 38.239887571509 38.239887571509 38.240079571509 38.240079571509 38.241775571509 38.241775571509 38.241775571509 38.241775571509 38.241775571509 38.241967622315 38.241967622315 38.242319622315 38.402565165962 38.404261165962 38.404453166047 38.404805166047 38.612993357471 38.614689357471 38.614881372535 38.615233372535 38.816781327775 38.818477327775 38.818669332191 38.819021332191 38.927078420341 38.928774420341 38.928966437367 38.929318437367 39.204312504106 39.206008504106 39.206200527112 39.206552527112 39.240207571509 39.240207571509 39.240207571509 39.240207571509 39.240399571509 39.240399571509 39.242095571509 39.242095571509 39.242095571509 39.242095571509 39.242095571509 39.242287622315 39.242287622315 39.242639622315 39.404165165962 39.405861165962 39.406053166047 39.406405166047 39.612673357471 39.614369357471 39.614561372535 39.614913372535 39.817741327775 39.819437327775 39.819629332191 39.819981332191 39.928038420341 39.929734420341 39.929926437367 39.930278437367 40.203992504106 40.205688504106 40.205880516737 40.206232516737 40.241167571509 40.241167571509 40.241167571509 40.241167571509 40.241359571509 40.241359571509 40.243055571509 40.243055571509 40.243055571509 40.243055571509 40.243055571509 40.243247622315 40.243247622315 40.243599622315 40.403525165962 40.405221165962 40.405413166047 40.405765166047 40.613313357471 40.615009357471 40.615201372535 40.615553372535 40.818381327775 40.820077327775 40.820269332191 40.820621332191 40.928358420341 40.930054420341 40.930246437367 40.930598437367 41.203992504106 41.205688504106 41.205880527112 41.206232527112 41.240527571509 41.240527571509 41.240527571509 41.240527571509 41.240719571509 41.240719571509 41.242415571509 41.242415571509 41.242415571509 41.242415571509 41.242415571509 41.242607622315 41.242607622315 41.242959622315 41.403845165962 41.405541165962 41.405733166047 41.406085166047 41.612353357471 41.614049357471 41.614241372535 41.614593372535 41.817741327775 41.819437327775 41.819629332191 41.819981332191 41.928678420341 41.930374420341 41.930566437367 41.930918437367 42.203032504106 42.204728504106 42.204920524346 42.205272524346 42.241487571509 42.241487571509 42.241487571509 42.241487571509 42.241679571509 42.241679571509 42.243375571509 42.243375571509 42.243375571509 42.243375571509 42.243375571509 42.243567622315 42.243567622315 42.243919622315 42.404165165962 42.405861165962 42.406053166047 42.406405166047 42.614593357471 42.616289357471 42.616481372535 42.616833372535 42.818381327775 42.820077327775 42.820269332191 42.820621332191 42.928038420341 42.929734420341 42.929926437367 42.930278437367 43.203352504106 43.205048504106 43.205240542289 43.205592542289 43.240207571509 43.240207571509 43.240207571509 43.240207571509 43.240399571509 43.240399571509 43.242095571509 43.242095571509 43.242095571509 43.242095571509 43.242095571509 43.242287622315 43.242287622315 43.242639622315 43.402565165962 43.404261165962 43.404453166047 43.404805166047 43.613313357471 43.615009357471 43.615201372535 43.615553372535 43.817421327775 43.819117327775 43.819309332191 43.819661332191 43.928358420341 43.930054420341 43.930246437367 43.930598437367 44.203352504106 44.205048504106 44.205240542979 44.205592542979 44.240847571509 44.240847571509 44.240847571509 44.240847571509 44.241039571509 44.241039571509 44.242735571509 44.242735571509 44.242735571509 44.242735571509 44.242735571509 44.242927622315 44.242927622315 44.243279622315 44.402245165962 44.403941165962 44.404133166047 44.404485166047 44.614273357471 44.615969357471 44.616161372535 44.616513372535 44.818381327775 44.820077327775 44.820269332191 44.820621332191 44.927718420341 44.929414420341 44.929606437367 44.929958437367 45.204312504106 45.206008504106 45.206200542979 45.206552542979 45.240207571509 45.240207571509 45.240207571509 45.240207571509 45.240399571509 45.240399571509 45.242095571509 45.242095571509 45.242095571509 45.242095571509 45.242095571509 45.242287622315 45.242287622315 45.242639622315 45.404165165962 45.405861165962 45.406053166047 45.406405166047 45.614593357471 45.616289357471 45.616481372535 45.616833372535 45.817101327775 45.818797327775 45.818989332191 45.819341332191 45.927718420341 45.929414420341 45.929606437367 45.929958437367 46.202392504106 46.204088504106 46.204280524662 46.204632524662 46.241167571509 46.241167571509 46.241167571509 46.241167571509 46.241359571509 46.241359571509 46.243055571509 46.243055571509 46.243055571509 46.243055571509 46.243055571509 46.243247622315 46.243247622315 46.243599622315 46.403525165962 46.405221165962 46.405413166047 46.405765166047 46.613633357471 46.615329357471 46.615521372535 46.615873372535 46.819021327775 46.820717327775 46.820909332191 46.821261332191 46.926758420341 46.928454420341 46.928646437367 46.928998437367 47.203992504106 47.205688504106 47.205880542979 47.206232542979 47.240527571509 47.240527571509 47.240527571509 47.240527571509 47.240719571509 47.240719571509 47.242415571509 47.242415571509 47.242415571509 47.242415571509 47.242415571509 47.242607622315 47.242607622315 47.242959622315 47.402565165962 47.404261165962 47.404453166047 47.404805166047 47.613953357471 47.615649357471 47.615841372535 47.616193372535 47.817101327775 47.818797327775 47.818989332191 47.819341332191 47.927078420341 47.928774420341 47.928966437367 47.929318437367 48.203992504106 48.205688504106 48.205880542289 48.206232542289 48.240207571509 48.240207571509 48.240207571509 48.240207571509 48.240399571509 48.240399571509 48.242095571509 48.242095571509 48.242095571509 48.242095571509 48.242095571509 48.242287622315 48.242287622315 48.242639622315 48.402245165962 48.403941165962 48.404133166047 48.404485166047 48.613953357471 48.615649357471 48.615841372535 48.616193372535 48.816781327775 48.818477327775 48.818669332191 48.819021332191 48.928998420341 48.930694420341 48.930886437367 48.931238437367 49.203992504106 49.205688504106 49.205880527112 49.206232527112 49.240527571509 49.240527571509 49.240527571509 49.240527571509 49.240719571509 49.240719571509 49.242415571509 49.242415571509 49.242415571509 49.242415571509 49.242415571509 49.242607622315 49.242607622315 49.242959622315 49.402245165962 49.403941165962 49.404133166047 49.404485166047 49.613953357471 49.615649357471 49.615841372535 49.616193372535 49.818701327775 49.820397327775 49.820589332191 49.820941332191 49.927398420341 49.929094420341 49.929286437367 49.929638437367 50.202712504106 50.204408504106 50.204600524662 50.204952524662 50.240527571509 50.240527571509 50.240527571509 50.240527571509 50.240719571509 50.240719571509 50.242415571509 50.242415571509 50.242415571509 50.242415571509 50.242415571509 50.242607622315 50.242607622315 50.242959622315 50.404485165962 50.406181165962 50.406373166047 50.406725166047 50.612993357471 50.614689357471 50.614881372535 50.615233372535 50.817101327775 50.818797327775 50.818989332191 50.819341332191 50.928998420341 50.930694420341 50.930886437367 50.931238437367 51.203992504106 51.205688504106 51.205880542979 51.206232542979 51.239887571509 51.239887571509 51.239887571509 51.239887571509 51.240079571509 51.240079571509 51.241775571509 51.241775571509 51.241775571509 51.241775571509 51.241775571509 51.241967622315 51.241967622315 51.242319622315 51.404165165962 51.405861165962 51.406053166047 51.406405166047 51.613313357471 51.615009357471 51.615201372535 51.615553372535 51.819021327775 51.820717327775 51.820909332191 51.821261332191 51.928678420341 51.930374420341 51.930566437367 51.930918437367 52.203672504106 52.205368504106 52.205560542979 52.205912542979 52.241487571509 52.241487571509 52.241487571509 52.241487571509 52.241679571509 52.241679571509 52.243375571509 52.243375571509 52.243375571509 52.243375571509 52.243375571509 52.243567622315 52.243567622315 52.243919622315 52.402245165962 52.403941165962 52.404133166047 52.404485166047 52.614273357471 52.615969357471 52.616161372535 52.616513372535 52.817421327775 52.819117327775 52.819309332191 52.819661332191 52.928678420341 52.930374420341 52.930566437367 52.930918437367 53.204312504106 53.206008504106 53.206200542289 53.206552542289 53.240527571509 53.240527571509 53.240527571509 53.240527571509 53.240719571509 53.240719571509 53.242415571509 53.242415571509 53.242415571509 53.242415571509 53.242415571509 53.242607622315 53.242607622315 53.242959622315 53.402885165962 53.404581165962 53.404773166047 53.405125166047 53.613633357471 53.615329357471 53.615521372535 53.615873372535 53.818061327775 53.819757327775 53.819949332191 53.820301332191 53.927078420341 53.928774420341 53.928966437367 53.929318437367 54.203032504106 54.204728504106 54.204920527112 54.205272527112 54.241167571509 54.241167571509 54.241167571509 54.241167571509 54.241359571509 54.241359571509 54.243055571509 54.243055571509 54.243055571509 54.243055571509 54.243055571509 54.243247622315 54.243247622315 54.243599622315 54.404165165962 54.405861165962 54.406053166047 54.406405166047 54.612673357471 54.614369357471 54.614561372535 54.614913372535 54.816781327775 54.818477327775 54.818669332191 54.819021332191 54.928998420341 54.930694420341 54.930886437367 54.931238437367 55.202712504106 55.204408504106 55.204600516737 55.204952516737 55.241807571509 55.241807571509 55.241807571509 55.241807571509 55.241999571509 55.241999571509 55.243695571509 55.243695571509 55.243695571509 55.243695571509 55.243695571509 55.243887622315 55.243887622315 55.244239622315 55.402245165962 55.403941165962 55.404133166047 55.404485166047 55.613313357471 55.615009357471 55.615201372535 55.615553372535 55.818701327775 55.820397327775 55.820589332191 55.820941332191 55.928678420341 55.930374420341 55.930566437367 55.930918437367 56.202712504106 56.204408504106 56.204600524662 56.204952524662 56.239567571509 56.239567571509 56.239567571509 56.239567571509 56.239759571509 56.239759571509 56.241455571509 56.241455571509 56.241455571509 56.241455571509 56.241455571509 56.241647622315 56.241647622315 56.241999622315 56.402565165962 56.404261165962 56.404453166047 56.404805166047 56.612993357471 56.614689357471 56.614881372535 56.615233372535 56.819021327775 56.820717327775 56.820909332191 56.821261332191 56.927078420341 56.928774420341 56.928966437367 56.929318437367 57.203672504106 57.205368504106 57.205560516737 57.205912516737 57.239567571509 57.239567571509 57.239567571509 57.239567571509 57.239759571509 57.239759571509 57.241455571509 57.241455571509 57.241455571509 57.241455571509 57.241455571509 57.241647622315 57.241647622315 57.241999622315 57.404165165962 57.405861165962 57.406053166047 57.406405166047 57.612993357471 57.614689357471 57.614881372535 57.615233372535 57.818701327775 57.820397327775 57.820589332191 57.820941332191 57.927398420341 57.929094420341 57.929286437367 57.929638437367 58.203672504106 58.205368504106 58.205560542979 58.205912542979 58.241167571509 58.241167571509 58.241167571509 58.241167571509 58.241359571509 58.241359571509 58.243055571509 58.243055571509 58.243055571509 58.243055571509 58.243055571509 58.243247622315 58.243247622315 58.243599622315 58.403205165962 58.404901165962 58.405093166047 58.405445166047 58.613313357471 58.615009357471 58.615201372535 58.615553372535 58.817421327775 58.819117327775 58.819309332191 58.819661332191 58.928358420341 58.930054420341 58.930246437367 58.930598437367 59.203992504106 59.205688504106 59.205880517871 59.206232517871 59.240207571509 59.240207571509 59.240207571509 59.240207571509 59.240399571509 59.240399571509 59.242095571509 59.242095571509 59.242095571509 59.242095571509 59.242095571509 59.242287622315 59.242287622315 59.242639622315 59.403845165962 59.405541165962 59.405733166047 59.406085166047 59.612353357471 59.614049357471 59.614241372535 59.614593372535 59.817741327775 59.819437327775 59.819629332191 59.819981332191 59.927718420341 59.929414420341 59.929606437367 59.929958437367 60.203352504106 60.205048504106 60.205240517871 60.205592517871 60.240527571509 60.240527571509 60.240527571509 60.240527571509 60.240719571509 60.240719571509 60.242415571509 60.242415571509 60.242415571509 60.242415571509 60.242415571509 60.242607622315 60.242607622315 60.242959622315 60.402885165962 60.404581165962 60.404773166047 60.405125166047 60.612353357471 60.614049357471 60.614241372535 60.614593372535 60.817421327775 60.819117327775 60.819309332191 60.819661332191 60.928678420341 60.930374420341 60.930566437367 60.930918437367 61.203672504106 61.205368504106 61.205560504795 61.205912504795 61.240207571509 61.240207571509 61.240207571509 61.240207571509 61.240399571509 61.240399571509 61.242095571509 61.242095571509 61.242095571509 61.242095571509 61.242095571509 61.242287622315 61.242287622315 61.242639622315 61.402245165962 61.403941165962 61.404133166047 61.404485166047 61.614593357471 61.616289357471 61.616481372535 61.616833372535 61.816781327775 61.818477327775 61.818669332191 61.819021332191 61.928678420341 61.930374420341 61.930566437367 61.930918437367 62.203992504106 62.205688504106 62.205880542289 62.206232542289 62.239887571509 62.239887571509 62.239887571509 62.239887571509 62.240079571509 62.240079571509 62.241775571509 62.241775571509 62.241775571509 62.241775571509 62.241775571509 62.241967622315 62.241967622315 62.242319622315 62.403205165962 62.404901165962 62.405093166047 62.405445166047 62.612673357471 62.614369357471 62.614561372535 62.614913372535 62.819021327775 62.820717327775 62.820909332191 62.821261332191 62.928998420341 62.930694420341 62.930886437367 62.931238437367 63.203352504106 63.205048504106 63.205240542979 63.205592542979 63.241487571509 63.241487571509 63.241487571509 63.241487571509 63.241679571509 63.241679571509 63.243375571509 63.243375571509 63.243375571509 63.243375571509 63.243375571509 63.243567622315 63.243567622315 63.243919622315 63.402245165962 63.403941165962 63.404133166047 63.404485166047 63.612673357471 63.614369357471 63.614561372535 63.614913372535 63.818701327775 63.820397327775 63.820589332191 63.820941332191 63.927078420341 63.928774420341 63.928966437367 63.929318437367 64.203352504106 64.205048504106 64.205240524346 64.205592524346 64.240207571509 64.240207571509 64.240207571509 64.240207571509 64.240399571509 64.240399571509 64.242095571509 64.242095571509 64.242095571509 64.242095571509 64.242095571509 64.242287622315 64.242287622315 64.242639622315 64.403205165962 64.404901165962 64.405093166047 64.405445166047 64.613953357471 64.615649357471 64.615841372535 64.616193372535 64.819021327775 64.820717327775 64.820909332191 64.821261332191 64.927718420341 64.929414420341 64.929606437367 64.929958437367 65.204312504106 65.206008504106 65.206200504795 65.206552504795 65.240847571509 65.240847571509 65.240847571509 65.240847571509 65.241039571509 65.241039571509 65.242735571509 65.242735571509 65.242735571509 65.242735571509 65.242735571509 65.242927622315 65.242927622315 65.243279622315 65.402245165962 65.403941165962 65.404133166047 65.404485166047 65.612673357471 65.614369357471 65.614561372535 65.614913372535 65.818061327775 65.819757327775 65.819949332191 65.820301332191 65.928678420341 65.930374420341 65.930566437367 65.930918437367 66.202072504106 66.203768504106 66.203960527112 66.204312527112 66.240847571509 66.240847571509 66.240847571509 66.240847571509 66.241039571509 66.241039571509 66.242735571509 66.242735571509 66.242735571509 66.242735571509 66.242735571509 66.242927622315 66.242927622315 66.243279622315 66.402565165962 66.404261165962 66.404453166047 66.404805166047 66.612353357471 66.614049357471 66.614241372535 66.614593372535 66.817101327775 66.818797327775 66.818989332191 66.819341332191 66.928998420341 66.930694420341 66.930886437367 66.931238437367 67.203352504106 67.205048504106 67.205240524662 67.205592524662 67.240527571509 67.240527571509 67.240527571509 67.240527571509 67.240719571509 67.240719571509 67.242415571509 67.242415571509 67.242415571509 67.242415571509 67.242415571509 67.242607622315 67.242607622315 67.242959622315 67.402885165962 67.404581165962 67.404773166047 67.405125166047 67.612673357471 67.614369357471 67.614561372535 67.614913372535 67.817101327775 67.818797327775 67.818989332191 67.819341332191 67.928678420341 67.930374420341 67.930566437367 67.930918437367 68.202392504106 68.204088504106 68.204280517871 68.204632517871 68.239887571509 68.239887571509 68.239887571509 68.239887571509 68.240079571509 68.240079571509 68.241775571509 68.241775571509 68.241775571509 68.241775571509 68.241775571509 68.241967622315 68.241967622315 68.242319622315 68.404165165962 68.405861165962 68.406053166047 68.406405166047 68.612353357471 68.614049357471 68.614241372535 68.614593372535 68.818701327775 68.820397327775 68.820589332191 68.820941332191 68.928358420341 68.930054420341 68.930246437367 68.930598437367 69.203032504106 69.204728504106 69.204920524346 69.205272524346 69.240847571509 69.240847571509 69.240847571509 69.240847571509 69.241039571509 69.241039571509 69.242735571509 69.242735571509 69.242735571509 69.242735571509 69.242735571509 69.242927622315 69.242927622315 69.243279622315 69.403205165962 69.404901165962 69.405093166047 69.405445166047 69.614273357471 69.615969357471 69.616161372535 69.616513372535 69.819021327775 69.820717327775 69.820909332191 69.821261332191 69.927078420341 69.928774420341 69.928966437367 69.929318437367 70.202072504106 70.203768504106 70.203960524346 70.204312524346 70.239887571509 70.239887571509 70.239887571509 70.239887571509 70.240079571509 70.240079571509 70.241775571509 70.241775571509 70.241775571509 70.241775571509 70.241775571509 70.241967622315 70.241967622315 70.242319622315 70.403845165962 70.405541165962 70.405733166047 70.406085166047 70.612993357471 70.614689357471 70.614881372535 70.615233372535 70.819021327775 70.820717327775 70.820909332191 70.821261332191 70.928358420341 70.930054420341 70.930246437367 70.930598437367 71.203032504106 71.204728504106 71.204920524346 71.205272524346 71.241167571509 71.241167571509 71.241167571509 71.241167571509 71.241359571509 71.241359571509 71.243055571509 71.243055571509 71.243055571509 71.243055571509 71.243055571509 71.243247622315 71.243247622315 71.243599622315 71.402565165962 71.404261165962 71.404453166047 71.404805166047 71.613953357471 71.615649357471 71.615841372535 71.616193372535 71.817101327775 71.818797327775 71.818989332191 71.819341332191 71.928038420341 71.929734420341 71.929926437367 71.930278437367 72.203032504106 72.204728504106 72.204920504795 72.205272504795 72.239567571509 72.239567571509 72.239567571509 72.239567571509 72.239759571509 72.239759571509 72.241455571509 72.241455571509 72.241455571509 72.241455571509 72.241455571509 72.241647622315 72.241647622315 72.241999622315 72.403845165962 72.405541165962 72.405733166047 72.406085166047 72.614593357471 72.616289357471 72.616481372535 72.616833372535 72.819021327775 72.820717327775 72.820909332191 72.821261332191 72.928998420341 72.930694420341 72.930886437367 72.931238437367 73.202712504106 73.204408504106 73.204600524662 73.204952524662 73.241487571509 73.241487571509 73.241487571509 73.241487571509 73.241679571509 73.241679571509 73.243375571509 73.243375571509 73.243375571509 73.243375571509 73.243375571509 73.243567622315 73.243567622315 73.243919622315 73.402885165962 73.404581165962 73.404773166047 73.405125166047 73.612993357471 73.614689357471 73.614881372535 73.615233372535 73.818701327775 73.820397327775 73.820589332191 73.820941332191 73.927078420341 73.928774420341 73.928966437367 73.929318437367 74.203032504106 74.204728504106 74.204920524662 74.205272524662 74.240207571509 74.240207571509 74.240207571509 74.240207571509 74.240399571509 74.240399571509 74.242095571509 74.242095571509 74.242095571509 74.242095571509 74.242095571509 74.242287622315 74.242287622315 74.242639622315 74.403845165962 74.405541165962 74.405733166047 74.406085166047 74.614593357471 74.616289357471 74.616481372535 74.616833372535 74.816781327775 74.818477327775 74.818669332191 74.819021332191 74.928358420341 74.930054420341 74.930246437367 74.930598437367 75.202712504106 75.204408504106 75.204600517871 75.204952517871 75.240847571509 75.240847571509 75.240847571509 75.240847571509 75.241039571509 75.241039571509 75.242735571509 75.242735571509 75.242735571509 75.242735571509 75.242735571509 75.242927622315 75.242927622315 75.243279622315 75.404165165962 75.405861165962 75.406053166047 75.406405166047 75.612993357471 75.614689357471 75.614881372535 75.615233372535 75.818381327775 75.820077327775 75.820269332191 75.820621332191 75.928358420341 75.930054420341 75.930246437367 75.930598437367 76.203032504106 76.204728504106 76.204920504795 76.205272504795 76.241167571509 76.241167571509 76.241167571509 76.241167571509 76.241359571509 76.241359571509 76.243055571509 76.243055571509 76.243055571509 76.243055571509 76.243055571509 76.243247622315 76.243247622315 76.243599622315 76.402565165962 76.404261165962 76.404453166047 76.404805166047 76.614273357471 76.615969357471 76.616161372535 76.616513372535 76.817101327775 76.818797327775 76.818989332191 76.819341332191 76.928038420341 76.929734420341 76.929926437367 76.930278437367 77.203992504106 77.205688504106 77.205880524346 77.206232524346 77.241487571509 77.241487571509 77.241487571509 77.241487571509 77.241679571509 77.241679571509 77.243375571509 77.243375571509 77.243375571509 77.243375571509 77.243375571509 77.243567622315 77.243567622315 77.243919622315 77.403205165962 77.404901165962 77.405093166047 77.405445166047 77.612673357471 77.614369357471 77.614561372535 77.614913372535 77.818381327775 77.820077327775 77.820269332191 77.820621332191 77.927398420341 77.929094420341 77.929286437367 77.929638437367 78.203672504106 78.205368504106 78.205560504795 78.205912504795 78.241807571509 78.241807571509 78.241807571509 78.241807571509 78.241999571509 78.241999571509 78.243695571509 78.243695571509 78.243695571509 78.243695571509 78.243695571509 78.243887622315 78.243887622315 78.244239622315 78.402245165962 78.403941165962 78.404133166047 78.404485166047 78.613953357471 78.615649357471 78.615841372535 78.616193372535 78.818381327775 78.820077327775 78.820269332191 78.820621332191 78.928358420341 78.930054420341 78.930246437367 78.930598437367 79.202072504106 79.203768504106 79.203960542289 79.204312542289 79.240207571509 79.240207571509 79.240207571509 79.240207571509 79.240399571509 79.240399571509 79.242095571509 79.242095571509 79.242095571509 79.242095571509 79.242095571509 79.242287622315 79.242287622315 79.242639622315 79.403525165962 79.405221165962 79.405413166047 79.405765166047 79.614273357471 79.615969357471 79.616161372535 79.616513372535 79.817101327775 79.818797327775 79.818989332191 79.819341332191 79.928998420341 79.930694420341 79.930886437367 79.931238437367 80.203352504106 80.205048504106 80.205240524662 80.205592524662 80.241167571509 80.241167571509 80.241167571509 80.241167571509 80.241359571509 80.241359571509 80.243055571509 80.243055571509 80.243055571509 80.243055571509 80.243055571509 80.243247622315 80.243247622315 80.243599622315 80.403525165962 80.405221165962 80.405413166047 80.405765166047 80.614593357471 80.616289357471 80.616481372535 80.616833372535 80.817741327775 80.819437327775 80.819629332191 80.819981332191 80.928998420341 80.930694420341 80.930886437367 80.931238437367 81.202712504106 81.204408504106 81.204600504795 81.204952504795 81.240207571509 81.240207571509 81.240207571509 81.240207571509 81.240399571509 81.240399571509 81.242095571509 81.242095571509 81.242095571509 81.242095571509 81.242095571509 81.242287622315 81.242287622315 81.242639622315 81.404165165962 81.405861165962 81.406053166047 81.406405166047 81.612353357471 81.614049357471 81.614241372535 81.614593372535 81.817101327775 81.818797327775 81.818989332191 81.819341332191 81.927398420341 81.929094420341 81.929286437367 81.929638437367 82.203992504106 82.205688504106 82.205880542979 82.206232542979 82.239567571509 82.239567571509 82.239567571509 82.239567571509 82.239759571509 82.239759571509 82.241455571509 82.241455571509 82.241455571509 82.241455571509 82.241455571509 82.241647622315 82.241647622315 82.241999622315 82.402245165962 82.403941165962 82.404133166047 82.404485166047 82.612353357471 82.614049357471 82.614241372535 82.614593372535 82.816781327775 82.818477327775 82.818669332191 82.819021332191 82.928998420341 82.930694420341 82.930886437367 82.931238437367 83.203032504106 83.204728504106 83.204920524346 83.205272524346 83.240207571509 83.240207571509 83.240207571509 83.240207571509 83.240399571509 83.240399571509 83.242095571509 83.242095571509 83.242095571509 83.242095571509 83.242095571509 83.242287622315 83.242287622315 83.242639622315 83.403845165962 83.405541165962 83.405733166047 83.406085166047 83.612673357471 83.614369357471 83.614561372535 83.614913372535 83.818701327775 83.820397327775 83.820589332191 83.820941332191 83.927398420341 83.929094420341 83.929286437367 83.929638437367 84.203672504106 84.205368504106 84.205560542979 84.205912542979 84.239567571509 84.239567571509 84.239567571509 84.239567571509 84.239759571509 84.239759571509 84.241455571509 84.241455571509 84.241455571509 84.241455571509 84.241455571509 84.241647622315 84.241647622315 84.241999622315 84.402885165962 84.404581165962 84.404773166047 84.405125166047 84.612673357471 84.614369357471 84.614561372535 84.614913372535 84.817101327775 84.818797327775 84.818989332191 84.819341332191 84.927078420341 84.928774420341 84.928966437367 84.929318437367 85.203352504106 85.205048504106 85.205240542979 85.205592542979 85.240207571509 85.240207571509 85.240207571509 85.240207571509 85.240399571509 85.240399571509 85.242095571509 85.242095571509 85.242095571509 85.242095571509 85.242095571509 85.242287622315 85.242287622315 85.242639622315 85.402245165962 85.403941165962 85.404133166047 85.404485166047 85.613313357471 85.615009357471 85.615201372535 85.615553372535 85.818061327775 85.819757327775 85.819949332191 85.820301332191 85.928998420341 85.930694420341 85.930886437367 85.931238437367 86.202072504106 86.203768504106 86.203960542289 86.204312542289 86.239887571509 86.239887571509 86.239887571509 86.239887571509 86.240079571509 86.240079571509 86.241775571509 86.241775571509 86.241775571509 86.241775571509 86.241775571509 86.241967622315 86.241967622315 86.242319622315 86.404165165962 86.405861165962 86.406053166047 86.406405166047 86.613633357471 86.615329357471 86.615521372535 86.615873372535 86.817741327775 86.819437327775 86.819629332191 86.819981332191 86.928998420341 86.930694420341 86.930886437367 86.931238437367 87.202072504106 87.203768504106 87.203960517871 87.204312517871 87.241807571509 87.241807571509 87.241807571509 87.241807571509 87.241999571509 87.241999571509 87.243695571509 87.243695571509 87.243695571509 87.243695571509 87.243695571509 87.243887622315 87.243887622315 87.244239622315 87.402565165962 87.404261165962 87.404453166047 87.404805166047 87.613633357471 87.615329357471 87.615521372535 87.615873372535 87.816781327775 87.818477327775 87.818669332191 87.819021332191 87.928358420341 87.930054420341 87.930246437367 87.930598437367 88.203992504106 88.205688504106 88.205880504795 88.206232504795 88.241807571509 88.241807571509 88.241807571509 88.241807571509 88.241999571509 88.241999571509 88.243695571509 88.243695571509 88.243695571509 88.243695571509 88.243695571509 88.243887622315 88.243887622315 88.244239622315 88.404485165962 88.406181165962 88.406373166047 88.406725166047 88.614593357471 88.616289357471 88.616481372535 88.616833372535 88.818701327775 88.820397327775 88.820589332191 88.820941332191 88.927398420341 88.929094420341 88.929286437367 88.929638437367 89.202712504106 89.204408504106 89.204600542289 89.204952542289 89.240847571509 89.240847571509 89.240847571509 89.240847571509 89.241039571509 89.241039571509 89.242735571509 89.242735571509 89.242735571509 89.242735571509 89.242735571509 89.242927622315 89.242927622315 89.243279622315 89.403845165962 89.405541165962 89.405733166047 89.406085166047 89.614273357471 89.615969357471 89.616161372535 89.616513372535 89.817101327775 89.818797327775 89.818989332191 89.819341332191 89.927718420341 89.929414420341 89.929606437367 89.929958437367 90.202072504106 90.203768504106 90.203960527112 90.204312527112 90.241487571509 90.241487571509 90.241487571509 90.241487571509 90.241679571509 90.241679571509 90.243375571509 90.243375571509 90.243375571509 90.243375571509 90.243375571509 90.243567622315 90.243567622315 90.243919622315 90.404165165962 90.405861165962 90.406053166047 90.406405166047 90.614593357471 90.616289357471 90.616481372535 90.616833372535 90.818381327775 90.820077327775 90.820269332191 90.820621332191 90.927398420341 90.929094420341 90.929286437367 90.929638437367 91.204312504106 91.206008504106 91.206200524662 91.206552524662 91.240847571509 91.240847571509 91.240847571509 91.240847571509 91.241039571509 91.241039571509 91.242735571509 91.242735571509 91.242735571509 91.242735571509 91.242735571509 91.242927622315 91.242927622315 91.243279622315 91.402245165962 91.403941165962 91.404133166047 91.404485166047 91.612993357471 91.614689357471 91.614881372535 91.615233372535 91.819021327775 91.820717327775 91.820909332191 91.821261332191 91.927718420341 91.929414420341 91.929606437367 91.929958437367 92.203992504106 92.205688504106 92.205880542979 92.206232542979 92.241167571509 92.241167571509 92.241167571509 92.241167571509 92.241359571509 92.241359571509 92.243055571509 92.243055571509 92.243055571509 92.243055571509 92.243055571509 92.243247622315 92.243247622315 92.243599622315 92.403845165962 92.405541165962 92.405733166047 92.406085166047 92.613313357471 92.615009357471 92.615201372535 92.615553372535 92.816781327775 92.818477327775 92.818669332191 92.819021332191 92.928998420341 92.930694420341 92.930886437367 92.931238437367 93.203032504106 93.204728504106 93.204920524346 93.205272524346 93.240207571509 93.240207571509 93.240207571509 93.240207571509 93.240399571509 93.240399571509 93.242095571509 93.242095571509 93.242095571509 93.242095571509 93.242095571509 93.242287622315 93.242287622315 93.242639622315 93.403845165962 93.405541165962 93.405733166047 93.406085166047 93.614273357471 93.615969357471 93.616161372535 93.616513372535 93.818701327775 93.820397327775 93.820589332191 93.820941332191 93.928678420341 93.930374420341 93.930566437367 93.930918437367 94.203032504106 94.204728504106 94.204920516737 94.205272516737 94.240847571509 94.240847571509 94.240847571509 94.240847571509 94.241039571509 94.241039571509 94.242735571509 94.242735571509 94.242735571509 94.242735571509 94.242735571509 94.242927622315 94.242927622315 94.243279622315 94.403205165962 94.404901165962 94.405093166047 94.405445166047 94.614273357471 94.615969357471 94.616161372535 94.616513372535 94.816781327775 94.818477327775 94.818669332191 94.819021332191 94.927718420341 94.929414420341 94.929606437367 94.929958437367 95.204312504106 95.206008504106 95.206200504795 95.206552504795 95.240207571509 95.240207571509 95.240207571509 95.240207571509 95.240399571509 95.240399571509 95.242095571509 95.242095571509 95.242095571509 95.242095571509 95.242095571509 95.242287622315 95.242287622315 95.242639622315 95.404485165962 95.406181165962 95.406373166047 95.406725166047 95.612673357471 95.614369357471 95.614561372535 95.614913372535 95.817101327775 95.818797327775 95.818989332191 95.819341332191 95.927078420341 95.928774420341 95.928966437367 95.929318437367 96.203352504106 96.205048504106 96.205240516737 96.205592516737 96.240527571509 96.240527571509 96.240527571509 96.240527571509 96.240719571509 96.240719571509 96.242415571509 96.242415571509 96.242415571509 96.242415571509 96.242415571509 96.242607622315 96.242607622315 96.242959622315 96.402885165962 96.404581165962 96.404773166047 96.405125166047 96.612993357471 96.614689357471 96.614881372535 96.615233372535 96.818061327775 96.819757327775 96.819949332191 96.820301332191 96.927398420341 96.929094420341 96.929286437367 96.929638437367 97.203032504106 97.204728504106 97.204920516737 97.205272516737 97.241487571509 97.241487571509 97.241487571509 97.241487571509 97.241679571509 97.241679571509 97.243375571509 97.243375571509 97.243375571509 97.243375571509 97.243375571509 97.243567622315 97.243567622315 97.243919622315 97.402565165962 97.404261165962 97.404453166047 97.404805166047 97.612993357471 97.614689357471 97.614881372535 97.615233372535 97.818381327775 97.820077327775 97.820269332191 97.820621332191 97.928678420341 97.930374420341 97.930566437367 97.930918437367 98.203992504106 98.205688504106 98.205880504795 98.206232504795 98.241487571509 98.241487571509 98.241487571509 98.241487571509 98.241679571509 98.241679571509 98.243375571509 98.243375571509 98.243375571509 98.243375571509 98.243375571509 98.243567622315 98.243567622315 98.243919622315 98.403525165962 98.405221165962 98.405413166047 98.405765166047 98.612673357471 98.614369357471 98.614561372535 98.614913372535 98.816781327775 98.818477327775 98.818669332191 98.819021332191 98.926758420341 98.928454420341 98.928646437367 98.928998437367 99.203672504106 99.205368504106 99.205560524662 99.205912524662 99.239567571509 99.239567571509 99.239567571509 99.239567571509 99.239759571509 99.239759571509 99.241455571509 99.241455571509 99.241455571509 99.241455571509 99.241455571509 99.241647622315 99.241647622315 99.241999622315 99.402885165962 99.404581165962 99.404773166047 99.405125166047 99.612993357471 99.614689357471 99.614881372535 99.615233372535 99.817101327775 99.818797327775 99.818989332191 99.819341332191 99.928038420341 99.929734420341 99.929926437367 99.930278437367","0 0 0 5e-06 0 0.05 5e-06 0.05 5e-06 0 0 0.005 0.005 0 0.075 0.005 0 5e-06 5e-06 5e-06 0 0.05 5e-06 0.05 5e-06 0.05 5e-06 0.05 5e-06 0.05 5e-06 0.05 5e-06 0.05 5e-06 0.05 5e-06 0.05 5e-06 0.05 5e-06 0.05 5e-06 0 0 0.005 0.005 0 0.075 0.005 0 5e-06 5e-06 5e-06 0 0.05 5e-06 0.05 5e-06 0.05 5e-06 0.05 5e-06 0.05 5e-06 0.05 5e-06 0.05 5e-06 0.05 5e-06 0.05 5e-06 0.05 5e-06 0.05 5e-06 0 0 0.005 0.005 0 0.075 0.005 0 5e-06 5e-06 5e-06 0 0.05 5e-06 0.05 5e-06 0.05 5e-06 0.05 5e-06 0.05 5e-06 0.05 5e-06 0.05 5e-06 0.05 5e-06 0.05 5e-06 0.05 5e-06 0.05 5e-06 0 0 0.005 0.005 0 0.075 0.005 0 5e-06 5e-06 5e-06 0 0.05 5e-06 0.05 5e-06 0.05 5e-06 0.05 5e-06 0.05 5e-06 0.05 5e-06 0.05 5e-06 0.05 5e-06 0.05 5e-06 0.05 5e-06 0.05 5e-06 0 0 0.005 0.005 0 0.075 0.005 0 5e-06 5e-06 5e-06 0 0.05 5e-06 0.05 5e-06 0.05 5e-06 0.05 5e-06 0.05 5e-06 0.05 5e-06 0.05 5e-06 0.05 5e-06 0.05 5e-06 0.05 5e-06 0.05 5e-06 0 0 0.005 0.005 0 0.075 0.005 0 5e-06 5e-06 5e-06 0 0.05 5e-06 0.05 5e-06 0.05 5e-06 0.05 5e-06 0.05 5e-06 0.05 5e-06 0.05 5e-06 0.05 5e-06 0.05 5e-06 0.05 5e-06 0.05 5e-06 0 0 0.005 0.005 0 0.075 0.005 0 5e-06 5e-06 5e-06 0 0.05 5e-06 0.05 5e-06 0.05 5e-06 0.05 5e-06 0.05 5e-06 0.05 5e-06 0.05 5e-06 0.05 5e-06 0.05 5e-06 0.05 5e-06 0.05 5e-06 0 0 0.005 0.005 0 0.075 0.005 0 5e-06 5e-06 5e-06 0 0.05 5e-06 0.05 5e-06 0.05 5e-06 0.05 5e-06 0.05 5e-06 0.05 5e-06 0.05 5e-06 0.05 5e-06 0.05 5e-06 0.05 5e-06 0.05 5e-06 0 0 0.005 0.005 0 0.075 0.005 0 5e-06 5e-06 5e-06 0 0.05 5e-06 0.05 5e-06 0.05 5e-06 0.05 5e-06 0.05 5e-06 0.05 5e-06 0.05 5e-06 0.05 5e-06 0.05 5e-06 0.05 5e-06 0.05 5e-06 0 0 0.005 0.005 0 0.075 0.005 0 5e-06 5e-06 5e-06 0 0.05 5e-06 0.05 5e-06 0.05 5e-06 0.05 5e-06 0.05 5e-06 0.05 5e-06 0.05 5e-06 0.05 5e-06 0.05 5e-06 0.05 5e-06 0.05 5e-06 0 0 0.005 0.005 0 0.075 0.005 0 5e-06 5e-06 5e-06 0 0.05 5e-06 0.05 5e-06 0.05 5e-06 0.05 5e-06 0.05 5e-06 0.05 5e-06 0.05 5e-06 0.05 5e-06 0.05 5e-06 0.05 5e-06 0.05 5e-06 0 0 0.005 0.005 0 0.075 0.005 0 5e-06 5e-06 5e-06 0 0.05 5e-06 0.05 5e-06 0.05 5e-06 0.05 5e-06 0.05 5e-06 0.05 5e-06 0.05 5e-06 0.05 5e-06 0.05 5e-06 0.05 5e-06 0.05 5e-06 0 0 0.005 0.005 0 0.075 0.005 0 5e-06 5e-06 5e-06 0 0.05 5e-06 0.05 5e-06 0.05 5e-06 0.05 5e-06 0.05 5e-06 0.05 5e-06 0.05 5e-06 0.05 5e-06 0.05 5e-06 0.05 5e-06 0.05 5e-06 0 0 0.005 0.005 0 0.075 0.005 0 5e-06 5e-06 5e-06 0 0.05 5e-06 0.05 5e-06 0.05 5e-06 0.05 5e-06 0.05 5e-06 0.05 5e-06 0.05 5e-06 0.05 5e-06 0.05 5e-06 0.05 5e-06 0.05 5e-06 0 0 0.005 0.005 0 0.075 0.005 0 5e-06 5e-06 5e-06 0 0.05 5e-06 0.05 5e-06 0.05 5e-06 0.05 5e-06 0.05 5e-06 0.05 5e-06 0.05 5e-06 0.05 5e-06 0.05 5e-06 0.05 5e-06 0.05 5e-06 0 0 0.005 0.005 0 0.075 0.005 0 5e-06 5e-06 5e-06 0 0.05 5e-06 0.05 5e-06 0.05 5e-06 0.05 5e-06 0.05 5e-06 0.05 5e-06 0.05 5e-06 0.05 5e-06 0.05 5e-06 0.05 5e-06 0.05 5e-06 0 0 0.005 0.005 0 0.075 0.005 0 5e-06 5e-06 5e-06 0 0.05 5e-06 0.05 5e-06 0.05 5e-06 0.05 5e-06 0.05 5e-06 0.05 5e-06 0.05 5e-06 0.05 5e-06 0.05 5e-06 0.05 5e-06 0.05 5e-06 0 0 0.005 0.005 0 0.075 0.005 0 5e-06 5e-06 5e-06 0 0.05 5e-06 0.05 5e-06 0.05 5e-06 0.05 5e-06 0.05 5e-06 0.05 5e-06 0.05 5e-06 0.05 5e-06 0.05 5e-06 0.05 5e-06 0.05 5e-06 0 0 0.005 0.005 0 0.075 0.005 0 5e-06 5e-06 5e-06 0 0.05 5e-06 0.05 5e-06 0.05 5e-06 0.05 5e-06 0.05 5e-06 0.05 5e-06 0.05 5e-06 0.05 5e-06 0.05 5e-06 0.05 5e-06 0.05 5e-06 0 0 0.005 0.005 0 0.075 0.005 0 5e-06 5e-06 5e-06 0 0.05 5e-06 0.05 5e-06 0.05 5e-06 0.05 5e-06 0.05 5e-06 0.05 5e-06 0.05 5e-06 0.05 5e-06 0.05 5e-06 0.05 5e-06 0.05 5e-06 0 0 0.005 0.005 0 0.075 0.005 0 5e-06 5e-06 5e-06 0 0.05 5e-06 0.05 5e-06 0.05 5e-06 0.05 5e-06 0.05 5e-06 0.05 5e-06 0.05 5e-06 0.05 5e-06 0.05 5e-06 0.05 5e-06 0.05 5e-06 0 0 0.005 0.005 0 0.075 0.005 0 5e-06 5e-06 5e-06 0 0.05 5e-06 0.05 5e-06 0.05 5e-06 0.05 5e-06 0.05 5e-06 0.05 5e-06 0.05 5e-06 0.05 5e-06 0.05 5e-06 0.05 5e-06 0.05 5e-06 0 0 0.005 0.005 0 0.075 0.005 0 5e-06 5e-06 5e-06 0 0.05 5e-06 0.05 5e-06 0.05 5e-06 0.05 5e-06 0.05 5e-06 0.05 5e-06 0.05 5e-06 0.05 5e-06 0.05 5e-06 0.05 5e-06 0.05 5e-06 0 0 0.005 0.005 0 0.075 0.005 0 5e-06 5e-06 5e-06 0 0.05 5e-06 0.05 5e-06 0.05 5e-06 0.05 5e-06 0.05 5e-06 0.05 5e-06 0.05 5e-06 0.05 5e-06 0.05 5e-06 0.05 5e-06 0.05 5e-06 0 0 0.005 0.005 0 0.075 0.005 0 5e-06 5e-06 5e-06 0 0.05 5e-06 0.05 5e-06 0.05 5e-06 0.05 5e-06 0.05 5e-06 0.05 5e-06 0.05 5e-06 0.05 5e-06 0.05 5e-06 0.05 5e-06 0.05 5e-06 0 0 0.005 0.005 0 0.075 0.005 0 5e-06 5e-06 5e-06 0 0.05 5e-06 0.05 5e-06 0.05 5e-06 0.05 5e-06 0.05 5e-06 0.05 5e-06 0.05 5e-06 0.05 5e-06 0.05 5e-06 0.05 5e-06 0.05 5e-06 0 0 0.005 0.005 0 0.075 0.005 0 5e-06 5e-06 5e-06 0 0.05 5e-06 0.05 5e-06 0.05 5e-06 0.05 5e-06 0.05 5e-06 0.05 5e-06 0.05 5e-06 0.05 5e-06 0.05 5e-06 0.05 5e-06 0.05 5e-06 0 0 0.005 0.005 0 0.075 0.005 0 5e-06 5e-06 5e-06 0 0.05 5e-06 0.05 5e-06 0.05 5e-06 0.05 5e-06 0.05 5e-06 0.05 5e-06 0.05 5e-06 0.05 5e-06 0.05 5e-06 0.05 5e-06 0.05 5e-06 0 0 0.005 0.005 0 0.075 0.005 0 5e-06 5e-06 5e-06 0 0.05 5e-06 0.05 5e-06 0.05 5e-06 0.05 5e-06 0.05 5e-06 0.05 5e-06 0.05 5e-06 0.05 5e-06 0.05 5e-06 0.05 5e-06 0.05 5e-06 0 0 0.005 0.005 0 0.075 0.005 0 5e-06 5e-06 5e-06 0 0.05 5e-06 0.05 5e-06 0.05 5e-06 0.05 5e-06 0.05 5e-06 0.05 5e-06 0.05 5e-06 0.05 5e-06 0.05 5e-06 0.05 5e-06 0.05 5e-06 0 0 0.005 0.005 0 0.075 0.005 0 5e-06 5e-06 5e-06 0 0.05 5e-06 0.05 5e-06 0.05 5e-06 0.05 5e-06 0.05 5e-06 0.05 5e-06 0.05 5e-06 0.05 5e-06 0.05 5e-06 0.05 5e-06 0.05 5e-06 0 0 0.005 0.005 0 0.075 0.005 0 5e-06 5e-06 5e-06 0 0.05 5e-06 0.05 5e-06 0.05 5e-06 0.05 5e-06 0.05 5e-06 0.05 5e-06 0.05 5e-06 0.05 5e-06 0.05 5e-06 0.05 5e-06 0.05 5e-06 0 0 0.005 0.005 0 0.075 0.005 0 5e-06 5e-06 5e-06 0 0.05 5e-06 0.05 5e-06 0.05 5e-06 0.05 5e-06 0.05 5e-06 0.05 5e-06 0.05 5e-06 0.05 5e-06 0.05 5e-06 0.05 5e-06 0.05 5e-06 0 0 0.005 0.005 0 0.075 0.005 0 5e-06 5e-06 5e-06 0 0.05 5e-06 0.05 5e-06 0.05 5e-06 0.05 5e-06 0.05 5e-06 0.05 5e-06 0.05 5e-06 0.05 5e-06 0.05 5e-06 0.05 5e-06 0.05 5e-06 0 0 0.005 0.005 0 0.075 0.005 0 5e-06 5e-06 5e-06 0 0.05 5e-06 0.05 5e-06 0.05 5e-06 0.05 5e-06 0.05 5e-06 0.05 5e-06 0.05 5e-06 0.05 5e-06 0.05 5e-06 0.05 5e-06 0.05 5e-06 0 0 0.005 0.005 0 0.075 0.005 0 5e-06 5e-06 5e-06 0 0.05 5e-06 0.05 5e-06 0.05 5e-06 0.05 5e-06 0.05 5e-06 0.05 5e-06 0.05 5e-06 0.05 5e-06 0.05 5e-06 0.05 5e-06 0.05 5e-06 0 0 0.005 0.005 0 0.075 0.005 0 5e-06 5e-06 5e-06 0 0.05 5e-06 0.05 5e-06 0.05 5e-06 0.05 5e-06 0.05 5e-06 0.05 5e-06 0.05 5e-06 0.05 5e-06 0.05 5e-06 0.05 5e-06 0.05 5e-06 0 0 0.005 0.005 0 0.075 0.005 0 5e-06 5e-06 5e-06 0 0.05 5e-06 0.05 5e-06 0.05 5e-06 0.05 5e-06 0.05 5e-06 0.05 5e-06 0.05 5e-06 0.05 5e-06 0.05 5e-06 0.05 5e-06 0.05 5e-06 0 0 0.005 0.005 0 0.075 0.005 0 5e-06 5e-06 5e-06 0 0.05 5e-06 0.05 5e-06 0.05 5e-06 0.05 5e-06 0.05 5e-06 0.05 5e-06 0.05 5e-06 0.05 5e-06 0.05 5e-06 0.05 5e-06 0.05 5e-06 0 0 0.005 0.005 0 0.075 0.005 0 5e-06 5e-06 5e-06 0 0.05 5e-06 0.05 5e-06 0.05 5e-06 0.05 5e-06 0.05 5e-06 0.05 5e-06 0.05 5e-06 0.05 5e-06 0.05 5e-06 0.05 5e-06 0.05 5e-06 0 0 0.005 0.005 0 0.075 0.005 0 5e-06 5e-06 5e-06 0 0.05 5e-06 0.05 5e-06 0.05 5e-06 0.05 5e-06 0.05 5e-06 0.05 5e-06 0.05 5e-06 0.05 5e-06 0.05 5e-06 0.05 5e-06 0.05 5e-06 0 0 0.005 0.005 0 0.075 0.005 0 5e-06 5e-06 5e-06 0 0.05 5e-06 0.05 5e-06 0.05 5e-06 0.05 5e-06 0.05 5e-06 0.05 5e-06 0.05 5e-06 0.05 5e-06 0.05 5e-06 0.05 5e-06 0.05 5e-06 0 0 0.005 0.005 0 0.075 0.005 0 5e-06 5e-06 5e-06 0 0.05 5e-06 0.05 5e-06 0.05 5e-06 0.05 5e-06 0.05 5e-06 0.05 5e-06 0.05 5e-06 0.05 5e-06 0.05 5e-06 0.05 5e-06 0.05 5e-06 0 0 0.005 0.005 0 0.075 0.005 0 5e-06 5e-06 5e-06 0 0.05 5e-06 0.05 5e-06 0.05 5e-06 0.05 5e-06 0.05 5e-06 0.05 5e-06 0.05 5e-06 0.05 5e-06 0.05 5e-06 0.05 5e-06 0.05 5e-06 0 0 0.005 0.005 0 0.075 0.005 0 5e-06 5e-06 5e-06 0 0.05 5e-06 0.05 5e-06 0.05 5e-06 0.05 5e-06 0.05 5e-06 0.05 5e-06 0.05 5e-06 0.05 5e-06 0.05 5e-06 0.05 5e-06 0.05 5e-06 0 0 0.005 0.005 0 0.075 0.005 0 5e-06 5e-06 5e-06 0 0.05 5e-06 0.05 5e-06 0.05 5e-06 0.05 5e-06 0.05 5e-06 0.05 5e-06 0.05 5e-06 0.05 5e-06 0.05 5e-06 0.05 5e-06 0.05 5e-06 0 0 0.005 0.005 0 0.075 0.005 0 5e-06 5e-06 5e-06 0 0.05 5e-06 0.05 5e-06 0.05 5e-06 0.05 5e-06 0.05 5e-06 0.05 5e-06 0.05 5e-06 0.05 5e-06 0.05 5e-06 0.05 5e-06 0.05 5e-06 0 0 0.005 0.005 0 0.075 0.005 0 5e-06 5e-06 5e-06 0 0.05 5e-06 0.05 5e-06 0.05 5e-06 0.05 5e-06 0.05 5e-06 0.05 5e-06 0.05 5e-06 0.05 5e-06 0.05 5e-06 0.05 5e-06 0.05 5e-06 0 0 0.005 0.005 0 0.075 0.005 0 5e-06 5e-06 5e-06 0 0.05 5e-06 0.05 5e-06 0.05 5e-06 0.05 5e-06 0.05 5e-06 0.05 5e-06 0.05 5e-06 0.05 5e-06 0.05 5e-06 0.05 5e-06 0.05 5e-06 0 0 0.005 0.005 0 0.075 0.005 0 5e-06 5e-06 5e-06 0 0.05 5e-06 0.05 5e-06 0.05 5e-06 0.05 5e-06 0.05 5e-06 0.05 5e-06 0.05 5e-06 0.05 5e-06 0.05 5e-06 0.05 5e-06 0.05 5e-06 0 0 0.005 0.005 0 0.075 0.005 0 5e-06 5e-06 5e-06 0 0.05 5e-06 0.05 5e-06 0.05 5e-06 0.05 5e-06 0.05 5e-06 0.05 5e-06 0.05 5e-06 0.05 5e-06 0.05 5e-06 0.05 5e-06 0.05 5e-06 0 0 0.005 0.005 0 0.075 0.005 0 5e-06 5e-06 5e-06 0 0.05 5e-06 0.05 5e-06 0.05 5e-06 0.05 5e-06 0.05 5e-06 0.05 5e-06 0.05 5e-06 0.05 5e-06 0.05 5e-06 0.05 5e-06 0.05 5e-06 0 0 0.005 0.005 0 0.075 0.005 0 5e-06 5e-06 5e-06 0 0.05 5e-06 0.05 5e-06 0.05 5e-06 0.05 5e-06 0.05 5e-06 0.05 5e-06 0.05 5e-06 0.05 5e-06 0.05 5e-06 0.05 5e-06 0.05 5e-06 0 0 0.005 0.005 0 0.075 0.005 0 5e-06 5e-06 5e-06 0 0.05 5e-06 0.05 5e-06 0.05 5e-06 0.05 5e-06 0.05 5e-06 0.05 5e-06 0.05 5e-06 0.05 5e-06 0.05 5e-06 0.05 5e-06 0.05 5e-06 0 0 0.005 0.005 0 0.075 0.005 0 5e-06 5e-06 5e-06 0 0.05 5e-06 0.05 5e-06 0.05 5e-06 0.05 5e-06 0.05 5e-06 0.05 5e-06 0.05 5e-06 0.05 5e-06 0.05 5e-06 0.05 5e-06 0.05 5e-06 0 0 0.005 0.005 0 0.075 0.005 0 5e-06 5e-06 5e-06 0 0.05 5e-06 0.05 5e-06 0.05 5e-06 0.05 5e-06 0.05 5e-06 0.05 5e-06 0.05 5e-06 0.05 5e-06 0.05 5e-06 0.05 5e-06 0.05 5e-06 0 0 0.005 0.005 0 0.075 0.005 0 5e-06 5e-06 5e-06 0 0.05 5e-06 0.05 5e-06 0.05 5e-06 0.05 5e-06 0.05 5e-06 0.05 5e-06 0.05 5e-06 0.05 5e-06 0.05 5e-06 0.05 5e-06 0.05 5e-06 0 0 0.005 0.005 0 0.075 0.005 0 5e-06 5e-06 5e-06 0 0.05 5e-06 0.05 5e-06 0.05 5e-06 0.05 5e-06 0.05 5e-06 0.05 5e-06 0.05 5e-06 0.05 5e-06 0.05 5e-06 0.05 5e-06 0.05 5e-06 0 0 0.005 0.005 0 0.075 0.005 0 5e-06 5e-06 5e-06 0 0.05 5e-06 0.05 5e-06 0.05 5e-06 0.05 5e-06 0.05 5e-06 0.05 5e-06 0.05 5e-06 0.05 5e-06 0.05 5e-06 0.05 5e-06 0.05 5e-06 0 0 0.005 0.005 0 0.075 0.005 0 5e-06 5e-06 5e-06 0 0.05 5e-06 0.05 5e-06 0.05 5e-06 0.05 5e-06 0.05 5e-06 0.05 5e-06 0.05 5e-06 0.05 5e-06 0.05 5e-06 0.05 5e-06 0.05 5e-06 0 0 0.005 0.005 0 0.075 0.005 0 5e-06 5e-06 5e-06 0 0.05 5e-06 0.05 5e-06 0.05 5e-06 0.05 5e-06 0.05 5e-06 0.05 5e-06 0.05 5e-06 0.05 5e-06 0.05 5e-06 0.05 5e-06 0.05 5e-06 0 0 0.005 0.005 0 0.075 0.005 0 5e-06 5e-06 5e-06 0 0.05 5e-06 0.05 5e-06 0.05 5e-06 0.05 5e-06 0.05 5e-06 0.05 5e-06 0.05 5e-06 0.05 5e-06 0.05 5e-06 0.05 5e-06 0.05 5e-06 0 0 0.005 0.005 0 0.075 0.005 0 5e-06 5e-06 5e-06 0 0.05 5e-06 0.05 5e-06 0.05 5e-06 0.05 5e-06 0.05 5e-06 0.05 5e-06 0.05 5e-06 0.05 5e-06 0.05 5e-06 0.05 5e-06 0.05 5e-06 0 0 0.005 0.005 0 0.075 0.005 0 5e-06 5e-06 5e-06 0 0.05 5e-06 0.05 5e-06 0.05 5e-06 0.05 5e-06 0.05 5e-06 0.05 5e-06 0.05 5e-06 0.05 5e-06 0.05 5e-06 0.05 5e-06 0.05 5e-06 0 0 0.005 0.005 0 0.075 0.005 0 5e-06 5e-06 5e-06 0 0.05 5e-06 0.05 5e-06 0.05 5e-06 0.05 5e-06 0.05 5e-06 0.05 5e-06 0.05 5e-06 0.05 5e-06 0.05 5e-06 0.05 5e-06 0.05 5e-06 0 0 0.005 0.005 0 0.075 0.005 0 5e-06 5e-06 5e-06 0 0.05 5e-06 0.05 5e-06 0.05 5e-06 0.05 5e-06 0.05 5e-06 0.05 5e-06 0.05 5e-06 0.05 5e-06 0.05 5e-06 0.05 5e-06 0.05 5e-06 0 0 0.005 0.005 0 0.075 0.005 0 5e-06 5e-06 5e-06 0 0.05 5e-06 0.05 5e-06 0.05 5e-06 0.05 5e-06 0.05 5e-06 0.05 5e-06 0.05 5e-06 0.05 5e-06 0.05 5e-06 0.05 5e-06 0.05 5e-06 0 0 0.005 0.005 0 0.075 0.005 0 5e-06 5e-06 5e-06 0 0.05 5e-06 0.05 5e-06 0.05 5e-06 0.05 5e-06 0.05 5e-06 0.05 5e-06 0.05 5e-06 0.05 5e-06 0.05 5e-06 0.05 5e-06 0.05 5e-06 0 0 0.005 0.005 0 0.075 0.005 0 5e-06 5e-06 5e-06 0 0.05 5e-06 0.05 5e-06 0.05 5e-06 0.05 5e-06 0.05 5e-06 0.05 5e-06 0.05 5e-06 0.05 5e-06 0.05 5e-06 0.05 5e-06 0.05 5e-06 0 0 0.005 0.005 0 0.075 0.005 0 5e-06 5e-06 5e-06 0 0.05 5e-06 0.05 5e-06 0.05 5e-06 0.05 5e-06 0.05 5e-06 0.05 5e-06 0.05 5e-06 0.05 5e-06 0.05 5e-06 0.05 5e-06 0.05 5e-06 0 0 0.005 0.005 0 0.075 0.005 0 5e-06 5e-06 5e-06 0 0.05 5e-06 0.05 5e-06 0.05 5e-06 0.05 5e-06 0.05 5e-06 0.05 5e-06 0.05 5e-06 0.05 5e-06 0.05 5e-06 0.05 5e-06 0.05 5e-06 0 0 0.005 0.005 0 0.075 0.005 0 5e-06 5e-06 5e-06 0 0.05 5e-06 0.05 5e-06 0.05 5e-06 0.05 5e-06 0.05 5e-06 0.05 5e-06 0.05 5e-06 0.05 5e-06 0.05 5e-06 0.05 5e-06 0.05 5e-06 0 0 0.005 0.005 0 0.075 0.005 0 5e-06 5e-06 5e-06 0 0.05 5e-06 0.05 5e-06 0.05 5e-06 0.05 5e-06 0.05 5e-06 0.05 5e-06 0.05 5e-06 0.05 5e-06 0.05 5e-06 0.05 5e-06 0.05 5e-06 0 0 0.005 0.005 0 0.075 0.005 0 5e-06 5e-06 5e-06 0 0.05 5e-06 0.05 5e-06 0.05 5e-06 0.05 5e-06 0.05 5e-06 0.05 5e-06 0.05 5e-06 0.05 5e-06 0.05 5e-06 0.05 5e-06 0.05 5e-06 0 0 0.005 0.005 0 0.075 0.005 0 5e-06 5e-06 5e-06 0 0.05 5e-06 0.05 5e-06 0.05 5e-06 0.05 5e-06 0.05 5e-06 0.05 5e-06 0.05 5e-06 0.05 5e-06 0.05 5e-06 0.05 5e-06 0.05 5e-06 0 0 0.005 0.005 0 0.075 0.005 0 5e-06 5e-06 5e-06 0 0.05 5e-06 0.05 5e-06 0.05 5e-06 0.05 5e-06 0.05 5e-06 0.05 5e-06 0.05 5e-06 0.05 5e-06 0.05 5e-06 0.05 5e-06 0.05 5e-06 0 0 0.005 0.005 0 0.075 0.005 0 5e-06 5e-06 5e-06 0 0.05 5e-06 0.05 5e-06 0.05 5e-06 0.05 5e-06 0.05 5e-06 0.05 5e-06 0.05 5e-06 0.05 5e-06 0.05 5e-06 0.05 5e-06 0.05 5e-06 0 0 0.005 0.005 0 0.075 0.005 0 5e-06 5e-06 5e-06 0 0.05 5e-06 0.05 5e-06 0.05 5e-06 0.05 5e-06 0.05 5e-06 0.05 5e-06 0.05 5e-06 0.05 5e-06 0.05 5e-06 0.05 5e-06 0.05 5e-06 0 0 0.005 0.005 0 0.075 0.005 0 5e-06 5e-06 5e-06 0 0.05 5e-06 0.05 5e-06 0.05 5e-06 0.05 5e-06 0.05 5e-06 0.05 5e-06 0.05 5e-06 0.05 5e-06 0.05 5e-06 0.05 5e-06 0.05 5e-06 0 0 0.005 0.005 0 0.075 0.005 0 5e-06 5e-06 5e-06 0 0.05 5e-06 0.05 5e-06 0.05 5e-06 0.05 5e-06 0.05 5e-06 0.05 5e-06 0.05 5e-06 0.05 5e-06 0.05 5e-06 0.05 5e-06 0.05 5e-06 0 0 0.005 0.005 0 0.075 0.005 0 5e-06 5e-06 5e-06 0 0.05 5e-06 0.05 5e-06 0.05 5e-06 0.05 5e-06 0.05 5e-06 0.05 5e-06 0.05 5e-06 0.05 5e-06 0.05 5e-06 0.05 5e-06 0.05 5e-06 0 0 0.005 0.005 0 0.075 0.005 0 5e-06 5e-06 5e-06 0 0.05 5e-06 0.05 5e-06 0.05 5e-06 0.05 5e-06 0.05 5e-06 0.05 5e-06 0.05 5e-06 0.05 5e-06 0.05 5e-06 0.05 5e-06 0.05 5e-06 0 0 0.005 0.005 0 0.075 0.005 0 5e-06 5e-06 5e-06 0 0.05 5e-06 0.05 5e-06 0.05 5e-06 0.05 5e-06 0.05 5e-06 0.05 5e-06 0.05 5e-06 0.05 5e-06 0.05 5e-06 0.05 5e-06 0.05 5e-06 0 0 0.005 0.005 0 0.075 0.005 0 5e-06 5e-06 5e-06 0 0.05 5e-06 0.05 5e-06 0.05 5e-06 0.05 5e-06 0.05 5e-06 0.05 5e-06 0.05 5e-06 0.05 5e-06 0.05 5e-06 0.05 5e-06 0.05 5e-06 0 0 0.005 0.005 0 0.075 0.005 0 5e-06 5e-06 5e-06 0 0.05 5e-06 0.05 5e-06 0.05 5e-06 0.05 5e-06 0.05 5e-06 0.05 5e-06 0.05 5e-06 0.05 5e-06 0.05 5e-06 0.05 5e-06 0.05 5e-06 0 0 0.005 0.005 0 0.075 0.005 0 5e-06 5e-06 5e-06 0 0.05 5e-06 0.05 5e-06 0.05 5e-06 0.05 5e-06 0.05 5e-06 0.05 5e-06 0.05 5e-06 0.05 5e-06 0.05 5e-06 0.05 5e-06 0.05 5e-06 0 0 0.005 0.005 0 0.075 0.005 0 5e-06 5e-06 5e-06 0 0.05 5e-06 0.05 5e-06 0.05 5e-06 0.05 5e-06 0.05 5e-06 0.05 5e-06 0.05 5e-06 0.05 5e-06 0.05 5e-06 0.05 5e-06 0.05 5e-06 0 0 0.005 0.005 0 0.075 0.005 0 5e-06 5e-06 5e-06 0 0.05 5e-06 0.05 5e-06 0.05 5e-06 0.05 5e-06 0.05 5e-06 0.05 5e-06 0.05 5e-06 0.05 5e-06 0.05 5e-06 0.05 5e-06 0.05 5e-06 0 0 0.005 0.005 0 0.075 0.005 0 5e-06 5e-06 5e-06 0 0.05 5e-06 0.05 5e-06 0.05 5e-06 0.05 5e-06 0.05 5e-06 0.05 5e-06 0.05 5e-06 0.05 5e-06 0.05 5e-06 0.05 5e-06 0.05 5e-06 0 0 0.005 0.005 0 0.075 0.005 0 5e-06 5e-06 5e-06 0 0.05 5e-06 0.05 5e-06 0.05 5e-06 0.05 5e-06 0.05 5e-06 0.05 5e-06 0.05 5e-06 0.05 5e-06 0.05 5e-06 0.05 5e-06 0.05 5e-06 0 0 0.005 0.005 0 0.075 0.005 0 5e-06 5e-06 5e-06 0 0.05 5e-06 0.05 5e-06 0.05 5e-06 0.05 5e-06 0.05 5e-06 0.05 5e-06 0.05 5e-06 0.05 5e-06 0.05 5e-06 0.05 5e-06 0.05 5e-06 0 0 0.005 0.005 0 0.075 0.005 0 5e-06 5e-06 5e-06 0 0.05 5e-06 0.05 5e-06 0.05 5e-06 0.05 5e-06 0.05 5e-06 0.05 5e-06 0.05 5e-06 0.05 5e-06 0.05 5e-06 0.05 5e-06 0.05 5e-06 0 0 0.005 0.005 0 0.075 0.005 0 5e-06 5e-06 5e-06 0 0.05 5e-06 0.05 5e-06 0.05 5e-06 0.05 5e-06 0.05 5e-06 0.05 5e-06 0.05 5e-06 0.05 5e-06 0.05 5e-06 0.05 5e-06 0.05 5e-06 0 0 0.005 0.005 0 0.075 0.005 0 5e-06 5e-06 5e-06 0 0.05 5e-06 0.05 5e-06 0.05 5e-06 0.05 5e-06 0.05 5e-06 0.05 5e-06 0.05 5e-06 0.05 5e-06 0.05 5e-06 0.05 5e-06 0.05 5e-06 0 0 0.005 0.005 0 0.075 0.005 0 5e-06 5e-06 5e-06 0 0.05 5e-06 0.05 5e-06 0.05 5e-06 0.05 5e-06 0.05 5e-06 0.05 5e-06 0.05 5e-06 0.05 5e-06 0.05 5e-06 0.05 5e-06 0.05 5e-06 0 0 0.005 0.005 0 0.075 0.005 0 5e-06 5e-06 5e-06 0 0.05 5e-06 0.05 5e-06 0.05 5e-06 0.05 5e-06 0.05 5e-06 0.05 5e-06 0.05 5e-06 0.05 5e-06 0.05 5e-06 0.05 5e-06 0.05 5e-06 0 0 0.005 0.005 0 0.075 0.005 0 5e-06 5e-06 5e-06 0 0.05 5e-06 0.05 5e-06 0.05 5e-06 0.05 5e-06 0.05 5e-06 0.05 5e-06 0.05 5e-06 0.05 5e-06 0.05 5e-06 0.05 5e-06 0.05 5e-06 0 0 0.005 0.005 0 0.075 0.005 0 5e-06 5e-06 5e-06 0 0.05 5e-06 0.05 5e-06 0.05 5e-06 0.05 5e-06 0.05 5e-06 0.05 5e-06 0.05 5e-06 0.05 5e-06 0.05 5e-06 0.05 5e-06 0.05 5e-06 0 0 0.005 0.005 0 0.075 0.005 0 5e-06 5e-06 5e-06 0 0.05 5e-06 0.05 5e-06 0.05 5e-06 0.05 5e-06 0.05 5e-06 0.05 5e-06 0.05 5e-06 0.05 5e-06 0.05 5e-06 0.05 5e-06 0.05 5e-06 0 0 0.005 0.005 0 0.075 0.005 0 5e-06 5e-06 5e-06 0 0.05 5e-06 0.05 5e-06 0.05 5e-06 0.05 5e-06 0.05 5e-06 0.05 5e-06 0.05 5e-06 0.05 5e-06 0.05 5e-06"
Ieee802154Power-8-20260924-21:43:57-1666,attr,Ieee802154Showcase.sensor1.wlan[0].radio.energyConsumer,powerConsumption:vector,interpolationmode,sample-hold,,
Ieee802154Power-8-20260924-21:43:57-1666,attr,Ieee802154Showcase.sensor1.wlan[0].radio.energyConsumer,powerConsumption:vector,recordingmode,vector,,
Ieee802154Power-8-20260924-21:43:57-1666,attr,Ieee802154Showcase.sensor1.wlan[0].radio.energyConsumer,powerConsumption:vector,source,powerConsumptionChanged,,
Ieee802154Power-8-20260924-21:43:57-1666,attr,Ieee802154Showcase.sensor1.wlan[0].radio.energyConsumer,powerConsumption:vector,title,Power consumption,,
Ieee802154Power-8-20260924-21:43:57-1666,attr,Ieee802154Showcase.sensor1.wlan[0].radio.energyConsumer,powerConsumption:vector,unit,W,,
Ieee802154Power-9-20260924-21:43:57-1666,vector,Ieee802154Showcase.sensor1.wlan[0].radio.energyConsumer,powerConsumption:vector,,,"0 0 0 0 0.139253332353 0.139253332353 0.140949332353 0.141141332438 0.141493332438 0.316544355307 0.318240355307 0.318432359723 0.318784359723 0.495934540234 0.497630540234 0.49782255726 0.49817455726 0.499578365672 0.499578365672 0.499578365672 0.499578365672 0.499770365672 0.499770365672 0.501466365672 0.501466365672 0.501466365672 0.501466365672 0.501466365672 0.501658416478 0.501658416478 0.502010416478 0.879141233537 0.880837233537 0.881029248601 0.881381248601 1.139573332353 1.141269332353 1.141461332438 1.141813332438 1.318784355307 1.320480355307 1.320672359723 1.321024359723 1.449208058641 1.450904058641 1.451096071272 1.451448071272 1.496254540234 1.497950540234 1.49814255726 1.49849455726 1.500218365672 1.500218365672 1.500218365672 1.500218365672 1.500410365672 1.500410365672 1.502106365672 1.502106365672 1.502106365672 1.502106365672 1.502106365672 1.502298416478 1.502298416478 1.502650416478 1.878181233537 1.879877233537 1.880069248601 1.880421248601 2.139573332353 2.141269332353 2.141461332438 2.141813332438 2.316544355307 2.318240355307 2.318432359723 2.318784359723 2.450808058641 2.452504058641 2.452696096824 2.453048096824 2.496254540234 2.497950540234 2.49814255726 2.49849455726 2.500218365672 2.500218365672 2.500218365672 2.500218365672 2.500410365672 2.500410365672 2.502106365672 2.502106365672 2.502106365672 2.502106365672 2.502106365672 2.502298416478 2.502298416478 2.502650416478 2.877541233537 2.879237233537 2.879429248601 2.879781248601 3.139893332353 3.141589332353 3.141781332438 3.142133332438 3.316544355307 3.318240355307 3.318432359723 3.318784359723 3.449208058641 3.450904058641 3.451096079197 3.451448079197 3.495934540234 3.497630540234 3.49782255726 3.49817455726 3.500218365672 3.500218365672 3.500218365672 3.500218365672 3.500410365672 3.500410365672 3.502106365672 3.502106365672 3.502106365672 3.502106365672 3.502106365672 3.502298416478 3.502298416478 3.502650416478 3.879781233537 3.881477233537 3.881669248601 3.882021248601 4.139573332353 4.141269332353 4.141461332438 4.141813332438 4.316544355307 4.318240355307 4.318432359723 4.318784359723 4.450488058641 4.452184058641 4.452376096824 4.452728096824 4.495614540234 4.497310540234 4.49750255726 4.49785455726 4.499898365672 4.499898365672 4.499898365672 4.499898365672 4.500090365672 4.500090365672 4.501786365672 4.501786365672 4.501786365672 4.501786365672 4.501786365672 4.501978416478 4.501978416478 4.502330416478 4.879141233537 4.880837233537 4.881029248601 4.881381248601 5.139893332353 5.141589332353 5.141781332438 5.142133332438 5.317184355307 5.318880355307 5.319072359723 5.319424359723 5.448888058641 5.450584058641 5.450776078881 5.451128078881 5.494974540234 5.496670540234 5.49686255726 5.49721455726 5.499258365672 5.499258365672 5.499258365672 5.499258365672 5.499450365672 5.499450365672 5.501146365672 5.501146365672 5.501146365672 5.501146365672 5.501146365672 5.501338416478 5.501338416478 5.501690416478 5.877541233537 5.879237233537 5.879429248601 5.879781248601 6.139573332353 6.141269332353 6.141461332438 6.141813332438 6.316544355307 6.318240355307 6.318432359723 6.318784359723 6.449528058641 6.451224058641 6.451416071272 6.451768071272 6.497214540234 6.498910540234 6.49910255726 6.49945455726 6.500026365672 6.500026365672 6.500026365672 6.500026365672 6.500218365672 6.500218365672 6.501914365672 6.501914365672 6.501914365672 6.501914365672 6.501914365672 6.502106416478 6.502106416478 6.502458416478 6.878501233537 6.880197233537 6.880389248601 6.880741248601 7.139253332353 7.140949332353 7.141141332438 7.141493332438 7.317824355307 7.319520355307 7.319712359723 7.320064359723 7.450488058641 7.452184058641 7.452376072406 7.452728072406 7.497214540234 7.498910540234 7.49910255726 7.49945455726 7.501178365672 7.501178365672 7.501178365672 7.501178365672 7.501370365672 7.501370365672 7.503066365672 7.503066365672 7.503066365672 7.503066365672 7.503066365672 7.503258416478 7.503258416478 7.503610416478 7.879141233537 7.880837233537 7.881029248601 7.881381248601 8.138933332353 8.140629332353 8.140821332438 8.141173332438 8.318144355307 8.319840355307 8.320032359723 8.320384359723 8.450808058641 8.452504058641 8.452696097514 8.453048097514 8.494974540234 8.496670540234 8.49686255726 8.49721455726 8.500538365672 8.500538365672 8.500538365672 8.500538365672 8.500730365672 8.500730365672 8.502426365672 8.502426365672 8.502426365672 8.502426365672 8.502426365672 8.502618416478 8.502618416478 8.502970416478 8.879781233537 8.881477233537 8.881669248601 8.882021248601 9.140853332353 9.142549332353 9.142741332438 9.143093332438 9.317184355307 9.318880355307 9.319072359723 9.319424359723 9.449848058641 9.451544058641 9.451736071272 9.452088071272 9.494974540234 9.496670540234 9.49686255726 9.49721455726 9.499258365672 9.499258365672 9.499258365672 9.499258365672 9.499450365672 9.499450365672 9.501146365672 9.501146365672 9.501146365672 9.501146365672 9.501146365672 9.501338416478 9.501338416478 9.501690416478 9.878181233537 9.879877233537 9.880069248601 9.880421248601 10.139573332353 10.141269332353 10.141461332438 10.141813332438 10.318464355307 10.320160355307 10.320352359723 10.320704359723 10.449528058641 10.451224058641 10.451416081647 10.451768081647 10.495294540234 10.496990540234 10.49718255726 10.49753455726 10.499578365672 10.499578365672 10.499578365672 10.499578365672 10.499770365672 10.499770365672 10.501466365672 10.501466365672 10.501466365672 10.501466365672 10.501466365672 10.501658416478 10.501658416478 10.502010416478 10.877541233537 10.879237233537 10.879429248601 10.879781248601 11.138933332353 11.140629332353 11.140821332438 11.141173332438 11.318784355307 11.320480355307 11.320672359723 11.321024359723 11.448568058641 11.450264058641 11.450456078881 11.450808078881 11.495294540234 11.496990540234 11.49718255726 11.49753455726 11.499898365672 11.499898365672 11.499898365672 11.499898365672 11.500090365672 11.500090365672 11.501786365672 11.501786365672 11.501786365672 11.501786365672 11.501786365672 11.501978416478 11.501978416478 11.502330416478 11.879461233537 11.881157233537 11.881349248601 11.881701248601 12.138933332353 12.140629332353 12.140821332438 12.141173332438 12.318144355307 12.319840355307 12.320032359723 12.320384359723 12.449208058641 12.450904058641 12.451096096824 12.451448096824 12.495934540234 12.497630540234 12.49782255726 12.49817455726 12.499578365672 12.499578365672 12.499578365672 12.499578365672 12.499770365672 12.499770365672 12.501466365672 12.501466365672 12.501466365672 12.501466365672 12.501466365672 12.501658416478 12.501658416478 12.502010416478 12.878821233537 12.880517233537 12.880709248601 12.881061248601 13.139893332353 13.141589332353 13.141781332438 13.142133332438 13.316864355307 13.318560355307 13.318752359723 13.319104359723 13.449848058641 13.451544058641 13.451736071272 13.452088071272 13.495934540234 13.497630540234 13.49782255726 13.49817455726 13.500858365672 13.500858365672 13.500858365672 13.500858365672 13.501050365672 13.501050365672 13.502746365672 13.502746365672 13.502746365672 13.502746365672 13.502746365672 13.502938416478 13.502938416478 13.503290416478 13.877861233537 13.879557233537 13.879749248601 13.880101248601 14.139573332353 14.141269332353 14.141461332438 14.141813332438 14.318784355307 14.320480355307 14.320672359723 14.321024359723 14.448568058641 14.450264058641 14.450456079197 14.450808079197 14.495614540234 14.497310540234 14.49750255726 14.49785455726 14.501498365672 14.501498365672 14.501498365672 14.501498365672 14.501690365672 14.501690365672 14.503386365672 14.503386365672 14.503386365672 14.503386365672 14.503386365672 14.503578416478 14.503578416478 14.503930416478 14.878821233537 14.880517233537 14.880709248601 14.881061248601 15.139893332353 15.141589332353 15.141781332438 15.142133332438 15.317504355307 15.319200355307 15.319392359723 15.319744359723 15.450168058641 15.451864058641 15.452056079197 15.452408079197 15.495614540234 15.497310540234 15.49750255726 15.49785455726 15.501178365672 15.501178365672 15.501178365672 15.501178365672 15.501370365672 15.501370365672 15.503066365672 15.503066365672 15.503066365672 15.503066365672 15.503066365672 15.503258416478 15.503258416478 15.503610416478 15.879461233537 15.881157233537 15.881349248601 15.881701248601 16.141173332353 16.142869332353 16.143061332438 16.143413332438 16.316864355307 16.318560355307 16.318752359723 16.319104359723 16.449208058641 16.450904058641 16.451096081647 16.451448081647 16.496254540234 16.497950540234 16.49814255726 16.49849455726 16.500858365672 16.500858365672 16.500858365672 16.500858365672 16.501050365672 16.501050365672 16.502746365672 16.502746365672 16.502746365672 16.502746365672 16.502746365672 16.502938416478 16.502938416478 16.503290416478 16.879781233537 16.881477233537 16.881669248601 16.882021248601 17.139893332353 17.141589332353 17.141781332438 17.142133332438 17.318144355307 17.319840355307 17.320032359723 17.320384359723 17.450808058641 17.452504058641 17.452696072406 17.453048072406 17.496254540234 17.497950540234 17.49814255726 17.49849455726 17.500858365672 17.500858365672 17.500858365672 17.500858365672 17.501050365672 17.501050365672 17.502746365672 17.502746365672 17.502746365672 17.502746365672 17.502746365672 17.502938416478 17.502938416478 17.503290416478 17.878501233537 17.880197233537 17.880389248601 17.880741248601 18.139573332353 18.141269332353 18.141461332438 18.141813332438 18.316864355307 18.318560355307 18.318752359723 18.319104359723 18.450168058641 18.451864058641 18.452056096824 18.452408096824 18.495614540234 18.497310540234 18.49750255726 18.49785455726 18.499578365672 18.499578365672 18.499578365672 18.499578365672 18.499770365672 18.499770365672 18.501466365672 18.501466365672 18.501466365672 18.501466365672 18.501466365672 18.501658416478 18.501658416478 18.502010416478 18.879141233537 18.880837233537 18.881029248601 18.881381248601 19.140213332353 19.141909332353 19.142101332438 19.142453332438 19.316864355307 19.318560355307 19.318752359723 19.319104359723 19.448568058641 19.450264058641 19.450456096824 19.450808096824 19.495614540234 19.497310540234 19.49750255726 19.49785455726 19.499578365672 19.499578365672 19.499578365672 19.499578365672 19.499770365672 19.499770365672 19.501466365672 19.501466365672 19.501466365672 19.501466365672 19.501466365672 19.501658416478 19.501658416478 19.502010416478 19.879781233537 19.881477233537 19.881669248601 19.882021248601 20.139573332353 20.141269332353 20.141461332438 20.141813332438 20.316864355307 20.318560355307 20.318752359723 20.319104359723 20.448888058641 20.450584058641 20.450776078881 20.451128078881 20.495934540234 20.497630540234 20.49782255726 20.49817455726 20.500538365672 20.500538365672 20.500538365672 20.500538365672 20.500730365672 20.500730365672 20.502426365672 20.502426365672 20.502426365672 20.502426365672 20.502426365672 20.502618416478 20.502618416478 20.502970416478 20.879781233537 20.881477233537 20.881669248601 20.882021248601 21.139893332353 21.141589332353 21.141781332438 21.142133332438 21.316864355307 21.318560355307 21.318752359723 21.319104359723 21.448568058641 21.450264058641 21.45045605933 21.45080805933 21.497214540234 21.498910540234 21.49910255726 21.49945455726 21.500346365672 21.500346365672 21.500346365672 21.500346365672 21.500538365672 21.500538365672 21.502234365672 21.502234365672 21.502234365672 21.502234365672 21.502234365672 21.502426416478 21.502426416478 21.502778416478 21.878501233537 21.880197233537 21.880389248601 21.880741248601 22.140213332353 22.141909332353 22.142101332438 22.142453332438 22.318464355307 22.320160355307 22.320352359723 22.320704359723 22.448888058641 22.450584058641 22.45077605933 22.45112805933 22.494974540234 22.496670540234 22.49686255726 22.49721455726 22.501178365672 22.501178365672 22.501178365672 22.501178365672 22.501370365672 22.501370365672 22.503066365672 22.503066365672 22.503066365672 22.503066365672 22.503066365672 22.503258416478 22.503258416478 22.503610416478 22.879461233537 22.881157233537 22.881349248601 22.881701248601 23.141173332353 23.142869332353 23.143061332438 23.143413332438 23.317504355307 23.319200355307 23.319392359723 23.319744359723 23.449528058641 23.451224058641 23.45141605933 23.45176805933 23.495934540234 23.497630540234 23.49782255726 23.49817455726 23.499258365672 23.499258365672 23.499258365672 23.499258365672 23.499450365672 23.499450365672 23.501146365672 23.501146365672 23.501146365672 23.501146365672 23.501146365672 23.501338416478 23.501338416478 23.501690416478 23.879141233537 23.880837233537 23.881029248601 23.881381248601 24.141173332353 24.142869332353 24.143061332438 24.143413332438 24.318464355307 24.320160355307 24.320352359723 24.320704359723 24.449208058641 24.450904058641 24.451096081647 24.451448081647 24.496894540234 24.498590540234 24.49878255726 24.49913455726 24.501178365672 24.501178365672 24.501178365672 24.501178365672 24.501370365672 24.501370365672 24.503066365672 24.503066365672 24.503066365672 24.503066365672 24.503066365672 24.503258416478 24.503258416478 24.503610416478 24.879141233537 24.880837233537 24.881029248601 24.881381248601 25.140853332353 25.142549332353 25.142741332438 25.143093332438 25.317824355307 25.319520355307 25.319712359723 25.320064359723 25.450808058641 25.452504058641 25.452696096824 25.453048096824 25.495294540234 25.496990540234 25.49718255726 25.49753455726 25.499258365672 25.499258365672 25.499258365672 25.499258365672 25.499450365672 25.499450365672 25.501146365672 25.501146365672 25.501146365672 25.501146365672 25.501146365672 25.501338416478 25.501338416478 25.501690416478 25.879781233537 25.881477233537 25.881669248601 25.882021248601 26.140533332353 26.142229332353 26.142421332438 26.142773332438 26.318784355307 26.320480355307 26.320672359723 26.321024359723 26.448568058641 26.450264058641 26.450456071272 26.450808071272 26.495934540234 26.497630540234 26.49782255726 26.49817455726 26.499258365672 26.499258365672 26.499258365672 26.499258365672 26.499450365672 26.499450365672 26.501146365672 26.501146365672 26.501146365672 26.501146365672 26.501146365672 26.501338416478 26.501338416478 26.501690416478 26.878181233537 26.879877233537 26.880069248601 26.880421248601 27.140853332353 27.142549332353 27.142741332438 27.143093332438 27.316544355307 27.318240355307 27.318432359723 27.318784359723 27.449528058641 27.451224058641 27.451416079197 27.451768079197 27.496254540234 27.497950540234 27.49814255726 27.49849455726 27.501498365672 27.501498365672 27.501498365672 27.501498365672 27.501690365672 27.501690365672 27.503386365672 27.503386365672 27.503386365672 27.503386365672 27.503386365672 27.503578416478 27.503578416478 27.503930416478 27.877861233537 27.879557233537 27.879749248601 27.880101248601 28.140213332353 28.141909332353 28.142101332438 28.142453332438 28.318144355307 28.319840355307 28.320032359723 28.320384359723 28.449528058641 28.451224058641 28.451416097514 28.451768097514 28.497214540234 28.498910540234 28.49910255726 28.49945455726 28.500218365672 28.500218365672 28.500218365672 28.500218365672 28.500410365672 28.500410365672 28.502106365672 28.502106365672 28.502106365672 28.502106365672 28.502106365672 28.502298416478 28.502298416478 28.502650416478 28.878821233537 28.880517233537 28.880709248601 28.881061248601 29.139253332353 29.140949332353 29.141141332438 29.141493332438 29.316864355307 29.318560355307 29.318752359723 29.319104359723 29.448888058641 29.450584058641 29.45077605933 29.45112805933 29.495614540234 29.497310540234 29.49750255726 29.49785455726 29.500218365672 29.500218365672 29.500218365672 29.500218365672 29.500410365672 29.500410365672 29.502106365672 29.502106365672 29.502106365672 29.502106365672 29.502106365672 29.502298416478 29.502298416478 29.502650416478 29.877861233537 29.879557233537 29.879749248601 29.880101248601 30.138933332353 30.140629332353 30.140821332438 30.141173332438 30.318464355307 30.320160355307 30.320352359723 30.320704359723 30.450488058641 30.452184058641 30.452376071272 30.452728071272 30.496254540234 30.497950540234 30.49814255726 30.49849455726 30.501178365672 30.501178365672 30.501178365672 30.501178365672 30.501370365672 30.501370365672 30.503066365672 30.503066365672 30.503066365672 30.503066365672 30.503066365672 30.503258416478 30.503258416478 30.503610416478 30.877861233537 30.879557233537 30.879749248601 30.880101248601 31.140853332353 31.142549332353 31.142741332438 31.143093332438 31.317504355307 31.319200355307 31.319392359723 31.319744359723 31.449528058641 31.451224058641 31.451416072406 31.451768072406 31.496254540234 31.497950540234 31.49814255726 31.49849455726 31.500218365672 31.500218365672 31.500218365672 31.500218365672 31.500410365672 31.500410365672 31.502106365672 31.502106365672 31.502106365672 31.502106365672 31.502106365672 31.502298416478 31.502298416478 31.502650416478 31.878821233537 31.880517233537 31.880709248601 31.881061248601 32.138933332353 32.140629332353 32.140821332438 32.141173332438 32.316544355307 32.318240355307 32.318432359723 32.318784359723 32.450488058641 32.452184058641 32.452376081647 32.452728081647 32.496254540234 32.497950540234 32.49814255726 32.49849455726 32.501178365672 32.501178365672 32.501178365672 32.501178365672 32.501370365672 32.501370365672 32.503066365672 32.503066365672 32.503066365672 32.503066365672 32.503066365672 32.503258416478 32.503258416478 32.503610416478 32.879781233537 32.881477233537 32.881669248601 32.882021248601 33.138933332353 33.140629332353 33.140821332438 33.141173332438 33.318144355307 33.319840355307 33.320032359723 33.320384359723 33.449208058641 33.450904058641 33.451096081647 33.451448081647 33.495934540234 33.497630540234 33.49782255726 33.49817455726 33.499258365672 33.499258365672 33.499258365672 33.499258365672 33.499450365672 33.499450365672 33.501146365672 33.501146365672 33.501146365672 33.501146365672 33.501146365672 33.501338416478 33.501338416478 33.501690416478 33.877861233537 33.879557233537 33.879749248601 33.880101248601 34.139573332353 34.141269332353 34.141461332438 34.141813332438 34.318464355307 34.320160355307 34.320352359723 34.320704359723 34.449848058641 34.451544058641 34.451736072406 34.452088072406 34.496574540234 34.498270540234 34.49846255726 34.49881455726 34.501178365672 34.501178365672 34.501178365672 34.501178365672 34.501370365672 34.501370365672 34.503066365672 34.503066365672 34.503066365672 34.503066365672 34.503066365672 34.503258416478 34.503258416478 34.503610416478 34.877861233537 34.879557233537 34.879749248601 34.880101248601 35.139893332353 35.141589332353 35.141781332438 35.142133332438 35.317184355307 35.318880355307 35.319072359723 35.319424359723 35.449528058641 35.451224058641 35.451416072406 35.451768072406 35.496574540234 35.498270540234 35.49846255726 35.49881455726 35.501178365672 35.501178365672 35.501178365672 35.501178365672 35.501370365672 35.501370365672 35.503066365672 35.503066365672 35.503066365672 35.503066365672 35.503066365672 35.503258416478 35.503258416478 35.503610416478 35.879461233537 35.881157233537 35.881349248601 35.881701248601 36.139893332353 36.141589332353 36.141781332438 36.142133332438 36.318784355307 36.320480355307 36.320672359723 36.321024359723 36.450488058641 36.452184058641 36.452376078881 36.452728078881 36.495934540234 36.497630540234 36.49782255726 36.49817455726 36.500858365672 36.500858365672 36.500858365672 36.500858365672 36.501050365672 36.501050365672 36.502746365672 36.502746365672 36.502746365672 36.502746365672 36.502746365672 36.502938416478 36.502938416478 36.503290416478 36.878821233537 36.880517233537 36.880709248601 36.881061248601 37.139573332353 37.141269332353 37.141461332438 37.141813332438 37.317504355307 37.319200355307 37.319392359723 37.319744359723 37.448888058641 37.450584058641 37.450776096824 37.451128096824 37.496254540234 37.497950540234 37.49814255726 37.49849455726 37.499898365672 37.499898365672 37.499898365672 37.499898365672 37.500090365672 37.500090365672 37.501786365672 37.501786365672 37.501786365672 37.501786365672 37.501786365672 37.501978416478 37.501978416478 37.502330416478 37.878181233537 37.879877233537 37.880069248601 37.880421248601 38.141173332353 38.142869332353 38.143061332438 38.143413332438 38.317824355307 38.319520355307 38.319712359723 38.320064359723 38.449848058641 38.451544058641 38.451736096824 38.452088096824 38.495294540234 38.496990540234 38.49718255726 38.49753455726 38.499898365672 38.499898365672 38.499898365672 38.499898365672 38.500090365672 38.500090365672 38.501786365672 38.501786365672 38.501786365672 38.501786365672 38.501786365672 38.501978416478 38.501978416478 38.502330416478 38.877861233537 38.879557233537 38.879749248601 38.880101248601 39.140533332353 39.142229332353 39.142421332438 39.142773332438 39.316544355307 39.318240355307 39.318432359723 39.318784359723 39.449848058641 39.451544058641 39.451736096824 39.452088096824 39.496574540234 39.498270540234 39.49846255726 39.49881455726 39.501498365672 39.501498365672 39.501498365672 39.501498365672 39.501690365672 39.501690365672 39.503386365672 39.503386365672 39.503386365672 39.503386365672 39.503386365672 39.503578416478 39.503578416478 39.503930416478 39.879781233537 39.881477233537 39.881669248601 39.882021248601 40.140213332353 40.141909332353 40.142101332438 40.142453332438 40.318144355307 40.319840355307 40.320032359723 40.320384359723 40.449848058641 40.451544058641 40.451736079197 40.452088079197 40.495614540234 40.497310540234 40.49750255726 40.49785455726 40.501498365672 40.501498365672 40.501498365672 40.501498365672 40.501690365672 40.501690365672 40.503386365672 40.503386365672 40.503386365672 40.503386365672 40.503386365672 40.503578416478 40.503578416478 40.503930416478 40.878501233537 40.880197233537 40.880389248601 40.880741248601 41.140213332353 41.141909332353 41.142101332438 41.142453332438 41.317824355307 41.319520355307 41.319712359723 41.320064359723 41.450808058641 41.452504058641 41.452696097514 41.453048097514 41.496574540234 41.498270540234 41.49846255726 41.49881455726 41.500218365672 41.500218365672 41.500218365672 41.500218365672 41.500410365672 41.500410365672 41.502106365672 41.502106365672 41.502106365672 41.502106365672 41.502106365672 41.502298416478 41.502298416478 41.502650416478 41.878181233537 41.879877233537 41.880069248601 41.880421248601 42.138933332353 42.140629332353 42.140821332438 42.141173332438 42.318784355307 42.320480355307 42.320672359723 42.321024359723 42.449528058641 42.451224058641 42.451416096824 42.451768096824 42.495294540234 42.496990540234 42.49718255726 42.49753455726 42.500218365672 42.500218365672 42.500218365672 42.500218365672 42.500410365672 42.500410365672 42.502106365672 42.502106365672 42.502106365672 42.502106365672 42.502106365672 42.502298416478 42.502298416478 42.502650416478 42.879141233537 42.880837233537 42.881029248601 42.881381248601 43.141173332353 43.142869332353 43.143061332438 43.143413332438 43.316864355307 43.318560355307 43.318752359723 43.319104359723 43.450168058641 43.451864058641 43.452056081647 43.452408081647 43.495294540234 43.496990540234 43.49718255726 43.49753455726 43.499898365672 43.499898365672 43.499898365672 43.499898365672 43.500090365672 43.500090365672 43.501786365672 43.501786365672 43.501786365672 43.501786365672 43.501786365672 43.501978416478 43.501978416478 43.502330416478 43.878501233537 43.880197233537 43.880389248601 43.880741248601 44.141173332353 44.142869332353 44.143061332438 44.143413332438 44.316544355307 44.318240355307 44.318432359723 44.318784359723 44.450488058641 44.452184058641 44.452376097514 44.452728097514 44.496574540234 44.498270540234 44.49846255726 44.49881455726 44.500538365672 44.500538365672 44.500538365672 44.500538365672 44.500730365672 44.500730365672 44.502426365672 44.502426365672 44.502426365672 44.502426365672 44.502426365672 44.502618416478 44.502618416478 44.502970416478 44.879141233537 44.880837233537 44.881029248601 44.881381248601 45.139893332353 45.141589332353 45.141781332438 45.142133332438 45.316544355307 45.318240355307 45.318432359723 45.318784359723 45.450168058641 45.451864058641 45.452056079197 45.452408079197 45.495294540234 45.496990540234 45.49718255726 45.49753455726 45.500858365672 45.500858365672 45.500858365672 45.500858365672 45.501050365672 45.501050365672 45.502746365672 45.502746365672 45.502746365672 45.502746365672 45.502746365672 45.502938416478 45.502938416478 45.503290416478 45.877541233537 45.879237233537 45.879429248601 45.879781248601 46.140533332353 46.142229332353 46.142421332438 46.142773332438 46.318464355307 46.320160355307 46.320352359723 46.320704359723 46.449528058641 46.451224058641 46.451416072406 46.451768072406 46.495614540234 46.497310540234 46.49750255726 46.49785455726 46.499578365672 46.499578365672 46.499578365672 46.499578365672 46.499770365672 46.499770365672 46.501466365672 46.501466365672 46.501466365672 46.501466365672 46.501466365672 46.501658416478 46.501658416478 46.502010416478 46.877861233537 46.879557233537 46.879749248601 46.880101248601 47.140213332353 47.141909332353 47.142101332438 47.142453332438 47.318784355307 47.320480355307 47.320672359723 47.321024359723 47.448888058641 47.450584058641 47.450776096824 47.451128096824 47.496574540234 47.498270540234 47.49846255726 47.49881455726 47.499258365672 47.499258365672 47.499258365672 47.499258365672 47.499450365672 47.499450365672 47.501146365672 47.501146365672 47.501146365672 47.501146365672 47.501146365672 47.501338416478 47.501338416478 47.501690416478 47.879781233537 47.881477233537 47.881669248601 47.882021248601 48.138933332353 48.140629332353 48.140821332438 48.141173332438 48.317504355307 48.319200355307 48.319392359723 48.319744359723 48.448568058641 48.450264058641 48.450456079197 48.450808079197 48.496574540234 48.498270540234 48.49846255726 48.49881455726 48.501498365672 48.501498365672 48.501498365672 48.501498365672 48.501690365672 48.501690365672 48.503386365672 48.503386365672 48.503386365672 48.503386365672 48.503386365672 48.503578416478 48.503578416478 48.503930416478 48.879781233537 48.881477233537 48.881669248601 48.882021248601 49.140853332353 49.142549332353 49.142741332438 49.143093332438 49.316864355307 49.318560355307 49.318752359723 49.319104359723 49.449208058641 49.450904058641 49.45109605933 49.45144805933 49.495934540234 49.497630540234 49.49782255726 49.49817455726 49.501498365672 49.501498365672 49.501498365672 49.501498365672 49.501690365672 49.501690365672 49.503386365672 49.503386365672 49.503386365672 49.503386365672 49.503386365672 49.503578416478 49.503578416478 49.503930416478 49.878501233537 49.880197233537 49.880389248601 49.880741248601 50.140213332353 50.141909332353 50.142101332438 50.142453332438 50.317504355307 50.319200355307 50.319392359723 50.319744359723 50.449848058641 50.451544058641 50.451736071272 50.452088071272 50.496894540234 50.498590540234 50.49878255726 50.49913455726 50.499578365672 50.499578365672 50.499578365672 50.499578365672 50.499770365672 50.499770365672 50.501466365672 50.501466365672 50.501466365672 50.501466365672 50.501466365672 50.501658416478 50.501658416478 50.502010416478 50.878821233537 50.880517233537 50.880709248601 50.881061248601 51.140853332353 51.142549332353 51.142741332438 51.143093332438 51.317504355307 51.319200355307 51.319392359723 51.319744359723 51.450168058641 51.451864058641 51.452056097514 51.452408097514 51.495294540234 51.496990540234 51.49718255726 51.49753455726 51.501498365672 51.501498365672 51.501498365672 51.501498365672 51.501690365672 51.501690365672 51.503386365672 51.503386365672 51.503386365672 51.503386365672 51.503386365672 51.503578416478 51.503578416478 51.503930416478 51.877541233537 51.879237233537 51.879429248601 51.879781248601 52.139573332353 52.141269332353 52.141461332438 52.141813332438 52.318784355307 52.320480355307 52.320672359723 52.321024359723 52.450488058641 52.452184058641 52.452376078881 52.452728078881 52.495614540234 52.497310540234 52.49750255726 52.49785455726 52.499898365672 52.499898365672 52.499898365672 52.499898365672 52.500090365672 52.500090365672 52.501786365672 52.501786365672 52.501786365672 52.501786365672 52.501786365672 52.501978416478 52.501978416478 52.502330416478 52.878501233537 52.880197233537 52.880389248601 52.880741248601 53.139253332353 53.140949332353 53.141141332438 53.141493332438 53.318144355307 53.319840355307 53.320032359723 53.320384359723 53.448568058641 53.450264058641 53.450456078881 53.450808078881 53.496574540234 53.498270540234 53.49846255726 53.49881455726 53.500538365672 53.500538365672 53.500538365672 53.500538365672 53.500730365672 53.500730365672 53.502426365672 53.502426365672 53.502426365672 53.502426365672 53.502426365672 53.502618416478 53.502618416478 53.502970416478 53.878501233537 53.880197233537 53.880389248601 53.880741248601 54.140853332353 54.142549332353 54.142741332438 54.143093332438 54.316544355307 54.318240355307 54.318432359723 54.318784359723 54.450808058641 54.452504058641 54.452696096824 54.453048096824 54.495614540234 54.497310540234 54.49750255726 54.49785455726 54.501178365672 54.501178365672 54.501178365672 54.501178365672 54.501370365672 54.501370365672 54.503066365672 54.503066365672 54.503066365672 54.503066365672 54.503066365672 54.503258416478 54.503258416478 54.503610416478 54.878821233537 54.880517233537 54.880709248601 54.881061248601 55.141173332353 55.142869332353 55.143061332438 55.143413332438 55.316864355307 55.318560355307 55.318752359723 55.319104359723 55.450808058641 55.452504058641 55.452696096824 55.453048096824 55.497214540234 55.498910540234 55.49910255726 55.49945455726 55.500218365672 55.500218365672 55.500218365672 55.500218365672 55.500410365672 55.500410365672 55.502106365672 55.502106365672 55.502106365672 55.502106365672 55.502106365672 55.502298416478 55.502298416478 55.502650416478 55.878821233537 55.880517233537 55.880709248601 55.881061248601 56.140533332353 56.142229332353 56.142421332438 56.142773332438 56.318784355307 56.320480355307 56.320672359723 56.321024359723 56.449208058641 56.450904058641 56.451096097514 56.451448097514 56.496894540234 56.498590540234 56.49878255726 56.49913455726 56.501498365672 56.501498365672 56.501498365672 56.501498365672 56.501690365672 56.501690365672 56.503386365672 56.503386365672 56.503386365672 56.503386365672 56.503386365672 56.503578416478 56.503578416478 56.503930416478 56.878821233537 56.880517233537 56.880709248601 56.881061248601 57.141173332353 57.142869332353 57.143061332438 57.143413332438 57.317504355307 57.319200355307 57.319392359723 57.319744359723 57.448568058641 57.450264058641 57.450456078881 57.450808078881 57.495614540234 57.497310540234 57.49750255726 57.49785455726 57.500218365672 57.500218365672 57.500218365672 57.500218365672 57.500410365672 57.500410365672 57.502106365672 57.502106365672 57.502106365672 57.502106365672 57.502106365672 57.502298416478 57.502298416478 57.502650416478 57.879781233537 57.881477233537 57.881669248601 57.882021248601 58.140853332353 58.142549332353 58.142741332438 58.143093332438 58.317504355307 58.319200355307 58.319392359723 58.319744359723 58.448888058641 58.450584058641 58.450776078881 58.451128078881 58.497214540234 58.498910540234 58.49910255726 58.49945455726 58.499578365672 58.499578365672 58.499578365672 58.499578365672 58.499770365672 58.499770365672 58.501466365672 58.501466365672 58.501466365672 58.501466365672 58.501466365672 58.501658416478 58.501658416478 58.502010416478 58.877861233537 58.879557233537 58.879749248601 58.880101248601 59.139573332353 59.141269332353 59.141461332438 59.141813332438 59.317824355307 59.319520355307 59.319712359723 59.320064359723 59.449528058641 59.451224058641 59.45141605933 59.45176805933 59.495934540234 59.497630540234 59.49782255726 59.49817455726 59.500858365672 59.500858365672 59.500858365672 59.500858365672 59.501050365672 59.501050365672 59.502746365672 59.502746365672 59.502746365672 59.502746365672 59.502746365672 59.502938416478 59.502938416478 59.503290416478 59.878181233537 59.879877233537 59.880069248601 59.880421248601 60.139253332353 60.140949332353 60.141141332438 60.141493332438 60.317184355307 60.318880355307 60.319072359723 60.319424359723 60.449848058641 60.451544058641 60.451736071272 60.452088071272 60.496254540234 60.497950540234 60.49814255726 60.49849455726 60.500218365672 60.500218365672 60.500218365672 60.500218365672 60.500410365672 60.500410365672 60.502106365672 60.502106365672 60.502106365672 60.502106365672 60.502106365672 60.502298416478 60.502298416478 60.502650416478 60.878181233537 60.879877233537 60.880069248601 60.880421248601 61.138933332353 61.140629332353 61.140821332438 61.141173332438 61.317184355307 61.318880355307 61.319072359723 61.319424359723 61.448888058641 61.450584058641 61.450776078881 61.451128078881 61.495294540234 61.496990540234 61.49718255726 61.49753455726 61.499578365672 61.499578365672 61.499578365672 61.499578365672 61.499770365672 61.499770365672 61.501466365672 61.501466365672 61.501466365672 61.501466365672 61.501466365672 61.501658416478 61.501658416478 61.502010416478 61.879461233537 61.881157233537 61.881349248601 61.881701248601 62.140533332353 62.142229332353 62.142421332438 62.142773332438 62.316864355307 62.318560355307 62.318752359723 62.319104359723 62.449848058641 62.451544058641 62.451736078881 62.452088078881 62.495614540234 62.497310540234 62.49750255726 62.49785455726 62.499578365672 62.499578365672 62.499578365672 62.499578365672 62.499770365672 62.499770365672 62.501466365672 62.501466365672 62.501466365672 62.501466365672 62.501466365672 62.501658416478 62.501658416478 62.502010416478 62.879461233537 62.881157233537 62.881349248601 62.881701248601 63.139893332353 63.141589332353 63.141781332438 63.142133332438 63.317184355307 63.318880355307 63.319072359723 63.319424359723 63.449208058641 63.450904058641 63.45109605933 63.45144805933 63.496254540234 63.497950540234 63.49814255726 63.49849455726 63.500858365672 63.500858365672 63.500858365672 63.500858365672 63.501050365672 63.501050365672 63.502746365672 63.502746365672 63.502746365672 63.502746365672 63.502746365672 63.502938416478 63.502938416478 63.503290416478 63.878821233537 63.880517233537 63.880709248601 63.881061248601 64.139893332353 64.141589332353 64.141781332438 64.142133332438 64.318464355307 64.320160355307 64.320352359723 64.320704359723 64.448888058641 64.450584058641 64.450776072406 64.451128072406 64.495294540234 64.496990540234 64.49718255726 64.49753455726 64.499898365672 64.499898365672 64.499898365672 64.499898365672 64.500090365672 64.500090365672 64.501786365672 64.501786365672 64.501786365672 64.501786365672 64.501786365672 64.501978416478 64.501978416478 64.502330416478 64.879141233537 64.880837233537 64.881029248601 64.881381248601 65.140213332353 65.141909332353 65.142101332438 65.142453332438 65.316864355307 65.318560355307 65.318752359723 65.319104359723 65.449528058641 65.451224058641 65.451416097514 65.451768097514 65.495614540234 65.497310540234 65.49750255726 65.49785455726 65.501178365672 65.501178365672 65.501178365672 65.501178365672 65.501370365672 65.501370365672 65.503066365672 65.503066365672 65.503066365672 65.503066365672 65.503066365672 65.503258416478 65.503258416478 65.503610416478 65.879141233537 65.880837233537 65.881029248601 65.881381248601 66.139893332353 66.141589332353 66.141781332438 66.142133332438 66.318464355307 66.320160355307 66.320352359723 66.320704359723 66.449208058641 66.450904058641 66.451096072406 66.451448072406 66.495934540234 66.497630540234 66.49782255726 66.49817455726 66.499258365672 66.499258365672 66.499258365672 66.499258365672 66.499450365672 66.499450365672 66.501146365672 66.501146365672 66.501146365672 66.501146365672 66.501146365672 66.501338416478 66.501338416478 66.501690416478 66.877541233537 66.879237233537 66.879429248601 66.879781248601 67.140213332353 67.141909332353 67.142101332438 67.142453332438 67.318144355307 67.319840355307 67.320032359723 67.320384359723 67.450488058641 67.452184058641 67.452376072406 67.452728072406 67.495614540234 67.497310540234 67.49750255726 67.49785455726 67.499578365672 67.499578365672 67.499578365672 67.499578365672 67.499770365672 67.499770365672 67.501466365672 67.501466365672 67.501466365672 67.501466365672 67.501466365672 67.501658416478 67.501658416478 67.502010416478 67.878501233537 67.880197233537 67.880389248601 67.880741248601 68.140853332353 68.142549332353 68.142741332438 68.143093332438 68.317184355307 68.318880355307 68.319072359723 68.319424359723 68.450168058641 68.451864058641 68.452056096824 68.452408096824 68.496894540234 68.498590540234 68.49878255726 68.49913455726 68.501178365672 68.501178365672 68.501178365672 68.501178365672 68.501370365672 68.501370365672 68.503066365672 68.503066365672 68.503066365672 68.503066365672 68.503066365672 68.503258416478 68.503258416478 68.503610416478 68.878821233537 68.880517233537 68.880709248601 68.881061248601 69.140853332353 69.142549332353 69.142741332438 69.143093332438 69.318784355307 69.320480355307 69.320672359723 69.321024359723 69.448568058641 69.450264058641 69.450456078881 69.450808078881 69.496574540234 69.498270540234 69.49846255726 69.49881455726 69.501498365672 69.501498365672 69.501498365672 69.501498365672 69.501690365672 69.501690365672 69.503386365672 69.503386365672 69.503386365672 69.503386365672 69.503386365672 69.503578416478 69.503578416478 69.503930416478 69.878181233537 69.879877233537 69.880069248601 69.880421248601 70.139253332353 70.140949332353 70.141141332438 70.141493332438 70.318144355307 70.319840355307 70.320032359723 70.320384359723 70.449848058641 70.451544058641 70.451736072406 70.452088072406 70.496254540234 70.497950540234 70.49814255726 70.49849455726 70.499258365672 70.499258365672 70.499258365672 70.499258365672 70.499450365672 70.499450365672 70.501146365672 70.501146365672 70.501146365672 70.501146365672 70.501146365672 70.501338416478 70.501338416478 70.501690416478 70.877861233537 70.879557233537 70.879749248601 70.880101248601 71.139253332353 71.140949332353 71.141141332438 71.141493332438 71.318784355307 71.320480355307 71.320672359723 71.321024359723 71.448568058641 71.450264058641 71.450456096824 71.450808096824 71.495934540234 71.497630540234 71.49782255726 71.49817455726 71.499578365672 71.499578365672 71.499578365672 71.499578365672 71.499770365672 71.499770365672 71.501466365672 71.501466365672 71.501466365672 71.501466365672 71.501466365672 71.501658416478 71.501658416478 71.502010416478 71.877861233537 71.879557233537 71.879749248601 71.880101248601 72.139573332353 72.141269332353 72.141461332438 72.141813332438 72.318464355307 72.320160355307 72.320352359723 72.320704359723 72.449208058641 72.450904058641 72.451096097514 72.451448097514 72.497214540234 72.498910540234 72.49910255726 72.49945455726 72.500666365672 72.500666365672 72.500666365672 72.500666365672 72.500858365672 72.500858365672 72.502554365672 72.502554365672 72.502554365672 72.502554365672 72.502554365672 72.502746416478 72.502746416478 72.503098416478 72.879781233537 72.881477233537 72.881669248601 72.882021248601 73.140213332353 73.141909332353 73.142101332438 73.142453332438 73.318464355307 73.320160355307 73.320352359723 73.320704359723 73.450488058641 73.452184058641 73.452376078881 73.452728078881 73.496254540234 73.497950540234 73.49814255726 73.49849455726 73.499258365672 73.499258365672 73.499258365672 73.499258365672 73.499450365672 73.499450365672 73.501146365672 73.501146365672 73.501146365672 73.501146365672 73.501146365672 73.501338416478 73.501338416478 73.501690416478 73.877541233537 73.879237233537 73.879429248601 73.879781248601 74.139893332353 74.141589332353 74.141781332438 74.142133332438 74.318144355307 74.319840355307 74.320032359723 74.320384359723 74.449208058641 74.450904058641 74.451096097514 74.451448097514 74.497214540234 74.498910540234 74.49910255726 74.49945455726 74.500858365672 74.500858365672 74.500858365672 74.500858365672 74.501050365672 74.501050365672 74.502746365672 74.502746365672 74.502746365672 74.502746365672 74.502746365672 74.502938416478 74.502938416478 74.503290416478 74.878501233537 74.880197233537 74.880389248601 74.880741248601 75.139893332353 75.141589332353 75.141781332438 75.142133332438 75.317824355307 75.319520355307 75.319712359723 75.320064359723 75.450488058641 75.452184058641 75.452376096824 75.452728096824 75.496254540234 75.497950540234 75.49814255726 75.49849455726 75.500218365672 75.500218365672 75.500218365672 75.500218365672 75.500410365672 75.500410365672 75.502106365672 75.502106365672 75.502106365672 75.502106365672 75.502106365672 75.502298416478 75.502298416478 75.502650416478 75.877861233537 75.879557233537 75.879749248601 75.880101248601 76.139573332353 76.141269332353 76.141461332438 76.141813332438 76.318464355307 76.320160355307 76.320352359723 76.320704359723 76.450168058641 76.451864058641 76.45205605933 76.45240805933 76.496894540234 76.498590540234 76.49878255726 76.49913455726 76.500538365672 76.500538365672 76.500538365672 76.500538365672 76.500730365672 76.500730365672 76.502426365672 76.502426365672 76.502426365672 76.502426365672 76.502426365672 76.502618416478 76.502618416478 76.502970416478 76.877541233537 76.879237233537 76.879429248601 76.879781248601 77.140533332353 77.142229332353 77.142421332438 77.142773332438 77.317184355307 77.318880355307 77.319072359723 77.319424359723 77.450808058641 77.452504058641 77.452696078881 77.453048078881 77.497214540234 77.498910540234 77.49910255726 77.49945455726 77.500538365672 77.500538365672 77.500538365672 77.500538365672 77.500730365672 77.500730365672 77.502426365672 77.502426365672 77.502426365672 77.502426365672 77.502426365672 77.502618416478 77.502618416478 77.502970416478 77.878821233537 77.880517233537 77.880709248601 77.881061248601 78.139573332353 78.141269332353 78.141461332438 78.141813332438 78.317824355307 78.319520355307 78.319712359723 78.320064359723 78.449848058641 78.451544058641 78.451736071272 78.452088071272 78.495934540234 78.497630540234 78.49782255726 78.49817455726 78.500538365672 78.500538365672 78.500538365672 78.500538365672 78.500730365672 78.500730365672 78.502426365672 78.502426365672 78.502426365672 78.502426365672 78.502426365672 78.502618416478 78.502618416478 78.502970416478 78.879461233537 78.881157233537 78.881349248601 78.881701248601 79.139893332353 79.141589332353 79.141781332438 79.142133332438 79.316864355307 79.318560355307 79.318752359723 79.319104359723 79.450168058641 79.451864058641 79.452056079197 79.452408079197 79.497214540234 79.498910540234 79.49910255726 79.49945455726 79.499578365672 79.499578365672 79.499578365672 79.499578365672 79.499770365672 79.499770365672 79.501466365672 79.501466365672 79.501466365672 79.501466365672 79.501466365672 79.501658416478 79.501658416478 79.502010416478 79.877861233537 79.879557233537 79.879749248601 79.880101248601 80.139893332353 80.141589332353 80.141781332438 80.142133332438 80.317504355307 80.319200355307 80.319392359723 80.319744359723 80.448568058641 80.450264058641 80.450456078881 80.450808078881 80.497214540234 80.498910540234 80.49910255726 80.49945455726 80.499898365672 80.499898365672 80.499898365672 80.499898365672 80.500090365672 80.500090365672 80.501786365672 80.501786365672 80.501786365672 80.501786365672 80.501786365672 80.501978416478 80.501978416478 80.502330416478 80.877541233537 80.879237233537 80.879429248601 80.879781248601 81.139253332353 81.140949332353 81.141141332438 81.141493332438 81.318784355307 81.320480355307 81.320672359723 81.321024359723 81.449208058641 81.450904058641 81.45109605933 81.45144805933 81.495294540234 81.496990540234 81.49718255726 81.49753455726 81.500538365672 81.500538365672 81.500538365672 81.500538365672 81.500730365672 81.500730365672 81.502426365672 81.502426365672 81.502426365672 81.502426365672 81.502426365672 81.502618416478 81.502618416478 81.502970416478 81.878501233537 81.880197233537 81.880389248601 81.880741248601 82.140533332353 82.142229332353 82.142421332438 82.142773332438 82.318144355307 82.319840355307 82.320032359723 82.320384359723 82.449528058641 82.451224058641 82.451416072406 82.451768072406 82.495934540234 82.497630540234 82.49782255726 82.49817455726 82.500218365672 82.500218365672 82.500218365672 82.500218365672 82.500410365672 82.500410365672 82.502106365672 82.502106365672 82.502106365672 82.502106365672 82.502106365672 82.502298416478 82.502298416478 82.502650416478 82.877541233537 82.879237233537 82.879429248601 82.879781248601 83.140853332353 83.142549332353 83.142741332438 83.143093332438 83.318144355307 83.319840355307 83.320032359723 83.320384359723 83.448568058641 83.450264058641 83.450456078881 83.450808078881 83.496894540234 83.498590540234 83.49878255726 83.49913455726 83.500218365672 83.500218365672 83.500218365672 83.500218365672 83.500410365672 83.500410365672 83.502106365672 83.502106365672 83.502106365672 83.502106365672 83.502106365672 83.502298416478 83.502298416478 83.502650416478 83.877861233537 83.879557233537 83.879749248601 83.880101248601 84.140533332353 84.142229332353 84.142421332438 84.142773332438 84.317824355307 84.319520355307 84.319712359723 84.320064359723 84.449528058641 84.451224058641 84.451416072406 84.451768072406 84.496894540234 84.498590540234 84.49878255726 84.49913455726 84.500858365672 84.500858365672 84.500858365672 84.500858365672 84.501050365672 84.501050365672 84.502746365672 84.502746365672 84.502746365672 84.502746365672 84.502746365672 84.502938416478 84.502938416478 84.503290416478 84.877541233537 84.879237233537 84.879429248601 84.879781248601 85.140533332353 85.142229332353 85.142421332438 85.142773332438 85.318784355307 85.320480355307 85.320672359723 85.321024359723 85.450168058641 85.451864058641 85.452056078881 85.452408078881 85.497214540234 85.498910540234 85.49910255726 85.49945455726 85.500858365672 85.500858365672 85.500858365672 85.500858365672 85.501050365672 85.501050365672 85.502746365672 85.502746365672 85.502746365672 85.502746365672 85.502746365672 85.502938416478 85.502938416478 85.503290416478 85.879461233537 85.881157233537 85.881349248601 85.881701248601 86.140213332353 86.141909332353 86.142101332438 86.142453332438 86.316864355307 86.318560355307 86.318752359723 86.319104359723 86.450168058641 86.451864058641 86.452056096824 86.452408096824 86.495934540234 86.497630540234 86.49782255726 86.49817455726 86.501498365672 86.501498365672 86.501498365672 86.501498365672 86.501690365672 86.501690365672 86.503386365672 86.503386365672 86.503386365672 86.503386365672 86.503386365672 86.503578416478 86.503578416478 86.503930416478 86.878501233537 86.880197233537 86.880389248601 86.880741248601 87.138933332353 87.140629332353 87.140821332438 87.141173332438 87.316544355307 87.318240355307 87.318432359723 87.318784359723 87.448888058641 87.450584058641 87.450776081647 87.451128081647 87.497214540234 87.498910540234 87.49910255726 87.49945455726 87.499898365672 87.499898365672 87.499898365672 87.499898365672 87.500090365672 87.500090365672 87.501786365672 87.501786365672 87.501786365672 87.501786365672 87.501786365672 87.501978416478 87.501978416478 87.502330416478 87.878501233537 87.880197233537 87.880389248601 87.880741248601 88.139253332353 88.140949332353 88.141141332438 88.141493332438 88.316864355307 88.318560355307 88.318752359723 88.319104359723 88.448568058641 88.450264058641 88.450456079197 88.450808079197 88.496894540234 88.498590540234 88.49878255726 88.49913455726 88.499898365672 88.499898365672 88.499898365672 88.499898365672 88.500090365672 88.500090365672 88.501786365672 88.501786365672 88.501786365672 88.501786365672 88.501786365672 88.501978416478 88.501978416478 88.502330416478 88.879781233537 88.881477233537 88.881669248601 88.882021248601 89.139253332353 89.140949332353 89.141141332438 89.141493332438 89.318464355307 89.320160355307 89.320352359723 89.320704359723 89.448568058641 89.450264058641 89.45045605933 89.45080805933 89.495294540234 89.496990540234 89.49718255726 89.49753455726 89.499898365672 89.499898365672 89.499898365672 89.499898365672 89.500090365672 89.500090365672 89.501786365672 89.501786365672 89.501786365672 89.501786365672 89.501786365672 89.501978416478 89.501978416478 89.502330416478 89.878821233537 89.880517233537 89.880709248601 89.881061248601 90.141173332353 90.142869332353 90.143061332438 90.143413332438 90.317504355307 90.319200355307 90.319392359723 90.319744359723 90.448888058641 90.450584058641 90.450776071272 90.451128071272 90.497214540234 90.498910540234 90.49910255726 90.49945455726 90.501498365672 90.501498365672 90.501498365672 90.501498365672 90.501690365672 90.501690365672 90.503386365672 90.503386365672 90.503386365672 90.503386365672 90.503386365672 90.503578416478 90.503578416478 90.503930416478 90.879141233537 90.880837233537 90.881029248601 90.881381248601 91.140853332353 91.142549332353 91.142741332438 91.143093332438 91.316544355307 91.318240355307 91.318432359723 91.318784359723 91.450488058641 91.452184058641 91.452376081647 91.452728081647 91.495294540234 91.496990540234 91.49718255726 91.49753455726 91.500858365672 91.500858365672 91.500858365672 91.500858365672 91.501050365672 91.501050365672 91.502746365672 91.502746365672 91.502746365672 91.502746365672 91.502746365672 91.502938416478 91.502938416478 91.503290416478 91.879461233537 91.881157233537 91.881349248601 91.881701248601 92.139893332353 92.141589332353 92.141781332438 92.142133332438 92.317184355307 92.318880355307 92.319072359723 92.319424359723 92.449528058641 92.451224058641 92.451416096824 92.451768096824 92.496254540234 92.497950540234 92.49814255726 92.49849455726 92.499898365672 92.499898365672 92.499898365672 92.499898365672 92.500090365672 92.500090365672 92.501786365672 92.501786365672 92.501786365672 92.501786365672 92.501786365672 92.501978416478 92.501978416478 92.502330416478 92.878501233537 92.880197233537 92.880389248601 92.880741248601 93.139893332353 93.141589332353 93.141781332438 93.142133332438 93.316864355307 93.318560355307 93.318752359723 93.319104359723 93.448568058641 93.450264058641 93.450456081647 93.450808081647 93.495614540234 93.497310540234 93.49750255726 93.49785455726 93.501178365672 93.501178365672 93.501178365672 93.501178365672 93.501370365672 93.501370365672 93.503066365672 93.503066365672 93.503066365672 93.503066365672 93.503066365672 93.503258416478 93.503258416478 93.503610416478 93.878501233537 93.880197233537 93.880389248601 93.880741248601 94.140853332353 94.142549332353 94.142741332438 94.143093332438 94.318784355307 94.320480355307 94.320672359723 94.321024359723 94.449528058641 94.451224058641 94.451416078881 94.451768078881 94.496894540234 94.498590540234 94.49878255726 94.49913455726 94.499578365672 94.499578365672 94.499578365672 94.499578365672 94.499770365672 94.499770365672 94.501466365672 94.501466365672 94.501466365672 94.501466365672 94.501466365672 94.501658416478 94.501658416478 94.502010416478 94.878501233537 94.880197233537 94.880389248601 94.880741248601 95.140853332353 95.142549332353 95.142741332438 95.143093332438 95.318144355307 95.319840355307 95.320032359723 95.320384359723 95.449528058641 95.451224058641 95.45141605933 95.45176805933 95.497214540234 95.498910540234 95.49910255726 95.49945455726 95.499898365672 95.499898365672 95.499898365672 95.499898365672 95.500090365672 95.500090365672 95.501786365672 95.501786365672 95.501786365672 95.501786365672 95.501786365672 95.501978416478 95.501978416478 95.502330416478 95.877861233537 95.879557233537 95.879749248601 95.880101248601 96.141173332353 96.142869332353 96.143061332438 96.143413332438 96.318784355307 96.320480355307 96.320672359723 96.321024359723 96.449208058641 96.450904058641 96.451096097514 96.451448097514 96.497214540234 96.498910540234 96.49910255726 96.49945455726 96.500858365672 96.500858365672 96.500858365672 96.500858365672 96.501050365672 96.501050365672 96.502746365672 96.502746365672 96.502746365672 96.502746365672 96.502746365672 96.502938416478 96.502938416478 96.503290416478 96.879781233537 96.881477233537 96.881669248601 96.882021248601 97.141173332353 97.142869332353 97.143061332438 97.143413332438 97.317184355307 97.318880355307 97.319072359723 97.319424359723 97.448568058641 97.450264058641 97.450456081647 97.450808081647 97.496894540234 97.498590540234 97.49878255726 97.49913455726 97.501178365672 97.501178365672 97.501178365672 97.501178365672 97.501370365672 97.501370365672 97.503066365672 97.503066365672 97.503066365672 97.503066365672 97.503066365672 97.503258416478 97.503258416478 97.503610416478 97.877541233537 97.879237233537 97.879429248601 97.879781248601 98.138933332353 98.140629332353 98.140821332438 98.141173332438 98.318464355307 98.320160355307 98.320352359723 98.320704359723 98.448888058641 98.450584058641 98.450776097514 98.451128097514 98.494974540234 98.496670540234 98.49686255726 98.49721455726 98.501498365672 98.501498365672 98.501498365672 98.501498365672 98.501690365672 98.501690365672 98.503386365672 98.503386365672 98.503386365672 98.503386365672 98.503386365672 98.503578416478 98.503578416478 98.503930416478 98.878181233537 98.879877233537 98.880069248601 98.880421248601 99.141173332353 99.142869332353 99.143061332438 99.143413332438 99.317184355307 99.318880355307 99.319072359723 99.319424359723 99.448888058641 99.450584058641 99.450776072406 99.451128072406 99.496574540234 99.498270540234 99.49846255726 99.49881455726 99.501178365672 99.501178365672 99.501178365672 99.501178365672 99.501370365672 99.501370365672 99.503066365672 99.503066365672 99.503066365672 99.503066365672 99.503066365672 99.503258416478 99.503258416478 99.503610416478 99.878181233537 99.879877233537 99.880069248601 99.880421248601","0 0 0 5e-06 0 0.05 5e-06 0.05 5e-06 0.05 5e-06 0.05 5e-06 0.05 5e-06 0.05 5e-06 0 0 0.005 0.005 0 0.075 0.005 0 5e-06 5e-06 5e-06 0 0.05 5e-06 0.05 5e-06 0.05 5e-06 0.05 5e-06 0.05 5e-06 0.05 5e-06 0.05 5e-06 0.05 5e-06 0.05 5e-06 0.05 5e-06 0.05 5e-06 0 0 0.005 0.005 0 0.075 0.005 0 5e-06 5e-06 5e-06 0 0.05 5e-06 0.05 5e-06 0.05 5e-06 0.05 5e-06 0.05 5e-06 0.05 5e-06 0.05 5e-06 0.05 5e-06 0.05 5e-06 0.05 5e-06 0.05 5e-06 0 0 0.005 0.005 0 0.075 0.005 0 5e-06 5e-06 5e-06 0 0.05 5e-06 0.05 5e-06 0.05 5e-06 0.05 5e-06 0.05 5e-06 0.05 5e-06 0.05 5e-06 0.05 5e-06 0.05 5e-06 0.05 5e-06 0.05 5e-06 0 0 0.005 0.005 0 0.075 0.005 0 5e-06 5e-06 5e-06 0 0.05 5e-06 0.05 5e-06 0.05 5e-06 0.05 5e-06 0.05 5e-06 0.05 5e-06 0.05 5e-06 0.05 5e-06 0.05 5e-06 0.05 5e-06 0.05 5e-06 0 0 0.005 0.005 0 0.075 0.005 0 5e-06 5e-06 5e-06 0 0.05 5e-06 0.05 5e-06 0.05 5e-06 0.05 5e-06 0.05 5e-06 0.05 5e-06 0.05 5e-06 0.05 5e-06 0.05 5e-06 0.05 5e-06 0.05 5e-06 0 0 0.005 0.005 0 0.075 0.005 0 5e-06 5e-06 5e-06 0 0.05 5e-06 0.05 5e-06 0.05 5e-06 0.05 5e-06 0.05 5e-06 0.05 5e-06 0.05 5e-06 0.05 5e-06 0.05 5e-06 0.05 5e-06 0.05 5e-06 0 0 0.005 0.005 0 0.075 0.005 0 5e-06 5e-06 5e-06 0 0.05 5e-06 0.05 5e-06 0.05 5e-06 0.05 5e-06 0.05 5e-06 0.05 5e-06 0.05 5e-06 0.05 5e-06 0.05 5e-06 0.05 5e-06 0.05 5e-06 0 0 0.005 0.005 0 0.075 0.005 0 5e-06 5e-06 5e-06 0 0.05 5e-06 0.05 5e-06 0.05 5e-06 0.05 5e-06 0.05 5e-06 0.05 5e-06 0.05 5e-06 0.05 5e-06 0.05 5e-06 0.05 5e-06 0.05 5e-06 0 0 0.005 0.005 0 0.075 0.005 0 5e-06 5e-06 5e-06 0 0.05 5e-06 0.05 5e-06 0.05 5e-06 0.05 5e-06 0.05 5e-06 0.05 5e-06 0.05 5e-06 0.05 5e-06 0.05 5e-06 0.05 5e-06 0.05 5e-06 0 0 0.005 0.005 0 0.075 0.005 0 5e-06 5e-06 5e-06 0 0.05 5e-06 0.05 5e-06 0.05 5e-06 0.05 5e-06 0.05 5e-06 0.05 5e-06 0.05 5e-06 0.05 5e-06 0.05 5e-06 0.05 5e-06 0.05 5e-06 0 0 0.005 0.005 0 0.075 0.005 0 5e-06 5e-06 5e-06 0 0.05 5e-06 0.05 5e-06 0.05 5e-06 0.05 5e-06 0.05 5e-06 0.05 5e-06 0.05 5e-06 0.05 5e-06 0.05 5e-06 0.05 5e-06 0.05 5e-06 0 0 0.005 0.005 0 0.075 0.005 0 5e-06 5e-06 5e-06 0 0.05 5e-06 0.05 5e-06 0.05 5e-06 0.05 5e-06 0.05 5e-06 0.05 5e-06 0.05 5e-06 0.05 5e-06 0.05 5e-06 0.05 5e-06 0.05 5e-06 0 0 0.005 0.005 0 0.075 0.005 0 5e-06 5e-06 5e-06 0 0.05 5e-06 0.05 5e-06 0.05 5e-06 0.05 5e-06 0.05 5e-06 0.05 5e-06 0.05 5e-06 0.05 5e-06 0.05 5e-06 0.05 5e-06 0.05 5e-06 0 0 0.005 0.005 0 0.075 0.005 0 5e-06 5e-06 5e-06 0 0.05 5e-06 0.05 5e-06 0.05 5e-06 0.05 5e-06 0.05 5e-06 0.05 5e-06 0.05 5e-06 0.05 5e-06 0.05 5e-06 0.05 5e-06 0.05 5e-06 0 0 0.005 0.005 0 0.075 0.005 0 5e-06 5e-06 5e-06 0 0.05 5e-06 0.05 5e-06 0.05 5e-06 0.05 5e-06 0.05 5e-06 0.05 5e-06 0.05 5e-06 0.05 5e-06 0.05 5e-06 0.05 5e-06 0.05 5e-06 0 0 0.005 0.005 0 0.075 0.005 0 5e-06 5e-06 5e-06 0 0.05 5e-06 0.05 5e-06 0.05 5e-06 0.05 5e-06 0.05 5e-06 0.05 5e-06 0.05 5e-06 0.05 5e-06 0.05 5e-06 0.05 5e-06 0.05 5e-06 0 0 0.005 0.005 0 0.075 0.005 0 5e-06 5e-06 5e-06 0 0.05 5e-06 0.05 5e-06 0.05 5e-06 0.05 5e-06 0.05 5e-06 0.05 5e-06 0.05 5e-06 0.05 5e-06 0.05 5e-06 0.05 5e-06 0.05 5e-06 0 0 0.005 0.005 0 0.075 0.005 0 5e-06 5e-06 5e-06 0 0.05 5e-06 0.05 5e-06 0.05 5e-06 0.05 5e-06 0.05 5e-06 0.05 5e-06 0.05 5e-06 0.05 5e-06 0.05 5e-06 0.05 5e-06 0.05 5e-06 0 0 0.005 0.005 0 0.075 0.005 0 5e-06 5e-06 5e-06 0 0.05 5e-06 0.05 5e-06 0.05 5e-06 0.05 5e-06 0.05 5e-06 0.05 5e-06 0.05 5e-06 0.05 5e-06 0.05 5e-06 0.05 5e-06 0.05 5e-06 0 0 0.005 0.005 0 0.075 0.005 0 5e-06 5e-06 5e-06 0 0.05 5e-06 0.05 5e-06 0.05 5e-06 0.05 5e-06 0.05 5e-06 0.05 5e-06 0.05 5e-06 0.05 5e-06 0.05 5e-06 0.05 5e-06 0.05 5e-06 0 0 0.005 0.005 0 0.075 0.005 0 5e-06 5e-06 5e-06 0 0.05 5e-06 0.05 5e-06 0.05 5e-06 0.05 5e-06 0.05 5e-06 0.05 5e-06 0.05 5e-06 0.05 5e-06 0.05 5e-06 0.05 5e-06 0.05 5e-06 0 0 0.005 0.005 0 0.075 0.005 0 5e-06 5e-06 5e-06 0 0.05 5e-06 0.05 5e-06 0.05 5e-06 0.05 5e-06 0.05 5e-06 0.05 5e-06 0.05 5e-06 0.05 5e-06 0.05 5e-06 0.05 5e-06 0.05 5e-06 0 0 0.005 0.005 0 0.075 0.005 0 5e-06 5e-06 5e-06 0 0.05 5e-06 0.05 5e-06 0.05 5e-06 0.05 5e-06 0.05 5e-06 0.05 5e-06 0.05 5e-06 0.05 5e-06 0.05 5e-06 0.05 5e-06 0.05 5e-06 0 0 0.005 0.005 0 0.075 0.005 0 5e-06 5e-06 5e-06 0 0.05 5e-06 0.05 5e-06 0.05 5e-06 0.05 5e-06 0.05 5e-06 0.05 5e-06 0.05 5e-06 0.05 5e-06 0.05 5e-06 0.05 5e-06 0.05 5e-06 0 0 0.005 0.005 0 0.075 0.005 0 5e-06 5e-06 5e-06 0 0.05 5e-06 0.05 5e-06 0.05 5e-06 0.05 5e-06 0.05 5e-06 0.05 5e-06 0.05 5e-06 0.05 5e-06 0.05 5e-06 0.05 5e-06 0.05 5e-06 0 0 0.005 0.005 0 0.075 0.005 0 5e-06 5e-06 5e-06 0 0.05 5e-06 0.05 5e-06 0.05 5e-06 0.05 5e-06 0.05 5e-06 0.05 5e-06 0.05 5e-06 0.05 5e-06 0.05 5e-06 0.05 5e-06 0.05 5e-06 0 0 0.005 0.005 0 0.075 0.005 0 5e-06 5e-06 5e-06 0 0.05 5e-06 0.05 5e-06 0.05 5e-06 0.05 5e-06 0.05 5e-06 0.05 5e-06 0.05 5e-06 0.05 5e-06 0.05 5e-06 0.05 5e-06 0.05 5e-06 0 0 0.005 0.005 0 0.075 0.005 0 5e-06 5e-06 5e-06 0 0.05 5e-06 0.05 5e-06 0.05 5e-06 0.05 5e-06 0.05 5e-06 0.05 5e-06 0.05 5e-06 0.05 5e-06 0.05 5e-06 0.05 5e-06 0.05 5e-06 0 0 0.005 0.005 0 0.075 0.005 0 5e-06 5e-06 5e-06 0 0.05 5e-06 0.05 5e-06 0.05 5e-06 0.05 5e-06 0.05 5e-06 0.05 5e-06 0.05 5e-06 0.05 5e-06 0.05 5e-06 0.05 5e-06 0.05 5e-06 0 0 0.005 0.005 0 0.075 0.005 0 5e-06 5e-06 5e-06 0 0.05 5e-06 0.05 5e-06 0.05 5e-06 0.05 5e-06 0.05 5e-06 0.05 5e-06 0.05 5e-06 0.05 5e-06 0.05 5e-06 0.05 5e-06 0.05 5e-06 0 0 0.005 0.005 0 0.075 0.005 0 5e-06 5e-06 5e-06 0 0.05 5e-06 0.05 5e-06 0.05 5e-06 0.05 5e-06 0.05 5e-06 0.05 5e-06 0.05 5e-06 0.05 5e-06 0.05 5e-06 0.05 5e-06 0.05 5e-06 0 0 0.005 0.005 0 0.075 0.005 0 5e-06 5e-06 5e-06 0 0.05 5e-06 0.05 5e-06 0.05 5e-06 0.05 5e-06 0.05 5e-06 0.05 5e-06 0.05 5e-06 0.05 5e-06 0.05 5e-06 0.05 5e-06 0.05 5e-06 0 0 0.005 0.005 0 0.075 0.005 0 5e-06 5e-06 5e-06 0 0.05 5e-06 0.05 5e-06 0.05 5e-06 0.05 5e-06 0.05 5e-06 0.05 5e-06 0.05 5e-06 0.05 5e-06 0.05 5e-06 0.05 5e-06 0.05 5e-06 0 0 0.005 0.005 0 0.075 0.005 0 5e-06 5e-06 5e-06 0 0.05 5e-06 0.05 5e-06 0.05 5e-06 0.05 5e-06 0.05 5e-06 0.05 5e-06 0.05 5e-06 0.05 5e-06 0.05 5e-06 0.05 5e-06 0.05 5e-06 0 0 0.005 0.005 0 0.075 0.005 0 5e-06 5e-06 5e-06 0 0.05 5e-06 0.05 5e-06 0.05 5e-06 0.05 5e-06 0.05 5e-06 0.05 5e-06 0.05 5e-06 0.05 5e-06 0.05 5e-06 0.05 5e-06 0.05 5e-06 0 0 0.005 0.005 0 0.075 0.005 0 5e-06 5e-06 5e-06 0 0.05 5e-06 0.05 5e-06 0.05 5e-06 0.05 5e-06 0.05 5e-06 0.05 5e-06 0.05 5e-06 0.05 5e-06 0.05 5e-06 0.05 5e-06 0.05 5e-06 0 0 0.005 0.005 0 0.075 0.005 0 5e-06 5e-06 5e-06 0 0.05 5e-06 0.05 5e-06 0.05 5e-06 0.05 5e-06 0.05 5e-06 0.05 5e-06 0.05 5e-06 0.05 5e-06 0.05 5e-06 0.05 5e-06 0.05 5e-06 0 0 0.005 0.005 0 0.075 0.005 0 5e-06 5e-06 5e-06 0 0.05 5e-06 0.05 5e-06 0.05 5e-06 0.05 5e-06 0.05 5e-06 0.05 5e-06 0.05 5e-06 0.05 5e-06 0.05 5e-06 0.05 5e-06 0.05 5e-06 0 0 0.005 0.005 0 0.075 0.005 0 5e-06 5e-06 5e-06 0 0.05 5e-06 0.05 5e-06 0.05 5e-06 0.05 5e-06 0.05 5e-06 0.05 5e-06 0.05 5e-06 0.05 5e-06 0.05 5e-06 0.05 5e-06 0.05 5e-06 0 0 0.005 0.005 0 0.075 0.005 0 5e-06 5e-06 5e-06 0 0.05 5e-06 0.05 5e-06 0.05 5e-06 0.05 5e-06 0.05 5e-06 0.05 5e-06 0.05 5e-06 0.05 5e-06 0.05 5e-06 0.05 5e-06 0.05 5e-06 0 0 0.005 0.005 0 0.075 0.005 0 5e-06 5e-06 5e-06 0 0.05 5e-06 0.05 5e-06 0.05 5e-06 0.05 5e-06 0.05 5e-06 0.05 5e-06 0.05 5e-06 0.05 5e-06 0.05 5e-06 0.05 5e-06 0.05 5e-06 0 0 0.005 0.005 0 0.075 0.005 0 5e-06 5e-06 5e-06 0 0.05 5e-06 0.05 5e-06 0.05 5e-06 0.05 5e-06 0.05 5e-06 0.05 5e-06 0.05 5e-06 0.05 5e-06 0.05 5e-06 0.05 5e-06 0.05 5e-06 0 0 0.005 0.005 0 0.075 0.005 0 5e-06 5e-06 5e-06 0 0.05 5e-06 0.05 5e-06 0.05 5e-06 0.05 5e-06 0.05 5e-06 0.05 5e-06 0.05 5e-06 0.05 5e-06 0.05 5e-06 0.05 5e-06 0.05 5e-06 0 0 0.005 0.005 0 0.075 0.005 0 5e-06 5e-06 5e-06 0 0.05 5e-06 0.05 5e-06 0.05 5e-06 0.05 5e-06 0.05 5e-06 0.05 5e-06 0.05 5e-06 0.05 5e-06 0.05 5e-06 0.05 5e-06 0.05 5e-06 0 0 0.005 0.005 0 0.075 0.005 0 5e-06 5e-06 5e-06 0 0.05 5e-06 0.05 5e-06 0.05 5e-06 0.05 5e-06 0.05 5e-06 0.05 5e-06 0.05 5e-06 0.05 5e-06 0.05 5e-06 0.05 5e-06 0.05 5e-06 0 0 0.005 0.005 0 0.075 0.005 0 5e-06 5e-06 5e-06 0 0.05 5e-06 0.05 5e-06 0.05 5e-06 0.05 5e-06 0.05 5e-06 0.05 5e-06 0.05 5e-06 0.05 5e-06 0.05 5e-06 0.05 5e-06 0.05 5e-06 0 0 0.005 0.005 0 0.075 0.005 0 5e-06 5e-06 5e-06 0 0.05 5e-06 0.05 5e-06 0.05 5e-06 0.05 5e-06 0.05 5e-06 0.05 5e-06 0.05 5e-06 0.05 5e-06 0.05 5e-06 0.05 5e-06 0.05 5e-06 0 0 0.005 0.005 0 0.075 0.005 0 5e-06 5e-06 5e-06 0 0.05 5e-06 0.05 5e-06 0.05 5e-06 0.05 5e-06 0.05 5e-06 0.05 5e-06 0.05 5e-06 0.05 5e-06 0.05 5e-06 0.05 5e-06 0.05 5e-06 0 0 0.005 0.005 0 0.075 0.005 0 5e-06 5e-06 5e-06 0 0.05 5e-06 0.05 5e-06 0.05 5e-06 0.05 5e-06 0.05 5e-06 0.05 5e-06 0.05 5e-06 0.05 5e-06 0.05 5e-06 0.05 5e-06 0.05 5e-06 0 0 0.005 0.005 0 0.075 0.005 0 5e-06 5e-06 5e-06 0 0.05 5e-06 0.05 5e-06 0.05 5e-06 0.05 5e-06 0.05 5e-06 0.05 5e-06 0.05 5e-06 0.05 5e-06 0.05 5e-06 0.05 5e-06 0.05 5e-06 0 0 0.005 0.005 0 0.075 0.005 0 5e-06 5e-06 5e-06 0 0.05 5e-06 0.05 5e-06 0.05 5e-06 0.05 5e-06 0.05 5e-06 0.05 5e-06 0.05 5e-06 0.05 5e-06 0.05 5e-06 0.05 5e-06 0.05 5e-06 0 0 0.005 0.005 0 0.075 0.005 0 5e-06 5e-06 5e-06 0 0.05 5e-06 0.05 5e-06 0.05 5e-06 0.05 5e-06 0.05 5e-06 0.05 5e-06 0.05 5e-06 0.05 5e-06 0.05 5e-06 0.05 5e-06 0.05 5e-06 0 0 0.005 0.005 0 0.075 0.005 0 5e-06 5e-06 5e-06 0 0.05 5e-06 0.05 5e-06 0.05 5e-06 0.05 5e-06 0.05 5e-06 0.05 5e-06 0.05 5e-06 0.05 5e-06 0.05 5e-06 0.05 5e-06 0.05 5e-06 0 0 0.005 0.005 0 0.075 0.005 0 5e-06 5e-06 5e-06 0 0.05 5e-06 0.05 5e-06 0.05 5e-06 0.05 5e-06 0.05 5e-06 0.05 5e-06 0.05 5e-06 0.05 5e-06 0.05 5e-06 0.05 5e-06 0.05 5e-06 0 0 0.005 0.005 0 0.075 0.005 0 5e-06 5e-06 5e-06 0 0.05 5e-06 0.05 5e-06 0.05 5e-06 0.05 5e-06 0.05 5e-06 0.05 5e-06 0.05 5e-06 0.05 5e-06 0.05 5e-06 0.05 5e-06 0.05 5e-06 0 0 0.005 0.005 0 0.075 0.005 0 5e-06 5e-06 5e-06 0 0.05 5e-06 0.05 5e-06 0.05 5e-06 0.05 5e-06 0.05 5e-06 0.05 5e-06 0.05 5e-06 0.05 5e-06 0.05 5e-06 0.05 5e-06 0.05 5e-06 0 0 0.005 0.005 0 0.075 0.005 0 5e-06 5e-06 5e-06 0 0.05 5e-06 0.05 5e-06 0.05 5e-06 0.05 5e-06 0.05 5e-06 0.05 5e-06 0.05 5e-06 0.05 5e-06 0.05 5e-06 0.05 5e-06 0.05 5e-06 0 0 0.005 0.005 0 0.075 0.005 0 5e-06 5e-06 5e-06 0 0.05 5e-06 0.05 5e-06 0.05 5e-06 0.05 5e-06 0.05 5e-06 0.05 5e-06 0.05 5e-06 0.05 5e-06 0.05 5e-06 0.05 5e-06 0.05 5e-06 0 0 0.005 0.005 0 0.075 0.005 0 5e-06 5e-06 5e-06 0 0.05 5e-06 0.05 5e-06 0.05 5e-06 0.05 5e-06 0.05 5e-06 0.05 5e-06 0.05 5e-06 0.05 5e-06 0.05 5e-06 0.05 5e-06 0.05 5e-06 0 0 0.005 0.005 0 0.075 0.005 0 5e-06 5e-06 5e-06 0 0.05 5e-06 0.05 5e-06 0.05 5e-06 0.05 5e-06 0.05 5e-06 0.05 5e-06 0.05 5e-06 0.05 5e-06 0.05 5e-06 0.05 5e-06 0.05 5e-06 0 0 0.005 0.005 0 0.075 0.005 0 5e-06 5e-06 5e-06 0 0.05 5e-06 0.05 5e-06 0.05 5e-06 0.05 5e-06 0.05 5e-06 0.05 5e-06 0.05 5e-06 0.05 5e-06 0.05 5e-06 0.05 5e-06 0.05 5e-06 0 0 0.005 0.005 0 0.075 0.005 0 5e-06 5e-06 5e-06 0 0.05 5e-06 0.05 5e-06 0.05 5e-06 0.05 5e-06 0.05 5e-06 0.05 5e-06 0.05 5e-06 0.05 5e-06 0.05 5e-06 0.05 5e-06 0.05 5e-06 0 0 0.005 0.005 0 0.075 0.005 0 5e-06 5e-06 5e-06 0 0.05 5e-06 0.05 5e-06 0.05 5e-06 0.05 5e-06 0.05 5e-06 0.05 5e-06 0.05 5e-06 0.05 5e-06 0.05 5e-06 0.05 5e-06 0.05 5e-06 0 0 0.005 0.005 0 0.075 0.005 0 5e-06 5e-06 5e-06 0 0.05 5e-06 0.05 5e-06 0.05 5e-06 0.05 5e-06 0.05 5e-06 0.05 5e-06 0.05 5e-06 0.05 5e-06 0.05 5e-06 0.05 5e-06 0.05 5e-06 0 0 0.005 0.005 0 0.075 0.005 0 5e-06 5e-06 5e-06 0 0.05 5e-06 0.05 5e-06 0.05 5e-06 0.05 5e-06 0.05 5e-06 0.05 5e-06 0.05 5e-06 0.05 5e-06 0.05 5e-06 0.05 5e-06 0.05 5e-06 0 0 0.005 0.005 0 0.075 0.005 0 5e-06 5e-06 5e-06 0 0.05 5e-06 0.05 5e-06 0.05 5e-06 0.05 5e-06 0.05 5e-06 0.05 5e-06 0.05 5e-06 0.05 5e-06 0.05 5e-06 0.05 5e-06 0.05 5e-06 0 0 0.005 0.005 0 0.075 0.005 0 5e-06 5e-06 5e-06 0 0.05 5e-06 0.05 5e-06 0.05 5e-06 0.05 5e-06 0.05 5e-06 0.05 5e-06 0.05 5e-06 0.05 5e-06 0.05 5e-06 0.05 5e-06 0.05 5e-06 0 0 0.005 0.005 0 0.075 0.005 0 5e-06 5e-06 5e-06 0 0.05 5e-06 0.05 5e-06 0.05 5e-06 0.05 5e-06 0.05 5e-06 0.05 5e-06 0.05 5e-06 0.05 5e-06 0.05 5e-06 0.05 5e-06 0.05 5e-06 0 0 0.005 0.005 0 0.075 0.005 0 5e-06 5e-06 5e-06 0 0.05 5e-06 0.05 5e-06 0.05 5e-06 0.05 5e-06 0.05 5e-06 0.05 5e-06 0.05 5e-06 0.05 5e-06 0.05 5e-06 0.05 5e-06 0.05 5e-06 0 0 0.005 0.005 0 0.075 0.005 0 5e-06 5e-06 5e-06 0 0.05 5e-06 0.05 5e-06 0.05 5e-06 0.05 5e-06 0.05 5e-06 0.05 5e-06 0.05 5e-06 0.05 5e-06 0.05 5e-06 0.05 5e-06 0.05 5e-06 0 0 0.005 0.005 0 0.075 0.005 0 5e-06 5e-06 5e-06 0 0.05 5e-06 0.05 5e-06 0.05 5e-06 0.05 5e-06 0.05 5e-06 0.05 5e-06 0.05 5e-06 0.05 5e-06 0.05 5e-06 0.05 5e-06 0.05 5e-06 0 0 0.005 0.005 0 0.075 0.005 0 5e-06 5e-06 5e-06 0 0.05 5e-06 0.05 5e-06 0.05 5e-06 0.05 5e-06 0.05 5e-06 0.05 5e-06 0.05 5e-06 0.05 5e-06 0.05 5e-06 0.05 5e-06 0.05 5e-06 0 0 0.005 0.005 0 0.075 0.005 0 5e-06 5e-06 5e-06 0 0.05 5e-06 0.05 5e-06 0.05 5e-06 0.05 5e-06 0.05 5e-06 0.05 5e-06 0.05 5e-06 0.05 5e-06 0.05 5e-06 0.05 5e-06 0.05 5e-06 0 0 0.005 0.005 0 0.075 0.005 0 5e-06 5e-06 5e-06 0 0.05 5e-06 0.05 5e-06 0.05 5e-06 0.05 5e-06 0.05 5e-06 0.05 5e-06 0.05 5e-06 0.05 5e-06 0.05 5e-06 0.05 5e-06 0.05 5e-06 0 0 0.005 0.005 0 0.075 0.005 0 5e-06 5e-06 5e-06 0 0.05 5e-06 0.05 5e-06 0.05 5e-06 0.05 5e-06 0.05 5e-06 0.05 5e-06 0.05 5e-06 0.05 5e-06 0.05 5e-06 0.05 5e-06 0.05 5e-06 0 0 0.005 0.005 0 0.075 0.005 0 5e-06 5e-06 5e-06 0 0.05 5e-06 0.05 5e-06 0.05 5e-06 0.05 5e-06 0.05 5e-06 0.05 5e-06 0.05 5e-06 0.05 5e-06 0.05 5e-06 0.05 5e-06 0.05 5e-06 0 0 0.005 0.005 0 0.075 0.005 0 5e-06 5e-06 5e-06 0 0.05 5e-06 0.05 5e-06 0.05 5e-06 0.05 5e-06 0.05 5e-06 0.05 5e-06 0.05 5e-06 0.05 5e-06 0.05 5e-06 0.05 5e-06 0.05 5e-06 0 0 0.005 0.005 0 0.075 0.005 0 5e-06 5e-06 5e-06 0 0.05 5e-06 0.05 5e-06 0.05 5e-06 0.05 5e-06 0.05 5e-06 0.05 5e-06 0.05 5e-06 0.05 5e-06 0.05 5e-06 0.05 5e-06 0.05 5e-06 0 0 0.005 0.005 0 0.075 0.005 0 5e-06 5e-06 5e-06 0 0.05 5e-06 0.05 5e-06 0.05 5e-06 0.05 5e-06 0.05 5e-06 0.05 5e-06 0.05 5e-06 0.05 5e-06 0.05 5e-06 0.05 5e-06 0.05 5e-06 0 0 0.005 0.005 0 0.075 0.005 0 5e-06 5e-06 5e-06 0 0.05 5e-06 0.05 5e-06 0.05 5e-06 0.05 5e-06 0.05 5e-06 0.05 5e-06 0.05 5e-06 0.05 5e-06 0.05 5e-06 0.05 5e-06 0.05 5e-06 0 0 0.005 0.005 0 0.075 0.005 0 5e-06 5e-06 5e-06 0 0.05 5e-06 0.05 5e-06 0.05 5e-06 0.05 5e-06 0.05 5e-06 0.05 5e-06 0.05 5e-06 0.05 5e-06 0.05 5e-06 0.05 5e-06 0.05 5e-06 0 0 0.005 0.005 0 0.075 0.005 0 5e-06 5e-06 5e-06 0 0.05 5e-06 0.05 5e-06 0.05 5e-06 0.05 5e-06 0.05 5e-06 0.05 5e-06 0.05 5e-06 0.05 5e-06 0.05 5e-06 0.05 5e-06 0.05 5e-06 0 0 0.005 0.005 0 0.075 0.005 0 5e-06 5e-06 5e-06 0 0.05 5e-06 0.05 5e-06 0.05 5e-06 0.05 5e-06 0.05 5e-06 0.05 5e-06 0.05 5e-06 0.05 5e-06 0.05 5e-06 0.05 5e-06 0.05 5e-06 0 0 0.005 0.005 0 0.075 0.005 0 5e-06 5e-06 5e-06 0 0.05 5e-06 0.05 5e-06 0.05 5e-06 0.05 5e-06 0.05 5e-06 0.05 5e-06 0.05 5e-06 0.05 5e-06 0.05 5e-06 0.05 5e-06 0.05 5e-06 0 0 0.005 0.005 0 0.075 0.005 0 5e-06 5e-06 5e-06 0 0.05 5e-06 0.05 5e-06 0.05 5e-06 0.05 5e-06 0.05 5e-06 0.05 5e-06 0.05 5e-06 0.05 5e-06 0.05 5e-06 0.05 5e-06 0.05 5e-06 0 0 0.005 0.005 0 0.075 0.005 0 5e-06 5e-06 5e-06 0 0.05 5e-06 0.05 5e-06 0.05 5e-06 0.05 5e-06 0.05 5e-06 0.05 5e-06 0.05 5e-06 0.05 5e-06 0.05 5e-06 0.05 5e-06 0.05 5e-06 0 0 0.005 0.005 0 0.075 0.005 0 5e-06 5e-06 5e-06 0 0.05 5e-06 0.05 5e-06 0.05 5e-06 0.05 5e-06 0.05 5e-06 0.05 5e-06 0.05 5e-06 0.05 5e-06 0.05 5e-06 0.05 5e-06 0.05 5e-06 0 0 0.005 0.005 0 0.075 0.005 0 5e-06 5e-06 5e-06 0 0.05 5e-06 0.05 5e-06 0.05 5e-06 0.05 5e-06 0.05 5e-06 0.05 5e-06 0.05 5e-06 0.05 5e-06 0.05 5e-06 0.05 5e-06 0.05 5e-06 0 0 0.005 0.005 0 0.075 0.005 0 5e-06 5e-06 5e-06 0 0.05 5e-06 0.05 5e-06 0.05 5e-06 0.05 5e-06 0.05 5e-06 0.05 5e-06 0.05 5e-06 0.05 5e-06 0.05 5e-06 0.05 5e-06 0.05 5e-06 0 0 0.005 0.005 0 0.075 0.005 0 5e-06 5e-06 5e-06 0 0.05 5e-06 0.05 5e-06 0.05 5e-06 0.05 5e-06 0.05 5e-06 0.05 5e-06 0.05 5e-06 0.05 5e-06 0.05 5e-06 0.05 5e-06 0.05 5e-06 0 0 0.005 0.005 0 0.075 0.005 0 5e-06 5e-06 5e-06 0 0.05 5e-06 0.05 5e-06 0.05 5e-06 0.05 5e-06 0.05 5e-06 0.05 5e-06 0.05 5e-06 0.05 5e-06 0.05 5e-06 0.05 5e-06 0.05 5e-06 0 0 0.005 0.005 0 0.075 0.005 0 5e-06 5e-06 5e-06 0 0.05 5e-06 0.05 5e-06 0.05 5e-06 0.05 5e-06 0.05 5e-06 0.05 5e-06 0.05 5e-06 0.05 5e-06 0.05 5e-06 0.05 5e-06 0.05 5e-06 0 0 0.005 0.005 0 0.075 0.005 0 5e-06 5e-06 5e-06 0 0.05 5e-06 0.05 5e-06 0.05 5e-06 0.05 5e-06 0.05 5e-06 0.05 5e-06 0.05 5e-06 0.05 5e-06 0.05 5e-06 0.05 5e-06 0.05 5e-06 0 0 0.005 0.005 0 0.075 0.005 0 5e-06 5e-06 5e-06 0 0.05 5e-06 0.05 5e-06 0.05 5e-06 0.05 5e-06 0.05 5e-06 0.05 5e-06 0.05 5e-06 0.05 5e-06 0.05 5e-06 0.05 5e-06 0.05 5e-06 0 0 0.005 0.005 0 0.075 0.005 0 5e-06 5e-06 5e-06 0 0.05 5e-06 0.05 5e-06 0.05 5e-06 0.05 5e-06 0.05 5e-06 0.05 5e-06 0.05 5e-06 0.05 5e-06 0.05 5e-06 0.05 5e-06 0.05 5e-06 0 0 0.005 0.005 0 0.075 0.005 0 5e-06 5e-06 5e-06 0 0.05 5e-06 0.05 5e-06 0.05 5e-06 0.05 5e-06 0.05 5e-06 0.05 5e-06 0.05 5e-06 0.05 5e-06 0.05 5e-06 0.05 5e-06 0.05 5e-06 0 0 0.005 0.005 0 0.075 0.005 0 5e-06 5e-06 5e-06 0 0.05 5e-06 0.05 5e-06 0.05 5e-06 0.05 5e-06 0.05 5e-06 0.05 5e-06 0.05 5e-06 0.05 5e-06 0.05 5e-06 0.05 5e-06 0.05 5e-06 0 0 0.005 0.005 0 0.075 0.005 0 5e-06 5e-06 5e-06 0 0.05 5e-06 0.05 5e-06 0.05 5e-06 0.05 5e-06 0.05 5e-06 0.05 5e-06 0.05 5e-06 0.05 5e-06 0.05 5e-06 0.05 5e-06 0.05 5e-06 0 0 0.005 0.005 0 0.075 0.005 0 5e-06 5e-06 5e-06 0 0.05 5e-06 0.05 5e-06 0.05 5e-06 0.05 5e-06 0.05 5e-06 0.05 5e-06 0.05 5e-06 0.05 5e-06 0.05 5e-06 0.05 5e-06 0.05 5e-06 0 0 0.005 0.005 0 0.075 0.005 0 5e-06 5e-06 5e-06 0 0.05 5e-06 0.05 5e-06 0.05 5e-06"
Ieee802154Power-9-20260924-21:43:57-1666,attr,Ieee802154Showcase.sensor1.wlan[0].radio.energyConsumer,powerConsumption:vector,interpolationmode,sample-hold,,
Ieee802154Power-9-20260924-21:43:57-1666,attr,Ieee802154Showcase.sensor1.wlan[0].radio.energyConsumer,powerConsumption:vector,recordingmode,vector,,
Ieee802154Power-9-20260924-21:43:57-1666,attr,Ieee802154Showcase.sensor1.wlan[0].radio.energyConsumer,powerConsumption:vector,source,powerConsumptionChanged,,
Ieee802154Power-9-20260924-21:43:57-1666,attr,Ieee802154Showcase.sensor1.wlan[0].radio.energyConsumer,powerConsumption:vector,title,Power consumption,,
Ieee802154Power-9-20260924-21:43:57-1666,attr,Ieee802154Showcase.sensor1.wlan[0].radio.energyConsumer,powerConsumption:vector,unit,W,,
