run,type,module,name,attrname,attrvalue,value
Ieee802154Power-0-20260924-21:43:53-1666,runattr,,,configname,Ieee802154Power,
Ieee802154Power-0-20260924-21:43:53-1666,runattr,,,datetime,20260924-21:43:53,
Ieee802154Power-0-20260924-21:43:53-1666,runattr,,,datetimef,20260924-214353,
Ieee802154Power-0-20260924-21:43:53-1666,runattr,,,experiment,Ieee802154Power,
Ieee802154Power-0-20260924-21:43:53-1666,runattr,,,inifile,omnetpp.ini,
Ieee802154Power-0-20260924-21:43:53-1666,runattr,,,iterationvars,,
Ieee802154Power-0-20260924-21:43:53-1666,runattr,,,iterationvarsd,,
Ieee802154Power-0-20260924-21:43:53-1666,runattr,,,iterationvarsf,,
Ieee802154Power-0-20260924-21:43:53-1666,runattr,,,measurement,,
Ieee802154Power-0-20260924-21:43:53-1666,runattr,,,network,Ieee802154Showcase,
Ieee802154Power-0-20260924-21:43:53-1666,runattr,,,processid,1666,
Ieee802154Power-0-20260924-21:43:53-1666,runattr,,,repetition,0,
Ieee802154Power-0-20260924-21:43:53-1666,runattr,,,replication,#0,
Ieee802154Power-0-20260924-21:43:53-1666,runattr,,,resultdir,results,
Ieee802154Power-0-20260924-21:43:53-1666,runattr,,,runnumber,0,
Ieee802154Power-0-20260924-21:43:53-1666,runattr,,,seedset,0,
Ieee802154Power-0-20260924-21:43:53-1666,config,,,extends,Ieee802154,
Ieee802154Power-0-20260924-21:43:53-1666,config,,,sim-time-limit,100s,
Ieee802154Power-0-20260924-21:43:53-1666,config,,,repeat,10,
Ieee802154Power-0-20260924-21:43:53-1666,config,,,**.energyStorage.residualEnergyCapacity.result-recording-modes,+last,
Ieee802154Power-0-20260924-21:43:53-1666,config,,,network,Ieee802154Showcase,
Ieee802154Power-0-20260924-21:43:53-1666,config,,,**.arp.typename,GlobalArp,
Ieee802154Power-0-20260924-21:43:53-1666,config,,,**.netmaskRoutes,"""""",
Ieee802154Power-0-20260924-21:43:53-1666,config,,,*.radioMedium.backgroundNoise.power,-110dBm,
Ieee802154Power-0-20260924-21:43:53-1666,config,,,*.configurator.config,"xmldoc(""startopology.xml"")",
Ieee802154Power-0-20260924-21:43:53-1666,config,,,*.configurator.addStaticRoutes,false,
Ieee802154Power-0-20260924-21:43:53-1666,config,,,*.sensor*.numApps,1,
Ieee802154Power-0-20260924-21:43:53-1666,config,,,*.sensor*.app[*].typename,UdpBasicApp,
Ieee802154Power-0-20260924-21:43:53-1666,config,,,*.sensor*.app[*].destAddresses,"""controller""",
Ieee802154Power-0-20260924-21:43:53-1666,config,,,*.sensor*.app[*].destPort,1000,
Ieee802154Power-0-20260924-21:43:53-1666,config,,,*.sensor*.app[*].sendInterval,1s,
Ieee802154Power-0-20260924-21:43:53-1666,config,,,*.sensor*.app[*].startTime,"uniform(0s,1s)",
Ieee802154Power-0-20260924-21:43:53-1666,config,,,*.sensor*.app[*].messageLength,10Byte,
Ieee802154Power-0-20260924-21:43:53-1666,config,,,*.sensor*.app[*].packetName,"""SensorData""",
Ieee802154Power-0-20260924-21:43:53-1666,config,,,*.controller.numApps,2,
Ieee802154Power-0-20260924-21:43:53-1666,config,,,*.controller.app[0].typename,UdpBasicApp,
Ieee802154Power-0-20260924-21:43:53-1666,config,,,*.controller.app[0].destAddresses,"""lamp1 lamp2 lamp3 lamp4 lamp5 lamp6 lamp7 lamp8""",
Ieee802154Power-0-20260924-21:43:53-1666,config,,,*.controller.app[0].destPort,1000,
Ieee802154Power-0-20260924-21:43:53-1666,config,,,*.controller.app[0].sendInterval,1s,
Ieee802154Power-0-20260924-21:43:53-1666,config,,,*.controller.app[0].startTime,exponential(1s),
Ieee802154Power-0-20260924-21:43:53-1666,config,,,*.controller.app[0].messageLength,10Byte,
Ieee802154Power-0-20260924-21:43:53-1666,config,,,*.controller.app[0].packetName,"""ControlData""",
Ieee802154Power-0-20260924-21:43:53-1666,config,,,*.controller.app[1].typename,UdpSink,
Ieee802154Power-0-20260924-21:43:53-1666,config,,,*.controller.app[1].localPort,1000,
Ieee802154Power-0-20260924-21:43:53-1666,config,,,*.lamp*.numApps,1,
Ieee802154Power-0-20260924-21:43:53-1666,config,,,*.lamp*.app[0].typename,UdpSink,
Ieee802154Power-0-20260924-21:43:53-1666,config,,,*.lamp*.app[0].localPort,1000,
Ieee802154Power-0-20260924-21:43:53-1666,config,,,*.visualizer.routingTableVisualizer[0].displayRoutingTables,false,
Ieee802154Power-0-20260924-21:43:53-1666,config,,,*.visualizer.routingTableVisualizer[0].displayRoutesIndividually,false,
Ieee802154Power-0-20260924-21:43:53-1666,config,,,*.visualizer.routingTableVisualizer[0].lineShift,0,
Ieee802154Power-0-20260924-21:43:53-1666,config,,,*.visualizer.routingTableVisualizer[0].displayLabels,false,
Ieee802154Power-0-20260924-21:43:53-1666,config,,,*.visualizer.interfaceTableVisualizer[0].displayInterfaceTables,false,
Ieee802154Power-0-20260924-21:43:53-1666,config,,,*.visualizer.numDataLinkVisualizers,2,
Ieee802154Power-0-20260924-21:43:53-1666,config,,,*.visualizer.dataLinkVisualizer[*].displayLinks,true,
Ieee802154Power-0-20260924-21:43:53-1666,config,,,*.visualizer.dataLinkVisualizer[0].nodeFilter,"""sensor* or controller""",
Ieee802154Power-0-20260924-21:43:53-1666,config,,,*.visualizer.dataLinkVisualizer[1].*Color,"""blue""",
Ieee802154Power-0-20260924-21:43:53-1666,config,,,*.visualizer.dataLinkVisualizer[1].nodeFilter,"""lamp* or controller""",
Ieee802154Power-0-20260924-21:43:53-1666,config,,,*.visualizer.numStatisticVisualizers,2,
Ieee802154Power-0-20260924-21:43:53-1666,config,,,*.visualizer.statisticVisualizer[*].zIndex,1,
Ieee802154Power-0-20260924-21:43:53-1666,config,,,*.visualizer.statisticVisualizer[0].displayStatistics,true,
Ieee802154Power-0-20260924-21:43:53-1666,config,,,*.visualizer.statisticVisualizer[0].signalName,"""packetSent""",
Ieee802154Power-0-20260924-21:43:53-1666,config,,,*.visualizer.statisticVisualizer[0].statisticExpression,"""count""",
Ieee802154Power-0-20260924-21:43:53-1666,config,,,*.visualizer.statisticVisualizer[0].sourceFilter,"""**.controller.udp OR **.sensor*.udp""",
Ieee802154Power-0-20260924-21:43:53-1666,config,,,*.visualizer.statisticVisualizer[0].format,"""sent: %v pks""",
Ieee802154Power-0-20260924-21:43:53-1666,config,,,*.visualizer.statisticVisualizer[1].displayStatistics,true,
Ieee802154Power-0-20260924-21:43:53-1666,config,,,*.visualizer.statisticVisualizer[1].signalName,"""packetReceived""",
Ieee802154Power-0-20260924-21:43:53-1666,config,,,*.visualizer.statisticVisualizer[1].statisticExpression,"""count""",
Ieee802154Power-0-20260924-21:43:53-1666,config,,,*.visualizer.statisticVisualizer[1].sourceFilter,"""**.controller.udp OR **.lamp*.udp""",
Ieee802154Power-0-20260924-21:43:53-1666,config,,,*.visualizer.statisticVisualizer[1].format,"""rcvd: %v pks""",
Ieee802154Power-1-20260924-21:43:54-1666,runattr,,,configname,Ieee802154Power,
Ieee802154Power-1-20260924-21:43:54-1666,runattr,,,datetime,20260924-21:43:54,
Ieee802154Power-1-20260924-21:43:54-1666,runattr,,,datetimef,20260924-214354,
Ieee802154Power-1-20260924-21:43:54-1666,runattr,,,experiment,Ieee802154Power,
Ieee802154Power-1-20260924-21:43:54-1666,runattr,,,inifile,omnetpp.ini,
Ieee802154Power-1-20260924-21:43:54-1666,runattr,,,iterationvars,,
Ieee802154Power-1-20260924-21:43:54-1666,runattr,,,iterationvarsd,,
Ieee802154Power-1-20260924-21:43:54-1666,runattr,,,iterationvarsf,,
Ieee802154Power-1-20260924-21:43:54-1666,runattr,,,measurement,,
Ieee802154Power-1-20260924-21:43:54-1666,runattr,,,network,Ieee802154Showcase,
Ieee802154Power-1-20260924-21:43:54-1666,runattr,,,processid,1666,
Ieee802154Power-1-20260924-21:43:54-1666,runattr,,,repetition,1,
Ieee802154Power-1-20260924-21:43:54-1666,runattr,,,replication,#1,
Ieee802154Power-1-20260924-21:43:54-1666,runattr,,,resultdir,results,
Ieee802154Power-1-20260924-21:43:54-1666,runattr,,,runnumber,1,
Ieee802154Power-1-20260924-21:43:54-1666,runattr,,,seedset,1,
Ieee802154Power-1-20260924-21:43:54-1666,config,,,extends,Ieee802154,
Ieee802154Power-1-20260924-21:43:54-1666,config,,,sim-time-limit,100s,
Ieee802154Power-1-20260924-21:43:54-1666,config,,,repeat,10,
Ieee802154Power-1-20260924-21:43:54-1666,config,,,**.energyStorage.residualEnergyCapacity.result-recording-modes,+last,
Ieee802154Power-1-20260924-21:43:54-1666,config,,,network,Ieee802154Showcase,
Ieee802154Power-1-20260924-21:43:54-1666,config,,,**.arp.typename,GlobalArp,
Ieee802154Power-1-20260924-21:43:54-1666,config,,,**.netmaskRoutes,"""""",
Ieee802154Power-1-20260924-21:43:54-1666,config,,,*.radioMedium.backgroundNoise.power,-110dBm,
Ieee802154Power-1-20260924-21:43:54-1666,config,,,*.configurator.config,"xmldoc(""startopology.xml"")",
Ieee802154Power-1-20260924-21:43:54-1666,config,,,*.configurator.addStaticRoutes,false,
Ieee802154Power-1-20260924-21:43:54-1666,config,,,*.sensor*.numApps,1,
Ieee802154Power-1-20260924-21:43:54-1666,config,,,*.sensor*.app[*].typename,UdpBasicApp,
Ieee802154Power-1-20260924-21:43:54-1666,config,,,*.sensor*.app[*].destAddresses,"""controller""",
Ieee802154Power-1-20260924-21:43:54-1666,config,,,*.sensor*.app[*].destPort,1000,
Ieee802154Power-1-20260924-21:43:54-1666,config,,,*.sensor*.app[*].sendInterval,1s,
Ieee802154Power-1-20260924-21:43:54-1666,config,,,*.sensor*.app[*].startTime,"uniform(0s,1s)",
Ieee802154Power-1-20260924-21:43:54-1666,config,,,*.sensor*.app[*].messageLength,10Byte,
Ieee802154Power-1-20260924-21:43:54-1666,config,,,*.sensor*.app[*].packetName,"""SensorData""",
Ieee802154Power-1-20260924-21:43:54-1666,config,,,*.controller.numApps,2,
Ieee802154Power-1-20260924-21:43:54-1666,config,,,*.controller.app[0].typename,UdpBasicApp,
Ieee802154Power-1-20260924-21:43:54-1666,config,,,*.controller.app[0].destAddresses,"""lamp1 lamp2 lamp3 lamp4 lamp5 lamp6 lamp7 lamp8""",
Ieee802154Power-1-20260924-21:43:54-1666,config,,,*.controller.app[0].destPort,1000,
Ieee802154Power-1-20260924-21:43:54-1666,config,,,*.controller.app[0].sendInterval,1s,
Ieee802154Power-1-20260924-21:43:54-1666,config,,,*.controller.app[0].startTime,exponential(1s),
Ieee802154Power-1-20260924-21:43:54-1666,config,,,*.controller.app[0].messageLength,10Byte,
Ieee802154Power-1-20260924-21:43:54-1666,config,,,*.controller.app[0].packetName,"""ControlData""",
Ieee802154Power-1-20260924-21:43:54-1666,config,,,*.controller.app[1].typename,UdpSink,
Ieee802154Power-1-20260924-21:43:54-1666,config,,,*.controller.app[1].localPort,1000,
Ieee802154Power-1-20260924-21:43:54-1666,config,,,*.lamp*.numApps,1,
Ieee802154Power-1-20260924-21:43:54-1666,config,,,*.lamp*.app[0].typename,UdpSink,
Ieee802154Power-1-20260924-21:43:54-1666,config,,,*.lamp*.app[0].localPort,1000,
Ieee802154Power-1-20260924-21:43:54-1666,config,,,*.visualizer.routingTableVisualizer[0].displayRoutingTables,false,
Ieee802154Power-1-20260924-21:43:54-1666,config,,,*.visualizer.routingTableVisualizer[0].displayRoutesIndividually,false,
Ieee802154Power-1-20260924-21:43:54-1666,config,,,*.visualizer.routingTableVisualizer[0].lineShift,0,
Ieee802154Power-1-20260924-21:43:54-1666,config,,,*.visualizer.routingTableVisualizer[0].displayLabels,false,
Ieee802154Power-1-20260924-21:43:54-1666,config,,,*.visualizer.interfaceTableVisualizer[0].displayInterfaceTables,false,
Ieee802154Power-1-20260924-21:43:54-1666,config,,,*.visualizer.numDataLinkVisualizers,2,
Ieee802154Power-1-20260924-21:43:54-1666,config,,,*.visualizer.dataLinkVisualizer[*].displayLinks,true,
Ieee802154Power-1-20260924-21:43:54-1666,config,,,*.visualizer.dataLinkVisualizer[0].nodeFilter,"""sensor* or controller""",
Ieee802154Power-1-20260924-21:43:54-1666,config,,,*.visualizer.dataLinkVisualizer[1].*Color,"""blue""",
Ieee802154Power-1-20260924-21:43:54-1666,config,,,*.visualizer.dataLinkVisualizer[1].nodeFilter,"""lamp* or controller""",
Ieee802154Power-1-20260924-21:43:54-1666,config,,,*.visualizer.numStatisticVisualizers,2,
Ieee802154Power-1-20260924-21:43:54-1666,config,,,*.visualizer.statisticVisualizer[*].zIndex,1,
Ieee802154Power-1-20260924-21:43:54-1666,config,,,*.visualizer.statisticVisualizer[0].displayStatistics,true,
Ieee802154Power-1-20260924-21:43:54-1666,config,,,*.visualizer.statisticVisualizer[0].signalName,"""packetSent""",
Ieee802154Power-1-20260924-21:43:54-1666,config,,,*.visualizer.statisticVisualizer[0].statisticExpression,"""count""",
Ieee802154Power-1-20260924-21:43:54-1666,config,,,*.visualizer.statisticVisualizer[0].sourceFilter,"""**.controller.udp OR **.sensor*.udp""",
Ieee802154Power-1-20260924-21:43:54-1666,config,,,*.visualizer.statisticVisualizer[0].format,"""sent: %v pks""",
Ieee802154Power-1-20260924-21:43:54-1666,config,,,*.visualizer.statisticVisualizer[1].displayStatistics,true,
Ieee802154Power-1-20260924-21:43:54-1666,config,,,*.visualizer.statisticVisualizer[1].signalName,"""packetReceived""",
Ieee802154Power-1-20260924-21:43:54-1666,config,,,*.visualizer.statisticVisualizer[1].statisticExpression,"""count""",
Ieee802154Power-1-20260924-21:43:54-1666,config,,,*.visualizer.statisticVisualizer[1].sourceFilter,"""**.controller.udp OR **.lamp*.udp""",
Ieee802154Power-1-20260924-21:43:54-1666,config,,,*.visualizer.statisticVisualizer[1].format,"""rcvd: %v pks""",
Ieee802154Power-2-20260924-21:43:54-1666,runattr,,,configname,Ieee802154Power,
Ieee802154Power-2-20260924-21:43:54-1666,runattr,,,datetime,20260924-21:43:54,
Ieee802154Power-2-20260924-21:43:54-1666,runattr,,,datetimef,20260924-214354,
Ieee802154Power-2-20260924-21:43:54-1666,runattr,,,experiment,Ieee802154Power,
Ieee802154Power-2-20260924-21:43:54-1666,runattr,,,inifile,omnetpp.ini,
Ieee802154Power-2-20260924-21:43:54-1666,runattr,,,iterationvars,,
Ieee802154Power-2-20260924-21:43:54-1666,runattr,,,iterationvarsd,,
Ieee802154Power-2-20260924-21:43:54-1666,runattr,,,iterationvarsf,,
Ieee802154Power-2-20260924-21:43:54-1666,runattr,,,measurement,,
Ieee802154Power-2-20260924-21:43:54-1666,runattr,,,network,Ieee802154Showcase,
Ieee802154Power-2-20260924-21:43:54-1666,runattr,,,processid,1666,
Ieee802154Power-2-20260924-21:43:54-1666,runattr,,,repetition,2,
Ieee802154Power-2-20260924-21:43:54-1666,runattr,,,replication,#2,
Ieee802154Power-2-20260924-21:43:54-1666,runattr,,,resultdir,results,
Ieee802154Power-2-20260924-21:43:54-1666,runattr,,,runnumber,2,
Ieee802154Power-2-20260924-21:43:54-1666,runattr,,,seedset,2,
Ieee802154Power-2-20260924-21:43:54-1666,config,,,extends,Ieee802154,
Ieee802154Power-2-20260924-21:43:54-1666,config,,,sim-time-limit,100s,
Ieee802154Power-2-20260924-21:43:54-1666,config,,,repeat,10,
Ieee802154Power-2-20260924-21:43:54-1666,config,,,**.energyStorage.residualEnergyCapacity.result-recording-modes,+last,
Ieee802154Power-2-20260924-21:43:54-1666,config,,,network,Ieee802154Showcase,
Ieee802154Power-2-20260924-21:43:54-1666,config,,,**.arp.typename,GlobalArp,
Ieee802154Power-2-20260924-21:43:54-1666,config,,,**.netmaskRoutes,"""""",
Ieee802154Power-2-20260924-21:43:54-1666,config,,,*.radioMedium.backgroundNoise.power,-110dBm,
Ieee802154Power-2-20260924-21:43:54-1666,config,,,*.configurator.config,"xmldoc(""startopology.xml"")",
Ieee802154Power-2-20260924-21:43:54-1666,config,,,*.configurator.addStaticRoutes,false,
Ieee802154Power-2-20260924-21:43:54-1666,config,,,*.sensor*.numApps,1,
Ieee802154Power-2-20260924-21:43:54-1666,config,,,*.sensor*.app[*].typename,UdpBasicApp,
Ieee802154Power-2-20260924-21:43:54-1666,config,,,*.sensor*.app[*].destAddresses,"""controller""",
Ieee802154Power-2-20260924-21:43:54-1666,config,,,*.sensor*.app[*].destPort,1000,
Ieee802154Power-2-20260924-21:43:54-1666,config,,,*.sensor*.app[*].sendInterval,1s,
Ieee802154Power-2-20260924-21:43:54-1666,config,,,*.sensor*.app[*].startTime,"uniform(0s,1s)",
Ieee802154Power-2-20260924-21:43:54-1666,config,,,*.sensor*.app[*].messageLength,10Byte,
Ieee802154Power-2-20260924-21:43:54-1666,config,,,*.sensor*.app[*].packetName,"""SensorData""",
Ieee802154Power-2-20260924-21:43:54-1666,config,,,*.controller.numApps,2,
Ieee802154Power-2-20260924-21:43:54-1666,config,,,*.controller.app[0].typename,UdpBasicApp,
Ieee802154Power-2-20260924-21:43:54-1666,config,,,*.controller.app[0].destAddresses,"""lamp1 lamp2 lamp3 lamp4 lamp5 lamp6 lamp7 lamp8""",
Ieee802154Power-2-20260924-21:43:54-1666,config,,,*.controller.app[0].destPort,1000,
Ieee802154Power-2-20260924-21:43:54-1666,config,,,*.controller.app[0].sendInterval,1s,
Ieee802154Power-2-20260924-21:43:54-1666,config,,,*.controller.app[0].startTime,exponential(1s),
Ieee802154Power-2-20260924-21:43:54-1666,config,,,*.controller.app[0].messageLength,10Byte,
Ieee802154Power-2-20260924-21:43:54-1666,config,,,*.controller.app[0].packetName,"""ControlData""",
Ieee802154Power-2-20260924-21:43:54-1666,config,,,*.controller.app[1].typename,UdpSink,
Ieee802154Power-2-20260924-21:43:54-1666,config,,,*.controller.app[1].localPort,1000,
Ieee802154Power-2-20260924-21:43:54-1666,config,,,*.lamp*.numApps,1,
Ieee802154Power-2-20260924-21:43:54-1666,config,,,*.lamp*.app[0].typename,UdpSink,
Ieee802154Power-2-20260924-21:43:54-1666,config,,,*.lamp*.app[0].localPort,1000,
Ieee802154Power-2-20260924-21:43:54-1666,config,,,*.visualizer.routingTableVisualizer[0].displayRoutingTables,false,
Ieee802154Power-2-20260924-21:43:54-1666,config,,,*.visualizer.routingTableVisualizer[0].displayRoutesIndividually,false,
Ieee802154Power-2-20260924-21:43:54-1666,config,,,*.visualizer.routingTableVisualizer[0].lineShift,0,
Ieee802154Power-2-20260924-21:43:54-1666,config,,,*.visualizer.routingTableVisualizer[0].displayLabels,false,
Ieee802154Power-2-20260924-21:43:54-1666,config,,,*.visualizer.interfaceTableVisualizer[0].displayInterfaceTables,false,
Ieee802154Power-2-20260924-21:43:54-1666,config,,,*.visualizer.numDataLinkVisualizers,2,
Ieee802154Power-2-20260924-21:43:54-1666,config,,,*.visualizer.dataLinkVisualizer[*].displayLinks,true,
Ieee802154Power-2-20260924-21:43:54-1666,config,,,*.visualizer.dataLinkVisualizer[0].nodeFilter,"""sensor* or controller""",
Ieee802154Power-2-20260924-21:43:54-1666,config,,,*.visualizer.dataLinkVisualizer[1].*Color,"""blue""",
Ieee802154Power-2-20260924-21:43:54-1666,config,,,*.visualizer.dataLinkVisualizer[1].nodeFilter,"""lamp* or controller""",
Ieee802154Power-2-20260924-21:43:54-1666,config,,,*.visualizer.numStatisticVisualizers,2,
Ieee802154Power-2-20260924-21:43:54-1666,config,,,*.visualizer.statisticVisualizer[*].zIndex,1,
Ieee802154Power-2-20260924-21:43:54-1666,config,,,*.visualizer.statisticVisualizer[0].displayStatistics,true,
Ieee802154Power-2-20260924-21:43:54-1666,config,,,*.visualizer.statisticVisualizer[0].signalName,"""packetSent""",
Ieee802154Power-2-20260924-21:43:54-1666,config,,,*.visualizer.statisticVisualizer[0].statisticExpression,"""count""",
Ieee802154Power-2-20260924-21:43:54-1666,config,,,*.visualizer.statisticVisualizer[0].sourceFilter,"""**.controller.udp OR **.sensor*.udp""",
Ieee802154Power-2-20260924-21:43:54-1666,config,,,*.visualizer.statisticVisualizer[0].format,"""sent: %v pks""",
Ieee802154Power-2-20260924-21:43:54-1666,config,,,*.visualizer.statisticVisualizer[1].displayStatistics,true,
Ieee802154Power-2-20260924-21:43:54-1666,config,,,*.visualizer.statisticVisualizer[1].signalName,"""packetReceived""",
Ieee802154Power-2-20260924-21:43:54-1666,config,,,*.visualizer.statisticVisualizer[1].statisticExpression,"""count""",
Ieee802154Power-2-20260924-21:43:54-1666,config,,,*.visualizer.statisticVisualizer[1].sourceFilter,"""**.controller.udp OR **.lamp*.udp""",
Ieee802154Power-2-20260924-21:43:54-1666,config,,,*.visualizer.statisticVisualizer[1].format,"""rcvd: %v pks""",
Ieee802154Power-3-20260924-21:43:55-1666,runattr,,,configname,Ieee802154Power,
Ieee802154Power-3-20260924-21:43:55-1666,runattr,,,datetime,20260924-21:43:55,
Ieee802154Power-3-20260924-21:43:55-1666,runattr,,,datetimef,20260924-214355,
Ieee802154Power-3-20260924-21:43:55-1666,runattr,,,experiment,Ieee802154Power,
Ieee802154Power-3-20260924-21:43:55-1666,runattr,,,inifile,omnetpp.ini,
Ieee802154Power-3-20260924-21:43:55-1666,runattr,,,iterationvars,,
Ieee802154Power-3-20260924-21:43:55-1666,runattr,,,iterationvarsd,,
Ieee802154Power-3-20260924-21:43:55-1666,runattr,,,iterationvarsf,,
Ieee802154Power-3-20260924-21:43:55-1666,runattr,,,measurement,,
Ieee802154Power-3-20260924-21:43:55-1666,runattr,,,network,Ieee802154Showcase,
Ieee802154Power-3-20260924-21:43:55-1666,runattr,,,processid,1666,
Ieee802154Power-3-20260924-21:43:55-1666,runattr,,,repetition,3,
Ieee802154Power-3-20260924-21:43:55-1666,runattr,,,replication,#3,
Ieee802154Power-3-20260924-21:43:55-1666,runattr,,,resultdir,results,
Ieee802154Power-3-20260924-21:43:55-1666,runattr,,,runnumber,3,
Ieee802154Power-3-20260924-21:43:55-1666,runattr,,,seedset,3,
Ieee802154Power-3-20260924-21:43:55-1666,config,,,extends,Ieee802154,
Ieee802154Power-3-20260924-21:43:55-1666,config,,,sim-time-limit,100s,
Ieee802154Power-3-20260924-21:43:55-1666,config,,,repeat,10,
Ieee802154Power-3-20260924-21:43:55-1666,config,,,**.energyStorage.residualEnergyCapacity.result-recording-modes,+last,
Ieee802154Power-3-20260924-21:43:55-1666,config,,,network,Ieee802154Showcase,
Ieee802154Power-3-20260924-21:43:55-1666,config,,,**.arp.typename,GlobalArp,
Ieee802154Power-3-20260924-21:43:55-1666,config,,,**.netmaskRoutes,"""""",
Ieee802154Power-3-20260924-21:43:55-1666,config,,,*.radioMedium.backgroundNoise.power,-110dBm,
Ieee802154Power-3-20260924-21:43:55-1666,config,,,*.configurator.config,"xmldoc(""startopology.xml"")",
Ieee802154Power-3-20260924-21:43:55-1666,config,,,*.configurator.addStaticRoutes,false,
Ieee802154Power-3-20260924-21:43:55-1666,config,,,*.sensor*.numApps,1,
Ieee802154Power-3-20260924-21:43:55-1666,config,,,*.sensor*.app[*].typename,UdpBasicApp,
Ieee802154Power-3-20260924-21:43:55-1666,config,,,*.sensor*.app[*].destAddresses,"""controller""",
Ieee802154Power-3-20260924-21:43:55-1666,config,,,*.sensor*.app[*].destPort,1000,
Ieee802154Power-3-20260924-21:43:55-1666,config,,,*.sensor*.app[*].sendInterval,1s,
Ieee802154Power-3-20260924-21:43:55-1666,config,,,*.sensor*.app[*].startTime,"uniform(0s,1s)",
Ieee802154Power-3-20260924-21:43:55-1666,config,,,*.sensor*.app[*].messageLength,10Byte,
Ieee802154Power-3-20260924-21:43:55-1666,config,,,*.sensor*.app[*].packetName,"""SensorData""",
Ieee802154Power-3-20260924-21:43:55-1666,config,,,*.controller.numApps,2,
Ieee802154Power-3-20260924-21:43:55-1666,config,,,*.controller.app[0].typename,UdpBasicApp,
Ieee802154Power-3-20260924-21:43:55-1666,config,,,*.controller.app[0].destAddresses,"""lamp1 lamp2 lamp3 lamp4 lamp5 lamp6 lamp7 lamp8""",
Ieee802154Power-3-20260924-21:43:55-1666,config,,,*.controller.app[0].destPort,1000,
Ieee802154Power-3-20260924-21:43:55-1666,config,,,*.controller.app[0].sendInterval,1s,
Ieee802154Power-3-20260924-21:43:55-1666,config,,,*.controller.app[0].startTime,exponential(1s),
Ieee802154Power-3-20260924-21:43:55-1666,config,,,*.controller.app[0].messageLength,10Byte,
Ieee802154Power-3-20260924-21:43:55-1666,config,,,*.controller.app[0].packetName,"""ControlData""",
Ieee802154Power-3-20260924-21:43:55-1666,config,,,*.controller.app[1].typename,UdpSink,
Ieee802154Power-3-20260924-21:43:55-1666,config,,,*.controller.app[1].localPort,1000,
Ieee802154Power-3-20260924-21:43:55-1666,config,,,*.lamp*.numApps,1,
Ieee802154Power-3-20260924-21:43:55-1666,config,,,*.lamp*.app[0].typename,UdpSink,
Ieee802154Power-3-20260924-21:43:55-1666,config,,,*.lamp*.app[0].localPort,1000,
Ieee802154Power-3-20260924-21:43:55-1666,config,,,*.visualizer.routingTableVisualizer[0].displayRoutingTables,false,
Ieee802154Power-3-20260924-21:43:55-1666,config,,,*.visualizer.routingTableVisualizer[0].displayRoutesIndividually,false,
Ieee802154Power-3-20260924-21:43:55-1666,config,,,*.visualizer.routingTableVisualizer[0].lineShift,0,
Ieee802154Power-3-20260924-21:43:55-1666,config,,,*.visualizer.routingTableVisualizer[0].displayLabels,false,
Ieee802154Power-3-20260924-21:43:55-1666,config,,,*.visualizer.interfaceTableVisualizer[0].displayInterfaceTables,false,
Ieee802154Power-3-20260924-21:43:55-1666,config,,,*.visualizer.numDataLinkVisualizers,2,
Ieee802154Power-3-20260924-21:43:55-1666,config,,,*.visualizer.dataLinkVisualizer[*].displayLinks,true,
Ieee802154Power-3-20260924-21:43:55-1666,config,,,*.visualizer.dataLinkVisualizer[0].nodeFilter,"""sensor* or controller""",
Ieee802154Power-3-20260924-21:43:55-1666,config,,,*.visualizer.dataLinkVisualizer[1].*Color,"""blue""",
Ieee802154Power-3-20260924-21:43:55-1666,config,,,*.visualizer.dataLinkVisualizer[1].nodeFilter,"""lamp* or controller""",
Ieee802154Power-3-20260924-21:43:55-1666,config,,,*.visualizer.numStatisticVisualizers,2,
Ieee802154Power-3-20260924-21:43:55-1666,config,,,*.visualizer.statisticVisualizer[*].zIndex,1,
Ieee802154Power-3-20260924-21:43:55-1666,config,,,*.visualizer.statisticVisualizer[0].displayStatistics,true,
Ieee802154Power-3-20260924-21:43:55-1666,config,,,*.visualizer.statisticVisualizer[0].signalName,"""packetSent""",
Ieee802154Power-3-20260924-21:43:55-1666,config,,,*.visualizer.statisticVisualizer[0].statisticExpression,"""count""",
Ieee802154Power-3-20260924-21:43:55-1666,config,,,*.visualizer.statisticVisualizer[0].sourceFilter,"""**.controller.udp OR **.sensor*.udp""",
Ieee802154Power-3-20260924-21:43:55-1666,config,,,*.visualizer.statisticVisualizer[0].format,"""sent: %v pks""",
Ieee802154Power-3-20260924-21:43:55-1666,config,,,*.visualizer.statisticVisualizer[1].displayStatistics,true,
Ieee802154Power-3-20260924-21:43:55-1666,config,,,*.visualizer.statisticVisualizer[1].signalName,"""packetReceived""",
Ieee802154Power-3-20260924-21:43:55-1666,config,,,*.visualizer.statisticVisualizer[1].statisticExpression,"""count""",
Ieee802154Power-3-20260924-21:43:55-1666,config,,,*.visualizer.statisticVisualizer[1].sourceFilter,"""**.controller.udp OR **.lamp*.udp""",
Ieee802154Power-3-20260924-21:43:55-1666,config,,,*.visualizer.statisticVisualizer[1].format,"""rcvd: %v pks""",
Ieee802154Power-4-20260924-21:43:55-1666,runattr,,,configname,Ieee802154Power,
Ieee802154Power-4-20260924-21:43:55-1666,runattr,,,datetime,20260924-21:43:55,
Ieee802154Power-4-20260924-21:43:55-1666,runattr,,,datetimef,20260924-214355,
Ieee802154Power-4-20260924-21:43:55-1666,runattr,,,experiment,Ieee802154Power,
Ieee802154Power-4-20260924-21:43:55-1666,runattr,,,inifile,omnetpp.ini,
Ieee802154Power-4-20260924-21:43:55-1666,runattr,,,iterationvars,,
Ieee802154Power-4-20260924-21:43:55-1666,runattr,,,iterationvarsd,,
Ieee802154Power-4-20260924-21:43:55-1666,runattr,,,iterationvarsf,,
Ieee802154Power-4-20260924-21:43:55-1666,runattr,,,measurement,,
Ieee802154Power-4-20260924-21:43:55-1666,runattr,,,network,Ieee802154Showcase,
Ieee802154Power-4-20260924-21:43:55-1666,runattr,,,processid,1666,
Ieee802154Power-4-20260924-21:43:55-1666,runattr,,,repetition,4,
Ieee802154Power-4-20260924-21:43:55-1666,runattr,,,replication,#4,
Ieee802154Power-4-20260924-21:43:55-1666,runattr,,,resultdir,results,
Ieee802154Power-4-20260924-21:43:55-1666,runattr,,,runnumber,4,
Ieee802154Power-4-20260924-21:43:55-1666,runattr,,,seedset,4,
Ieee802154Power-4-20260924-21:43:55-1666,config,,,extends,Ieee802154,
Ieee802154Power-4-20260924-21:43:55-1666,config,,,sim-time-limit,100s,
Ieee802154Power-4-20260924-21:43:55-1666,config,,,repeat,10,
Ieee802154Power-4-20260924-21:43:55-1666,config,,,**.energyStorage.residualEnergyCapacity.result-recording-modes,+last,
Ieee802154Power-4-20260924-21:43:55-1666,config,,,network,Ieee802154Showcase,
Ieee802154Power-4-20260924-21:43:55-1666,config,,,**.arp.typename,GlobalArp,
Ieee802154Power-4-20260924-21:43:55-1666,config,,,**.netmaskRoutes,"""""",
Ieee802154Power-4-20260924-21:43:55-1666,config,,,*.radioMedium.backgroundNoise.power,-110dBm,
Ieee802154Power-4-20260924-21:43:55-1666,config,,,*.configurator.config,"xmldoc(""startopology.xml"")",
Ieee802154Power-4-20260924-21:43:55-1666,config,,,*.configurator.addStaticRoutes,false,
Ieee802154Power-4-20260924-21:43:55-1666,config,,,*.sensor*.numApps,1,
Ieee802154Power-4-20260924-21:43:55-1666,config,,,*.sensor*.app[*].typename,UdpBasicApp,
Ieee802154Power-4-20260924-21:43:55-1666,config,,,*.sensor*.app[*].destAddresses,"""controller""",
Ieee802154Power-4-20260924-21:43:55-1666,config,,,*.sensor*.app[*].destPort,1000,
Ieee802154Power-4-20260924-21:43:55-1666,config,,,*.sensor*.app[*].sendInterval,1s,
Ieee802154Power-4-20260924-21:43:55-1666,config,,,*.sensor*.app[*].startTime,"uniform(0s,1s)",
Ieee802154Power-4-20260924-21:43:55-1666,config,,,*.sensor*.app[*].messageLength,10Byte,
Ieee802154Power-4-20260924-21:43:55-1666,config,,,*.sensor*.app[*].packetName,"""SensorData""",
Ieee802154Power-4-20260924-21:43:55-1666,config,,,*.controller.numApps,2,
Ieee802154Power-4-20260924-21:43:55-1666,config,,,*.controller.app[0].typename,UdpBasicApp,
Ieee802154Power-4-20260924-21:43:55-1666,config,,,*.controller.app[0].destAddresses,"""lamp1 lamp2 lamp3 lamp4 lamp5 lamp6 lamp7 lamp8""",
Ieee802154Power-4-20260924-21:43:55-1666,config,,,*.controller.app[0].destPort,1000,
Ieee802154Power-4-20260924-21:43:55-1666,config,,,*.controller.app[0].sendInterval,1s,
Ieee802154Power-4-20260924-21:43:55-1666,config,,,*.controller.app[0].startTime,exponential(1s),
Ieee802154Power-4-20260924-21:43:55-1666,config,,,*.controller.app[0].messageLength,10Byte,
Ieee802154Power-4-20260924-21:43:55-1666,config,,,*.controller.app[0].packetName,"""ControlData""",
Ieee802154Power-4-20260924-21:43:55-1666,config,,,*.controller.app[1].typename,UdpSink,
Ieee802154Power-4-20260924-21:43:55-1666,config,,,*.controller.app[1].localPort,1000,
Ieee802154Power-4-20260924-21:43:55-1666,config,,,*.lamp*.numApps,1,
Ieee802154Power-4-20260924-21:43:55-1666,config,,,*.lamp*.app[0].typename,UdpSink,
Ieee802154Power-4-20260924-21:43:55-1666,config,,,*.lamp*.app[0].localPort,1000,
Ieee802154Power-4-20260924-21:43:55-1666,config,,,*.visualizer.routingTableVisualizer[0].displayRoutingTables,false,
Ieee802154Power-4-20260924-21:43:55-1666,config,,,*.visualizer.routingTableVisualizer[0].displayRoutesIndividually,false,
Ieee802154Power-4-20260924-21:43:55-1666,config,,,*.visualizer.routingTableVisualizer[0].lineShift,0,
Ieee802154Power-4-20260924-21:43:55-1666,config,,,*.visualizer.routingTableVisualizer[0].displayLabels,false,
Ieee802154Power-4-20260924-21:43:55-1666,config,,,*.visualizer.interfaceTableVisualizer[0].displayInterfaceTables,false,
Ieee802154Power-4-20260924-21:43:55-1666,config,,,*.visualizer.numDataLinkVisualizers,2,
Ieee802154Power-4-20260924-21:43:55-1666,config,,,*.visualizer.dataLinkVisualizer[*].displayLinks,true,
Ieee802154Power-4-20260924-21:43:55-1666,config,,,*.visualizer.dataLinkVisualizer[0].nodeFilter,"""sensor* or controller""",
Ieee802154Power-4-20260924-21:43:55-1666,config,,,*.visualizer.dataLinkVisualizer[1].*Color,"""blue""",
Ieee802154Power-4-20260924-21:43:55-1666,config,,,*.visualizer.dataLinkVisualizer[1].nodeFilter,"""lamp* or controller""",
Ieee802154Power-4-20260924-21:43:55-1666,config,,,*.visualizer.numStatisticVisualizers,2,
Ieee802154Power-4-20260924-21:43:55-1666,config,,,*.visualizer.statisticVisualizer[*].zIndex,1,
Ieee802154Power-4-20260924-21:43:55-1666,config,,,*.visualizer.statisticVisualizer[0].displayStatistics,true,
Ieee802154Power-4-20260924-21:43:55-1666,config,,,*.visualizer.statisticVisualizer[0].signalName,"""packetSent""",
Ieee802154Power-4-20260924-21:43:55-1666,config,,,*.visualizer.statisticVisualizer[0].statisticExpression,"""count""",
Ieee802154Power-4-20260924-21:43:55-1666,config,,,*.visualizer.statisticVisualizer[0].sourceFilter,"""**.controller.udp OR **.sensor*.udp""",
Ieee802154Power-4-20260924-21:43:55-1666,config,,,*.visualizer.statisticVisualizer[0].format,"""sent: %v pks""",
Ieee802154Power-4-20260924-21:43:55-1666,config,,,*.visualizer.statisticVisualizer[1].displayStatistics,true,
Ieee802154Power-4-20260924-21:43:55-1666,config,,,*.visualizer.statisticVisualizer[1].signalName,"""packetReceived""",
Ieee802154Power-4-20260924-21:43:55-1666,config,,,*.visualizer.statisticVisualizer[1].statisticExpression,"""count""",
Ieee802154Power-4-20260924-21:43:55-1666,config,,,*.visualizer.statisticVisualizer[1].sourceFilter,"""**.controller.udp OR **.lamp*.udp""",
Ieee802154Power-4-20260924-21:43:55-1666,config,,,*.visualizer.statisticVisualizer[1].format,"""rcvd: %v pks""",
Ieee802154Power-5-20260924-21:43:56-1666,runattr,,,configname,Ieee802154Power,
Ieee802154Power-5-20260924-21:43:56-1666,runattr,,,datetime,20260924-21:43:56,
Ieee802154Power-5-20260924-21:43:56-1666,runattr,,,datetimef,20260924-214356,
Ieee802154Power-5-20260924-21:43:56-1666,runattr,,,experiment,Ieee802154Power,
Ieee802154Power-5-20260924-21:43:56-1666,runattr,,,inifile,omnetpp.ini,
Ieee802154Power-5-20260924-21:43:56-1666,runattr,,,iterationvars,,
Ieee802154Power-5-20260924-21:43:56-1666,runattr,,,iterationvarsd,,
Ieee802154Power-5-20260924-21:43:56-1666,runattr,,,iterationvarsf,,
Ieee802154Power-5-20260924-21:43:56-1666,runattr,,,measurement,,
Ieee802154Power-5-20260924-21:43:56-1666,runattr,,,network,Ieee802154Showcase,
Ieee802154Power-5-20260924-21:43:56-1666,runattr,,,processid,1666,
Ieee802154Power-5-20260924-21:43:56-1666,runattr,,,repetition,5,
Ieee802154Power-5-20260924-21:43:56-1666,runattr,,,replication,#5,
Ieee802154Power-5-20260924-21:43:56-1666,runattr,,,resultdir,results,
Ieee802154Power-5-20260924-21:43:56-1666,runattr,,,runnumber,5,
Ieee802154Power-5-20260924-21:43:56-1666,runattr,,,seedset,5,
Ieee802154Power-5-20260924-21:43:56-1666,config,,,extends,Ieee802154,
Ieee802154Power-5-20260924-21:43:56-1666,config,,,sim-time-limit,100s,
Ieee802154Power-5-20260924-21:43:56-1666,config,,,repeat,10,
Ieee802154Power-5-20260924-21:43:56-1666,config,,,**.energyStorage.residualEnergyCapacity.result-recording-modes,+last,
Ieee802154Power-5-20260924-21:43:56-1666,config,,,network,Ieee802154Showcase,
Ieee802154Power-5-20260924-21:43:56-1666,config,,,**.arp.typename,GlobalArp,
Ieee802154Power-5-20260924-21:43:56-1666,config,,,**.netmaskRoutes,"""""",
Ieee802154Power-5-20260924-21:43:56-1666,config,,,*.radioMedium.backgroundNoise.power,-110dBm,
Ieee802154Power-5-20260924-21:43:56-1666,config,,,*.configurator.config,"xmldoc(""startopology.xml"")",
Ieee802154Power-5-20260924-21:43:56-1666,config,,,*.configurator.addStaticRoutes,false,
Ieee802154Power-5-20260924-21:43:56-1666,config,,,*.sensor*.numApps,1,
Ieee802154Power-5-20260924-21:43:56-1666,config,,,*.sensor*.app[*].typename,UdpBasicApp,
Ieee802154Power-5-20260924-21:43:56-1666,config,,,*.sensor*.app[*].destAddresses,"""controller""",
Ieee802154Power-5-20260924-21:43:56-1666,config,,,*.sensor*.app[*].destPort,1000,
Ieee802154Power-5-20260924-21:43:56-1666,config,,,*.sensor*.app[*].sendInterval,1s,
Ieee802154Power-5-20260924-21:43:56-1666,config,,,*.sensor*.app[*].startTime,"uniform(0s,1s)",
Ieee802154Power-5-20260924-21:43:56-1666,config,,,*.sensor*.app[*].messageLength,10Byte,
Ieee802154Power-5-20260924-21:43:56-1666,config,,,*.sensor*.app[*].packetName,"""SensorData""",
Ieee802154Power-5-20260924-21:43:56-1666,config,,,*.controller.numApps,2,
Ieee802154Power-5-20260924-21:43:56-1666,config,,,*.controller.app[0].typename,UdpBasicApp,
Ieee802154Power-5-20260924-21:43:56-1666,config,,,*.controller.app[0].destAddresses,"""lamp1 lamp2 lamp3 lamp4 lamp5 lamp6 lamp7 lamp8""",
Ieee802154Power-5-20260924-21:43:56-1666,config,,,*.controller.app[0].destPort,1000,
Ieee802154Power-5-20260924-21:43:56-1666,config,,,*.controller.app[0].sendInterval,1s,
Ieee802154Power-5-20260924-21:43:56-1666,config,,,*.controller.app[0].startTime,exponential(1s),
Ieee802154Power-5-20260924-21:43:56-1666,config,,,*.controller.app[0].messageLength,10Byte,
Ieee802154Power-5-20260924-21:43:56-1666,config,,,*.controller.app[0].packetName,"""ControlData""",
Ieee802154Power-5-20260924-21:43:56-1666,config,,,*.controller.app[1].typename,UdpSink,
Ieee802154Power-5-20260924-21:43:56-1666,config,,,*.controller.app[1].localPort,1000,
Ieee802154Power-5-20260924-21:43:56-1666,config,,,*.lamp*.numApps,1,
Ieee802154Power-5-20260924-21:43:56-1666,config,,,*.lamp*.app[0].typename,UdpSink,
Ieee802154Power-5-20260924-21:43:56-1666,config,,,*.lamp*.app[0].localPort,1000,
Ieee802154Power-5-20260924-21:43:56-1666,config,,,*.visualizer.routingTableVisualizer[0].displayRoutingTables,false,
Ieee802154Power-5-20260924-21:43:56-1666,config,,,*.visualizer.routingTableVisualizer[0].displayRoutesIndividually,false,
Ieee802154Power-5-20260924-21:43:56-1666,config,,,*.visualizer.routingTableVisualizer[0].lineShift,0,
Ieee802154Power-5-20260924-21:43:56-1666,config,,,*.visualizer.routingTableVisualizer[0].displayLabels,false,
Ieee802154Power-5-20260924-21:43:56-1666,config,,,*.visualizer.interfaceTableVisualizer[0].displayInterfaceTables,false,
Ieee802154Power-5-20260924-21:43:56-1666,config,,,*.visualizer.numDataLinkVisualizers,2,
Ieee802154Power-5-20260924-21:43:56-1666,config,,,*.visualizer.dataLinkVisualizer[*].displayLinks,true,
Ieee802154Power-5-20260924-21:43:56-1666,config,,,*.visualizer.dataLinkVisualizer[0].nodeFilter,"""sensor* or controller""",
Ieee802154Power-5-20260924-21:43:56-1666,config,,,*.visualizer.dataLinkVisualizer[1].*Color,"""blue""",
Ieee802154Power-5-20260924-21:43:56-1666,config,,,*.visualizer.dataLinkVisualizer[1].nodeFilter,"""lamp* or controller""",
Ieee802154Power-5-20260924-21:43:56-1666,config,,,*.visualizer.numStatisticVisualizers,2,
Ieee802154Power-5-20260924-21:43:56-1666,config,,,*.visualizer.statisticVisualizer[*].zIndex,1,
Ieee802154Power-5-20260924-21:43:56-1666,config,,,*.visualizer.statisticVisualizer[0].displayStatistics,true,
Ieee802154Power-5-20260924-21:43:56-1666,config,,,*.visualizer.statisticVisualizer[0].signalName,"""packetSent""",
Ieee802154Power-5-20260924-21:43:56-1666,config,,,*.visualizer.statisticVisualizer[0].statisticExpression,"""count""",
Ieee802154Power-5-20260924-21:43:56-1666,config,,,*.visualizer.statisticVisualizer[0].sourceFilter,"""**.controller.udp OR **.sensor*.udp""",
Ieee802154Power-5-20260924-21:43:56-1666,config,,,*.visualizer.statisticVisualizer[0].format,"""sent: %v pks""",
Ieee802154Power-5-20260924-21:43:56-1666,config,,,*.visualizer.statisticVisualizer[1].displayStatistics,true,
Ieee802154Power-5-20260924-21:43:56-1666,config,,,*.visualizer.statisticVisualizer[1].signalName,"""packetReceived""",
Ieee802154Power-5-20260924-21:43:56-1666,config,,,*.visualizer.statisticVisualizer[1].statisticExpression,"""count""",
Ieee802154Power-5-20260924-21:43:56-1666,config,,,*.visualizer.statisticVisualizer[1].sourceFilter,"""**.controller.udp OR **.lamp*.udp""",
Ieee802154Power-5-20260924-21:43:56-1666,config,,,*.visualizer.statisticVisualizer[1].format,"""rcvd: %v pks""",
Ieee802154Power-6-20260924-21:43:56-1666,runattr,,,configname,Ieee802154Power,
Ieee802154Power-6-20260924-21:43:56-1666,runattr,,,datetime,20260924-21:43:56,
Ieee802154Power-6-20260924-21:43:56-1666,runattr,,,datetimef,20260924-214356,
Ieee802154Power-6-20260924-21:43:56-1666,runattr,,,experiment,Ieee802154Power,
Ieee802154Power-6-20260924-21:43:56-1666,runattr,,,inifile,omnetpp.ini,
Ieee802154Power-6-20260924-21:43:56-1666,runattr,,,iterationvars,,
Ieee802154Power-6-20260924-21:43:56-1666,runattr,,,iterationvarsd,,
Ieee802154Power-6-20260924-21:43:56-1666,runattr,,,iterationvarsf,,
Ieee802154Power-6-20260924-21:43:56-1666,runattr,,,measurement,,
Ieee802154Power-6-20260924-21:43:56-1666,runattr,,,network,Ieee802154Showcase,
Ieee802154Power-6-20260924-21:43:56-1666,runattr,,,processid,1666,
Ieee802154Power-6-20260924-21:43:56-1666,runattr,,,repetition,6,
Ieee802154Power-6-20260924-21:43:56-1666,runattr,,,replication,#6,
Ieee802154Power-6-20260924-21:43:56-1666,runattr,,,resultdir,results,
Ieee802154Power-6-20260924-21:43:56-1666,runattr,,,runnumber,6,
Ieee802154Power-6-20260924-21:43:56-1666,runattr,,,seedset,6,
Ieee802154Power-6-20260924-21:43:56-1666,config,,,extends,Ieee802154,
Ieee802154Power-6-20260924-21:43:56-1666,config,,,sim-time-limit,100s,
Ieee802154Power-6-20260924-21:43:56-1666,config,,,repeat,10,
Ieee802154Power-6-20260924-21:43:56-1666,config,,,**.energyStorage.residualEnergyCapacity.result-recording-modes,+last,
Ieee802154Power-6-20260924-21:43:56-1666,config,,,network,Ieee802154Showcase,
Ieee802154Power-6-20260924-21:43:56-1666,config,,,**.arp.typename,GlobalArp,
Ieee802154Power-6-20260924-21:43:56-1666,config,,,**.netmaskRoutes,"""""",
Ieee802154Power-6-20260924-21:43:56-1666,config,,,*.radioMedium.backgroundNoise.power,-110dBm,
Ieee802154Power-6-20260924-21:43:56-1666,config,,,*.configurator.config,"xmldoc(""startopology.xml"")",
Ieee802154Power-6-20260924-21:43:56-1666,config,,,*.configurator.addStaticRoutes,false,
Ieee802154Power-6-20260924-21:43:56-1666,config,,,*.sensor*.numApps,1,
Ieee802154Power-6-20260924-21:43:56-1666,config,,,*.sensor*.app[*].typename,UdpBasicApp,
Ieee802154Power-6-20260924-21:43:56-1666,config,,,*.sensor*.app[*].destAddresses,"""controller""",
Ieee802154Power-6-20260924-21:43:56-1666,config,,,*.sensor*.app[*].destPort,1000,
Ieee802154Power-6-20260924-21:43:56-1666,config,,,*.sensor*.app[*].sendInterval,1s,
Ieee802154Power-6-20260924-21:43:56-1666,config,,,*.sensor*.app[*].startTime,"uniform(0s,1s)",
Ieee802154Power-6-20260924-21:43:56-1666,config,,,*.sensor*.app[*].messageLength,10Byte,
Ieee802154Power-6-20260924-21:43:56-1666,config,,,*.sensor*.app[*].packetName,"""SensorData""",
Ieee802154Power-6-20260924-21:43:56-1666,config,,,*.controller.numApps,2,
Ieee802154Power-6-20260924-21:43:56-1666,config,,,*.controller.app[0].typename,UdpBasicApp,
Ieee802154Power-6-20260924-21:43:56-1666,config,,,*.controller.app[0].destAddresses,"""lamp1 lamp2 lamp3 lamp4 lamp5 lamp6 lamp7 lamp8""",
Ieee802154Power-6-20260924-21:43:56-1666,config,,,*.controller.app[0].destPort,1000,
Ieee802154Power-6-20260924-21:43:56-1666,config,,,*.controller.app[0].sendInterval,1s,
Ieee802154Power-6-20260924-21:43:56-1666,config,,,*.controller.app[0].startTime,exponential(1s),
Ieee802154Power-6-20260924-21:43:56-1666,config,,,*.controller.app[0].messageLength,10Byte,
Ieee802154Power-6-20260924-21:43:56-1666,config,,,*.controller.app[0].packetName,"""ControlData""",
Ieee802154Power-6-20260924-21:43:56-1666,config,,,*.controller.app[1].typename,UdpSink,
Ieee802154Power-6-20260924-21:43:56-1666,config,,,*.controller.app[1].localPort,1000,
Ieee802154Power-6-20260924-21:43:56-1666,config,,,*.lamp*.numApps,1,
Ieee802154Power-6-20260924-21:43:56-1666,config,,,*.lamp*.app[0].typename,UdpSink,
Ieee802154Power-6-20260924-21:43:56-1666,config,,,*.lamp*.app[0].localPort,1000,
Ieee802154Power-6-20260924-21:43:56-1666,config,,,*.visualizer.routingTableVisualizer[0].displayRoutingTables,false,
Ieee802154Power-6-20260924-21:43:56-1666,config,,,*.visualizer.routingTableVisualizer[0].displayRoutesIndividually,false,
Ieee802154Power-6-20260924-21:43:56-1666,config,,,*.visualizer.routingTableVisualizer[0].lineShift,0,
Ieee802154Power-6-20260924-21:43:56-1666,config,,,*.visualizer.routingTableVisualizer[0].displayLabels,false,
Ieee802154Power-6-20260924-21:43:56-1666,config,,,*.visualizer.interfaceTableVisualizer[0].displayInterfaceTables,false,
Ieee802154Power-6-20260924-21:43:56-1666,config,,,*.visualizer.numDataLinkVisualizers,2,
Ieee802154Power-6-20260924-21:43:56-1666,config,,,*.visualizer.dataLinkVisualizer[*].displayLinks,true,
Ieee802154Power-6-20260924-21:43:56-1666,config,,,*.visualizer.dataLinkVisualizer[0].nodeFilter,"""sensor* or controller""",
Ieee802154Power-6-20260924-21:43:56-1666,config,,,*.visualizer.dataLinkVisualizer[1].*Color,"""blue""",
Ieee802154Power-6-20260924-21:43:56-1666,config,,,*.visualizer.dataLinkVisualizer[1].nodeFilter,"""lamp* or controller""",
Ieee802154Power-6-20260924-21:43:56-1666,config,,,*.visualizer.numStatisticVisualizers,2,
Ieee802154Power-6-20260924-21:43:56-1666,config,,,*.visualizer.statisticVisualizer[*].zIndex,1,
Ieee802154Power-6-20260924-21:43:56-1666,config,,,*.visualizer.statisticVisualizer[0].displayStatistics,true,
Ieee802154Power-6-20260924-21:43:56-1666,config,,,*.visualizer.statisticVisualizer[0].signalName,"""packetSent""",
Ieee802154Power-6-20260924-21:43:56-1666,config,,,*.visualizer.statisticVisualizer[0].statisticExpression,"""count""",
Ieee802154Power-6-20260924-21:43:56-1666,config,,,*.visualizer.statisticVisualizer[0].sourceFilter,"""**.controller.udp OR **.sensor*.udp""",
Ieee802154Power-6-20260924-21:43:56-1666,config,,,*.visualizer.statisticVisualizer[0].format,"""sent: %v pks""",
Ieee802154Power-6-20260924-21:43:56-1666,config,,,*.visualizer.statisticVisualizer[1].displayStatistics,true,
Ieee802154Power-6-20260924-21:43:56-1666,config,,,*.visualizer.statisticVisualizer[1].signalName,"""packetReceived""",
Ieee802154Power-6-20260924-21:43:56-1666,config,,,*.visualizer.statisticVisualizer[1].statisticExpression,"""count""",
Ieee802154Power-6-20260924-21:43:56-1666,config,,,*.visualizer.statisticVisualizer[1].sourceFilter,"""**.controller.udp OR **.lamp*.udp""",
Ieee802154Power-6-20260924-21:43:56-1666,config,,,*.visualizer.statisticVisualizer[1].format,"""rcvd: %v pks""",
Ieee802154Power-7-20260924-21:43:56-1666,runattr,,,configname,Ieee802154Power,
Ieee802154Power-7-20260924-21:43:56-1666,runattr,,,datetime,20260924-21:43:56,
Ieee802154Power-7-20260924-21:43:56-1666,runattr,,,datetimef,20260924-214356,
Ieee802154Power-7-20260924-21:43:56-1666,runattr,,,experiment,Ieee802154Power,
Ieee802154Power-7-20260924-21:43:56-1666,runattr,,,inifile,omnetpp.ini,
Ieee802154Power-7-20260924-21:43:56-1666,runattr,,,iterationvars,,
Ieee802154Power-7-20260924-21:43:56-1666,runattr,,,iterationvarsd,,
Ieee802154Power-7-20260924-21:43:56-1666,runattr,,,iterationvarsf,,
Ieee802154Power-7-20260924-21:43:56-1666,runattr,,,measurement,,
Ieee802154Power-7-20260924-21:43:56-1666,runattr,,,network,Ieee802154Showcase,
Ieee802154Power-7-20260924-21:43:56-1666,runattr,,,processid,1666,
Ieee802154Power-7-20260924-21:43:56-1666,runattr,,,repetition,7,
Ieee802154Power-7-20260924-21:43:56-1666,runattr,,,replication,#7,
Ieee802154Power-7-20260924-21:43:56-1666,runattr,,,resultdir,results,
Ieee802154Power-7-20260924-21:43:56-1666,runattr,,,runnumber,7,
Ieee802154Power-7-20260924-21:43:56-1666,runattr,,,seedset,7,
Ieee802154Power-7-20260924-21:43:56-1666,config,,,extends,Ieee802154,
Ieee802154Power-7-20260924-21:43:56-1666,config,,,sim-time-limit,100s,
Ieee802154Power-7-20260924-21:43:56-1666,config,,,repeat,10,
Ieee802154Power-7-20260924-21:43:56-1666,config,,,**.energyStorage.residualEnergyCapacity.result-recording-modes,+last,
Ieee802154Power-7-20260924-21:43:56-1666,config,,,network,Ieee802154Showcase,
Ieee802154Power-7-20260924-21:43:56-1666,config,,,**.arp.typename,GlobalArp,
Ieee802154Power-7-20260924-21:43:56-1666,config,,,**.netmaskRoutes,"""""",
Ieee802154Power-7-20260924-21:43:56-1666,config,,,*.radioMedium.backgroundNoise.power,-110dBm,
Ieee802154Power-7-20260924-21:43:56-1666,config,,,*.configurator.config,"xmldoc(""startopology.xml"")",
Ieee802154Power-7-20260924-21:43:56-1666,config,,,*.configurator.addStaticRoutes,false,
Ieee802154Power-7-20260924-21:43:56-1666,config,,,*.sensor*.numApps,1,
Ieee802154Power-7-20260924-21:43:56-1666,config,,,*.sensor*.app[*].typename,UdpBasicApp,
Ieee802154Power-7-20260924-21:43:56-1666,config,,,*.sensor*.app[*].destAddresses,"""controller""",
Ieee802154Power-7-20260924-21:43:56-1666,config,,,*.sensor*.app[*].destPort,1000,
Ieee802154Power-7-20260924-21:43:56-1666,config,,,*.sensor*.app[*].sendInterval,1s,
Ieee802154Power-7-20260924-21:43:56-1666,config,,,*.sensor*.app[*].startTime,"uniform(0s,1s)",
Ieee802154Power-7-20260924-21:43:56-1666,config,,,*.sensor*.app[*].messageLength,10Byte,
Ieee802154Power-7-20260924-21:43:56-1666,config,,,*.sensor*.app[*].packetName,"""SensorData""",
Ieee802154Power-7-20260924-21:43:56-1666,config,,,*.controller.numApps,2,
Ieee802154Power-7-20260924-21:43:56-1666,config,,,*.controller.app[0].typename,UdpBasicApp,
Ieee802154Power-7-20260924-21:43:56-1666,config,,,*.controller.app[0].destAddresses,"""lamp1 lamp2 lamp3 lamp4 lamp5 lamp6 lamp7 lamp8""",
Ieee802154Power-7-20260924-21:43:56-1666,config,,,*.controller.app[0].destPort,1000,
Ieee802154Power-7-20260924-21:43:56-1666,config,,,*.controller.app[0].sendInterval,1s,
Ieee802154Power-7-20260924-21:43:56-1666,config,,,*.controller.app[0].startTime,exponential(1s),
Ieee802154Power-7-20260924-21:43:56-1666,config,,,*.controller.app[0].messageLength,10Byte,
Ieee802154Power-7-20260924-21:43:56-1666,config,,,*.controller.app[0].packetName,"""ControlData""",
Ieee802154Power-7-20260924-21:43:56-1666,config,,,*.controller.app[1].typename,UdpSink,
Ieee802154Power-7-20260924-21:43:56-1666,config,,,*.controller.app[1].localPort,1000,
Ieee802154Power-7-20260924-21:43:56-1666,config,,,*.lamp*.numApps,1,
Ieee802154Power-7-20260924-21:43:56-1666,config,,,*.lamp*.app[0].typename,UdpSink,
Ieee802154Power-7-20260924-21:43:56-1666,config,,,*.lamp*.app[0].localPort,1000,
Ieee802154Power-7-20260924-21:43:56-1666,config,,,*.visualizer.routingTableVisualizer[0].displayRoutingTables,false,
Ieee802154Power-7-20260924-21:43:56-1666,config,,,*.visualizer.routingTableVisualizer[0].displayRoutesIndividually,false,
Ieee802154Power-7-20260924-21:43:56-1666,config,,,*.visualizer.routingTableVisualizer[0].lineShift,0,
Ieee802154Power-7-20260924-21:43:56-1666,config,,,*.visualizer.routingTableVisualizer[0].displayLabels,false,
Ieee802154Power-7-20260924-21:43:56-1666,config,,,*.visualizer.interfaceTableVisualizer[0].displayInterfaceTables,false,
Ieee802154Power-7-20260924-21:43:56-1666,config,,,*.visualizer.numDataLinkVisualizers,2,
Ieee802154Power-7-20260924-21:43:56-1666,config,,,*.visualizer.dataLinkVisualizer[*].displayLinks,true,
Ieee802154Power-7-20260924-21:43:56-1666,config,,,*.visualizer.dataLinkVisualizer[0].nodeFilter,"""sensor* or controller""",
Ieee802154Power-7-20260924-21:43:56-1666,config,,,*.visualizer.dataLinkVisualizer[1].*Color,"""blue""",
Ieee802154Power-7-20260924-21:43:56-1666,config,,,*.visualizer.dataLinkVisualizer[1].nodeFilter,"""lamp* or controller""",
Ieee802154Power-7-20260924-21:43:56-1666,config,,,*.visualizer.numStatisticVisualizers,2,
Ieee802154Power-7-20260924-21:43:56-1666,config,,,*.visualizer.statisticVisualizer[*].zIndex,1,
Ieee802154Power-7-20260924-21:43:56-1666,config,,,*.visualizer.statisticVisualizer[0].displayStatistics,true,
Ieee802154Power-7-20260924-21:43:56-1666,config,,,*.visualizer.statisticVisualizer[0].signalName,"""packetSent""",
Ieee802154Power-7-20260924-21:43:56-1666,config,,,*.visualizer.statisticVisualizer[0].statisticExpression,"""count""",
Ieee802154Power-7-20260924-21:43:56-1666,config,,,*.visualizer.statisticVisualizer[0].sourceFilter,"""**.controller.udp OR **.sensor*.udp""",
Ieee802154Power-7-20260924-21:43:56-1666,config,,,*.visualizer.statisticVisualizer[0].format,"""sent: %v pks""",
Ieee802154Power-7-20260924-21:43:56-1666,config,,,*.visualizer.statisticVisualizer[1].displayStatistics,true,
Ieee802154Power-7-20260924-21:43:56-1666,config,,,*.visualizer.statisticVisualizer[1].signalName,"""packetReceived""",
Ieee802154Power-7-20260924-21:43:56-1666,config,,,*.visualizer.statisticVisualizer[1].statisticExpression,"""count""",
Ieee802154Power-7-20260924-21:43:56-1666,config,,,*.visualizer.statisticVisualizer[1].sourceFilter,"""**.controller.udp OR **.lamp*.udp""",
Ieee802154Power-7-20260924-21:43:56-1666,config,,,*.visualizer.statisticVisualizer[1].format,"""rcvd: %v pks""",
Ieee802154Power-8-20260924-21:43:57-1666,runattr,,,configname,Ieee802154Power,
Ieee802154Power-8-20260924-21:43:57-1666,runattr,,,datetime,20260924-21:43:57,
Ieee802154Power-8-20260924-21:43:57-1666,runattr,,,datetimef,20260924-214357,
Ieee802154Power-8-20260924-21:43:57-1666,runattr,,,experiment,Ieee802154Power,
Ieee802154Power-8-20260924-21:43:57-1666,runattr,,,inifile,omnetpp.ini,
Ieee802154Power-8-20260924-21:43:57-1666,runattr,,,iterationvars,,
Ieee802154Power-8-20260924-21:43:57-1666,runattr,,,iterationvarsd,,
Ieee802154Power-8-20260924-21:43:57-1666,runattr,,,iterationvarsf,,
Ieee802154Power-8-20260924-21:43:57-1666,runattr,,,measurement,,
Ieee802154Power-8-20260924-21:43:57-1666,runattr,,,network,Ieee802154Showcase,
Ieee802154Power-8-20260924-21:43:57-1666,runattr,,,processid,1666,
Ieee802154Power-8-20260924-21:43:57-1666,runattr,,,repetition,8,
Ieee802154Power-8-20260924-21:43:57-1666,runattr,,,replication,#8,
Ieee802154Power-8-20260924-21:43:57-1666,runattr,,,resultdir,results,
Ieee802154Power-8-20260924-21:43:57-1666,runattr,,,runnumber,8,
Ieee802154Power-8-20260924-21:43:57-1666,runattr,,,seedset,8,
Ieee802154Power-8-20260924-21:43:57-1666,config,,,extends,Ieee802154,
Ieee802154Power-8-20260924-21:43:57-1666,config,,,sim-time-limit,100s,
Ieee802154Power-8-20260924-21:43:57-1666,config,,,repeat,10,
Ieee802154Power-8-20260924-21:43:57-1666,config,,,**.energyStorage.residualEnergyCapacity.result-recording-modes,+last,
Ieee802154Power-8-20260924-21:43:57-1666,config,,,network,Ieee802154Showcase,
Ieee802154Power-8-20260924-21:43:57-1666,config,,,**.arp.typename,GlobalArp,
Ieee802154Power-8-20260924-21:43:57-1666,config,,,**.netmaskRoutes,"""""",
Ieee802154Power-8-20260924-21:43:57-1666,config,,,*.radioMedium.backgroundNoise.power,-110dBm,
Ieee802154Power-8-20260924-21:43:57-1666,config,,,*.configurator.config,"xmldoc(""startopology.xml"")",
Ieee802154Power-8-20260924-21:43:57-1666,config,,,*.configurator.addStaticRoutes,false,
Ieee802154Power-8-20260924-21:43:57-1666,config,,,*.sensor*.numApps,1,
Ieee802154Power-8-20260924-21:43:57-1666,config,,,*.sensor*.app[*].typename,UdpBasicApp,
Ieee802154Power-8-20260924-21:43:57-1666,config,,,*.sensor*.app[*].destAddresses,"""controller""",
Ieee802154Power-8-20260924-21:43:57-1666,config,,,*.sensor*.app[*].destPort,1000,
Ieee802154Power-8-20260924-21:43:57-1666,config,,,*.sensor*.app[*].sendInterval,1s,
Ieee802154Power-8-20260924-21:43:57-1666,config,,,*.sensor*.app[*].startTime,"uniform(0s,1s)",
Ieee802154Power-8-20260924-21:43:57-1666,config,,,*.sensor*.app[*].messageLength,10Byte,
Ieee802154Power-8-20260924-21:43:57-1666,config,,,*.sensor*.app[*].packetName,"""SensorData""",
Ieee802154Power-8-20260924-21:43:57-1666,config,,,*.controller.numApps,2,
Ieee802154Power-8-20260924-21:43:57-1666,config,,,*.controller.app[0].typename,UdpBasicApp,
Ieee802154Power-8-20260924-21:43:57-1666,config,,,*.controller.app[0].destAddresses,"""lamp1 lamp2 lamp3 lamp4 lamp5 lamp6 lamp7 lamp8""",
Ieee802154Power-8-20260924-21:43:57-1666,config,,,*.controller.app[0].destPort,1000,
Ieee802154Power-8-20260924-21:43:57-1666,config,,,*.controller.app[0].sendInterval,1s,
Ieee802154Power-8-20260924-21:43:57-1666,config,,,*.controller.app[0].startTime,exponential(1s),
Ieee802154Power-8-20260924-21:43:57-1666,config,,,*.controller.app[0].messageLength,10Byte,
Ieee802154Power-8-20260924-21:43:57-1666,config,,,*.controller.app[0].packetName,"""ControlData""",
Ieee802154Power-8-20260924-21:43:57-1666,config,,,*.controller.app[1].typename,UdpSink,
Ieee802154Power-8-20260924-21:43:57-1666,config,,,*.controller.app[1].localPort,1000,
Ieee802154Power-8-20260924-21:43:57-1666,config,,,*.lamp*.numApps,1,
Ieee802154Power-8-20260924-21:43:57-1666,config,,,*.lamp*.app[0].typename,UdpSink,
Ieee802154Power-8-20260924-21:43:57-1666,config,,,*.lamp*.app[0].localPort,1000,
Ieee802154Power-8-20260924-21:43:57-1666,config,,,*.visualizer.routingTableVisualizer[0].displayRoutingTables,false,
Ieee802154Power-8-20260924-21:43:57-1666,config,,,*.visualizer.routingTableVisualizer[0].displayRoutesIndividually,false,
Ieee802154Power-8-20260924-21:43:57-1666,config,,,*.visualizer.routingTableVisualizer[0].lineShift,0,
Ieee802154Power-8-20260924-21:43:57-1666,config,,,*.visualizer.routingTableVisualizer[0].displayLabels,false,
Ieee802154Power-8-20260924-21:43:57-1666,config,,,*.visualizer.interfaceTableVisualizer[0].displayInterfaceTables,false,
Ieee802154Power-8-20260924-21:43:57-1666,config,,,*.visualizer.numDataLinkVisualizers,2,
Ieee802154Power-8-20260924-21:43:57-1666,config,,,*.visualizer.dataLinkVisualizer[*].displayLinks,true,
Ieee802154Power-8-20260924-21:43:57-1666,config,,,*.visualizer.dataLinkVisualizer[0].nodeFilter,"""sensor* or controller""",
Ieee802154Power-8-20260924-21:43:57-1666,config,,,*.visualizer.dataLinkVisualizer[1].*Color,"""blue""",
Ieee802154Power-8-20260924-21:43:57-1666,config,,,*.visualizer.dataLinkVisualizer[1].nodeFilter,"""lamp* or controller""",
Ieee802154Power-8-20260924-21:43:57-1666,config,,,*.visualizer.numStatisticVisualizers,2,
Ieee802154Power-8-20260924-21:43:57-1666,config,,,*.visualizer.statisticVisualizer[*].zIndex,1,
Ieee802154Power-8-20260924-21:43:57-1666,config,,,*.visualizer.statisticVisualizer[0].displayStatistics,true,
Ieee802154Power-8-20260924-21:43:57-1666,config,,,*.visualizer.statisticVisualizer[0].signalName,"""packetSent""",
Ieee802154Power-8-20260924-21:43:57-1666,config,,,*.visualizer.statisticVisualizer[0].statisticExpression,"""count""",
Ieee802154Power-8-20260924-21:43:57-1666,config,,,*.visualizer.statisticVisualizer[0].sourceFilter,"""**.controller.udp OR **.sensor*.udp""",
Ieee802154Power-8-20260924-21:43:57-1666,config,,,*.visualizer.statisticVisualizer[0].format,"""sent: %v pks""",
Ieee802154Power-8-20260924-21:43:57-1666,config,,,*.visualizer.statisticVisualizer[1].displayStatistics,true,
Ieee802154Power-8-20260924-21:43:57-1666,config,,,*.visualizer.statisticVisualizer[1].signalName,"""packetReceived""",
Ieee802154Power-8-20260924-21:43:57-1666,config,,,*.visualizer.statisticVisualizer[1].statisticExpression,"""count""",
Ieee802154Power-8-20260924-21:43:57-1666,config,,,*.visualizer.statisticVisualizer[1].sourceFilter,"""**.controller.udp OR **.lamp*.udp""",
Ieee802154Power-8-20260924-21:43:57-1666,config,,,*.visualizer.statisticVisualizer[1].format,"""rcvd: %v pks""",
Ieee802154Power-9-20260924-21:43:57-1666,runattr,,,configname,Ieee802154Power,
Ieee802154Power-9-20260924-21:43:57-1666,runattr,,,datetime,20260924-21:43:57,
Ieee802154Power-9-20260924-21:43:57-1666,runattr,,,datetimef,20260924-214357,
Ieee802154Power-9-20260924-21:43:57-1666,runattr,,,experiment,Ieee802154Power,
Ieee802154Power-9-20260924-21:43:57-1666,runattr,,,inifile,omnetpp.ini,
Ieee802154Power-9-20260924-21:43:57-1666,runattr,,,iterationvars,,
Ieee802154Power-9-20260924-21:43:57-1666,runattr,,,iterationvarsd,,
Ieee802154Power-9-20260924-21:43:57-1666,runattr,,,iterationvarsf,,
Ieee802154Power-9-20260924-21:43:57-1666,runattr,,,measurement,,
Ieee802154Power-9-20260924-21:43:57-1666,runattr,,,network,Ieee802154Showcase,
Ieee802154Power-9-20260924-21:43:57-1666,runattr,,,processid,1666,
Ieee802154Power-9-20260924-21:43:57-1666,runattr,,,repetition,9,
Ieee802154Power-9-20260924-21:43:57-1666,runattr,,,replication,#9,
Ieee802154Power-9-20260924-21:43:57-1666,runattr,,,resultdir,results,
Ieee802154Power-9-20260924-21:43:57-1666,runattr,,,runnumber,9,
Ieee802154Power-9-20260924-21:43:57-1666,runattr,,,seedset,9,
Ieee802154Power-9-20260924-21:43:57-1666,config,,,extends,Ieee802154,
Ieee802154Power-9-20260924-21:43:57-1666,config,,,sim-time-limit,100s,
Ieee802154Power-9-20260924-21:43:57-1666,config,,,repeat,10,
Ieee802154Power-9-20260924-21:43:57-1666,config,,,**.energyStorage.residualEnergyCapacity.result-recording-modes,+last,
Ieee802154Power-9-20260924-21:43:57-1666,config,,,network,Ieee802154Showcase,
Ieee802154Power-9-20260924-21:43:57-1666,config,,,**.arp.typename,GlobalArp,
Ieee802154Power-9-20260924-21:43:57-1666,config,,,**.netmaskRoutes,"""""",
Ieee802154Power-9-20260924-21:43:57-1666,config,,,*.radioMedium.backgroundNoise.power,-110dBm,
Ieee802154Power-9-20260924-21:43:57-1666,config,,,*.configurator.config,"xmldoc(""startopology.xml"")",
Ieee802154Power-9-20260924-21:43:57-1666,config,,,*.configurator.addStaticRoutes,false,
Ieee802154Power-9-20260924-21:43:57-1666,config,,,*.sensor*.numApps,1,
Ieee802154Power-9-20260924-21:43:57-1666,config,,,*.sensor*.app[*].typename,UdpBasicApp,
Ieee802154Power-9-20260924-21:43:57-1666,config,,,*.sensor*.app[*].destAddresses,"""controller""",
Ieee802154Power-9-20260924-21:43:57-1666,config,,,*.sensor*.app[*].destPort,1000,
Ieee802154Power-9-20260924-21:43:57-1666,config,,,*.sensor*.app[*].sendInterval,1s,
Ieee802154Power-9-20260924-21:43:57-1666,config,,,*.sensor*.app[*].startTime,"uniform(0s,1s)",
Ieee802154Power-9-20260924-21:43:57-1666,config,,,*.sensor*.app[*].messageLength,10Byte,
Ieee802154Power-9-20260924-21:43:57-1666,config,,,*.sensor*.app[*].packetName,"""SensorData""",
Ieee802154Power-9-20260924-21:43:57-1666,config,,,*.controller.numApps,2,
Ieee802154Power-9-20260924-21:43:57-1666,config,,,*.controller.app[0].typename,UdpBasicApp,
Ieee802154Power-9-20260924-21:43:57-1666,config,,,*.controller.app[0].destAddresses,"""lamp1 lamp2 lamp3 lamp4 lamp5 lamp6 lamp7 lamp8""",
Ieee802154Power-9-20260924-21:43:57-1666,config,,,*.controller.app[0].destPort,1000,
Ieee802154Power-9-20260924-21:43:57-1666,config,,,*.controller.app[0].sendInterval,1s,
Ieee802154Power-9-20260924-21:43:57-1666,config,,,*.controller.app[0].startTime,exponential(1s),
Ieee802154Power-9-20260924-21:43:57-1666,config,,,*.controller.app[0].messageLength,10Byte,
Ieee802154Power-9-20260924-21:43:57-1666,config,,,*.controller.app[0].packetName,"""ControlData""",
Ieee802154Power-9-20260924-21:43:57-1666,config,,,*.controller.app[1].typename,UdpSink,
Ieee802154Power-9-20260924-21:43:57-1666,config,,,*.controller.app[1].localPort,1000,
Ieee802154Power-9-20260924-21:43:57-1666,config,,,*.lamp*.numApps,1,
Ieee802154Power-9-20260924-21:43:57-1666,config,,,*.lamp*.app[0].typename,UdpSink,
Ieee802154Power-9-20260924-21:43:57-1666,config,,,*.lamp*.app[0].localPort,1000,
Ieee802154Power-9-20260924-21:43:57-1666,config,,,*.visualizer.routingTableVisualizer[0].displayRoutingTables,false,
Ieee802154Power-9-20260924-21:43:57-1666,config,,,*.visualizer.routingTableVisualizer[0].displayRoutesIndividually,false,
Ieee802154Power-9-20260924-21:43:57-1666,config,,,*.visualizer.routingTableVisualizer[0].lineShift,0,
Ieee802154Power-9-20260924-21:43:57-1666,config,,,*.visualizer.routingTableVisualizer[0].displayLabels,false,
Ieee802154Power-9-20260924-21:43:57-1666,config,,,*.visualizer.interfaceTableVisualizer[0].displayInterfaceTables,false,
Ieee802154Power-9-20260924-21:43:57-1666,config,,,*.visualizer.numDataLinkVisualizers,2,
Ieee802154Power-9-20260924-21:43:57-1666,config,,,*.visualizer.dataLinkVisualizer[*].displayLinks,true,
Ieee802154Power-9-20260924-21:43:57-1666,config,,,*.visualizer.dataLinkVisualizer[0].nodeFilter,"""sensor* or controller""",
Ieee802154Power-9-20260924-21:43:57-1666,config,,,*.visualizer.dataLinkVisualizer[1].*Color,"""blue""",
Ieee802154Power-9-20260924-21:43:57-1666,config,,,*.visualizer.dataLinkVisualizer[1].nodeFilter,"""lamp* or controller""",
Ieee802154Power-9-20260924-21:43:57-1666,config,,,*.visualizer.numStatisticVisualizers,2,
Ieee802154Power-9-20260924-21:43:57-1666,config,,,*.visualizer.statisticVisualizer[*].zIndex,1,
Ieee802154Power-9-20260924-21:43:57-1666,config,,,*.visualizer.statisticVisualizer[0].displayStatistics,true,
Ieee802154Power-9-20260924-21:43:57-1666,config,,,*.visualizer.statisticVisualizer[0].signalName,"""packetSent""",
Ieee802154Power-9-20260924-21:43:57-1666,config,,,*.visualizer.statisticVisualizer[0].statisticExpression,"""count""",
Ieee802154Power-9-20260924-21:43:57-1666,config,,,*.visualizer.statisticVisualizer[0].sourceFilter,"""**.controller.udp OR **.sensor*.udp""",
Ieee802154Power-9-20260924-21:43:57-1666,config,,,*.visualizer.statisticVisualizer[0].format,"""sent: %v pks""",
Ieee802154Power-9-20260924-21:43:57-1666,config,,,*.visualizer.statisticVisualizer[1].displayStatistics,true,
Ieee802154Power-9-20260924-21:43:57-1666,config,,,*.visualizer.statisticVisualizer[1].signalName,"""packetReceived""",
Ieee802154Power-9-20260924-21:43:57-1666,config,,,*.visualizer.statisticVisualizer[1].statisticExpression,"""count""",
Ieee802154Power-9-20260924-21:43:57-1666,config,,,*.visualizer.statisticVisualizer[1].sourceFilter,"""**.controller.udp OR **.lamp*.udp""",
Ieee802154Power-9-20260924-21:43:57-1666,config,,,*.visualizer.statisticVisualizer[1].format,"""rcvd: %v pks""",
Ieee802154Power-0-20260924-21:43:53-1666,scalar,Ieee802154Showcase.sensor1.energyStorage,residualEnergyCapacity:last,,,-0.066168179174007
Ieee802154Power-0-20260924-21:43:53-1666,attr,Ieee802154Showcase.sensor1.energyStorage,residualEnergyCapacity:last,interpolationmode,linear,
Ieee802154Power-0-20260924-21:43:53-1666,attr,Ieee802154Showcase.sensor1.energyStorage,residualEnergyCapacity:last,recordingmode,last,
Ieee802154Power-0-20260924-21:43:53-1666,attr,Ieee802154Showcase.sensor1.energyStorage,residualEnergyCapacity:last,source,residualEnergyCapacityChanged,
Ieee802154Power-0-20260924-21:43:53-1666,attr,Ieee802154Showcase.sensor1.energyStorage,residualEnergyCapacity:last,title,"Residual energy capacity, last",
Ieee802154Power-0-20260924-21:43:53-1666,attr,Ieee802154Showcase.sensor1.energyStorage,residualEnergyCapacity:last,unit,J,
Ieee802154Power-0-20260924-21:43:53-1666,scalar,Ieee802154Showcase.sensor2.energyStorage,residualEnergyCapacity:last,,,-0.067382706018911
Ieee802154Power-0-20260924-21:43:53-1666,attr,Ieee802154Showcase.sensor2.energyStorage,residualEnergyCapacity:last,interpolationmode,linear,
Ieee802154Power-0-20260924-21:43:53-1666,attr,Ieee802154Showcase.sensor2.energyStorage,residualEnergyCapacity:last,recordingmode,last,
Ieee802154Power-0-20260924-21:43:53-1666,attr,Ieee802154Showcase.sensor2.energyStorage,residualEnergyCapacity:last,source,residualEnergyCapacityChanged,
Ieee802154Power-0-20260924-21:43:53-1666,attr,Ieee802154Showcase.sensor2.energyStorage,residualEnergyCapacity:last,title,"Residual energy capacity, last",
Ieee802154Power-0-20260924-21:43:53-1666,attr,Ieee802154Showcase.sensor2.energyStorage,residualEnergyCapacity:last,unit,J,
Ieee802154Power-0-20260924-21:43:53-1666,scalar,Ieee802154Showcase.sensor3.energyStorage,residualEnergyCapacity:last,,,-0.066168179160854
Ieee802154Power-0-20260924-21:43:53-1666,attr,Ieee802154Showcase.sensor3.energyStorage,residualEnergyCapacity:last,interpolationmode,linear,
Ieee802154Power-0-20260924-21:43:53-1666,attr,Ieee802154Showcase.sensor3.energyStorage,residualEnergyCapacity:last,recordingmode,last,
Ieee802154Power-0-20260924-21:43:53-1666,attr,Ieee802154Showcase.sensor3.energyStorage,residualEnergyCapacity:last,source,residualEnergyCapacityChanged,
Ieee802154Power-0-20260924-21:43:53-1666,attr,Ieee802154Showcase.sensor3.energyStorage,residualEnergyCapacity:last,title,"Residual energy capacity, last",
Ieee802154Power-0-20260924-21:43:53-1666,attr,Ieee802154Showcase.sensor3.energyStorage,residualEnergyCapacity:last,unit,J,
Ieee802154Power-0-20260924-21:43:53-1666,scalar,Ieee802154Showcase.sensor4.energyStorage,residualEnergyCapacity:last,,,-0.066168179151792
Ieee802154Power-0-20260924-21:43:53-1666,attr,Ieee802154Showcase.sensor4.energyStorage,residualEnergyCapacity:last,interpolationmode,linear,
Ieee802154Power-0-20260924-21:43:53-1666,attr,Ieee802154Showcase.sensor4.energyStorage,residualEnergyCapacity:last,recordingmode,last,
Ieee802154Power-0-20260924-21:43:53-1666,attr,Ieee802154Showcase.sensor4.energyStorage,residualEnergyCapacity:last,source,residualEnergyCapacityChanged,
Ieee802154Power-0-20260924-21:43:53-1666,attr,Ieee802154Showcase.sensor4.energyStorage,residualEnergyCapacity:last,title,"Residual energy capacity, last",
Ieee802154Power-0-20260924-21:43:53-1666,attr,Ieee802154Showcase.sensor4.energyStorage,residualEnergyCapacity:last,unit,J,
Ieee802154Power-0-20260924-21:43:53-1666,scalar,Ieee802154Showcase.sensor5.energyStorage,residualEnergyCapacity:last,,,-0.066168179177807
Ieee802154Power-0-20260924-21:43:53-1666,attr,Ieee802154Showcase.sensor5.energyStorage,residualEnergyCapacity:last,interpolationmode,linear,
Ieee802154Power-0-20260924-21:43:53-1666,attr,Ieee802154Showcase.sensor5.energyStorage,residualEnergyCapacity:last,recordingmode,last,
Ieee802154Power-0-20260924-21:43:53-1666,attr,Ieee802154Showcase.sensor5.energyStorage,residualEnergyCapacity:last,source,residualEnergyCapacityChanged,
Ieee802154Power-0-20260924-21:43:53-1666,attr,Ieee802154Showcase.sensor5.energyStorage,residualEnergyCapacity:last,title,"Residual energy capacity, last",
Ieee802154Power-0-20260924-21:43:53-1666,attr,Ieee802154Showcase.sensor5.energyStorage,residualEnergyCapacity:last,unit,J,
Ieee802154Power-1-20260924-21:43:54-1666,scalar,Ieee802154Showcase.sensor1.energyStorage,residualEnergyCapacity:last,,,-0.066167047427061
Ieee802154Power-1-20260924-21:43:54-1666,attr,Ieee802154Showcase.sensor1.energyStorage,residualEnergyCapacity:last,interpolationmode,linear,
Ieee802154Power-1-20260924-21:43:54-1666,attr,Ieee802154Showcase.sensor1.energyStorage,residualEnergyCapacity:last,recordingmode,last,
Ieee802154Power-1-20260924-21:43:54-1666,attr,Ieee802154Showcase.sensor1.energyStorage,residualEnergyCapacity:last,source,residualEnergyCapacityChanged,
Ieee802154Power-1-20260924-21:43:54-1666,attr,Ieee802154Showcase.sensor1.energyStorage,residualEnergyCapacity:last,title,"Residual energy capacity, last",
Ieee802154Power-1-20260924-21:43:54-1666,attr,Ieee802154Showcase.sensor1.energyStorage,residualEnergyCapacity:last,unit,J,
Ieee802154Power-1-20260924-21:43:54-1666,scalar,Ieee802154Showcase.sensor2.energyStorage,residualEnergyCapacity:last,,,-0.066123688387046
Ieee802154Power-1-20260924-21:43:54-1666,attr,Ieee802154Showcase.sensor2.energyStorage,residualEnergyCapacity:last,interpolationmode,linear,
Ieee802154Power-1-20260924-21:43:54-1666,attr,Ieee802154Showcase.sensor2.energyStorage,residualEnergyCapacity:last,recordingmode,last,
Ieee802154Power-1-20260924-21:43:54-1666,attr,Ieee802154Showcase.sensor2.energyStorage,residualEnergyCapacity:last,source,residualEnergyCapacityChanged,
Ieee802154Power-1-20260924-21:43:54-1666,attr,Ieee802154Showcase.sensor2.energyStorage,residualEnergyCapacity:last,title,"Residual energy capacity, last",
Ieee802154Power-1-20260924-21:43:54-1666,attr,Ieee802154Showcase.sensor2.energyStorage,residualEnergyCapacity:last,unit,J,
Ieee802154Power-1-20260924-21:43:54-1666,scalar,Ieee802154Showcase.sensor3.energyStorage,residualEnergyCapacity:last,,,-0.066167047427005
Ieee802154Power-1-20260924-21:43:54-1666,attr,Ieee802154Showcase.sensor3.energyStorage,residualEnergyCapacity:last,interpolationmode,linear,
Ieee802154Power-1-20260924-21:43:54-1666,attr,Ieee802154Showcase.sensor3.energyStorage,residualEnergyCapacity:last,recordingmode,last,
Ieee802154Power-1-20260924-21:43:54-1666,attr,Ieee802154Showcase.sensor3.energyStorage,residualEnergyCapacity:last,source,residualEnergyCapacityChanged,
Ieee802154Power-1-20260924-21:43:54-1666,attr,Ieee802154Showcase.sensor3.energyStorage,residualEnergyCapacity:last,title,"Residual energy capacity, last",
Ieee802154Power-1-20260924-21:43:54-1666,attr,Ieee802154Showcase.sensor3.energyStorage,residualEnergyCapacity:last,unit,J,
Ieee802154Power-1-20260924-21:43:54-1666,scalar,Ieee802154Showcase.sensor4.energyStorage,residualEnergyCapacity:last,,,-0.066167047427068
Ieee802154Power-1-20260924-21:43:54-1666,attr,Ieee802154Showcase.sensor4.energyStorage,residualEnergyCapacity:last,interpolationmode,linear,
Ieee802154Power-1-20260924-21:43:54-1666,attr,Ieee802154Showcase.sensor4.energyStorage,residualEnergyCapacity:last,recordingmode,last,
Ieee802154Power-1-20260924-21:43:54-1666,attr,Ieee802154Showcase.sensor4.energyStorage,residualEnergyCapacity:last,source,residualEnergyCapacityChanged,
Ieee802154Power-1-20260924-21:43:54-1666,attr,Ieee802154Showcase.sensor4.energyStorage,residualEnergyCapacity:last,title,"Residual energy capacity, last",
Ieee802154Power-1-20260924-21:43:54-1666,attr,Ieee802154Showcase.sensor4.energyStorage,residualEnergyCapacity:last,unit,J,
Ieee802154Power-1-20260924-21:43:54-1666,scalar,Ieee802154Showcase.sensor5.energyStorage,residualEnergyCapacity:last,,,-0.066167047427022
Ieee802154Power-1-20260924-21:43:54-1666,attr,Ieee802154Showcase.sensor5.energyStorage,residualEnergyCapacity:last,interpolationmode,linear,
Ieee802154Power-1-20260924-21:43:54-1666,attr,Ieee802154Showcase.sensor5.energyStorage,residualEnergyCapacity:last,recordingmode,last,
Ieee802154Power-1-20260924-21:43:54-1666,attr,Ieee802154Showcase.sensor5.energyStorage,residualEnergyCapacity:last,source,residualEnergyCapacityChanged,
Ieee802154Power-1-20260924-21:43:54-1666,attr,Ieee802154Showcase.sensor5.energyStorage,residualEnergyCapacity:last,title,"Residual energy capacity, last",
Ieee802154Power-1-20260924-21:43:54-1666,attr,Ieee802154Showcase.sensor5.energyStorage,residualEnergyCapacity:last,unit,J,
Ieee802154Power-2-20260924-21:43:54-1666,scalar,Ieee802154Showcase.sensor1.energyStorage,residualEnergyCapacity:last,,,-0.066269441704573
Ieee802154Power-2-20260924-21:43:54-1666,attr,Ieee802154Showcase.sensor1.energyStorage,residualEnergyCapacity:last,interpolationmode,linear,
Ieee802154Power-2-20260924-21:43:54-1666,attr,Ieee802154Showcase.sensor1.energyStorage,residualEnergyCapacity:last,recordingmode,last,
Ieee802154Power-2-20260924-21:43:54-1666,attr,Ieee802154Showcase.sensor1.energyStorage,residualEnergyCapacity:last,source,residualEnergyCapacityChanged,
Ieee802154Power-2-20260924-21:43:54-1666,attr,Ieee802154Showcase.sensor1.energyStorage,residualEnergyCapacity:last,title,"Residual energy capacity, last",
Ieee802154Power-2-20260924-21:43:54-1666,attr,Ieee802154Showcase.sensor1.energyStorage,residualEnergyCapacity:last,unit,J,
Ieee802154Power-2-20260924-21:43:54-1666,scalar,Ieee802154Showcase.sensor2.energyStorage,residualEnergyCapacity:last,,,-0.066269441704558
Ieee802154Power-2-20260924-21:43:54-1666,attr,Ieee802154Showcase.sensor2.energyStorage,residualEnergyCapacity:last,interpolationmode,linear,
Ieee802154Power-2-20260924-21:43:54-1666,attr,Ieee802154Showcase.sensor2.energyStorage,residualEnergyCapacity:last,recordingmode,last,
Ieee802154Power-2-20260924-21:43:54-1666,attr,Ieee802154Showcase.sensor2.energyStorage,residualEnergyCapacity:last,source,residualEnergyCapacityChanged,
Ieee802154Power-2-20260924-21:43:54-1666,attr,Ieee802154Showcase.sensor2.energyStorage,residualEnergyCapacity:last,title,"Residual energy capacity, last",
Ieee802154Power-2-20260924-21:43:54-1666,attr,Ieee802154Showcase.sensor2.energyStorage,residualEnergyCapacity:last,unit,J,
Ieee802154Power-2-20260924-21:43:54-1666,scalar,Ieee802154Showcase.sensor3.energyStorage,residualEnergyCapacity:last,,,-0.066269441704516
Ieee802154Power-2-20260924-21:43:54-1666,attr,Ieee802154Showcase.sensor3.energyStorage,residualEnergyCapacity:last,interpolationmode,linear,
Ieee802154Power-2-20260924-21:43:54-1666,attr,Ieee802154Showcase.sensor3.energyStorage,residualEnergyCapacity:last,recordingmode,last,
Ieee802154Power-2-20260924-21:43:54-1666,attr,Ieee802154Showcase.sensor3.energyStorage,residualEnergyCapacity:last,source,residualEnergyCapacityChanged,
Ieee802154Power-2-20260924-21:43:54-1666,attr,Ieee802154Showcase.sensor3.energyStorage,residualEnergyCapacity:last,title,"Residual energy capacity, last",
Ieee802154Power-2-20260924-21:43:54-1666,attr,Ieee802154Showcase.sensor3.energyStorage,residualEnergyCapacity:last,unit,J,
Ieee802154Power-2-20260924-21:43:54-1666,scalar,Ieee802154Showcase.sensor4.energyStorage,residualEnergyCapacity:last,,,-0.06626944170458
Ieee802154Power-2-20260924-21:43:54-1666,attr,Ieee802154Showcase.sensor4.energyStorage,residualEnergyCapacity:last,interpolationmode,linear,
Ieee802154Power-2-20260924-21:43:54-1666,attr,Ieee802154Showcase.sensor4.energyStorage,residualEnergyCapacity:last,recordingmode,last,
Ieee802154Power-2-20260924-21:43:54-1666,attr,Ieee802154Showcase.sensor4.energyStorage,residualEnergyCapacity:last,source,residualEnergyCapacityChanged,
Ieee802154Power-2-20260924-21:43:54-1666,attr,Ieee802154Showcase.sensor4.energyStorage,residualEnergyCapacity:last,title,"Residual energy capacity, last",
Ieee802154Power-2-20260924-21:43:54-1666,attr,Ieee802154Showcase.sensor4.energyStorage,residualEnergyCapacity:last,unit,J,
Ieee802154Power-2-20260924-21:43:54-1666,scalar,Ieee802154Showcase.sensor5.energyStorage,residualEnergyCapacity:last,,,-0.066269441704534
Ieee802154Power-2-20260924-21:43:54-1666,attr,Ieee802154Showcase.sensor5.energyStorage,residualEnergyCapacity:last,interpolationmode,linear,
Ieee802154Power-2-20260924-21:43:54-1666,attr,Ieee802154Showcase.sensor5.energyStorage,residualEnergyCapacity:last,recordingmode,last,
Ieee802154Power-2-20260924-21:43:54-1666,attr,Ieee802154Showcase.sensor5.energyStorage,residualEnergyCapacity:last,source,residualEnergyCapacityChanged,
Ieee802154Power-2-20260924-21:43:54-1666,attr,Ieee802154Showcase.sensor5.energyStorage,residualEnergyCapacity:last,title,"Residual energy capacity, last",
Ieee802154Power-2-20260924-21:43:54-1666,attr,Ieee802154Showcase.sensor5.energyStorage,residualEnergyCapacity:last,unit,J,
Ieee802154Power-3-20260924-21:43:55-1666,scalar,Ieee802154Showcase.sensor1.energyStorage,residualEnergyCapacity:last,,,-0.066268980545466
Ieee802154Power-3-20260924-21:43:55-1666,attr,Ieee802154Showcase.sensor1.energyStorage,residualEnergyCapacity:last,interpolationmode,linear,
Ieee802154Power-3-20260924-21:43:55-1666,attr,Ieee802154Showcase.sensor1.energyStorage,residualEnergyCapacity:last,recordingmode,last,
Ieee802154Power-3-20260924-21:43:55-1666,attr,Ieee802154Showcase.sensor1.energyStorage,residualEnergyCapacity:last,source,residualEnergyCapacityChanged,
Ieee802154Power-3-20260924-21:43:55-1666,attr,Ieee802154Showcase.sensor1.energyStorage,residualEnergyCapacity:last,title,"Residual energy capacity, last",
Ieee802154Power-3-20260924-21:43:55-1666,attr,Ieee802154Showcase.sensor1.energyStorage,residualEnergyCapacity:last,unit,J,
Ieee802154Power-3-20260924-21:43:55-1666,scalar,Ieee802154Showcase.sensor2.energyStorage,residualEnergyCapacity:last,,,-0.066268980545451
Ieee802154Power-3-20260924-21:43:55-1666,attr,Ieee802154Showcase.sensor2.energyStorage,residualEnergyCapacity:last,interpolationmode,linear,
Ieee802154Power-3-20260924-21:43:55-1666,attr,Ieee802154Showcase.sensor2.energyStorage,residualEnergyCapacity:last,recordingmode,last,
Ieee802154Power-3-20260924-21:43:55-1666,attr,Ieee802154Showcase.sensor2.energyStorage,residualEnergyCapacity:last,source,residualEnergyCapacityChanged,
Ieee802154Power-3-20260924-21:43:55-1666,attr,Ieee802154Showcase.sensor2.energyStorage,residualEnergyCapacity:last,title,"Residual energy capacity, last",
Ieee802154Power-3-20260924-21:43:55-1666,attr,Ieee802154Showcase.sensor2.energyStorage,residualEnergyCapacity:last,unit,J,
Ieee802154Power-3-20260924-21:43:55-1666,scalar,Ieee802154Showcase.sensor3.energyStorage,residualEnergyCapacity:last,,,-0.06626898054541
Ieee802154Power-3-20260924-21:43:55-1666,attr,Ieee802154Showcase.sensor3.energyStorage,residualEnergyCapacity:last,interpolationmode,linear,
Ieee802154Power-3-20260924-21:43:55-1666,attr,Ieee802154Showcase.sensor3.energyStorage,residualEnergyCapacity:last,recordingmode,last,
Ieee802154Power-3-20260924-21:43:55-1666,attr,Ieee802154Showcase.sensor3.energyStorage,residualEnergyCapacity:last,source,residualEnergyCapacityChanged,
Ieee802154Power-3-20260924-21:43:55-1666,attr,Ieee802154Showcase.sensor3.energyStorage,residualEnergyCapacity:last,title,"Residual energy capacity, last",
Ieee802154Power-3-20260924-21:43:55-1666,attr,Ieee802154Showcase.sensor3.energyStorage,residualEnergyCapacity:last,unit,J,
Ieee802154Power-3-20260924-21:43:55-1666,scalar,Ieee802154Showcase.sensor4.energyStorage,residualEnergyCapacity:last,,,-0.066268980545473
Ieee802154Power-3-20260924-21:43:55-1666,attr,Ieee802154Showcase.sensor4.energyStorage,residualEnergyCapacity:last,interpolationmode,linear,
Ieee802154Power-3-20260924-21:43:55-1666,attr,Ieee802154Showcase.sensor4.energyStorage,residualEnergyCapacity:last,recordingmode,last,
Ieee802154Power-3-20260924-21:43:55-1666,attr,Ieee802154Showcase.sensor4.energyStorage,residualEnergyCapacity:last,source,residualEnergyCapacityChanged,
Ieee802154Power-3-20260924-21:43:55-1666,attr,Ieee802154Showcase.sensor4.energyStorage,residualEnergyCapacity:last,title,"Residual energy capacity, last",
Ieee802154Power-3-20260924-21:43:55-1666,attr,Ieee802154Showcase.sensor4.energyStorage,residualEnergyCapacity:last,unit,J,
Ieee802154Power-3-20260924-21:43:55-1666,scalar,Ieee802154Showcase.sensor5.energyStorage,residualEnergyCapacity:last,,,-0.066268980545428
Ieee802154Power-3-20260924-21:43:55-1666,attr,Ieee802154Showcase.sensor5.energyStorage,residualEnergyCapacity:last,interpolationmode,linear,
Ieee802154Power-3-20260924-21:43:55-1666,attr,Ieee802154Showcase.sensor5.energyStorage,residualEnergyCapacity:last,recordingmode,last,
Ieee802154Power-3-20260924-21:43:55-1666,attr,Ieee802154Showcase.sensor5.energyStorage,residualEnergyCapacity:last,source,residualEnergyCapacityChanged,
Ieee802154Power-3-20260924-21:43:55-1666,attr,Ieee802154Showcase.sensor5.energyStorage,residualEnergyCapacity:last,title,"Residual energy capacity, last",
Ieee802154Power-3-20260924-21:43:55-1666,attr,Ieee802154Showcase.sensor5.energyStorage,residualEnergyCapacity:last,unit,J,
Ieee802154Power-4-20260924-21:43:55-1666,scalar,Ieee802154Showcase.sensor1.energyStorage,residualEnergyCapacity:last,,,-0.066268269701459
Ieee802154Power-4-20260924-21:43:55-1666,attr,Ieee802154Showcase.sensor1.energyStorage,residualEnergyCapacity:last,interpolationmode,linear,
Ieee802154Power-4-20260924-21:43:55-1666,attr,Ieee802154Showcase.sensor1.energyStorage,residualEnergyCapacity:last,recordingmode,last,
Ieee802154Power-4-20260924-21:43:55-1666,attr,Ieee802154Showcase.sensor1.energyStorage,residualEnergyCapacity:last,source,residualEnergyCapacityChanged,
Ieee802154Power-4-20260924-21:43:55-1666,attr,Ieee802154Showcase.sensor1.energyStorage,residualEnergyCapacity:last,title,"Residual energy capacity, last",
Ieee802154Power-4-20260924-21:43:55-1666,attr,Ieee802154Showcase.sensor1.energyStorage,residualEnergyCapacity:last,unit,J,
Ieee802154Power-4-20260924-21:43:55-1666,scalar,Ieee802154Showcase.sensor2.energyStorage,residualEnergyCapacity:last,,,-0.066268269701444
Ieee802154Power-4-20260924-21:43:55-1666,attr,Ieee802154Showcase.sensor2.energyStorage,residualEnergyCapacity:last,interpolationmode,linear,
Ieee802154Power-4-20260924-21:43:55-1666,attr,Ieee802154Showcase.sensor2.energyStorage,residualEnergyCapacity:last,recordingmode,last,
Ieee802154Power-4-20260924-21:43:55-1666,attr,Ieee802154Showcase.sensor2.energyStorage,residualEnergyCapacity:last,source,residualEnergyCapacityChanged,
Ieee802154Power-4-20260924-21:43:55-1666,attr,Ieee802154Showcase.sensor2.energyStorage,residualEnergyCapacity:last,title,"Residual energy capacity, last",
Ieee802154Power-4-20260924-21:43:55-1666,attr,Ieee802154Showcase.sensor2.energyStorage,residualEnergyCapacity:last,unit,J,
Ieee802154Power-4-20260924-21:43:55-1666,scalar,Ieee802154Showcase.sensor3.energyStorage,residualEnergyCapacity:last,,,-0.066268269701403
Ieee802154Power-4-20260924-21:43:55-1666,attr,Ieee802154Showcase.sensor3.energyStorage,residualEnergyCapacity:last,interpolationmode,linear,
Ieee802154Power-4-20260924-21:43:55-1666,attr,Ieee802154Showcase.sensor3.energyStorage,residualEnergyCapacity:last,recordingmode,last,
Ieee802154Power-4-20260924-21:43:55-1666,attr,Ieee802154Showcase.sensor3.energyStorage,residualEnergyCapacity:last,source,residualEnergyCapacityChanged,
Ieee802154Power-4-20260924-21:43:55-1666,attr,Ieee802154Showcase.sensor3.energyStorage,residualEnergyCapacity:last,title,"Residual energy capacity, last",
Ieee802154Power-4-20260924-21:43:55-1666,attr,Ieee802154Showcase.sensor3.energyStorage,residualEnergyCapacity:last,unit,J,
Ieee802154Power-4-20260924-21:43:55-1666,scalar,Ieee802154Showcase.sensor4.energyStorage,residualEnergyCapacity:last,,,-0.066268269701466
Ieee802154Power-4-20260924-21:43:55-1666,attr,Ieee802154Showcase.sensor4.energyStorage,residualEnergyCapacity:last,interpolationmode,linear,
Ieee802154Power-4-20260924-21:43:55-1666,attr,Ieee802154Showcase.sensor4.energyStorage,residualEnergyCapacity:last,recordingmode,last,
Ieee802154Power-4-20260924-21:43:55-1666,attr,Ieee802154Showcase.sensor4.energyStorage,residualEnergyCapacity:last,source,residualEnergyCapacityChanged,
Ieee802154Power-4-20260924-21:43:55-1666,attr,Ieee802154Showcase.sensor4.energyStorage,residualEnergyCapacity:last,title,"Residual energy capacity, last",
Ieee802154Power-4-20260924-21:43:55-1666,attr,Ieee802154Showcase.sensor4.energyStorage,residualEnergyCapacity:last,unit,J,
Ieee802154Power-4-20260924-21:43:55-1666,scalar,Ieee802154Showcase.sensor5.energyStorage,residualEnergyCapacity:last,,,-0.066268269701421
Ieee802154Power-4-20260924-21:43:55-1666,attr,Ieee802154Showcase.sensor5.energyStorage,residualEnergyCapacity:last,interpolationmode,linear,
Ieee802154Power-4-20260924-21:43:55-1666,attr,Ieee802154Showcase.sensor5.energyStorage,residualEnergyCapacity:last,recordingmode,last,
Ieee802154Power-4-20260924-21:43:55-1666,attr,Ieee802154Showcase.sensor5.energyStorage,residualEnergyCapacity:last,source,residualEnergyCapacityChanged,
Ieee802154Power-4-20260924-21:43:55-1666,attr,Ieee802154Showcase.sensor5.energyStorage,residualEnergyCapacity:last,title,"Residual energy capacity, last",
Ieee802154Power-4-20260924-21:43:55-1666,attr,Ieee802154Showcase.sensor5.energyStorage,residualEnergyCapacity:last,unit,J,
Ieee802154Power-5-20260924-21:43:56-1666,scalar,Ieee802154Showcase.sensor1.energyStorage,residualEnergyCapacity:last,,,-0.066167285065228
Ieee802154Power-5-20260924-21:43:56-1666,attr,Ieee802154Showcase.sensor1.energyStorage,residualEnergyCapacity:last,interpolationmode,linear,
Ieee802154Power-5-20260924-21:43:56-1666,attr,Ieee802154Showcase.sensor1.energyStorage,residualEnergyCapacity:last,recordingmode,last,
Ieee802154Power-5-20260924-21:43:56-1666,attr,Ieee802154Showcase.sensor1.energyStorage,residualEnergyCapacity:last,source,residualEnergyCapacityChanged,
Ieee802154Power-5-20260924-21:43:56-1666,attr,Ieee802154Showcase.sensor1.energyStorage,residualEnergyCapacity:last,title,"Residual energy capacity, last",
Ieee802154Power-5-20260924-21:43:56-1666,attr,Ieee802154Showcase.sensor1.energyStorage,residualEnergyCapacity:last,unit,J,
Ieee802154Power-5-20260924-21:43:56-1666,scalar,Ieee802154Showcase.sensor2.energyStorage,residualEnergyCapacity:last,,,-0.066167285065213
Ieee802154Power-5-20260924-21:43:56-1666,attr,Ieee802154Showcase.sensor2.energyStorage,residualEnergyCapacity:last,interpolationmode,linear,
Ieee802154Power-5-20260924-21:43:56-1666,attr,Ieee802154Showcase.sensor2.energyStorage,residualEnergyCapacity:last,recordingmode,last,
Ieee802154Power-5-20260924-21:43:56-1666,attr,Ieee802154Showcase.sensor2.energyStorage,residualEnergyCapacity:last,source,residualEnergyCapacityChanged,
Ieee802154Power-5-20260924-21:43:56-1666,attr,Ieee802154Showcase.sensor2.energyStorage,residualEnergyCapacity:last,title,"Residual energy capacity, last",
Ieee802154Power-5-20260924-21:43:56-1666,attr,Ieee802154Showcase.sensor2.energyStorage,residualEnergyCapacity:last,unit,J,
Ieee802154Power-5-20260924-21:43:56-1666,scalar,Ieee802154Showcase.sensor3.energyStorage,residualEnergyCapacity:last,,,-0.066167285065172
Ieee802154Power-5-20260924-21:43:56-1666,attr,Ieee802154Showcase.sensor3.energyStorage,residualEnergyCapacity:last,interpolationmode,linear,
Ieee802154Power-5-20260924-21:43:56-1666,attr,Ieee802154Showcase.sensor3.energyStorage,residualEnergyCapacity:last,recordingmode,last,
Ieee802154Power-5-20260924-21:43:56-1666,attr,Ieee802154Showcase.sensor3.energyStorage,residualEnergyCapacity:last,source,residualEnergyCapacityChanged,
Ieee802154Power-5-20260924-21:43:56-1666,attr,Ieee802154Showcase.sensor3.energyStorage,residualEnergyCapacity:last,title,"Residual energy capacity, last",
Ieee802154Power-5-20260924-21:43:56-1666,attr,Ieee802154Showcase.sensor3.energyStorage,residualEnergyCapacity:last,unit,J,
Ieee802154Power-5-20260924-21:43:56-1666,scalar,Ieee802154Showcase.sensor4.energyStorage,residualEnergyCapacity:last,,,-0.066167285065235
Ieee802154Power-5-20260924-21:43:56-1666,attr,Ieee802154Showcase.sensor4.energyStorage,residualEnergyCapacity:last,interpolationmode,linear,
Ieee802154Power-5-20260924-21:43:56-1666,attr,Ieee802154Showcase.sensor4.energyStorage,residualEnergyCapacity:last,recordingmode,last,
Ieee802154Power-5-20260924-21:43:56-1666,attr,Ieee802154Showcase.sensor4.energyStorage,residualEnergyCapacity:last,source,residualEnergyCapacityChanged,
Ieee802154Power-5-20260924-21:43:56-1666,attr,Ieee802154Showcase.sensor4.energyStorage,residualEnergyCapacity:last,title,"Residual energy capacity, last",
Ieee802154Power-5-20260924-21:43:56-1666,attr,Ieee802154Showcase.sensor4.energyStorage,residualEnergyCapacity:last,unit,J,
Ieee802154Power-5-20260924-21:43:56-1666,scalar,Ieee802154Showcase.sensor5.energyStorage,residualEnergyCapacity:last,,,-0.066167285065189
Ieee802154Power-5-20260924-21:43:56-1666,attr,Ieee802154Showcase.sensor5.energyStorage,residualEnergyCapacity:last,interpolationmode,linear,
Ieee802154Power-5-20260924-21:43:56-1666,attr,Ieee802154Showcase.sensor5.energyStorage,residualEnergyCapacity:last,recordingmode,last,
Ieee802154Power-5-20260924-21:43:56-1666,attr,Ieee802154Showcase.sensor5.energyStorage,residualEnergyCapacity:last,source,residualEnergyCapacityChanged,
Ieee802154Power-5-20260924-21:43:56-1666,attr,Ieee802154Showcase.sensor5.energyStorage,residualEnergyCapacity:last,title,"Residual energy capacity, last",
Ieee802154Power-5-20260924-21:43:56-1666,attr,Ieee802154Showcase.sensor5.energyStorage,residualEnergyCapacity:last,unit,J,
Ieee802154Power-6-20260924-21:43:56-1666,scalar,Ieee802154Showcase.sensor1.energyStorage,residualEnergyCapacity:last,,,-0.066269574173576
Ieee802154Power-6-20260924-21:43:56-1666,attr,Ieee802154Showcase.sensor1.energyStorage,residualEnergyCapacity:last,interpolationmode,linear,
Ieee802154Power-6-20260924-21:43:56-1666,attr,Ieee802154Showcase.sensor1.energyStorage,residualEnergyCapacity:last,recordingmode,last,
Ieee802154Power-6-20260924-21:43:56-1666,attr,Ieee802154Showcase.sensor1.energyStorage,residualEnergyCapacity:last,source,residualEnergyCapacityChanged,
Ieee802154Power-6-20260924-21:43:56-1666,attr,Ieee802154Showcase.sensor1.energyStorage,residualEnergyCapacity:last,title,"Residual energy capacity, last",
Ieee802154Power-6-20260924-21:43:56-1666,attr,Ieee802154Showcase.sensor1.energyStorage,residualEnergyCapacity:last,unit,J,
Ieee802154Power-6-20260924-21:43:56-1666,scalar,Ieee802154Showcase.sensor2.energyStorage,residualEnergyCapacity:last,,,-0.066269574173618
Ieee802154Power-6-20260924-21:43:56-1666,attr,Ieee802154Showcase.sensor2.energyStorage,residualEnergyCapacity:last,interpolationmode,linear,
Ieee802154Power-6-20260924-21:43:56-1666,attr,Ieee802154Showcase.sensor2.energyStorage,residualEnergyCapacity:last,recordingmode,last,
Ieee802154Power-6-20260924-21:43:56-1666,attr,Ieee802154Showcase.sensor2.energyStorage,residualEnergyCapacity:last,source,residualEnergyCapacityChanged,
Ieee802154Power-6-20260924-21:43:56-1666,attr,Ieee802154Showcase.sensor2.energyStorage,residualEnergyCapacity:last,title,"Residual energy capacity, last",
Ieee802154Power-6-20260924-21:43:56-1666,attr,Ieee802154Showcase.sensor2.energyStorage,residualEnergyCapacity:last,unit,J,
Ieee802154Power-6-20260924-21:43:56-1666,scalar,Ieee802154Showcase.sensor3.energyStorage,residualEnergyCapacity:last,,,-0.066269574173528
Ieee802154Power-6-20260924-21:43:56-1666,attr,Ieee802154Showcase.sensor3.energyStorage,residualEnergyCapacity:last,interpolationmode,linear,
Ieee802154Power-6-20260924-21:43:56-1666,attr,Ieee802154Showcase.sensor3.energyStorage,residualEnergyCapacity:last,recordingmode,last,
Ieee802154Power-6-20260924-21:43:56-1666,attr,Ieee802154Showcase.sensor3.energyStorage,residualEnergyCapacity:last,source,residualEnergyCapacityChanged,
Ieee802154Power-6-20260924-21:43:56-1666,attr,Ieee802154Showcase.sensor3.energyStorage,residualEnergyCapacity:last,title,"Residual energy capacity, last",
Ieee802154Power-6-20260924-21:43:56-1666,attr,Ieee802154Showcase.sensor3.energyStorage,residualEnergyCapacity:last,unit,J,
Ieee802154Power-6-20260924-21:43:56-1666,scalar,Ieee802154Showcase.sensor4.energyStorage,residualEnergyCapacity:last,,,-0.066269574173706
Ieee802154Power-6-20260924-21:43:56-1666,attr,Ieee802154Showcase.sensor4.energyStorage,residualEnergyCapacity:last,interpolationmode,linear,
Ieee802154Power-6-20260924-21:43:56-1666,attr,Ieee802154Showcase.sensor4.energyStorage,residualEnergyCapacity:last,recordingmode,last,
Ieee802154Power-6-20260924-21:43:56-1666,attr,Ieee802154Showcase.sensor4.energyStorage,residualEnergyCapacity:last,source,residualEnergyCapacityChanged,
Ieee802154Power-6-20260924-21:43:56-1666,attr,Ieee802154Showcase.sensor4.energyStorage,residualEnergyCapacity:last,title,"Residual energy capacity, last",
Ieee802154Power-6-20260924-21:43:56-1666,attr,Ieee802154Showcase.sensor4.energyStorage,residualEnergyCapacity:last,unit,J,
Ieee802154Power-6-20260924-21:43:56-1666,scalar,Ieee802154Showcase.sensor5.energyStorage,residualEnergyCapacity:last,,,-0.066269574173654
Ieee802154Power-6-20260924-21:43:56-1666,attr,Ieee802154Showcase.sensor5.energyStorage,residualEnergyCapacity:last,interpolationmode,linear,
Ieee802154Power-6-20260924-21:43:56-1666,attr,Ieee802154Showcase.sensor5.energyStorage,residualEnergyCapacity:last,recordingmode,last,
Ieee802154Power-6-20260924-21:43:56-1666,attr,Ieee802154Showcase.sensor5.energyStorage,residualEnergyCapacity:last,source,residualEnergyCapacityChanged,
Ieee802154Power-6-20260924-21:43:56-1666,attr,Ieee802154Showcase.sensor5.energyStorage,residualEnergyCapacity:last,title,"Residual energy capacity, last",
Ieee802154Power-6-20260924-21:43:56-1666,attr,Ieee802154Showcase.sensor5.energyStorage,residualEnergyCapacity:last,unit,J,
Ieee802154Power-7-20260924-21:43:56-1666,scalar,Ieee802154Showcase.sensor1.energyStorage,residualEnergyCapacity:last,,,-0.066165209290784
Ieee802154Power-7-20260924-21:43:56-1666,attr,Ieee802154Showcase.sensor1.energyStorage,residualEnergyCapacity:last,interpolationmode,linear,
Ieee802154Power-7-20260924-21:43:56-1666,attr,Ieee802154Showcase.sensor1.energyStorage,residualEnergyCapacity:last,recordingmode,last,
Ieee802154Power-7-20260924-21:43:56-1666,attr,Ieee802154Showcase.sensor1.energyStorage,residualEnergyCapacity:last,source,residualEnergyCapacityChanged,
Ieee802154Power-7-20260924-21:43:56-1666,attr,Ieee802154Showcase.sensor1.energyStorage,residualEnergyCapacity:last,title,"Residual energy capacity, last",
Ieee802154Power-7-20260924-21:43:56-1666,attr,Ieee802154Showcase.sensor1.energyStorage,residualEnergyCapacity:last,unit,J,
Ieee802154Power-7-20260924-21:43:56-1666,scalar,Ieee802154Showcase.sensor2.energyStorage,residualEnergyCapacity:last,,,-0.066165209290901
Ieee802154Power-7-20260924-21:43:56-1666,attr,Ieee802154Showcase.sensor2.energyStorage,residualEnergyCapacity:last,interpolationmode,linear,
Ieee802154Power-7-20260924-21:43:56-1666,attr,Ieee802154Showcase.sensor2.energyStorage,residualEnergyCapacity:last,recordingmode,last,
Ieee802154Power-7-20260924-21:43:56-1666,attr,Ieee802154Showcase.sensor2.energyStorage,residualEnergyCapacity:last,source,residualEnergyCapacityChanged,
Ieee802154Power-7-20260924-21:43:56-1666,attr,Ieee802154Showcase.sensor2.energyStorage,residualEnergyCapacity:last,title,"Residual energy capacity, last",
Ieee802154Power-7-20260924-21:43:56-1666,attr,Ieee802154Showcase.sensor2.energyStorage,residualEnergyCapacity:last,unit,J,
Ieee802154Power-7-20260924-21:43:56-1666,scalar,Ieee802154Showcase.sensor3.energyStorage,residualEnergyCapacity:last,,,-0.066165209290836
Ieee802154Power-7-20260924-21:43:56-1666,attr,Ieee802154Showcase.sensor3.energyStorage,residualEnergyCapacity:last,interpolationmode,linear,
Ieee802154Power-7-20260924-21:43:56-1666,attr,Ieee802154Showcase.sensor3.energyStorage,residualEnergyCapacity:last,recordingmode,last,
Ieee802154Power-7-20260924-21:43:56-1666,attr,Ieee802154Showcase.sensor3.energyStorage,residualEnergyCapacity:last,source,residualEnergyCapacityChanged,
Ieee802154Power-7-20260924-21:43:56-1666,attr,Ieee802154Showcase.sensor3.energyStorage,residualEnergyCapacity:last,title,"Residual energy capacity, last",
Ieee802154Power-7-20260924-21:43:56-1666,attr,Ieee802154Showcase.sensor3.energyStorage,residualEnergyCapacity:last,unit,J,
Ieee802154Power-7-20260924-21:43:56-1666,scalar,Ieee802154Showcase.sensor4.energyStorage,residualEnergyCapacity:last,,,-0.066165209290898
Ieee802154Power-7-20260924-21:43:56-1666,attr,Ieee802154Showcase.sensor4.energyStorage,residualEnergyCapacity:last,interpolationmode,linear,
Ieee802154Power-7-20260924-21:43:56-1666,attr,Ieee802154Showcase.sensor4.energyStorage,residualEnergyCapacity:last,recordingmode,last,
Ieee802154Power-7-20260924-21:43:56-1666,attr,Ieee802154Showcase.sensor4.energyStorage,residualEnergyCapacity:last,source,residualEnergyCapacityChanged,
Ieee802154Power-7-20260924-21:43:56-1666,attr,Ieee802154Showcase.sensor4.energyStorage,residualEnergyCapacity:last,title,"Residual energy capacity, last",
Ieee802154Power-7-20260924-21:43:56-1666,attr,Ieee802154Showcase.sensor4.energyStorage,residualEnergyCapacity:last,unit,J,
Ieee802154Power-7-20260924-21:43:56-1666,scalar,Ieee802154Showcase.sensor5.energyStorage,residualEnergyCapacity:last,,,-0.06616520929073
Ieee802154Power-7-20260924-21:43:56-1666,attr,Ieee802154Showcase.sensor5.energyStorage,residualEnergyCapacity:last,interpolationmode,linear,
Ieee802154Power-7-20260924-21:43:56-1666,attr,Ieee802154Showcase.sensor5.energyStorage,residualEnergyCapacity:last,recordingmode,last,
Ieee802154Power-7-20260924-21:43:56-1666,attr,Ieee802154Showcase.sensor5.energyStorage,residualEnergyCapacity:last,source,residualEnergyCapacityChanged,
Ieee802154Power-7-20260924-21:43:56-1666,attr,Ieee802154Showcase.sensor5.energyStorage,residualEnergyCapacity:last,title,"Residual energy capacity, last",
Ieee802154Power-7-20260924-21:43:56-1666,attr,Ieee802154Showcase.sensor5.energyStorage,residualEnergyCapacity:last,unit,J,
Ieee802154Power-8-20260924-21:43:57-1666,scalar,Ieee802154Showcase.sensor1.energyStorage,residualEnergyCapacity:last,,,-0.066269411392187
Ieee802154Power-8-20260924-21:43:57-1666,attr,Ieee802154Showcase.sensor1.energyStorage,residualEnergyCapacity:last,interpolationmode,linear,
Ieee802154Power-8-20260924-21:43:57-1666,attr,Ieee802154Showcase.sensor1.energyStorage,residualEnergyCapacity:last,recordingmode,last,
Ieee802154Power-8-20260924-21:43:57-1666,attr,Ieee802154Showcase.sensor1.energyStorage,residualEnergyCapacity:last,source,residualEnergyCapacityChanged,
Ieee802154Power-8-20260924-21:43:57-1666,attr,Ieee802154Showcase.sensor1.energyStorage,residualEnergyCapacity:last,title,"Residual energy capacity, last",
Ieee802154Power-8-20260924-21:43:57-1666,attr,Ieee802154Showcase.sensor1.energyStorage,residualEnergyCapacity:last,unit,J,
Ieee802154Power-8-20260924-21:43:57-1666,scalar,Ieee802154Showcase.sensor2.energyStorage,residualEnergyCapacity:last,,,-0.066269411392173
Ieee802154Power-8-20260924-21:43:57-1666,attr,Ieee802154Showcase.sensor2.energyStorage,residualEnergyCapacity:last,interpolationmode,linear,
Ieee802154Power-8-20260924-21:43:57-1666,attr,Ieee802154Showcase.sensor2.energyStorage,residualEnergyCapacity:last,recordingmode,last,
Ieee802154Power-8-20260924-21:43:57-1666,attr,Ieee802154Showcase.sensor2.energyStorage,residualEnergyCapacity:last,source,residualEnergyCapacityChanged,
Ieee802154Power-8-20260924-21:43:57-1666,attr,Ieee802154Showcase.sensor2.energyStorage,residualEnergyCapacity:last,title,"Residual energy capacity, last",
Ieee802154Power-8-20260924-21:43:57-1666,attr,Ieee802154Showcase.sensor2.energyStorage,residualEnergyCapacity:last,unit,J,
Ieee802154Power-8-20260924-21:43:57-1666,scalar,Ieee802154Showcase.sensor3.energyStorage,residualEnergyCapacity:last,,,-0.066269411392131
Ieee802154Power-8-20260924-21:43:57-1666,attr,Ieee802154Showcase.sensor3.energyStorage,residualEnergyCapacity:last,interpolationmode,linear,
Ieee802154Power-8-20260924-21:43:57-1666,attr,Ieee802154Showcase.sensor3.energyStorage,residualEnergyCapacity:last,recordingmode,last,
Ieee802154Power-8-20260924-21:43:57-1666,attr,Ieee802154Showcase.sensor3.energyStorage,residualEnergyCapacity:last,source,residualEnergyCapacityChanged,
Ieee802154Power-8-20260924-21:43:57-1666,attr,Ieee802154Showcase.sensor3.energyStorage,residualEnergyCapacity:last,title,"Residual energy capacity, last",
Ieee802154Power-8-20260924-21:43:57-1666,attr,Ieee802154Showcase.sensor3.energyStorage,residualEnergyCapacity:last,unit,J,
Ieee802154Power-8-20260924-21:43:57-1666,scalar,Ieee802154Showcase.sensor4.energyStorage,residualEnergyCapacity:last,,,-0.066269411392195
Ieee802154Power-8-20260924-21:43:57-1666,attr,Ieee802154Showcase.sensor4.energyStorage,residualEnergyCapacity:last,interpolationmode,linear,
Ieee802154Power-8-20260924-21:43:57-1666,attr,Ieee802154Showcase.sensor4.energyStorage,residualEnergyCapacity:last,recordingmode,last,
Ieee802154Power-8-20260924-21:43:57-1666,attr,Ieee802154Showcase.sensor4.energyStorage,residualEnergyCapacity:last,source,residualEnergyCapacityChanged,
Ieee802154Power-8-20260924-21:43:57-1666,attr,Ieee802154Showcase.sensor4.energyStorage,residualEnergyCapacity:last,title,"Residual energy capacity, last",
Ieee802154Power-8-20260924-21:43:57-1666,attr,Ieee802154Showcase.sensor4.energyStorage,residualEnergyCapacity:last,unit,J,
Ieee802154Power-8-20260924-21:43:57-1666,scalar,Ieee802154Showcase.sensor5.energyStorage,residualEnergyCapacity:last,,,-0.066269411392149
Ieee802154Power-8-20260924-21:43:57-1666,attr,Ieee802154Showcase.sensor5.energyStorage,residualEnergyCapacity:last,interpolationmode,linear,
Ieee802154Power-8-20260924-21:43:57-1666,attr,Ieee802154Showcase.sensor5.energyStorage,residualEnergyCapacity:last,recordingmode,last,
Ieee802154Power-8-20260924-21:43:57-1666,attr,Ieee802154Showcase.sensor5.energyStorage,residualEnergyCapacity:last,source,residualEnergyCapacityChanged,
Ieee802154Power-8-20260924-21:43:57-1666,attr,Ieee802154Showcase.sensor5.energyStorage,residualEnergyCapacity:last,title,"Residual energy capacity, last",
Ieee802154Power-8-20260924-21:43:57-1666,attr,Ieee802154Showcase.sensor5.energyStorage,residualEnergyCapacity:last,unit,J,
Ieee802154Power-9-20260924-21:43:57-1666,scalar,Ieee802154Showcase.sensor1.energyStorage,residualEnergyCapacity:last,,,-0.066166772346244
Ieee802154Power-9-20260924-21:43:57-1666,attr,Ieee802154Showcase.sensor1.energyStorage,residualEnergyCapacity:last,interpolationmode,linear,
Ieee802154Power-9-20260924-21:43:57-1666,attr,Ieee802154Showcase.sensor1.energyStorage,residualEnergyCapacity:last,recordingmode,last,
Ieee802154Power-9-20260924-21:43:57-1666,attr,Ieee802154Showcase.sensor1.energyStorage,residualEnergyCapacity:last,source,residualEnergyCapacityChanged,
Ieee802154Power-9-20260924-21:43:57-1666,attr,Ieee802154Showcase.sensor1.energyStorage,residualEnergyCapacity:last,title,"Residual energy capacity, last",
Ieee802154Power-9-20260924-21:43:57-1666,attr,Ieee802154Showcase.sensor1.energyStorage,residualEnergyCapacity:last,unit,J,
Ieee802154Power-9-20260924-21:43:57-1666,scalar,Ieee802154Showcase.sensor2.energyStorage,residualEnergyCapacity:last,,,-0.066166772346229
Ieee802154Power-9-20260924-21:43:57-1666,attr,Ieee802154Showcase.sensor2.energyStorage,residualEnergyCapacity:last,interpolationmode,linear,
Ieee802154Power-9-20260924-21:43:57-1666,attr,Ieee802154Showcase.sensor2.energyStorage,residualEnergyCapacity:last,recordingmode,last,
Ieee802154Power-9-20260924-21:43:57-1666,attr,Ieee802154Showcase.sensor2.energyStorage,residualEnergyCapacity:last,source,residualEnergyCapacityChanged,
Ieee802154Power-9-20260924-21:43:57-1666,attr,Ieee802154Showcase.sensor2.energyStorage,residualEnergyCapacity:last,title,"Residual energy capacity, last",
Ieee802154Power-9-20260924-21:43:57-1666,attr,Ieee802154Showcase.sensor2.energyStorage,residualEnergyCapacity:last,unit,J,
Ieee802154Power-9-20260924-21:43:57-1666,scalar,Ieee802154Showcase.sensor3.energyStorage,residualEnergyCapacity:last,,,-0.066166772346187
Ieee802154Power-9-20260924-21:43:57-1666,attr,Ieee802154Showcase.sensor3.energyStorage,residualEnergyCapacity:last,interpolationmode,linear,
Ieee802154Power-9-20260924-21:43:57-1666,attr,Ieee802154Showcase.sensor3.energyStorage,residualEnergyCapacity:last,recordingmode,last,
Ieee802154Power-9-20260924-21:43:57-1666,attr,Ieee802154Showcase.sensor3.energyStorage,residualEnergyCapacity:last,source,residualEnergyCapacityChanged,
Ieee802154Power-9-20260924-21:43:57-1666,attr,Ieee802154Showcase.sensor3.energyStorage,residualEnergyCapacity:last,title,"Residual energy capacity, last",
Ieee802154Power-9-20260924-21:43:57-1666,attr,Ieee802154Showcase.sensor3.energyStorage,residualEnergyCapacity:last,unit,J,
Ieee802154Power-9-20260924-21:43:57-1666,scalar,Ieee802154Showcase.sensor4.energyStorage,residualEnergyCapacity:last,,,-0.066166772346251
Ieee802154Power-9-20260924-21:43:57-1666,attr,Ieee802154Showcase.sensor4.energyStorage,residualEnergyCapacity:last,interpolationmode,linear,
Ieee802154Power-9-20260924-21:43:57-1666,attr,Ieee802154Showcase.sensor4.energyStorage,residualEnergyCapacity:last,recordingmode,last,
Ieee802154Power-9-20260924-21:43:57-1666,attr,Ieee802154Showcase.sensor4.energyStorage,residualEnergyCapacity:last,source,residualEnergyCapacityChanged,
Ieee802154Power-9-20260924-21:43:57-1666,attr,Ieee802154Showcase.sensor4.energyStorage,residualEnergyCapacity:last,title,"Residual energy capacity, last",
Ieee802154Power-9-20260924-21:43:57-1666,attr,Ieee802154Showcase.sensor4.energyStorage,residualEnergyCapacity:last,unit,J,
Ieee802154Power-9-20260924-21:43:57-1666,scalar,Ieee802154Showcase.sensor5.energyStorage,residualEnergyCapacity:last,,,-0.066166772346205
Ieee802154Power-9-20260924-21:43:57-1666,attr,Ieee802154Showcase.sensor5.energyStorage,residualEnergyCapacity:last,interpolationmode,linear,
Ieee802154Power-9-20260924-21:43:57-1666,attr,Ieee802154Showcase.sensor5.energyStorage,residualEnergyCapacity:last,recordingmode,last,
Ieee802154Power-9-20260924-21:43:57-1666,attr,Ieee802154Showcase.sensor5.energyStorage,residualEnergyCapacity:last,source,residualEnergyCapacityChanged,
Ieee802154Power-9-20260924-21:43:57-1666,attr,Ieee802154Showcase.sensor5.energyStorage,residualEnergyCapacity:last,title,"Residual energy capacity, last",
Ieee802154Power-9-20260924-21:43:57-1666,attr,Ieee802154Showcase.sensor5.energyStorage,residualEnergyCapacity:last,unit,J,
