run,type,module,name,attrname,attrvalue,vectime,vecvalue
EnergyEfficient-0-20260924-21:08:21-1581,runattr,,,configname,EnergyEfficient,,
EnergyEfficient-0-20260924-21:08:21-1581,runattr,,,datetime,20260924-21:08:21,,
EnergyEfficient-0-20260924-21:08:21-1581,runattr,,,datetimef,20260924-210821,,
EnergyEfficient-0-20260924-21:08:21-1581,runattr,,,experiment,EnergyEfficient,,
EnergyEfficient-0-20260924-21:08:21-1581,runattr,,,inifile,omnetpp.ini,,
EnergyEfficient-0-20260924-21:08:21-1581,runattr,,,iterationvars,,,
EnergyEfficient-0-20260924-21:08:21-1581,runattr,,,iterationvarsd,,,
EnergyEfficient-0-20260924-21:08:21-1581,runattr,,,iterationvarsf,,,
EnergyEfficient-0-20260924-21:08:21-1581,runattr,,,measurement,,,
EnergyEfficient-0-20260924-21:08:21-1581,runattr,,,network,Ieee802154Showcase,,
EnergyEfficient-0-20260924-21:08:21-1581,runattr,,,processid,1581,,
EnergyEfficient-0-20260924-21:08:21-1581,runattr,,,repetition,0,,
EnergyEfficient-0-20260924-21:08:21-1581,runattr,,,replication,#0,,
EnergyEfficient-0-20260924-21:08:21-1581,runattr,,,resultdir,results,,
EnergyEfficient-0-20260924-21:08:21-1581,runattr,,,runnumber,0,,
EnergyEfficient-0-20260924-21:08:21-1581,runattr,,,seedset,0,,
EnergyEfficient-0-20260924-21:08:21-1581,config,,,sim-time-limit,20s,,
EnergyEfficient-0-20260924-21:08:21-1581,config,,,extends,Ieee802154Power,,
EnergyEfficient-0-20260924-21:08:21-1581,config,,,sim-time-limit,100s,,
EnergyEfficient-0-20260924-21:08:21-1581,config,,,repeat,10,,
EnergyEfficient-0-20260924-21:08:21-1581,config,,,**.wlan[*].typename,EnergyEfficientIeee802154Interface,,
EnergyEfficient-0-20260924-21:08:21-1581,config,,,**.wlan[*].mac.beaconOrder,6,,
EnergyEfficient-0-20260924-21:08:21-1581,config,,,**.wlan[*].mac.superframeOrder,2,,
EnergyEfficient-0-20260924-21:08:21-1581,config,,,*.controller.wlan[*].mac.coordinator,true,,
EnergyEfficient-0-20260924-21:08:21-1581,config,,,*.sensor*.wlan[*].mac.coordinator,false,,
EnergyEfficient-0-20260924-21:08:21-1581,config,,,*.lamp*.wlan[*].mac.coordinator,false,,
EnergyEfficient-0-20260924-21:08:21-1581,config,,,extends,Ieee802154,,
EnergyEfficient-0-20260924-21:08:21-1581,config,,,sim-time-limit,100s,,
EnergyEfficient-0-20260924-21:08:21-1581,config,,,repeat,10,,
EnergyEfficient-0-20260924-21:08:21-1581,config,,,**.energyStorage.residualEnergyCapacity.result-recording-modes,+last,,
EnergyEfficient-0-20260924-21:08:21-1581,config,,,network,Ieee802154Showcase,,
EnergyEfficient-0-20260924-21:08:21-1581,config,,,**.arp.typename,GlobalArp,,
EnergyEfficient-0-20260924-21:08:21-1581,config,,,**.netmaskRoutes,"""""",,
EnergyEfficient-0-20260924-21:08:21-1581,config,,,*.radioMedium.backgroundNoise.power,-110dBm,,
EnergyEfficient-0-20260924-21:08:21-1581,config,,,*.configurator.config,"xmldoc(""startopology.xml"")",,
EnergyEfficient-0-20260924-21:08:21-1581,config,,,*.configurator.addStaticRoutes,false,,
EnergyEfficient-0-20260924-21:08:21-1581,config,,,*.sensor*.numApps,1,,
EnergyEfficient-0-20260924-21:08:21-1581,config,,,*.sensor*.app[*].typename,UdpBasicApp,,
EnergyEfficient-0-20260924-21:08:21-1581,config,,,*.sensor*.app[*].destAddresses,"""controller""",,
EnergyEfficient-0-20260924-21:08:21-1581,config,,,*.sensor*.app[*].destPort,1000,,
EnergyEfficient-0-20260924-21:08:21-1581,config,,,*.sensor*.app[*].sendInterval,1s,,
EnergyEfficient-0-20260924-21:08:21-1581,config,,,*.sensor*.app[*].startTime,"uniform(0s,1s)",,
EnergyEfficient-0-20260924-21:08:21-1581,config,,,*.sensor*.app[*].messageLength,10Byte,,
EnergyEfficient-0-20260924-21:08:21-1581,config,,,*.sensor*.app[*].packetName,"""SensorData""",,
EnergyEfficient-0-20260924-21:08:21-1581,config,,,*.controller.numApps,2,,
EnergyEfficient-0-20260924-21:08:21-1581,config,,,*.controller.app[0].typename,UdpBasicApp,,
EnergyEfficient-0-20260924-21:08:21-1581,config,,,*.controller.app[0].destAddresses,"""lamp1 lamp2 lamp3 lamp4 lamp5 lamp6 lamp7 lamp8""",,
EnergyEfficient-0-20260924-21:08:21-1581,config,,,*.controller.app[0].destPort,1000,,
EnergyEfficient-0-20260924-21:08:21-1581,config,,,*.controller.app[0].sendInterval,1s,,
EnergyEfficient-0-20260924-21:08:21-1581,config,,,*.controller.app[0].startTime,exponential(1s),,
EnergyEfficient-0-20260924-21:08:21-1581,config,,,*.controller.app[0].messageLength,10Byte,,
EnergyEfficient-0-20260924-21:08:21-1581,config,,,*.controller.app[0].packetName,"""ControlData""",,
EnergyEfficient-0-20260924-21:08:21-1581,config,,,*.controller.app[1].typename,UdpSink,,
EnergyEfficient-0-20260924-21:08:21-1581,config,,,*.controller.app[1].localPort,1000,,
EnergyEfficient-0-20260924-21:08:21-1581,config,,,*.lamp*.numApps,1,,
EnergyEfficient-0-20260924-21:08:21-1581,config,,,*.lamp*.app[0].typename,UdpSink,,
EnergyEfficient-0-20260924-21:08:21-1581,config,,,*.lamp*.app[0].localPort,1000,,
EnergyEfficient-0-20260924-21:08:21-1581,config,,,*.visualizer.routingTableVisualizer[0].displayRoutingTables,false,,
EnergyEfficient-0-20260924-21:08:21-1581,config,,,*.visualizer.routingTableVisualizer[0].displayRoutesIndividually,false,,
EnergyEfficient-0-20260924-21:08:21-1581,config,,,*.visualizer.routingTableVisualizer[0].lineShift,0,,
EnergyEfficient-0-20260924-21:08:21-1581,config,,,*.visualizer.routingTableVisualizer[0].displayLabels,false,,
EnergyEfficient-0-20260924-21:08:21-1581,config,,,*.visualizer.interfaceTableVisualizer[0].displayInterfaceTables,false,,
EnergyEfficient-0-20260924-21:08:21-1581,config,,,*.visualizer.numDataLinkVisualizers,2,,
EnergyEfficient-0-20260924-21:08:21-1581,config,,,*.visualizer.dataLinkVisualizer[*].displayLinks,true,,
EnergyEfficient-0-20260924-21:08:21-1581,config,,,*.visualizer.dataLinkVisualizer[0].nodeFilter,"""sensor* or controller""",,
EnergyEfficient-0-20260924-21:08:21-1581,config,,,*.visualizer.dataLinkVisualizer[1].*Color,"""blue""",,
EnergyEfficient-0-20260924-21:08:21-1581,config,,,*.visualizer.dataLinkVisualizer[1].nodeFilter,"""lamp* or controller""",,
EnergyEfficient-0-20260924-21:08:21-1581,config,,,*.visualizer.numStatisticVisualizers,2,,
EnergyEfficient-0-20260924-21:08:21-1581,config,,,*.visualizer.statisticVisualizer[*].zIndex,1,,
EnergyEfficient-0-20260924-21:08:21-1581,config,,,*.visualizer.statisticVisualizer[0].displayStatistics,true,,
EnergyEfficient-0-20260924-21:08:21-1581,config,,,*.visualizer.statisticVisualizer[0].signalName,"""packetSent""",,
EnergyEfficient-0-20260924-21:08:21-1581,config,,,*.visualizer.statisticVisualizer[0].statisticExpression,"""count""",,
EnergyEfficient-0-20260924-21:08:21-1581,config,,,*.visualizer.statisticVisualizer[0].sourceFilter,"""**.controller.udp OR **.sensor*.udp""",,
EnergyEfficient-0-20260924-21:08:21-1581,config,,,*.visualizer.statisticVisualizer[0].format,"""sent: %v pks""",,
EnergyEfficient-0-20260924-21:08:21-1581,config,,,*.visualizer.statisticVisualizer[1].displayStatistics,true,,
EnergyEfficient-0-20260924-21:08:21-1581,config,,,*.visualizer.statisticVisualizer[1].signalName,"""packetReceived""",,
EnergyEfficient-0-20260924-21:08:21-1581,config,,,*.visualizer.statisticVisualizer[1].statisticExpression,"""count""",,
EnergyEfficient-0-20260924-21:08:21-1581,config,,,*.visualizer.statisticVisualizer[1].sourceFilter,"""**.controller.udp OR **.lamp*.udp""",,
EnergyEfficient-0-20260924-21:08:21-1581,config,,,*.visualizer.statisticVisualizer[1].format,"""rcvd: %v pks""",,
EnergyEfficient-0-20260924-21:08:21-1581,vector,Ieee802154Showcase.sensor1.wlan[0].radio.energyConsumer,powerConsumption:vector,,,"0 0 0 0 0.000193025403 0.000193025403 0.000801025403 0.059273027937 0.060969027937 0.061161028022 0.061513028022 0.062241025403 0.062241025403 0.062241025403 0.982841025403 0.982841025403 0.982841025403 0.983233025403 0.983233025403 0.983841025403 0.983841025403 0.983841025403 0.983841025403 0.984161043835 0.984161043835 0.985857043835 0.986017025403 0.986017025403 0.986017025403 0.986017025403 0.986209025403 0.986209025403 0.987905025403 0.987905025403 0.987905025403 0.987905025403 0.987905025403 0.988769038741 0.988769038741 0.990465038741 0.990657053805 0.991009053805 0.992241025403 0.992241025403 0.992241025403 0.992241025403 0.992433025403 0.992433025403 0.994129025403 0.994129025403 0.994129025403 0.994129025403 0.994129025403 0.994321076209 0.994321076209 0.994673076209 1.000097065739 1.001793065739 1.001985070155 1.002337070155 1.045281025403 1.045281025403 1.045281025403 1.965881025403 1.965881025403 1.965881025403 1.966273025403 1.966273025403 1.966881025403 1.966881025403 1.966881025403 1.966881025403 1.967201038741 1.967201038741 1.968897038741 1.969089053805 1.969441053805 1.970401053805 1.972097053805 1.972225043835 1.972225043835 1.972897025403 1.972897025403 1.972897025403 1.973089025403 1.973089025403 1.974785025403 1.974785025403 1.974785025403 1.974785025403 1.974785025403 1.974977076209 1.974977076209 1.975329076209 1.975585079104 1.977281079104 1.977473079189 1.977825079189 1.979105079189 1.980801079189 1.980993092954 1.981345092954 1.982721065739 1.982721065739 1.984561065739 1.984561065739 1.986257065739 1.986449070155 1.986801070155 1.988177043835 1.988177043835 1.990657043835 1.990657043835 1.992353043835 1.992545060861 1.992897060861 2.028321025403 2.028321025403 2.028321025403 2.948921025403 2.948921025403 2.948921025403 2.949313025403 2.949313025403 2.949921025403 2.949921025403 2.949921025403 2.949921025403 2.950241025403 2.950241025403 2.951937025403 2.951937079104 2.951937079104 2.952129064276 2.952129064276 2.952481064276 2.954849038741 2.956545038741 2.956545065739 2.956545065739 2.956737053805 2.956737053805 2.957089053805 2.958385065739 2.960081065739 2.960209079104 2.960209079104 2.960273070155 2.960273070155 2.960625070155 2.961409079104 2.963105079104 2.963297079189 2.963649079189 2.966945043835 2.968641043835 2.968833060861 2.969185060861 2.973217025403 2.973217025403 2.973217025403 2.973217025403 2.973409025403 2.973409025403 2.975105025403 2.975105025403 2.975105025403 2.975105025403 2.975105025403 2.975297076209 2.975297076209 2.975649076209 3.011361025403 3.011361025403 3.011361025403 3.931961025403 3.931961025403 3.931961025403 3.932353025403 3.932353025403 3.932961025403 3.932961025403 3.932961025403 3.932961025403 3.933281038741 3.933281038741 3.934977038741 3.934977079104 3.934977079104 3.935137025403 3.935137025403 3.935137025403 3.935329025403 3.935329025403 3.937025025403 3.937025025403 3.937025025403 3.937025025403 3.937025025403 3.937713025403 3.937713025403 3.937713025403 3.937905025403 3.937905025403 3.939601025403 3.939601025403 3.939601025403 3.939601025403 3.939601025403 3.939793076209 3.939793076209 3.940145076209 3.940577043835 3.942273043835 3.942465060861 3.942817060861 3.943905065739 3.945601065739 3.945793070155 3.946145070155 3.947537079104 3.947537079104 3.950017079104 3.950017079104 3.951713079104 3.951905079189 3.952257079189 3.952577079189 3.954273079189 3.954465099429 3.954817099429 3.994401025403 3.994401025403 3.994401025403 4.915001025403 4.915001025403 4.915001025403 4.915393025403 4.915393025403 4.916001025403 4.916001025403 4.916001025403 4.916001025403 4.916129025403 4.916129025403 4.916129025403 4.916321025403 4.916321025403 4.918017025403 4.918017025403 4.918017025403 4.918017025403 4.918017025403 4.918017079104 4.918209076209 4.918209076209 4.918561076209 4.919329038741 4.921025038741 4.921217053805 4.921569053805 4.922529043835 4.924225043835 4.924417060861 4.924769060861 4.927009060861 4.928705060861 4.928897099734 4.929249099734 4.931233065739 4.932929065739 4.933121070155 4.933473070155 4.938609079104 4.940305079104 4.940497079189 4.940849079189 4.977441025403 4.977441025403 4.977441025403 5.898041025403 5.898041025403 5.898041025403 5.898433025403 5.898433025403 5.899041025403 5.899041025403 5.899041025403 5.899041025403 5.899361043835 5.899361043835 5.901057043835 5.901249060861 5.901601060861 5.902977065739 5.902977065739 5.904417025403 5.904417025403 5.904417025403 5.904609025403 5.904609025403 5.906305025403 5.906305025403 5.906305025403 5.906305025403 5.906305025403 5.906305079104 5.906497076209 5.906497076209 5.906849076209 5.908145079104 5.909841079104 5.910033079189 5.910385079189 5.911761065739 5.911761065739 5.912641065739 5.912641065739 5.914337065739 5.914529070155 5.914881070155 5.921281070155 5.922977070155 5.923169093161 5.923521093161 5.930913038741 5.932609038741 5.932801053805 5.933153053805 5.960481025403 5.960481025403 5.960481025403 6.881081025403 6.881081025403 6.881081025403 6.881473025403 6.881473025403 6.882081025403 6.882081025403 6.882081025403 6.882081025403 6.882529025403 6.882529025403 6.882529025403 6.882721025403 6.882721025403 6.884417025403 6.884417025403 6.884417025403 6.884417025403 6.884417025403 6.884417079104 6.884609076209 6.884609076209 6.884961076209 6.886337065739 6.886337065739 6.887137038741 6.887137038741 6.888833038741 6.889025053805 6.889377053805 6.889585079104 6.891281079104 6.891473079189 6.891825079189 6.892785079189 6.894481079189 6.894673102195 6.895025102195 6.896033043835 6.897729043835 6.897921060861 6.898273060861 6.899313065739 6.901009065739 6.901201070155 6.901553070155 6.943521025403 6.943521025403 6.943521025403 7.864121025403 7.864121025403 7.864121025403 7.864513025403 7.864513025403 7.865121025403 7.865121025403 7.865121025403 7.865121025403 7.865441065739 7.865441065739 7.867137065739 7.867137079104 7.867137079104 7.867329070155 7.867329070155 7.867681070155 7.868337079104 7.870033079104 7.870145043835 7.870145043835 7.872161070155 7.872161070155 7.873857070155 7.873889079104 7.874001043835 7.874049093161 7.874049093161 7.874401093161 7.875201043835 7.876897043835 7.877089060861 7.877441060861 7.877793038741 7.879489038741 7.879681053805 7.880033053805 7.883233025403 7.883233025403 7.883233025403 7.883233025403 7.883425025403 7.883425025403 7.885121025403 7.885121025403 7.885121025403 7.885121025403 7.885121025403 7.885313076209 7.885313076209 7.885665076209 7.888145079104 7.889841079104 7.890033079189 7.890385079189 7.926561025403 7.926561025403 7.926561025403 8.847161025403 8.847161025403 8.847161025403 8.847553025403 8.847553025403 8.848161025403 8.848161025403 8.848161025403 8.848161025403 8.848289025403 8.848289025403 8.848289025403 8.848481025403 8.848481025403 8.850177025403 8.850177025403 8.850177025403 8.850177025403 8.850177025403 8.850369076209 8.850369076209 8.850721076209 8.851041076209 8.852737076209 8.852929115082 8.853281115082 8.856225079104 8.857921079104 8.858113079189 8.858465079189 8.858977038741 8.860673038741 8.860865053805 8.861217053805 8.862817043835 8.864513043835 8.864705060861 8.865057060861 8.869153065739 8.870849065739 8.871041070155 8.871393070155 8.909601025403 8.909601025403 8.909601025403 9.830201025403 9.830201025403 9.830201025403 9.830593025403 9.830593025403 9.831201025403 9.831201025403 9.831201025403 9.831201025403 9.831521038741 9.831521038741 9.833217038741 9.833217043835 9.833217043835 9.833409053805 9.833409053805 9.833761053805 9.835697043835 9.837393043835 9.837585060861 9.837937060861 9.844577079104 9.846273079104 9.846465079189 9.846817079189 9.84757178062 9.84926778062 9.849459785036 9.849811785036 9.85060174409 9.85060174409 9.85060174409 9.85060174409 9.85079374409 9.85079374409 9.85248974409 9.85248974409 9.85248974409 9.85248974409 9.85248974409 9.852681794896 9.852681794896 9.853033794896 9.859753794896 9.861449794896 9.861641833079 9.861993833079 9.892641025403 9.892641025403 9.892641025403 10.813241025403 10.813241025403 10.813241025403 10.813633025403 10.813633025403 10.814241025403 10.814241025403 10.814241025403 10.814241025403 10.814561079104 10.814561079104 10.816257079104 10.816449079189 10.816801079189 10.817121079189 10.818817079189 10.819009117372 10.819361117372 10.819809038741 10.821505038741 10.821697053805 10.822049053805 10.826145043835 10.827841043835 10.828033060861 10.828385060861 10.84599374409 10.84599374409 10.84599374409 10.84599374409 10.84618574409 10.84618574409 10.84788174409 10.84788174409 10.84788174409 10.84788174409 10.84788174409 10.848073794896 10.848073794896 10.848425794896 10.84885178062 10.85054778062 10.850739785036 10.851091785036 10.875681025403 10.875681025403 10.875681025403 11.796281025403 11.796281025403 11.796281025403 11.796673025403 11.796673025403 11.797281025403 11.797281025403 11.797281025403 11.797281025403 11.797921079104 11.797921079104 11.799617079104 11.799809079189 11.800161079189 11.801665038741 11.801665038741 11.803185038741 11.803185038741 11.804881038741 11.805057079189 11.805057079189 11.806897079189 11.806897079189 11.808593079189 11.808785117372 11.809137117372 11.809697043835 11.811393043835 11.811585060861 11.811937060861 11.816257038741 11.817953038741 11.818145053805 11.818497053805 11.84535374409 11.84535374409 11.84535374409 11.84535374409 11.84554574409 11.84554574409 11.84724174409 11.84724174409 11.84724174409 11.84724174409 11.84724174409 11.847433794896 11.847433794896 11.847785794896 11.85121978062 11.85291578062 11.853107785036 11.853459785036 11.858721025403 11.858721025403 11.858721025403 12.779321025403 12.779321025403 12.779321025403 12.779713025403 12.779713025403 12.780321025403 12.780321025403 12.780321025403 12.780321025403 12.780641079104 12.780641079104 12.782337079104 12.782529079189 12.782881079189 12.784257038741 12.784257038741 12.786017079189 12.786017079189 12.787713079189 12.787905117372 12.788257117372 12.789633043835 12.789633043835 12.790513043835 12.790513043835 12.792209043835 12.792401060861 12.792753060861 12.796913038741 12.798609038741 12.798801053805 12.799153053805 12.841761025403 12.841761025403 12.841761025403 13.762361025403 13.762361025403 13.762361025403 13.762753025403 13.762753025403 13.763361025403 13.763361025403 13.763361025403 13.763361025403 13.764001038741 13.764001038741 13.765697038741 13.765697065739 13.765697079104 13.765889053805 13.765889053805 13.766241053805 13.766897065739 13.768593065739 13.768593079104 13.768593079104 13.768737025403 13.768737025403 13.768737025403 13.768929025403 13.768929025403 13.770625025403 13.770625025403 13.770625025403 13.770625025403 13.770625025403 13.770881079104 13.770881079104 13.772577079104 13.772769079189 13.773121079189 13.773553025403 13.773553025403 13.773553025403 13.773553025403 13.773745025403 13.773745025403 13.775441025403 13.775441025403 13.775441025403 13.775441025403 13.775441025403 13.775633076209 13.775633076209 13.775985076209 13.778785043835 13.780481043835 13.780561076209 13.780561076209 13.781761076209 13.781761076209 13.783457076209 13.783649096765 13.784001096765 13.787249043835 13.788945043835 13.789137060861 13.789489060861 13.824801025403 13.824801025403 13.824801025403 14.745401025403 14.745401025403 14.745401025403 14.745793025403 14.745793025403 14.746401025403 14.746401025403 14.746401025403 14.746401025403 14.747041025403 14.747041025403 14.748737025403 14.748737065739 14.748737065739 14.748929064276 14.748929064276 14.749281064276 14.750257065739 14.751953065739 14.752145070155 14.752497070155 14.753697079104 14.755393079104 14.755585079189 14.755937079189 14.758369043835 14.760065043835 14.760257060861 14.760609060861 14.762113038741 14.762113038741 14.764913038741 14.764913038741 14.766609038741 14.766801053805 14.767153053805 14.768801025403 14.768801025403 14.768801025403 14.768801025403 14.768993025403 14.768993025403 14.770689025403 14.770689025403 14.770689025403 14.770689025403 14.770689025403 14.770881076209 14.770881076209 14.771233076209 14.807841025403 14.807841025403 14.807841025403 15.728441025403 15.728441025403 15.728441025403 15.728833025403 15.728833025403 15.729441025403 15.729441025403 15.729441025403 15.729441025403 15.730721025403 15.730721025403 15.732417025403 15.732417043835 15.732417043835 15.733297025403 15.733297025403 15.734993025403 15.735185039168 15.735537039168 15.735777025403 15.735777025403 15.735777025403 15.735777025403 15.735969025403 15.735969025403 15.737665025403 15.737665025403 15.737665025403 15.737665025403 15.737665025403 15.737665053805 15.737665053805 15.738017053805 15.739121043835 15.740817043835 15.741009060861 15.741361060861 15.741857079104 15.743553079104 15.743745079189 15.744097079189 15.744689025403 15.744689025403 15.744689025403 15.744689025403 15.744881025403 15.744881025403 15.746577025403 15.746577025403 15.746577025403 15.746577025403 15.746577025403 15.746769076209 15.746769076209 15.747121076209 15.747681065739 15.749377065739 15.749569070155 15.749921070155 15.790881025403 15.790881025403 15.790881025403 16.711481025403 16.711481025403 16.711481025403 16.711873025403 16.711873025403 16.712481025403 16.712481025403 16.712481025403 16.712481025403 16.713121043835 16.713121043835 16.714817043835 16.715009060861 16.715361060861 16.716449079104 16.718145079104 16.718337079189 16.718689079189 16.718945025403 16.718945025403 16.718945025403 16.718945025403 16.719137025403 16.719137025403 16.720833025403 16.720833025403 16.720833025403 16.720833025403 16.720833025403 16.721025076209 16.721025076209 16.721377076209 16.724257065739 16.725953065739 16.726145070155 16.726497070155 16.730785038741 16.732481038741 16.732673053805 16.733025053805 16.733985053805 16.735681053805 16.735873074361 16.736225074361 16.773921025403 16.773921025403 16.773921025403 17.694521025403 17.694521025403 17.694521025403 17.694913025403 17.694913025403 17.695521025403 17.695521025403 17.695521025403 17.695521025403 17.696289025403 17.696289025403 17.696289025403 17.696481025403 17.696481025403 17.698177025403 17.698177025403 17.698177025403 17.698177025403 17.698177025403 17.698177065739 17.698369070155 17.698369070155 17.698721070155 17.701105025403 17.701105025403 17.701105025403 17.701105025403 17.701297025403 17.701297025403 17.702993025403 17.702993025403 17.702993025403 17.702993025403 17.702993025403 17.703185076209 17.703185076209 17.703537076209 17.704097043835 17.705793043835 17.705985060861 17.706337060861 17.706785079104 17.708481079104 17.708673079189 17.709025079189 17.711457038741 17.713153038741 17.713345053805 17.713697053805 17.716897053805 17.718593053805 17.71878506757 17.71913706757 17.756961025403 17.756961025403 17.756961025403 18.677561025403 18.677561025403 18.677561025403 18.677953025403 18.677953025403 18.678561025403 18.678561025403 18.678561025403 18.678561025403 18.679201025403 18.679201025403 18.680897025403 18.680897038741 18.680897038741 18.681249043835 18.681249043835 18.682945043835 18.683137060861 18.683489060861 18.684865065739 18.684865065739 18.685665079104 18.685665079104 18.687361079104 18.687441065739 18.687441065739 18.687553079189 18.687553079189 18.687905079189 18.689601065739 18.691297065739 18.691489070155 18.691841070155 18.692193025403 18.692193025403 18.692193025403 18.692193025403 18.692385025403 18.692385025403 18.694081025403 18.694081025403 18.694081025403 18.694081025403 18.694081025403 18.694273076209 18.694273076209 18.694625076209 18.701025076209 18.702721076209 18.702913096449 18.703265096449 18.740001025403 18.740001025403 18.740001025403 19.660601025403 19.660601025403 19.660601025403 19.660993025403 19.660993025403 19.661601025403 19.661601025403 19.661601025403 19.661601025403 19.662241065739 19.662241065739 19.663937065739 19.664129070155 19.664481070155 19.665985079104 19.665985079104 19.667169038741 19.667169038741 19.668865038741 19.668881079104 19.668881079104 19.669057053805 19.669057053805 19.669409053805 19.671329053805 19.673025053805 19.673217091988 19.673569091988 19.674177079104 19.675873079104 19.676065079189 19.676417079189 19.678241025403 19.678241025403 19.678241025403 19.678241025403 19.678433025403 19.678433025403 19.680129025403 19.680129025403 19.680129025403 19.680129025403 19.680129025403 19.680321076209 19.680321076209 19.680673076209 19.683233043835 19.684929043835 19.685121060861 19.685473060861 19.723041025403 19.723041025403 19.723041025403","0 0 0 5e-06 0 0.05 5e-06 0.05 5e-06 0.05 5e-06 1e-06 1e-06 1e-06 0 5e-06 0.005005 0.005 0.055 0.005005 5e-06 5e-06 5e-06 0 0.05 5e-06 0 0 0.005 0.005 0 0.075 0.005 0 5e-06 5e-06 5e-06 0 0.05 5e-06 0.05 5e-06 0 0 0.005 0.005 0 0.075 0.005 0 5e-06 5e-06 5e-06 0 0.05 5e-06 0.05 5e-06 0.05 5e-06 1e-06 1e-06 1e-06 0 5e-06 0.005005 0.005 0.055 0.005005 5e-06 5e-06 5e-06 0 0.05 5e-06 0.05 5e-06 0.05 0.0001 5e-06 5e-06 0 0 0.005 0 0.075 0.005 0 5e-06 5e-06 5e-06 0 0.05 5e-06 0.05 5e-06 0.05 5e-06 0.05 5e-06 0.05 0.0001 5e-06 5e-06 0 0.05 5e-06 0.05 0.0001 5e-06 5e-06 0 0.05 5e-06 0.05 5e-06 1e-06 1e-06 1e-06 0 5e-06 0.005005 0.005 0.055 0.005005 5e-06 5e-06 5e-06 0 0.05 0.0001 5e-06 5e-06 0 0.05 5e-06 0.05 0.0001 5e-06 5e-06 0 0.05 5e-06 0.05 0.0001 5e-06 5e-06 0 0.05 5e-06 0.05 5e-06 0.05 5e-06 0.05 5e-06 0.05 5e-06 0 0 0.005 0.005 0 0.075 0.005 0 5e-06 5e-06 5e-06 0 0.05 5e-06 1e-06 1e-06 1e-06 0 5e-06 0.005005 0.005 0.055 0.005005 5e-06 5e-06 5e-06 0 0.05 0.0001 5e-06 5e-06 0 0 0.005 0 0.075 0.005 0 5e-06 5e-06 5e-06 0 0 0.005 0 0.075 0.005 0 5e-06 5e-06 5e-06 0 0.05 5e-06 0.05 5e-06 0.05 5e-06 0.05 5e-06 0.05 0.0001 5e-06 5e-06 0 0.05 5e-06 0.05 5e-06 0.05 5e-06 0.05 5e-06 1e-06 1e-06 1e-06 0 5e-06 0.005005 0.005 0.055 0.005005 5e-06 5e-06 5e-06 0 0 0.005 0 0.075 0.005 0 0.0001 0.0001 0.0001 5e-06 0 0.05 5e-06 0.05 5e-06 0.05 5e-06 0.05 5e-06 0.05 5e-06 0.05 5e-06 0.05 5e-06 0.05 5e-06 0.05 5e-06 0.05 5e-06 0.05 5e-06 1e-06 1e-06 1e-06 0 5e-06 0.005005 0.005 0.055 0.005005 5e-06 5e-06 5e-06 0 0.05 5e-06 0.05 0.0001 5e-06 5e-06 0 0 0.005 0 0.075 0.005 0 0.0001 0.0001 0.0001 5e-06 0 0.05 5e-06 0.05 5e-06 0.05 0.0001 5e-06 5e-06 0 0.05 5e-06 0.05 5e-06 0.05 5e-06 0.05 5e-06 0.05 5e-06 0.05 5e-06 1e-06 1e-06 1e-06 0 5e-06 0.005005 0.005 0.055 0.005005 5e-06 5e-06 5e-06 0 0 0.005 0 0.075 0.005 0 0.0001 0.0001 0.0001 5e-06 0 0.05 0.0001 5e-06 5e-06 0 0.05 5e-06 0.05 5e-06 0.05 5e-06 0.05 5e-06 0.05 5e-06 0.05 5e-06 0.05 5e-06 0.05 5e-06 0.05 5e-06 0.05 5e-06 1e-06 1e-06 1e-06 0 5e-06 0.005005 0.005 0.055 0.005005 5e-06 5e-06 5e-06 0 0.05 0.0001 5e-06 5e-06 0 0.05 5e-06 0.05 0.0001 5e-06 5e-06 0 0.05 0.0001 0.0001 5e-06 0 0.05 5e-06 0.05 5e-06 0.05 5e-06 0.05 5e-06 0.05 5e-06 0 0 0.005 0.005 0 0.075 0.005 0 5e-06 5e-06 5e-06 0 0.05 5e-06 0.05 5e-06 0.05 5e-06 1e-06 1e-06 1e-06 0 5e-06 0.005005 0.005 0.055 0.005005 5e-06 5e-06 5e-06 0 0 0.005 0 0.075 0.005 0 5e-06 5e-06 5e-06 0 0.05 5e-06 0.05 5e-06 0.05 5e-06 0.05 5e-06 0.05 5e-06 0.05 5e-06 0.05 5e-06 0.05 5e-06 0.05 5e-06 0.05 5e-06 0.05 5e-06 1e-06 1e-06 1e-06 0 5e-06 0.005005 0.005 0.055 0.005005 5e-06 5e-06 5e-06 0 0.05 0.0001 5e-06 5e-06 0 0.05 5e-06 0.05 5e-06 0.05 5e-06 0.05 5e-06 0.05 5e-06 0.05 5e-06 0.05 5e-06 0 0 0.005 0.005 0 0.075 0.005 0 5e-06 5e-06 5e-06 0 0.05 5e-06 0.05 5e-06 0.05 5e-06 1e-06 1e-06 1e-06 0 5e-06 0.005005 0.005 0.055 0.005005 5e-06 5e-06 5e-06 0 0.05 5e-06 0.05 5e-06 0.05 5e-06 0.05 5e-06 0.05 5e-06 0.05 5e-06 0.05 5e-06 0.05 5e-06 0 0 0.005 0.005 0 0.075 0.005 0 5e-06 5e-06 5e-06 0 0.05 5e-06 0.05 5e-06 0.05 5e-06 1e-06 1e-06 1e-06 0 5e-06 0.005005 0.005 0.055 0.005005 5e-06 5e-06 5e-06 0 0.05 5e-06 0.05 0.0001 5e-06 5e-06 0 0.05 0.0001 5e-06 5e-06 0 0.05 5e-06 0.05 5e-06 0.05 5e-06 0.05 5e-06 0.05 5e-06 0.05 5e-06 0 0 0.005 0.005 0 0.075 0.005 0 5e-06 5e-06 5e-06 0 0.05 5e-06 0.05 5e-06 0.05 5e-06 1e-06 1e-06 1e-06 0 5e-06 0.005005 0.005 0.055 0.005005 5e-06 5e-06 5e-06 0 0.05 5e-06 0.05 0.0001 5e-06 5e-06 0 0.05 5e-06 0.05 0.0001 5e-06 5e-06 0 0.05 5e-06 0.05 5e-06 0.05 5e-06 0.05 5e-06 1e-06 1e-06 1e-06 0 5e-06 0.005005 0.005 0.055 0.005005 5e-06 5e-06 5e-06 0 0.05 0.0001 0.0001 5e-06 0 0.05 5e-06 0.05 0.0001 5e-06 5e-06 0 0 0.005 0 0.075 0.005 0 5e-06 5e-06 5e-06 0 0.05 5e-06 0.05 5e-06 0 0 0.005 0.005 0 0.075 0.005 0 5e-06 5e-06 5e-06 0 0.05 5e-06 0.05 0.0001 5e-06 5e-06 0 0.05 5e-06 0.05 5e-06 0.05 5e-06 0.05 5e-06 1e-06 1e-06 1e-06 0 5e-06 0.005005 0.005 0.055 0.005005 5e-06 5e-06 5e-06 0 0.05 0.0001 5e-06 5e-06 0 0.05 5e-06 0.05 5e-06 0.05 5e-06 0.05 5e-06 0.05 5e-06 0.05 5e-06 0.05 0.0001 5e-06 5e-06 0 0.05 5e-06 0.05 5e-06 0 0 0.005 0.005 0 0.075 0.005 0 5e-06 5e-06 5e-06 0 0.05 5e-06 1e-06 1e-06 1e-06 0 5e-06 0.005005 0.005 0.055 0.005005 5e-06 5e-06 5e-06 0 0.05 0.0001 5e-06 5e-06 0 0.05 5e-06 0.05 5e-06 0 0 0.005 0.005 0 0.075 0.005 0 5e-06 5e-06 5e-06 0 0.05 5e-06 0.05 5e-06 0.05 5e-06 0.05 5e-06 0.05 5e-06 0 0 0.005 0.005 0 0.075 0.005 0 5e-06 5e-06 5e-06 0 0.05 5e-06 0.05 5e-06 0.05 5e-06 1e-06 1e-06 1e-06 0 5e-06 0.005005 0.005 0.055 0.005005 5e-06 5e-06 5e-06 0 0.05 5e-06 0.05 5e-06 0.05 5e-06 0.05 5e-06 0 0 0.005 0.005 0 0.075 0.005 0 5e-06 5e-06 5e-06 0 0.05 5e-06 0.05 5e-06 0.05 5e-06 0.05 5e-06 0.05 5e-06 0.05 5e-06 0.05 5e-06 1e-06 1e-06 1e-06 0 5e-06 0.005005 0.005 0.055 0.005005 5e-06 5e-06 5e-06 0 0 0.005 0 0.075 0.005 0 0.0001 0.0001 0.0001 5e-06 0 0.05 5e-06 0 0 0.005 0.005 0 0.075 0.005 0 5e-06 5e-06 5e-06 0 0.05 5e-06 0.05 5e-06 0.05 5e-06 0.05 5e-06 0.05 5e-06 0.05 5e-06 0.05 5e-06 0.05 5e-06 0.05 5e-06 1e-06 1e-06 1e-06 0 5e-06 0.005005 0.005 0.055 0.005005 5e-06 5e-06 5e-06 0 0.05 0.0001 5e-06 5e-06 0 0.05 5e-06 0.05 0.0001 5e-06 5e-06 0 0.05 0.0001 5e-06 5e-06 0 0.05 5e-06 0.05 5e-06 0.05 5e-06 0 0 0.005 0.005 0 0.075 0.005 0 5e-06 5e-06 5e-06 0 0.05 5e-06 0.05 5e-06 0.05 5e-06 1e-06 1e-06 1e-06 0 5e-06 0.005005 0.005 0.055 0.005005 5e-06 5e-06 5e-06 0 0.05 5e-06 0.05 0.0001 5e-06 5e-06 0 0.05 0.0001 5e-06 5e-06 0 0.05 5e-06 0.05 5e-06 0.05 5e-06 0.05 5e-06 0.05 5e-06 0 0 0.005 0.005 0 0.075 0.005 0 5e-06 5e-06 5e-06 0 0.05 5e-06 0.05 5e-06 0.05 5e-06 1e-06 1e-06 1e-06"
EnergyEfficient-0-20260924-21:08:21-1581,attr,Ieee802154Showcase.sensor1.wlan[0].radio.energyConsumer,powerConsumption:vector,interpolationmode,sample-hold,,
EnergyEfficient-0-20260924-21:08:21-1581,attr,Ieee802154Showcase.sensor1.wlan[0].radio.energyConsumer,powerConsumption:vector,recordingmode,vector,,
EnergyEfficient-0-20260924-21:08:21-1581,attr,Ieee802154Showcase.sensor1.wlan[0].radio.energyConsumer,powerConsumption:vector,source,powerConsumptionChanged,,
EnergyEfficient-0-20260924-21:08:21-1581,attr,Ieee802154Showcase.sensor1.wlan[0].radio.energyConsumer,powerConsumption:vector,title,Power consumption,,
EnergyEfficient-0-20260924-21:08:21-1581,attr,Ieee802154Showcase.sensor1.wlan[0].radio.energyConsumer,powerConsumption:vector,unit,W,,
EnergyEfficient-0-20260924-21:08:21-1581,vector,Ieee802154Showcase.sensor2.wlan[0].radio.energyConsumer,powerConsumption:vector,,,"0 0 0 0 0.000193022376 0.000193022376 0.000801022376 0.059272999313 0.060968999313 0.061161024995 0.061513024995 0.062241022376 0.062241022376 0.062241022376 0.982841022376 0.982841022376 0.982841022376 0.983233022376 0.983233022376 0.983841022376 0.983841022376 0.983841022376 0.983841022376 0.984161057091 0.984161057091 0.985857057091 0.986049057834 0.986401057834 0.987905068766 0.987905068766 0.988769033829 0.988769033829 0.990465033829 0.990657050778 0.991009050778 0.992433068766 0.994129068766 0.994321073182 0.994673073182 0.999905022376 0.999905022376 0.999905022376 0.999905022376 1.000097022376 1.000097022376 1.001793022376 1.001793022376 1.001793022376 1.001793022376 1.001793022376 1.001985067128 1.001985067128 1.002337067128 1.045281022376 1.045281022376 1.045281022376 1.965881022376 1.965881022376 1.965881022376 1.966273022376 1.966273022376 1.966881022376 1.966881022376 1.966881022376 1.966881022376 1.967201033829 1.967201033829 1.968897033829 1.969089050778 1.969441050778 1.970401050778 1.972097050778 1.972225057091 1.972225057091 1.973089068766 1.973089068766 1.974785068766 1.974977073182 1.975329073182 1.97558505048 1.97728105048 1.977473076162 1.977825076162 1.979105076162 1.980801076162 1.980833022376 1.980833022376 1.980833022376 1.980833022376 1.981025022376 1.981025022376 1.982721022376 1.982721022376 1.982721022376 1.982721022376 1.982721022376 1.984369022376 1.984369022376 1.984369022376 1.984561022376 1.984561022376 1.986257022376 1.986257022376 1.986257022376 1.986257022376 1.986257022376 1.986449067128 1.986449067128 1.986801067128 1.988177057091 1.988177057091 1.990657057091 1.990657057091 1.992353057091 1.992545057834 1.992897057834 2.028321022376 2.028321022376 2.028321022376 2.948921022376 2.948921022376 2.948921022376 2.949313022376 2.949313022376 2.949921022376 2.949921022376 2.949921022376 2.949921022376 2.950241022376 2.950241022376 2.951937022376 2.95193705048 2.95193705048 2.952129066544 2.952129066544 2.952481066544 2.954657022376 2.954657022376 2.954657022376 2.954657022376 2.954849022376 2.954849022376 2.956545022376 2.956545022376 2.956545022376 2.956545022376 2.956545022376 2.956545033829 2.956737050778 2.956737050778 2.957089050778 2.958193022376 2.958193022376 2.958193022376 2.958193022376 2.958385022376 2.958385022376 2.960081022376 2.960081022376 2.960081022376 2.960081022376 2.960081022376 2.96020905048 2.960273067128 2.960273067128 2.960625067128 2.96140905048 2.96310505048 2.963297076162 2.963649076162 2.966945057091 2.968641057091 2.968833057834 2.969185057834 2.973409068766 2.975105068766 2.975297073182 2.975649073182 3.011361022376 3.011361022376 3.011361022376 3.931961022376 3.931961022376 3.931961022376 3.932353022376 3.932353022376 3.932961022376 3.932961022376 3.932961022376 3.932961022376 3.933281033829 3.933281033829 3.934977033829 3.93497705048 3.93497705048 3.935169050778 3.935169050778 3.935521050778 3.937025068766 3.937025068766 3.937905068766 3.937905068766 3.939601068766 3.939793073182 3.940145073182 3.940577057091 3.942273057091 3.942465057834 3.942817057834 3.943713022376 3.943713022376 3.943713022376 3.943713022376 3.943905022376 3.943905022376 3.945601022376 3.945601022376 3.945601022376 3.945601022376 3.945601022376 3.945793067128 3.945793067128 3.946145067128 3.94753705048 3.94753705048 3.95001705048 3.95001705048 3.95171305048 3.951905076162 3.952257076162 3.952577076162 3.954273076162 3.954465107905 3.954817107905 3.994401022376 3.994401022376 3.994401022376 4.915001022376 4.915001022376 4.915001022376 4.915393022376 4.915393022376 4.916001022376 4.916001022376 4.916001022376 4.916001022376 4.91632105048 4.91632105048 4.91801705048 4.918017068766 4.918017068766 4.918209073182 4.918209073182 4.918561073182 4.919329033829 4.921025033829 4.921217050778 4.921569050778 4.922529057091 4.924225057091 4.924417057834 4.924769057834 4.927009057834 4.928705057834 4.928897102002 4.929249102002 4.931041022376 4.931041022376 4.931041022376 4.931041022376 4.931233022376 4.931233022376 4.932929022376 4.932929022376 4.932929022376 4.932929022376 4.932929022376 4.933121067128 4.933121067128 4.933473067128 4.93860905048 4.94030505048 4.940497076162 4.940849076162 4.977441022376 4.977441022376 4.977441022376 5.898041022376 5.898041022376 5.898041022376 5.898433022376 5.898433022376 5.899041022376 5.899041022376 5.899041022376 5.899041022376 5.899361057091 5.899361057091 5.901057057091 5.901089022376 5.901089022376 5.901089022376 5.901089022376 5.901281022376 5.901281022376 5.902977022376 5.902977022376 5.902977022376 5.902977022376 5.902977022376 5.90460905048 5.90460905048 5.90630505048 5.906305068766 5.906305068766 5.906497073182 5.906497073182 5.906849073182 5.90814505048 5.90984105048 5.909873022376 5.909873022376 5.909873022376 5.909873022376 5.910065022376 5.910065022376 5.911761022376 5.911761022376 5.911761022376 5.911761022376 5.911761022376 5.912449022376 5.912449022376 5.912449022376 5.912641022376 5.912641022376 5.914337022376 5.914337022376 5.914337022376 5.914337022376 5.914337022376 5.914529067128 5.914529067128 5.914881067128 5.921281067128 5.922977067128 5.923169078291 5.923521078291 5.930913033829 5.932609033829 5.932801050778 5.933153050778 5.960481022376 5.960481022376 5.960481022376 6.881081022376 6.881081022376 6.881081022376 6.881473022376 6.881473022376 6.882081022376 6.882081022376 6.882081022376 6.882081022376 6.88272105048 6.88272105048 6.88441705048 6.884417068766 6.884417068766 6.884449022376 6.884449022376 6.884449022376 6.884641022376 6.884641022376 6.886337022376 6.886337022376 6.886337022376 6.886337022376 6.886337022376 6.887137033829 6.887137033829 6.888833033829 6.889025050778 6.889377050778 6.88958505048 6.89128105048 6.891473076162 6.891825076162 6.892785076162 6.894481076162 6.894673087325 6.895025087325 6.896033057091 6.897729057091 6.897921057834 6.898273057834 6.899121022376 6.899121022376 6.899121022376 6.899121022376 6.899313022376 6.899313022376 6.901009022376 6.901009022376 6.901009022376 6.901009022376 6.901009022376 6.901201067128 6.901201067128 6.901553067128 6.943521022376 6.943521022376 6.943521022376 7.864121022376 7.864121022376 7.864121022376 7.864513022376 7.864513022376 7.865121022376 7.865121022376 7.865121022376 7.865121022376 7.865249022376 7.865249022376 7.865249022376 7.865441022376 7.865441022376 7.867137022376 7.867137022376 7.867137022376 7.867137022376 7.867137022376 7.86713705048 7.867329067128 7.867329067128 7.867681067128 7.86833705048 7.87003305048 7.870145057091 7.870145057091 7.872161067128 7.872161067128 7.873857067128 7.87388905048 7.874001057091 7.874049078291 7.874049078291 7.874401078291 7.875201057091 7.876897057091 7.877089057834 7.877441057834 7.877793033829 7.879489033829 7.879681050778 7.880033050778 7.883425068766 7.885121068766 7.885313073182 7.885665073182 7.88814505048 7.88984105048 7.890033076162 7.890385076162 7.926561022376 7.926561022376 7.926561022376 8.847161022376 8.847161022376 8.847161022376 8.847553022376 8.847553022376 8.848161022376 8.848161022376 8.848161022376 8.848161022376 8.848481068766 8.848481068766 8.850177068766 8.850369073182 8.850721073182 8.851041073182 8.852737073182 8.85292911735 8.85328111735 8.85622505048 8.85792105048 8.858113076162 8.858465076162 8.858977033829 8.860673033829 8.860865050778 8.861217050778 8.862817057091 8.864513057091 8.864705057834 8.865057057834 8.868961022376 8.868961022376 8.868961022376 8.868961022376 8.869153022376 8.869153022376 8.870849022376 8.870849022376 8.870849022376 8.870849022376 8.870849022376 8.871041067128 8.871041067128 8.871393067128 8.909601022376 8.909601022376 8.909601022376 9.830201022376 9.830201022376 9.830201022376 9.830593022376 9.830593022376 9.831201022376 9.831201022376 9.831201022376 9.831201022376 9.831521033829 9.831521033829 9.833217033829 9.833217057091 9.833217057091 9.833409050778 9.833409050778 9.833761050778 9.835697057091 9.837393057091 9.837585057834 9.837937057834 9.84457705048 9.84627305048 9.846465076162 9.846817076162 9.847379737257 9.847379737257 9.847379737257 9.847379737257 9.847571737257 9.847571737257 9.849267737257 9.849267737257 9.849267737257 9.849267737257 9.849267737257 9.849459782009 9.849459782009 9.849811782009 9.850793787453 9.852489787453 9.852681791869 9.853033791869 9.859753791869 9.861449791869 9.861641811333 9.861993811333 9.892641022376 9.892641022376 9.892641022376 10.813241022376 10.813241022376 10.813241022376 10.813633022376 10.813633022376 10.814241022376 10.814241022376 10.814241022376 10.814241022376 10.81456105048 10.81456105048 10.81625705048 10.816449076162 10.816801076162 10.817121076162 10.818817076162 10.819009095626 10.819361095626 10.819809033829 10.821505033829 10.821697050778 10.822049050778 10.826145057091 10.827841057091 10.828033057834 10.828385057834 10.846185787453 10.847881787453 10.848073791869 10.848425791869 10.848659737257 10.848659737257 10.848659737257 10.848659737257 10.848851737257 10.848851737257 10.850547737257 10.850547737257 10.850547737257 10.850547737257 10.850547737257 10.850739782009 10.850739782009 10.851091782009 10.875681022376 10.875681022376 10.875681022376 11.796281022376 11.796281022376 11.796281022376 11.796673022376 11.796673022376 11.797281022376 11.797281022376 11.797281022376 11.797281022376 11.79792105048 11.79792105048 11.79961705048 11.799809076162 11.800161076162 11.801665033829 11.801665033829 11.803185033829 11.803185033829 11.804881033829 11.805057076162 11.805057076162 11.806897076162 11.806897076162 11.808593076162 11.808785095626 11.809137095626 11.809697057091 11.811393057091 11.811585057834 11.811937057834 11.816257033829 11.817953033829 11.818145050778 11.818497050778 11.845545787453 11.847241787453 11.847433791869 11.847785791869 11.851027737257 11.851027737257 11.851027737257 11.851027737257 11.851219737257 11.851219737257 11.852915737257 11.852915737257 11.852915737257 11.852915737257 11.852915737257 11.853107782009 11.853107782009 11.853459782009 11.858721022376 11.858721022376 11.858721022376 12.779321022376 12.779321022376 12.779321022376 12.779713022376 12.779713022376 12.780321022376 12.780321022376 12.780321022376 12.780321022376 12.78064105048 12.78064105048 12.78233705048 12.782529076162 12.782881076162 12.784257033829 12.784257033829 12.786017076162 12.786017076162 12.787713076162 12.787905095626 12.788257095626 12.789633057091 12.789633057091 12.790513057091 12.790513057091 12.792209057091 12.792401057834 12.792753057834 12.796913033829 12.798609033829 12.798801050778 12.799153050778 12.841761022376 12.841761022376 12.841761022376 13.762361022376 13.762361022376 13.762361022376 13.762753022376 13.762753022376 13.763361022376 13.763361022376 13.763361022376 13.763361022376 13.763809022376 13.763809022376 13.763809022376 13.764001022376 13.764001022376 13.765697022376 13.765697022376 13.765697022376 13.765697022376 13.765697022376 13.76569705048 13.765889050778 13.765889050778 13.766241050778 13.766705022376 13.766705022376 13.766705022376 13.766705022376 13.766897022376 13.766897022376 13.768593022376 13.768593022376 13.768593022376 13.768593022376 13.768593022376 13.76859305048 13.768785067128 13.768785067128 13.769137067128 13.770625068766 13.770625068766 13.77088105048 13.77088105048 13.77257705048 13.772769076162 13.773121076162 13.773745068766 13.775441068766 13.775633073182 13.775985073182 13.778785057091 13.780481057091 13.780561073182 13.780561073182 13.781761073182 13.781761073182 13.783457073182 13.78364907363 13.78400107363 13.787249057091 13.788945057091 13.789137057834 13.789489057834 13.824801022376 13.824801022376 13.824801022376 14.745401022376 14.745401022376 14.745401022376 14.745793022376 14.745793022376 14.746401022376 14.746401022376 14.746401022376 14.746401022376 14.746849022376 14.746849022376 14.746849022376 14.747041022376 14.747041022376 14.748737022376 14.748737022376 14.748737022376 14.748737022376 14.748737022376 14.748929066544 14.748929066544 14.749281066544 14.750065022376 14.750065022376 14.750065022376 14.750065022376 14.750257022376 14.750257022376 14.751953022376 14.751953022376 14.751953022376 14.751953022376 14.751953022376 14.752145067128 14.752145067128 14.752497067128 14.75369705048 14.75539305048 14.755585076162 14.755937076162 14.758369057091 14.760065057091 14.760257057834 14.760609057834 14.762113033829 14.762113033829 14.764913033829 14.764913033829 14.766609033829 14.766801050778 14.767153050778 14.768993068766 14.770689068766 14.770881073182 14.771233073182 14.807841022376 14.807841022376 14.807841022376 15.728441022376 15.728441022376 15.728441022376 15.728833022376 15.728833022376 15.729441022376 15.729441022376 15.729441022376 15.729441022376 15.730721022376 15.730721022376 15.732417022376 15.732417057091 15.732417057091 15.733297022376 15.733297022376 15.734993022376 15.735185062673 15.735537062673 15.735777033829 15.737473033829 15.737665050778 15.738017050778 15.739121057091 15.740817057091 15.741009057834 15.741361057834 15.74185705048 15.74355305048 15.743745076162 15.744097076162 15.744881068766 15.746577068766 15.746769073182 15.747121073182 15.747489022376 15.747489022376 15.747489022376 15.747489022376 15.747681022376 15.747681022376 15.749377022376 15.749377022376 15.749377022376 15.749377022376 15.749377022376 15.749569067128 15.749569067128 15.749921067128 15.790881022376 15.790881022376 15.790881022376 16.711481022376 16.711481022376 16.711481022376 16.711873022376 16.711873022376 16.712481022376 16.712481022376 16.712481022376 16.712481022376 16.713121057091 16.713121057091 16.714817057091 16.715009057834 16.715361057834 16.71644905048 16.71814505048 16.718337076162 16.718689076162 16.719137068766 16.720833068766 16.721025073182 16.721377073182 16.724065022376 16.724065022376 16.724065022376 16.724065022376 16.724257022376 16.724257022376 16.725953022376 16.725953022376 16.725953022376 16.725953022376 16.725953022376 16.726145067128 16.726145067128 16.726497067128 16.730785033829 16.732481033829 16.732673050778 16.733025050778 16.733985050778 16.735681050778 16.735873051226 16.736225051226 16.773921022376 16.773921022376 16.773921022376 17.694521022376 17.694521022376 17.694521022376 17.694913022376 17.694913022376 17.695521022376 17.695521022376 17.695521022376 17.695521022376 17.696289022376 17.696289022376 17.696289022376 17.696481022376 17.696481022376 17.698177022376 17.698177022376 17.698177022376 17.698177022376 17.698177022376 17.698177068766 17.698369067128 17.698369067128 17.698721067128 17.701297068766 17.702993068766 17.703185073182 17.703537073182 17.704097057091 17.705793057091 17.705985057834 17.706337057834 17.70678505048 17.70848105048 17.708673076162 17.709025076162 17.711457033829 17.713153033829 17.713345050778 17.713697050778 17.716897050778 17.718593050778 17.718785091075 17.719137091075 17.756961022376 17.756961022376 17.756961022376 18.677561022376 18.677561022376 18.677561022376 18.677953022376 18.677953022376 18.678561022376 18.678561022376 18.678561022376 18.678561022376 18.679201022376 18.679201022376 18.680897022376 18.680897033829 18.680897033829 18.681249057091 18.681249057091 18.682945057091 18.682977022376 18.682977022376 18.682977022376 18.682977022376 18.683169022376 18.683169022376 18.684865022376 18.684865022376 18.684865022376 18.684865022376 18.684865022376 18.685553022376 18.685553022376 18.685553022376 18.685745022376 18.685745022376 18.687441022376 18.687441022376 18.687441022376 18.687441022376 18.687441022376 18.687553076162 18.687553076162 18.687905076162 18.689409022376 18.689409022376 18.689409022376 18.689409022376 18.689601022376 18.689601022376 18.691297022376 18.691297022376 18.691297022376 18.691297022376 18.691297022376 18.691489067128 18.691489067128 18.691841067128 18.692385068766 18.694081068766 18.694273073182 18.694625073182 18.701025073182 18.702721073182 18.702913104925 18.703265104925 18.740001022376 18.740001022376 18.740001022376 19.660601022376 19.660601022376 19.660601022376 19.660993022376 19.660993022376 19.661601022376 19.661601022376 19.661601022376 19.661601022376 19.662049022376 19.662049022376 19.662049022376 19.662241022376 19.662241022376 19.663937022376 19.663937022376 19.663937022376 19.663937022376 19.663937022376 19.664129067128 19.664129067128 19.664481067128 19.66598505048 19.66598505048 19.667169033829 19.667169033829 19.668865033829 19.66888105048 19.66888105048 19.669057050778 19.669057050778 19.669409050778 19.671329050778 19.673025050778 19.673217070242 19.673569070242 19.67417705048 19.67587305048 19.676065076162 19.676417076162 19.678433068766 19.680129068766 19.680321073182 19.680673073182 19.683233057091 19.684929057091 19.685121057834 19.685473057834 19.723041022376 19.723041022376 19.723041022376","0 0 0 5e-06 0 0.05 5e-06 0.05 5e-06 0.05 5e-06 1e-06 1e-06 1e-06 0 5e-06 0.005005 0.005 0.055 0.005005 5e-06 5e-06 5e-06 0 0.05 5e-06 0.05 0.0001 5e-06 5e-06 0 0.05 5e-06 0.05 5e-06 0.05 5e-06 0.05 5e-06 0 0 0.005 0.005 0 0.075 0.005 0 5e-06 5e-06 5e-06 0 0.05 5e-06 1e-06 1e-06 1e-06 0 5e-06 0.005005 0.005 0.055 0.005005 5e-06 5e-06 5e-06 0 0.05 5e-06 0.05 5e-06 0.05 0.0001 5e-06 5e-06 0 0.05 5e-06 0.05 5e-06 0.05 5e-06 0.05 5e-06 0.05 5e-06 0 0 0.005 0.005 0 0.075 0.005 0 5e-06 5e-06 5e-06 0 0 0.005 0 0.075 0.005 0 5e-06 5e-06 5e-06 0 0.05 0.0001 5e-06 5e-06 0 0.05 5e-06 0.05 5e-06 1e-06 1e-06 1e-06 0 5e-06 0.005005 0.005 0.055 0.005005 5e-06 5e-06 5e-06 0 0.05 0.0001 5e-06 5e-06 0 0.05 5e-06 0 0 0.005 0.005 0 0.075 0.005 0 0.0001 0.0001 0.0001 5e-06 0 0.05 5e-06 0 0 0.005 0.005 0 0.075 0.005 0 0.0001 0.0001 0.0001 5e-06 0 0.05 5e-06 0.05 5e-06 0.05 5e-06 0.05 5e-06 0.05 5e-06 0.05 5e-06 0.05 5e-06 1e-06 1e-06 1e-06 0 5e-06 0.005005 0.005 0.055 0.005005 5e-06 5e-06 5e-06 0 0.05 0.0001 5e-06 5e-06 0 0.05 0.0001 5e-06 5e-06 0 0.05 5e-06 0.05 5e-06 0.05 5e-06 0.05 5e-06 0 0 0.005 0.005 0 0.075 0.005 0 5e-06 5e-06 5e-06 0 0.05 0.0001 5e-06 5e-06 0 0.05 5e-06 0.05 5e-06 0.05 5e-06 0.05 5e-06 1e-06 1e-06 1e-06 0 5e-06 0.005005 0.005 0.055 0.005005 5e-06 5e-06 5e-06 0 0.05 0.0001 5e-06 5e-06 0 0.05 5e-06 0.05 5e-06 0.05 5e-06 0.05 5e-06 0.05 5e-06 0.05 5e-06 0.05 5e-06 0 0 0.005 0.005 0 0.075 0.005 0 5e-06 5e-06 5e-06 0 0.05 5e-06 0.05 5e-06 0.05 5e-06 1e-06 1e-06 1e-06 0 5e-06 0.005005 0.005 0.055 0.005005 5e-06 5e-06 5e-06 0 0.05 5e-06 0 0 0.005 0.005 0 0.075 0.005 0 5e-06 5e-06 5e-06 0 0.05 0.0001 5e-06 5e-06 0 0.05 5e-06 0.05 5e-06 0 0 0.005 0.005 0 0.075 0.005 0 5e-06 5e-06 5e-06 0 0 0.005 0 0.075 0.005 0 5e-06 5e-06 5e-06 0 0.05 5e-06 0.05 5e-06 0.05 5e-06 0.05 5e-06 0.05 5e-06 1e-06 1e-06 1e-06 0 5e-06 0.005005 0.005 0.055 0.005005 5e-06 5e-06 5e-06 0 0.05 0.0001 5e-06 5e-06 0 0 0.005 0 0.075 0.005 0 5e-06 5e-06 5e-06 0 0.05 5e-06 0.05 5e-06 0.05 5e-06 0.05 5e-06 0.05 5e-06 0.05 5e-06 0.05 5e-06 0.05 5e-06 0 0 0.005 0.005 0 0.075 0.005 0 5e-06 5e-06 5e-06 0 0.05 5e-06 1e-06 1e-06 1e-06 0 5e-06 0.005005 0.005 0.055 0.005005 5e-06 5e-06 5e-06 0 0 0.005 0 0.075 0.005 0 0.0001 0.0001 0.0001 5e-06 0 0.05 5e-06 0.05 0.0001 5e-06 5e-06 0 0.05 0.0001 0.0001 5e-06 0 0.05 5e-06 0.05 5e-06 0.05 5e-06 0.05 5e-06 0.05 5e-06 0.05 5e-06 0.05 5e-06 0.05 5e-06 0.05 5e-06 1e-06 1e-06 1e-06 0 5e-06 0.005005 0.005 0.055 0.005005 5e-06 5e-06 5e-06 0 0.05 5e-06 0.05 5e-06 0.05 5e-06 0.05 5e-06 0.05 5e-06 0.05 5e-06 0.05 5e-06 0.05 5e-06 0.05 5e-06 0.05 5e-06 0 0 0.005 0.005 0 0.075 0.005 0 5e-06 5e-06 5e-06 0 0.05 5e-06 1e-06 1e-06 1e-06 0 5e-06 0.005005 0.005 0.055 0.005005 5e-06 5e-06 5e-06 0 0.05 0.0001 5e-06 5e-06 0 0.05 5e-06 0.05 5e-06 0.05 5e-06 0.05 5e-06 0.05 5e-06 0 0 0.005 0.005 0 0.075 0.005 0 5e-06 5e-06 5e-06 0 0.05 5e-06 0.05 5e-06 0.05 5e-06 0.05 5e-06 0.05 5e-06 1e-06 1e-06 1e-06 0 5e-06 0.005005 0.005 0.055 0.005005 5e-06 5e-06 5e-06 0 0.05 5e-06 0.05 5e-06 0.05 5e-06 0.05 5e-06 0.05 5e-06 0.05 5e-06 0.05 5e-06 0.05 5e-06 0.05 5e-06 0.05 5e-06 0 0 0.005 0.005 0 0.075 0.005 0 5e-06 5e-06 5e-06 0 0.05 5e-06 1e-06 1e-06 1e-06 0 5e-06 0.005005 0.005 0.055 0.005005 5e-06 5e-06 5e-06 0 0.05 5e-06 0.05 0.0001 5e-06 5e-06 0 0.05 0.0001 5e-06 5e-06 0 0.05 5e-06 0.05 5e-06 0.05 5e-06 0.05 5e-06 0.05 5e-06 0.05 5e-06 0.05 5e-06 0.05 5e-06 0 0 0.005 0.005 0 0.075 0.005 0 5e-06 5e-06 5e-06 0 0.05 5e-06 1e-06 1e-06 1e-06 0 5e-06 0.005005 0.005 0.055 0.005005 5e-06 5e-06 5e-06 0 0.05 5e-06 0.05 0.0001 5e-06 5e-06 0 0.05 5e-06 0.05 0.0001 5e-06 5e-06 0 0.05 5e-06 0.05 5e-06 0.05 5e-06 0.05 5e-06 1e-06 1e-06 1e-06 0 5e-06 0.005005 0.005 0.055 0.005005 5e-06 5e-06 5e-06 0 0 0.005 0 0.075 0.005 0 0.0001 0.0001 0.0001 5e-06 0 0.05 5e-06 0 0 0.005 0.005 0 0.075 0.005 0 0.0001 0.0001 0.0001 5e-06 0 0.05 0.0001 5e-06 5e-06 0 0.05 5e-06 0.05 5e-06 0.05 5e-06 0.05 5e-06 0.05 0.0001 5e-06 5e-06 0 0.05 5e-06 0.05 5e-06 0.05 5e-06 0.05 5e-06 1e-06 1e-06 1e-06 0 5e-06 0.005005 0.005 0.055 0.005005 5e-06 5e-06 5e-06 0 0 0.005 0 0.075 0.005 0 5e-06 5e-06 5e-06 0 0.05 5e-06 0 0 0.005 0.005 0 0.075 0.005 0 5e-06 5e-06 5e-06 0 0.05 5e-06 0.05 5e-06 0.05 5e-06 0.05 5e-06 0.05 0.0001 5e-06 5e-06 0 0.05 5e-06 0.05 5e-06 0.05 5e-06 0.05 5e-06 1e-06 1e-06 1e-06 0 5e-06 0.005005 0.005 0.055 0.005005 5e-06 5e-06 5e-06 0 0.05 0.0001 5e-06 5e-06 0 0.05 5e-06 0.05 5e-06 0.05 0.0001 0.05 5e-06 0.05 5e-06 0.05 5e-06 0.05 5e-06 0.05 5e-06 0.05 5e-06 0.05 5e-06 0 0 0.005 0.005 0 0.075 0.005 0 5e-06 5e-06 5e-06 0 0.05 5e-06 1e-06 1e-06 1e-06 0 5e-06 0.005005 0.005 0.055 0.005005 5e-06 5e-06 5e-06 0 0.05 5e-06 0.05 5e-06 0.05 5e-06 0.05 5e-06 0.05 5e-06 0.05 5e-06 0 0 0.005 0.005 0 0.075 0.005 0 5e-06 5e-06 5e-06 0 0.05 5e-06 0.05 5e-06 0.05 5e-06 0.05 5e-06 0.05 5e-06 1e-06 1e-06 1e-06 0 5e-06 0.005005 0.005 0.055 0.005005 5e-06 5e-06 5e-06 0 0 0.005 0 0.075 0.005 0 0.0001 0.0001 0.0001 5e-06 0 0.05 5e-06 0.05 5e-06 0.05 5e-06 0.05 5e-06 0.05 5e-06 0.05 5e-06 0.05 5e-06 0.05 5e-06 0.05 5e-06 0.05 5e-06 0.05 5e-06 1e-06 1e-06 1e-06 0 5e-06 0.005005 0.005 0.055 0.005005 5e-06 5e-06 5e-06 0 0.05 0.0001 5e-06 5e-06 0 0.05 5e-06 0 0 0.005 0.005 0 0.075 0.005 0 5e-06 5e-06 5e-06 0 0 0.005 0 0.075 0.005 0 5e-06 5e-06 5e-06 0 0.05 5e-06 0 0 0.005 0.005 0 0.075 0.005 0 5e-06 5e-06 5e-06 0 0.05 5e-06 0.05 5e-06 0.05 5e-06 0.05 5e-06 0.05 5e-06 1e-06 1e-06 1e-06 0 5e-06 0.005005 0.005 0.055 0.005005 5e-06 5e-06 5e-06 0 0 0.005 0 0.075 0.005 0 5e-06 5e-06 5e-06 0 0.05 0.0001 5e-06 5e-06 0 0.05 0.0001 5e-06 5e-06 0 0.05 5e-06 0.05 5e-06 0.05 5e-06 0.05 5e-06 0.05 5e-06 0.05 5e-06 0.05 5e-06 0.05 5e-06 0.05 5e-06 1e-06 1e-06 1e-06"
EnergyEfficient-0-20260924-21:08:21-1581,attr,Ieee802154Showcase.sensor2.wlan[0].radio.energyConsumer,powerConsumption:vector,interpolationmode,sample-hold,,
EnergyEfficient-0-20260924-21:08:21-1581,attr,Ieee802154Showcase.sensor2.wlan[0].radio.energyConsumer,powerConsumption:vector,recordingmode,vector,,
EnergyEfficient-0-20260924-21:08:21-1581,attr,Ieee802154Showcase.sensor2.wlan[0].radio.energyConsumer,powerConsumption:vector,source,powerConsumptionChanged,,
EnergyEfficient-0-20260924-21:08:21-1581,attr,Ieee802154Showcase.sensor2.wlan[0].radio.energyConsumer,powerConsumption:vector,title,Power consumption,,
EnergyEfficient-0-20260924-21:08:21-1581,attr,Ieee802154Showcase.sensor2.wlan[0].radio.energyConsumer,powerConsumption:vector,unit,W,,
EnergyEfficient-0-20260924-21:08:21-1581,vector,Ieee802154Showcase.sensor3.wlan[0].radio.energyConsumer,powerConsumption:vector,,,"0 0 0 0 0.000193014201 0.000193014201 0.000801014201 0.059273011282 0.060969011282 0.06116101682 0.06151301682 0.062241014201 0.062241014201 0.062241014201 0.982841014201 0.982841014201 0.982841014201 0.983233014201 0.983233014201 0.983841014201 0.983841014201 0.983841014201 0.983841014201 0.984161047958 0.984161047958 0.985857047958 0.986049049659 0.986401049659 0.987905049943 0.987905049943 0.988577014201 0.988577014201 0.988577014201 0.988769014201 0.988769014201 0.990465014201 0.990465014201 0.990465014201 0.990465014201 0.990465014201 0.990657042603 0.990657042603 0.991009042603 0.992433049943 0.994129049943 0.994321065007 0.994673065007 1.000097042004 1.001793042004 1.001985058953 1.002337058953 1.045281014201 1.045281014201 1.045281014201 1.965881014201 1.965881014201 1.965881014201 1.966273014201 1.966273014201 1.966881014201 1.966881014201 1.966881014201 1.966881014201 1.967009014201 1.967009014201 1.967009014201 1.967201014201 1.967201014201 1.968897014201 1.968897014201 1.968897014201 1.968897014201 1.968897014201 1.969089042603 1.969089042603 1.969441042603 1.970401042603 1.972097042603 1.972225047958 1.972225047958 1.973089049943 1.973089049943 1.974785049943 1.974977065007 1.975329065007 1.975585062449 1.977281062449 1.977473067987 1.977825067987 1.979105067987 1.980801067987 1.980993103515 1.981345103515 1.982721042004 1.982721042004 1.984561042004 1.984561042004 1.986257042004 1.986449058953 1.986801058953 1.988177047958 1.988177047958 1.990657047958 1.990657047958 1.992353047958 1.992545049659 1.992897049659 2.028321014201 2.028321014201 2.028321014201 2.948921014201 2.948921014201 2.948921014201 2.949313014201 2.949313014201 2.949921014201 2.949921014201 2.949921014201 2.949921014201 2.950241014201 2.950241014201 2.951937014201 2.951937062449 2.951937062449 2.952129053151 2.952129053151 2.952481053151 2.954657014201 2.954657014201 2.954657014201 2.954657014201 2.954849014201 2.954849014201 2.956545014201 2.956545014201 2.956545014201 2.956545014201 2.956545014201 2.956545042004 2.956737042603 2.956737042603 2.957089042603 2.958385042004 2.960081042004 2.960209062449 2.960209062449 2.960273058953 2.960273058953 2.960625058953 2.961409062449 2.963105062449 2.963297067987 2.963649067987 2.966945047958 2.968641047958 2.968833049659 2.969185049659 2.973409049943 2.975105049943 2.975297065007 2.975649065007 3.011361014201 3.011361014201 3.011361014201 3.931961014201 3.931961014201 3.931961014201 3.932353014201 3.932353014201 3.932961014201 3.932961014201 3.932961014201 3.932961014201 3.933089014201 3.933089014201 3.933089014201 3.933281014201 3.933281014201 3.934977014201 3.934977014201 3.934977014201 3.934977014201 3.934977014201 3.934977062449 3.935169042603 3.935169042603 3.935521042603 3.937025049943 3.937025049943 3.937905049943 3.937905049943 3.939601049943 3.939793065007 3.940145065007 3.940577047958 3.942273047958 3.942465049659 3.942817049659 3.943905042004 3.945601042004 3.945793058953 3.946145058953 3.947537062449 3.947537062449 3.950017062449 3.950017062449 3.951713062449 3.951905067987 3.952257067987 3.952577067987 3.954273067987 3.954465089922 3.954817089922 3.994401014201 3.994401014201 3.994401014201 4.915001014201 4.915001014201 4.915001014201 4.915393014201 4.915393014201 4.916001014201 4.916001014201 4.916001014201 4.916001014201 4.916321049943 4.916321049943 4.918017049943 4.918017062449 4.918017062449 4.918209065007 4.918209065007 4.918561065007 4.919137014201 4.919137014201 4.919137014201 4.919137014201 4.919329014201 4.919329014201 4.921025014201 4.921025014201 4.921025014201 4.921025014201 4.921025014201 4.921217042603 4.921217042603 4.921569042603 4.922529047958 4.924225047958 4.924417049659 4.924769049659 4.927009049659 4.928705049659 4.928897088609 4.929249088609 4.931233042004 4.932929042004 4.933121058953 4.933473058953 4.938609062449 4.940305062449 4.940497067987 4.940849067987 4.977441014201 4.977441014201 4.977441014201 5.898041014201 5.898041014201 5.898041014201 5.898433014201 5.898433014201 5.899041014201 5.899041014201 5.899041014201 5.899041014201 5.899361047958 5.899361047958 5.901057047958 5.901249049659 5.901601049659 5.902977042004 5.902977042004 5.904609049943 5.904609049943 5.906305049943 5.906305062449 5.906305062449 5.906497065007 5.906497065007 5.906849065007 5.908145062449 5.909841062449 5.910033067987 5.910385067987 5.911761042004 5.911761042004 5.912641042004 5.912641042004 5.914337042004 5.914529058953 5.914881058953 5.921281058953 5.922977058953 5.923169080279 5.923521080279 5.930721014201 5.930721014201 5.930721014201 5.930721014201 5.930913014201 5.930913014201 5.932609014201 5.932609014201 5.932609014201 5.932609014201 5.932609014201 5.932801042603 5.932801042603 5.933153042603 5.960481014201 5.960481014201 5.960481014201 6.881081014201 6.881081014201 6.881081014201 6.881473014201 6.881473014201 6.882081014201 6.882081014201 6.882081014201 6.882081014201 6.882721049943 6.882721049943 6.884417049943 6.884417062449 6.884417062449 6.884609065007 6.884609065007 6.884961065007 6.886337042004 6.886337042004 6.886945014201 6.886945014201 6.886945014201 6.887137014201 6.887137014201 6.888833014201 6.888833014201 6.888833014201 6.888833014201 6.888833014201 6.889025042603 6.889025042603 6.889377042603 6.889585062449 6.891281062449 6.891473067987 6.891825067987 6.892785067987 6.894481067987 6.894673089313 6.895025089313 6.896033047958 6.897729047958 6.897921049659 6.898273049659 6.899313042004 6.901009042004 6.901201058953 6.901553058953 6.943521014201 6.943521014201 6.943521014201 7.864121014201 7.864121014201 7.864121014201 7.864513014201 7.864513014201 7.865121014201 7.865121014201 7.865121014201 7.865121014201 7.865441042004 7.865441042004 7.867137042004 7.867137062449 7.867137062449 7.867329058953 7.867329058953 7.867681058953 7.868337062449 7.870033062449 7.870145047958 7.870145047958 7.872161058953 7.872161058953 7.873857058953 7.873889062449 7.874001047958 7.874049080279 7.874049080279 7.874401080279 7.875201047958 7.876897047958 7.877089049659 7.877441049659 7.877601014201 7.877601014201 7.877601014201 7.877601014201 7.877793014201 7.877793014201 7.879489014201 7.879489014201 7.879489014201 7.879489014201 7.879489014201 7.879681042603 7.879681042603 7.880033042603 7.883425049943 7.885121049943 7.885313065007 7.885665065007 7.888145062449 7.889841062449 7.890033067987 7.890385067987 7.926561014201 7.926561014201 7.926561014201 8.847161014201 8.847161014201 8.847161014201 8.847553014201 8.847553014201 8.848161014201 8.848161014201 8.848161014201 8.848161014201 8.848481049943 8.848481049943 8.850177049943 8.850369065007 8.850721065007 8.851041065007 8.852737065007 8.852929103957 8.853281103957 8.856225062449 8.857921062449 8.858113067987 8.858465067987 8.858785014201 8.858785014201 8.858785014201 8.858785014201 8.858977014201 8.858977014201 8.860673014201 8.860673014201 8.860673014201 8.860673014201 8.860673014201 8.860865042603 8.860865042603 8.861217042603 8.862817047958 8.864513047958 8.864705049659 8.865057049659 8.869153042004 8.870849042004 8.871041058953 8.871393058953 8.909601014201 8.909601014201 8.909601014201 9.830201014201 9.830201014201 9.830201014201 9.830593014201 9.830593014201 9.831201014201 9.831201014201 9.831201014201 9.831201014201 9.831329014201 9.831329014201 9.831329014201 9.831521014201 9.831521014201 9.833217014201 9.833217014201 9.833217014201 9.833217014201 9.833217014201 9.833217047958 9.833409042603 9.833409042603 9.833761042603 9.835697047958 9.837393047958 9.837585049659 9.837937049659 9.844577062449 9.846273062449 9.846465067987 9.846817067987 9.847571756885 9.849267756885 9.849459773834 9.849811773834 9.85079376863 9.85248976863 9.852681783694 9.853033783694 9.859753783694 9.861449783694 9.8616418098 9.8619938098 9.892641014201 9.892641014201 9.892641014201 10.813241014201 10.813241014201 10.813241014201 10.813633014201 10.813633014201 10.814241014201 10.814241014201 10.814241014201 10.814241014201 10.814561062449 10.814561062449 10.816257062449 10.816449067987 10.816801067987 10.817121067987 10.818817067987 10.819009094093 10.819361094093 10.819617014201 10.819617014201 10.819617014201 10.819617014201 10.819809014201 10.819809014201 10.821505014201 10.821505014201 10.821505014201 10.821505014201 10.821505014201 10.821697042603 10.821697042603 10.822049042603 10.826145047958 10.827841047958 10.828033049659 10.828385049659 10.84618576863 10.84788176863 10.848073783694 10.848425783694 10.848851756885 10.850547756885 10.850739773834 10.851091773834 10.875681014201 10.875681014201 10.875681014201 11.796281014201 11.796281014201 11.796281014201 11.796673014201 11.796673014201 11.797281014201 11.797281014201 11.797281014201 11.797281014201 11.797921062449 11.797921062449 11.799617062449 11.799777014201 11.799777014201 11.799777014201 11.799777014201 11.799969014201 11.799969014201 11.801665014201 11.801665014201 11.801665014201 11.801665014201 11.801665014201 11.802993014201 11.802993014201 11.802993014201 11.803185014201 11.803185014201 11.804881014201 11.804881014201 11.804881014201 11.804881014201 11.804881014201 11.805057067987 11.806897067987 11.806897067987 11.808593067987 11.808785094093 11.809137094093 11.809697047958 11.811393047958 11.811585049659 11.811937049659 11.816065014201 11.816065014201 11.816065014201 11.816065014201 11.816257014201 11.816257014201 11.817953014201 11.817953014201 11.817953014201 11.817953014201 11.817953014201 11.818145042603 11.818145042603 11.818497042603 11.84554576863 11.84724176863 11.847433783694 11.847785783694 11.851219756885 11.852915756885 11.853107773834 11.853459773834 11.858721014201 11.858721014201 11.858721014201 12.779321014201 12.779321014201 12.779321014201 12.779713014201 12.779713014201 12.780321014201 12.780321014201 12.780321014201 12.780321014201 12.780641062449 12.780641062449 12.782337062449 12.782369014201 12.782369014201 12.782369014201 12.782369014201 12.782561014201 12.782561014201 12.784257014201 12.784257014201 12.784257014201 12.784257014201 12.784257014201 12.786017067987 12.786017067987 12.787713067987 12.787905094093 12.788257094093 12.789633047958 12.789633047958 12.790513047958 12.790513047958 12.792209047958 12.792401049659 12.792753049659 12.796721014201 12.796721014201 12.796721014201 12.796721014201 12.796913014201 12.796913014201 12.798609014201 12.798609014201 12.798609014201 12.798609014201 12.798609014201 12.798801042603 12.798801042603 12.799153042603 12.841761014201 12.841761014201 12.841761014201 13.762361014201 13.762361014201 13.762361014201 13.762753014201 13.762753014201 13.763361014201 13.763361014201 13.763361014201 13.763361014201 13.763809014201 13.763809014201 13.763809014201 13.764001014201 13.764001014201 13.765697014201 13.765697014201 13.765697014201 13.765697014201 13.765697014201 13.765697062449 13.765889042603 13.765889042603 13.766241042603 13.766897042004 13.768593042004 13.768593062449 13.768593062449 13.768785058953 13.768785058953 13.769137058953 13.770625049943 13.770625049943 13.770881062449 13.770881062449 13.772577062449 13.772769067987 13.773121067987 13.773745049943 13.775441049943 13.775633065007 13.775985065007 13.778785047958 13.780481047958 13.780561065007 13.780561065007 13.781761065007 13.781761065007 13.783457065007 13.783649074657 13.784001074657 13.787249047958 13.788945047958 13.789137049659 13.789489049659 13.824801014201 13.824801014201 13.824801014201 14.745401014201 14.745401014201 14.745401014201 14.745793014201 14.745793014201 14.746401014201 14.746401014201 14.746401014201 14.746401014201 14.747041014201 14.747041014201 14.748737014201 14.748737042004 14.748737042004 14.748929053151 14.748929053151 14.749281053151 14.750257042004 14.751953042004 14.752145058953 14.752497058953 14.753697062449 14.755393062449 14.755585067987 14.755937067987 14.758369047958 14.760065047958 14.760225014201 14.760225014201 14.760225014201 14.760225014201 14.760417014201 14.760417014201 14.762113014201 14.762113014201 14.762113014201 14.762113014201 14.762113014201 14.764721014201 14.764721014201 14.764721014201 14.764913014201 14.764913014201 14.766609014201 14.766609014201 14.766609014201 14.766609014201 14.766609014201 14.766801042603 14.766801042603 14.767153042603 14.768993049943 14.770689049943 14.770881065007 14.771233065007 14.807841014201 14.807841014201 14.807841014201 15.728441014201 15.728441014201 15.728441014201 15.728833014201 15.728833014201 15.729441014201 15.729441014201 15.729441014201 15.729441014201 15.730721014201 15.730721014201 15.732417014201 15.732417047958 15.732417047958 15.733297014201 15.733297014201 15.734993014201 15.735185049729 15.735537049729 15.735585014201 15.735585014201 15.735585014201 15.735585014201 15.735777014201 15.735777014201 15.737473014201 15.737473014201 15.737473014201 15.737473014201 15.737473014201 15.737665042603 15.737665042603 15.738017042603 15.739121047958 15.740817047958 15.741009049659 15.741361049659 15.741857062449 15.743553062449 15.743745067987 15.744097067987 15.744881049943 15.746577049943 15.746769065007 15.747121065007 15.747681042004 15.749377042004 15.749569058953 15.749921058953 15.790881014201 15.790881014201 15.790881014201 16.711481014201 16.711481014201 16.711481014201 16.711873014201 16.711873014201 16.712481014201 16.712481014201 16.712481014201 16.712481014201 16.713121047958 16.713121047958 16.714817047958 16.715009049659 16.715361049659 16.716449062449 16.718145062449 16.718337067987 16.718689067987 16.719137049943 16.720833049943 16.721025065007 16.721377065007 16.724257042004 16.725953042004 16.726145058953 16.726497058953 16.730593014201 16.730593014201 16.730593014201 16.730593014201 16.730785014201 16.730785014201 16.732481014201 16.732481014201 16.732481014201 16.732481014201 16.732481014201 16.732673042603 16.732673042603 16.733025042603 16.733985042603 16.735681042603 16.735873052253 16.736225052253 16.773921014201 16.773921014201 16.773921014201 17.694521014201 17.694521014201 17.694521014201 17.694913014201 17.694913014201 17.695521014201 17.695521014201 17.695521014201 17.695521014201 17.696481042004 17.696481042004 17.698177042004 17.698177049943 17.698177049943 17.698369058953 17.698369058953 17.698721058953 17.701297049943 17.702993049943 17.703185065007 17.703537065007 17.704097047958 17.705793047958 17.705985049659 17.706337049659 17.706785062449 17.708481062449 17.708673067987 17.709025067987 17.711265014201 17.711265014201 17.711265014201 17.711265014201 17.711457014201 17.711457014201 17.713153014201 17.713153014201 17.713153014201 17.713153014201 17.713153014201 17.713345042603 17.713345042603 17.713697042603 17.716897042603 17.718593042603 17.718785078131 17.719137078131 17.756961014201 17.756961014201 17.756961014201 18.677561014201 18.677561014201 18.677561014201 18.677953014201 18.677953014201 18.678561014201 18.678561014201 18.678561014201 18.678561014201 18.679009014201 18.679009014201 18.679009014201 18.679201014201 18.679201014201 18.680897014201 18.680897014201 18.680897014201 18.680897014201 18.680897014201 18.681249047958 18.681249047958 18.682945047958 18.683137049659 18.683489049659 18.684865042004 18.684865042004 18.685665062449 18.685665062449 18.687361062449 18.687441042004 18.687441042004 18.687553067987 18.687553067987 18.687905067987 18.689601042004 18.691297042004 18.691489058953 18.691841058953 18.692385049943 18.694081049943 18.694273065007 18.694625065007 18.701025065007 18.702721065007 18.702913086942 18.703265086942 18.740001014201 18.740001014201 18.740001014201 19.660601014201 19.660601014201 19.660601014201 19.660993014201 19.660993014201 19.661601014201 19.661601014201 19.661601014201 19.661601014201 19.662241042004 19.662241042004 19.663937042004 19.664129058953 19.664481058953 19.665985062449 19.665985062449 19.666977014201 19.666977014201 19.666977014201 19.667169014201 19.667169014201 19.668865014201 19.668865014201 19.668865014201 19.668865014201 19.668865014201 19.668881062449 19.669057042603 19.669057042603 19.669409042603 19.671329042603 19.673025042603 19.673217068709 19.673569068709 19.674177062449 19.675873062449 19.676065067987 19.676417067987 19.678433049943 19.680129049943 19.680321065007 19.680673065007 19.683233047958 19.684929047958 19.685121049659 19.685473049659 19.723041014201 19.723041014201 19.723041014201","0 0 0 5e-06 0 0.05 5e-06 0.05 5e-06 0.05 5e-06 1e-06 1e-06 1e-06 0 5e-06 0.005005 0.005 0.055 0.005005 5e-06 5e-06 5e-06 0 0.05 5e-06 0.05 0.0001 5e-06 5e-06 0 0 0.005 0 0.075 0.005 0 5e-06 5e-06 5e-06 0 0.05 5e-06 0.05 5e-06 0.05 5e-06 0.05 5e-06 0.05 5e-06 1e-06 1e-06 1e-06 0 5e-06 0.005005 0.005 0.055 0.005005 5e-06 5e-06 5e-06 0 0 0.005 0 0.075 0.005 0 5e-06 5e-06 5e-06 0 0.05 5e-06 0.05 0.0001 5e-06 5e-06 0 0.05 5e-06 0.05 5e-06 0.05 5e-06 0.05 5e-06 0.05 5e-06 0.05 0.0001 5e-06 5e-06 0 0.05 5e-06 0.05 0.0001 5e-06 5e-06 0 0.05 5e-06 0.05 5e-06 1e-06 1e-06 1e-06 0 5e-06 0.005005 0.005 0.055 0.005005 5e-06 5e-06 5e-06 0 0.05 0.0001 5e-06 5e-06 0 0.05 5e-06 0 0 0.005 0.005 0 0.075 0.005 0 0.0001 0.0001 0.0001 5e-06 0 0.05 5e-06 0.05 0.0001 5e-06 5e-06 0 0.05 5e-06 0.05 5e-06 0.05 5e-06 0.05 5e-06 0.05 5e-06 0.05 5e-06 0.05 5e-06 1e-06 1e-06 1e-06 0 5e-06 0.005005 0.005 0.055 0.005005 5e-06 5e-06 5e-06 0 0 0.005 0 0.075 0.005 0 0.0001 0.0001 0.0001 5e-06 0 0.05 0.0001 5e-06 5e-06 0 0.05 5e-06 0.05 5e-06 0.05 5e-06 0.05 5e-06 0.05 5e-06 0.05 0.0001 5e-06 5e-06 0 0.05 5e-06 0.05 5e-06 0.05 5e-06 0.05 5e-06 1e-06 1e-06 1e-06 0 5e-06 0.005005 0.005 0.055 0.005005 5e-06 5e-06 5e-06 0 0.05 0.0001 5e-06 5e-06 0 0.05 5e-06 0 0 0.005 0.005 0 0.075 0.005 0 5e-06 5e-06 5e-06 0 0.05 5e-06 0.05 5e-06 0.05 5e-06 0.05 5e-06 0.05 5e-06 0.05 5e-06 0.05 5e-06 0.05 5e-06 0.05 5e-06 1e-06 1e-06 1e-06 0 5e-06 0.005005 0.005 0.055 0.005005 5e-06 5e-06 5e-06 0 0.05 5e-06 0.05 0.0001 5e-06 5e-06 0 0.05 0.0001 5e-06 5e-06 0 0.05 5e-06 0.05 5e-06 0.05 0.0001 5e-06 5e-06 0 0.05 5e-06 0.05 5e-06 0.05 5e-06 0.05 5e-06 0 0 0.005 0.005 0 0.075 0.005 0 5e-06 5e-06 5e-06 0 0.05 5e-06 1e-06 1e-06 1e-06 0 5e-06 0.005005 0.005 0.055 0.005005 5e-06 5e-06 5e-06 0 0.05 0.0001 5e-06 5e-06 0 0.05 0.0001 5e-06 5e-06 0 0 0.005 0 0.075 0.005 0 5e-06 5e-06 5e-06 0 0.05 5e-06 0.05 5e-06 0.05 5e-06 0.05 5e-06 0.05 5e-06 0.05 5e-06 0.05 5e-06 0.05 5e-06 0.05 5e-06 1e-06 1e-06 1e-06 0 5e-06 0.005005 0.005 0.055 0.005005 5e-06 5e-06 5e-06 0 0.05 0.0001 5e-06 5e-06 0 0.05 5e-06 0.05 0.0001 5e-06 5e-06 0 0.05 0.0001 0.0001 5e-06 0 0.05 5e-06 0.05 5e-06 0.05 5e-06 0 0 0.005 0.005 0 0.075 0.005 0 5e-06 5e-06 5e-06 0 0.05 5e-06 0.05 5e-06 0.05 5e-06 0.05 5e-06 0.05 5e-06 1e-06 1e-06 1e-06 0 5e-06 0.005005 0.005 0.055 0.005005 5e-06 5e-06 5e-06 0 0.05 5e-06 0.05 5e-06 0.05 5e-06 0.05 5e-06 0.05 5e-06 0.05 5e-06 0 0 0.005 0.005 0 0.075 0.005 0 5e-06 5e-06 5e-06 0 0.05 5e-06 0.05 5e-06 0.05 5e-06 0.05 5e-06 0.05 5e-06 1e-06 1e-06 1e-06 0 5e-06 0.005005 0.005 0.055 0.005005 5e-06 5e-06 5e-06 0 0 0.005 0 0.075 0.005 0 0.0001 0.0001 0.0001 5e-06 0 0.05 5e-06 0.05 5e-06 0.05 5e-06 0.05 5e-06 0.05 5e-06 0.05 5e-06 0.05 5e-06 0.05 5e-06 0.05 5e-06 0.05 5e-06 0.05 5e-06 1e-06 1e-06 1e-06 0 5e-06 0.005005 0.005 0.055 0.005005 5e-06 5e-06 5e-06 0 0.05 5e-06 0.05 5e-06 0.05 5e-06 0.05 5e-06 0 0 0.005 0.005 0 0.075 0.005 0 5e-06 5e-06 5e-06 0 0.05 5e-06 0.05 5e-06 0.05 5e-06 0.05 5e-06 0.05 5e-06 0.05 5e-06 0.05 5e-06 1e-06 1e-06 1e-06 0 5e-06 0.005005 0.005 0.055 0.005005 5e-06 5e-06 5e-06 0 0.05 5e-06 0 0 0.005 0.005 0 0.075 0.005 0 5e-06 5e-06 5e-06 0 0 0.005 0 0.075 0.005 0 0.0001 0.0001 0.0001 5e-06 0 0.05 5e-06 0.05 5e-06 0.05 5e-06 0.05 5e-06 0 0 0.005 0.005 0 0.075 0.005 0 5e-06 5e-06 5e-06 0 0.05 5e-06 0.05 5e-06 0.05 5e-06 0.05 5e-06 0.05 5e-06 1e-06 1e-06 1e-06 0 5e-06 0.005005 0.005 0.055 0.005005 5e-06 5e-06 5e-06 0 0.05 5e-06 0 0 0.005 0.005 0 0.075 0.005 0 5e-06 5e-06 5e-06 0 0.05 5e-06 0.05 0.0001 5e-06 5e-06 0 0.05 5e-06 0.05 5e-06 0 0 0.005 0.005 0 0.075 0.005 0 5e-06 5e-06 5e-06 0 0.05 5e-06 1e-06 1e-06 1e-06 0 5e-06 0.005005 0.005 0.055 0.005005 5e-06 5e-06 5e-06 0 0 0.005 0 0.075 0.005 0 0.0001 0.0001 0.0001 5e-06 0 0.05 5e-06 0.05 0.0001 5e-06 5e-06 0 0.05 0.0001 5e-06 5e-06 0 0.05 5e-06 0.05 5e-06 0.05 5e-06 0.05 5e-06 0.05 0.0001 5e-06 5e-06 0 0.05 5e-06 0.05 5e-06 0.05 5e-06 0.05 5e-06 1e-06 1e-06 1e-06 0 5e-06 0.005005 0.005 0.055 0.005005 5e-06 5e-06 5e-06 0 0.05 0.0001 5e-06 5e-06 0 0.05 5e-06 0.05 5e-06 0.05 5e-06 0.05 5e-06 0.05 5e-06 0.05 5e-06 0 0 0.005 0.005 0 0.075 0.005 0 5e-06 5e-06 5e-06 0 0 0.005 0 0.075 0.005 0 5e-06 5e-06 5e-06 0 0.05 5e-06 0.05 5e-06 0.05 5e-06 1e-06 1e-06 1e-06 0 5e-06 0.005005 0.005 0.055 0.005005 5e-06 5e-06 5e-06 0 0.05 0.0001 5e-06 5e-06 0 0.05 5e-06 0.05 5e-06 0 0 0.005 0.005 0 0.075 0.005 0 0.0001 0.0001 0.0001 0 0.05 5e-06 0.05 5e-06 0.05 5e-06 0.05 5e-06 0.05 5e-06 0.05 5e-06 0.05 5e-06 0.05 5e-06 0.05 5e-06 1e-06 1e-06 1e-06 0 5e-06 0.005005 0.005 0.055 0.005005 5e-06 5e-06 5e-06 0 0.05 5e-06 0.05 5e-06 0.05 5e-06 0.05 5e-06 0.05 5e-06 0.05 5e-06 0.05 5e-06 0.05 5e-06 0 0 0.005 0.005 0 0.075 0.005 0 5e-06 5e-06 5e-06 0 0.05 5e-06 0.05 5e-06 0.05 5e-06 1e-06 1e-06 1e-06 0 5e-06 0.005005 0.005 0.055 0.005005 5e-06 5e-06 5e-06 0 0.05 0.0001 5e-06 5e-06 0 0.05 5e-06 0.05 5e-06 0.05 5e-06 0.05 5e-06 0.05 5e-06 0.05 5e-06 0.05 5e-06 0 0 0.005 0.005 0 0.075 0.005 0 5e-06 5e-06 5e-06 0 0.05 5e-06 0.05 5e-06 0.05 5e-06 1e-06 1e-06 1e-06 0 5e-06 0.005005 0.005 0.055 0.005005 5e-06 5e-06 5e-06 0 0 0.005 0 0.075 0.005 0 5e-06 5e-06 5e-06 0 0.05 5e-06 0.05 0.0001 5e-06 5e-06 0 0.05 0.0001 5e-06 5e-06 0 0.05 5e-06 0.05 5e-06 0.05 5e-06 0.05 5e-06 0.05 5e-06 0.05 5e-06 0.05 5e-06 1e-06 1e-06 1e-06 0 5e-06 0.005005 0.005 0.055 0.005005 5e-06 5e-06 5e-06 0 0.05 5e-06 0.05 0.0001 5e-06 5e-06 0 0 0.005 0 0.075 0.005 0 0.0001 0.0001 0.0001 5e-06 0 0.05 5e-06 0.05 5e-06 0.05 5e-06 0.05 5e-06 0.05 5e-06 0.05 5e-06 0.05 5e-06 0.05 5e-06 0.05 5e-06 1e-06 1e-06 1e-06"
EnergyEfficient-0-20260924-21:08:21-1581,attr,Ieee802154Showcase.sensor3.wlan[0].radio.energyConsumer,powerConsumption:vector,interpolationmode,sample-hold,,
EnergyEfficient-0-20260924-21:08:21-1581,attr,Ieee802154Showcase.sensor3.wlan[0].radio.energyConsumer,powerConsumption:vector,recordingmode,vector,,
EnergyEfficient-0-20260924-21:08:21-1581,attr,Ieee802154Showcase.sensor3.wlan[0].radio.energyConsumer,powerConsumption:vector,source,powerConsumptionChanged,,
EnergyEfficient-0-20260924-21:08:21-1581,attr,Ieee802154Showcase.sensor3.wlan[0].radio.energyConsumer,powerConsumption:vector,title,Power consumption,,
EnergyEfficient-0-20260924-21:08:21-1581,attr,Ieee802154Showcase.sensor3.wlan[0].radio.energyConsumer,powerConsumption:vector,unit,W,,
EnergyEfficient-0-20260924-21:08:21-1581,vector,Ieee802154Showcase.sensor4.wlan[0].radio.energyConsumer,powerConsumption:vector,,,"0 0 0 0 0.000193026893 0.000193026893 0.000801026893 0.059080975726 0.059080975726 0.059080975726 0.059080975726 0.059272975726 0.059272975726 0.060968975726 0.060968975726 0.060968975726 0.060968975726 0.060968975726 0.061161029512 0.061161029512 0.061513029512 0.062241026893 0.062241026893 0.062241026893 0.982841026893 0.982841026893 0.982841026893 0.983233026893 0.983233026893 0.983841026893 0.983841026893 0.983841026893 0.983841026893 0.984161052753 0.984161052753 0.985857052753 0.986049062351 0.986401062351 0.987905077614 0.987905077614 0.988769049757 0.988769049757 0.990465049757 0.990657055295 0.991009055295 0.992433077614 0.994129077614 0.994321077699 0.994673077699 1.000097045963 1.001793045963 1.001985071645 1.002337071645 1.045281026893 1.045281026893 1.045281026893 1.965881026893 1.965881026893 1.965881026893 1.966273026893 1.966273026893 1.966881026893 1.966881026893 1.966881026893 1.966881026893 1.967201049757 1.967201049757 1.968897049757 1.969089055295 1.969441055295 1.970401055295 1.972097055295 1.972225052753 1.972225052753 1.973089077614 1.973089077614 1.974785077614 1.974977077699 1.975329077699 1.975393026893 1.975393026893 1.975393026893 1.975393026893 1.975585026893 1.975585026893 1.977281026893 1.977281026893 1.977281026893 1.977281026893 1.977281026893 1.977473080679 1.977473080679 1.977825080679 1.979105080679 1.980801080679 1.980993115933 1.981345115933 1.982721045963 1.982721045963 1.984561045963 1.984561045963 1.986257045963 1.986449071645 1.986801071645 1.988177052753 1.988177052753 1.990657052753 1.990657052753 1.992353052753 1.992545062351 1.992897062351 2.028321026893 2.028321026893 2.028321026893 2.948921026893 2.948921026893 2.948921026893 2.949313026893 2.949313026893 2.949921026893 2.949921026893 2.949921026893 2.949921026893 2.950049026893 2.950049026893 2.950049026893 2.950241026893 2.950241026893 2.951937026893 2.951937026893 2.951937026893 2.951937026893 2.951937026893 2.952129087309 2.952129087309 2.952481087309 2.954849045963 2.956545045963 2.956545049757 2.956545049757 2.956737055295 2.956737055295 2.957089055295 2.958321026893 2.958321026893 2.958321026893 2.958321026893 2.958513026893 2.958513026893 2.960209026893 2.960209026893 2.960209026893 2.960209026893 2.960209026893 2.960273071645 2.960273071645 2.960625071645 2.961217026893 2.961217026893 2.961217026893 2.961217026893 2.961409026893 2.961409026893 2.963105026893 2.963105026893 2.963105026893 2.963105026893 2.963105026893 2.963297080679 2.963297080679 2.963649080679 2.966945052753 2.968641052753 2.968833062351 2.969185062351 2.973409077614 2.975105077614 2.975297077699 2.975649077699 3.011361026893 3.011361026893 3.011361026893 3.931961026893 3.931961026893 3.931961026893 3.932353026893 3.932353026893 3.932961026893 3.932961026893 3.932961026893 3.932961026893 3.933089026893 3.933089026893 3.933089026893 3.933281026893 3.933281026893 3.934977026893 3.934977026893 3.934977026893 3.934977026893 3.934977026893 3.934977049757 3.935169055295 3.935169055295 3.935521055295 3.937025077614 3.937025077614 3.937905077614 3.937905077614 3.939601077614 3.939793077699 3.940145077699 3.940577052753 3.942273052753 3.942465062351 3.942817062351 3.943905045963 3.945601045963 3.945649026893 3.945649026893 3.945649026893 3.945649026893 3.945841026893 3.945841026893 3.947537026893 3.947537026893 3.947537026893 3.947537026893 3.947537026893 3.949825026893 3.949825026893 3.949825026893 3.950017026893 3.950017026893 3.951713026893 3.951713026893 3.951713026893 3.951713026893 3.951713026893 3.951905080679 3.951905080679 3.952257080679 3.952577080679 3.954273080679 3.954465125478 3.954817125478 3.994401026893 3.994401026893 3.994401026893 4.915001026893 4.915001026893 4.915001026893 4.915393026893 4.915393026893 4.916001026893 4.916001026893 4.916001026893 4.916001026893 4.916129026893 4.916129026893 4.916129026893 4.916321026893 4.916321026893 4.918017026893 4.918017026893 4.918017026893 4.918017026893 4.918017026893 4.918017077614 4.918209077699 4.918209077699 4.918561077699 4.919329049757 4.921025049757 4.921217055295 4.921569055295 4.922529052753 4.924225052753 4.924417062351 4.924769062351 4.927009062351 4.928705062351 4.928897122767 4.929249122767 4.931233045963 4.932929045963 4.933121071645 4.933473071645 4.938417026893 4.938417026893 4.938417026893 4.938417026893 4.938609026893 4.938609026893 4.940305026893 4.940305026893 4.940305026893 4.940305026893 4.940305026893 4.940497080679 4.940497080679 4.940849080679 4.977441026893 4.977441026893 4.977441026893 5.898041026893 5.898041026893 5.898041026893 5.898433026893 5.898433026893 5.899041026893 5.899041026893 5.899041026893 5.899041026893 5.899361052753 5.899361052753 5.901057052753 5.901249062351 5.901601062351 5.902977045963 5.902977045963 5.904417026893 5.904417026893 5.904417026893 5.904609026893 5.904609026893 5.906305026893 5.906305026893 5.906305026893 5.906305026893 5.906305026893 5.906305077614 5.906497077699 5.906497077699 5.906849077699 5.907953026893 5.907953026893 5.907953026893 5.907953026893 5.908145026893 5.908145026893 5.909841026893 5.909841026893 5.909841026893 5.909841026893 5.909841026893 5.910033080679 5.910033080679 5.910385080679 5.911761045963 5.911761045963 5.912641045963 5.912641045963 5.914337045963 5.914529071645 5.914881071645 5.921281071645 5.922977071645 5.923169072367 5.923521072367 5.930913049757 5.932609049757 5.932801055295 5.933153055295 5.960481026893 5.960481026893 5.960481026893 6.881081026893 6.881081026893 6.881081026893 6.881473026893 6.881473026893 6.882081026893 6.882081026893 6.882081026893 6.882081026893 6.882529026893 6.882529026893 6.882529026893 6.882721026893 6.882721026893 6.884417026893 6.884417026893 6.884417026893 6.884417026893 6.884417026893 6.884417077614 6.884609077699 6.884609077699 6.884961077699 6.886337045963 6.886337045963 6.887137049757 6.887137049757 6.888833049757 6.889025055295 6.889377055295 6.889393026893 6.889393026893 6.889393026893 6.889393026893 6.889585026893 6.889585026893 6.891281026893 6.891281026893 6.891281026893 6.891281026893 6.891281026893 6.891473080679 6.891473080679 6.891825080679 6.892785080679 6.894481080679 6.894673081401 6.895025081401 6.896033052753 6.897729052753 6.897921062351 6.898273062351 6.899313045963 6.901009045963 6.901201071645 6.901553071645 6.943521026893 6.943521026893 6.943521026893 7.864121026893 7.864121026893 7.864121026893 7.864513026893 7.864513026893 7.865121026893 7.865121026893 7.865121026893 7.865121026893 7.865249026893 7.865249026893 7.865249026893 7.865441026893 7.865441026893 7.867137026893 7.867137026893 7.867137026893 7.867137026893 7.867137026893 7.867137045963 7.867329071645 7.867329071645 7.867681071645 7.868145026893 7.868145026893 7.868145026893 7.868145026893 7.868337026893 7.868337026893 7.870033026893 7.870033026893 7.870033026893 7.870033026893 7.870033026893 7.870145052753 7.872001026893 7.872001026893 7.872001026893 7.872193026893 7.872193026893 7.873889026893 7.873889026893 7.873889026893 7.873889026893 7.873889026893 7.874001052753 7.874049072367 7.874049072367 7.874401072367 7.875201052753 7.876897052753 7.877089062351 7.877441062351 7.877793049757 7.879489049757 7.879681055295 7.880033055295 7.883425077614 7.885121077614 7.885313077699 7.885665077699 7.887953026893 7.887953026893 7.887953026893 7.887953026893 7.888145026893 7.888145026893 7.889841026893 7.889841026893 7.889841026893 7.889841026893 7.889841026893 7.890033080679 7.890033080679 7.890385080679 7.926561026893 7.926561026893 7.926561026893 8.847161026893 8.847161026893 8.847161026893 8.847553026893 8.847553026893 8.848161026893 8.848161026893 8.848161026893 8.848161026893 8.848481077614 8.848481077614 8.850177077614 8.850369077699 8.850721077699 8.851041077699 8.852737077699 8.852929138115 8.853281138115 8.856033026893 8.856033026893 8.856033026893 8.856033026893 8.856225026893 8.856225026893 8.857921026893 8.857921026893 8.857921026893 8.857921026893 8.857921026893 8.858113080679 8.858113080679 8.858465080679 8.858977049757 8.860673049757 8.860865055295 8.861217055295 8.862817052753 8.864513052753 8.864705062351 8.865057062351 8.869153045963 8.870849045963 8.871041071645 8.871393071645 8.909601026893 8.909601026893 8.909601026893 9.830201026893 9.830201026893 9.830201026893 9.830593026893 9.830593026893 9.831201026893 9.831201026893 9.831201026893 9.831201026893 9.831521049757 9.831521049757 9.833217049757 9.833217052753 9.833217052753 9.833409055295 9.833409055295 9.833761055295 9.835697052753 9.837393052753 9.837585062351 9.837937062351 9.844385026893 9.844385026893 9.844385026893 9.844385026893 9.844577026893 9.844577026893 9.846273026893 9.846273026893 9.846273026893 9.846273026893 9.846273026893 9.846465080679 9.846465080679 9.846817080679 9.847571760844 9.849267760844 9.849459786526 9.849811786526 9.850793796301 9.852489796301 9.852681796386 9.853033796386 9.859753796386 9.861449796386 9.861641834104 9.861993834104 9.892641026893 9.892641026893 9.892641026893 10.813241026893 10.813241026893 10.813241026893 10.813633026893 10.813633026893 10.814241026893 10.814241026893 10.814241026893 10.814241026893 10.814369026893 10.814369026893 10.814369026893 10.814561026893 10.814561026893 10.816257026893 10.816257026893 10.816257026893 10.816257026893 10.816257026893 10.816449080679 10.816449080679 10.816801080679 10.817121080679 10.818817080679 10.819009118397 10.819361118397 10.819809049757 10.821505049757 10.821697055295 10.822049055295 10.826145052753 10.827841052753 10.828033062351 10.828385062351 10.846185796301 10.847881796301 10.848073796386 10.848425796386 10.848851760844 10.850547760844 10.850739786526 10.851091786526 10.875681026893 10.875681026893 10.875681026893 11.796281026893 11.796281026893 11.796281026893 11.796673026893 11.796673026893 11.797281026893 11.797281026893 11.797281026893 11.797281026893 11.797729026893 11.797729026893 11.797729026893 11.797921026893 11.797921026893 11.799617026893 11.799617026893 11.799617026893 11.799617026893 11.799617026893 11.799809080679 11.799809080679 11.800161080679 11.801665049757 11.801665049757 11.803185049757 11.803185049757 11.804881049757 11.805057080679 11.805057080679 11.806897080679 11.806897080679 11.808593080679 11.808785118397 11.809137118397 11.809697052753 11.811393052753 11.811585062351 11.811937062351 11.816257049757 11.817953049757 11.818145055295 11.818497055295 11.845545796301 11.847241796301 11.847433796386 11.847785796386 11.851219760844 11.852915760844 11.853107786526 11.853459786526 11.858721026893 11.858721026893 11.858721026893 12.779321026893 12.779321026893 12.779321026893 12.779713026893 12.779713026893 12.780321026893 12.780321026893 12.780321026893 12.780321026893 12.780449026893 12.780449026893 12.780449026893 12.780641026893 12.780641026893 12.782337026893 12.782337026893 12.782337026893 12.782337026893 12.782337026893 12.782529080679 12.782529080679 12.782881080679 12.784257049757 12.784257049757 12.786017080679 12.786017080679 12.787713080679 12.787905118397 12.788257118397 12.789633052753 12.789633052753 12.790513052753 12.790513052753 12.792209052753 12.792401062351 12.792753062351 12.796913049757 12.798609049757 12.798801055295 12.799153055295 12.841761026893 12.841761026893 12.841761026893 13.762361026893 13.762361026893 13.762361026893 13.762753026893 13.762753026893 13.763361026893 13.763361026893 13.763361026893 13.763361026893 13.763809026893 13.763809026893 13.763809026893 13.764001026893 13.764001026893 13.765697026893 13.765697026893 13.765697026893 13.765697026893 13.765697026893 13.765697049757 13.765889055295 13.765889055295 13.766241055295 13.766705026893 13.766705026893 13.766705026893 13.766705026893 13.766897026893 13.766897026893 13.768593026893 13.768593026893 13.768593026893 13.768593026893 13.768593026893 13.768593045963 13.768785071645 13.768785071645 13.769137071645 13.770625077614 13.770625077614 13.770689026893 13.770689026893 13.770689026893 13.770881026893 13.770881026893 13.772577026893 13.772577026893 13.772577026893 13.772577026893 13.772577026893 13.772769080679 13.772769080679 13.773121080679 13.773745077614 13.775441077614 13.775633077699 13.775985077699 13.778785052753 13.780481052753 13.780561077699 13.780561077699 13.781761077699 13.781761077699 13.783457077699 13.783649088067 13.784001088067 13.787249052753 13.788945052753 13.789137062351 13.789489062351 13.824801026893 13.824801026893 13.824801026893 14.745401026893 14.745401026893 14.745401026893 14.745793026893 14.745793026893 14.746401026893 14.746401026893 14.746401026893 14.746401026893 14.747041026893 14.747041026893 14.748737026893 14.748737045963 14.748737045963 14.748929087309 14.748929087309 14.749281087309 14.750257045963 14.751953045963 14.752145071645 14.752497071645 14.753505026893 14.753505026893 14.753505026893 14.753505026893 14.753697026893 14.753697026893 14.755393026893 14.755393026893 14.755393026893 14.755393026893 14.755393026893 14.755585080679 14.755585080679 14.755937080679 14.758369052753 14.760065052753 14.760257062351 14.760609062351 14.762113049757 14.762113049757 14.764913049757 14.764913049757 14.766609049757 14.766801055295 14.767153055295 14.768993077614 14.770689077614 14.770881077699 14.771233077699 14.807841026893 14.807841026893 14.807841026893 15.728441026893 15.728441026893 15.728441026893 15.728833026893 15.728833026893 15.729441026893 15.729441026893 15.729441026893 15.729441026893 15.730721026893 15.730721026893 15.732417026893 15.732417052753 15.732417052753 15.733297026893 15.733297026893 15.734993026893 15.735185062147 15.735537062147 15.735777049757 15.737473049757 15.737665055295 15.738017055295 15.739121052753 15.740817052753 15.741009062351 15.741361062351 15.741665026893 15.741665026893 15.741665026893 15.741665026893 15.741857026893 15.741857026893 15.743553026893 15.743553026893 15.743553026893 15.743553026893 15.743553026893 15.743745080679 15.743745080679 15.744097080679 15.744881077614 15.746577077614 15.746769077699 15.747121077699 15.747681045963 15.749377045963 15.749569071645 15.749921071645 15.790881026893 15.790881026893 15.790881026893 16.711481026893 16.711481026893 16.711481026893 16.711873026893 16.711873026893 16.712481026893 16.712481026893 16.712481026893 16.712481026893 16.713121052753 16.713121052753 16.714817052753 16.715009062351 16.715361062351 16.716257026893 16.716257026893 16.716257026893 16.716257026893 16.716449026893 16.716449026893 16.718145026893 16.718145026893 16.718145026893 16.718145026893 16.718145026893 16.718337080679 16.718337080679 16.718689080679 16.719137077614 16.720833077614 16.721025077699 16.721377077699 16.724257045963 16.725953045963 16.726145071645 16.726497071645 16.730785049757 16.732481049757 16.732673055295 16.733025055295 16.733985055295 16.735681055295 16.735873065663 16.736225065663 16.773921026893 16.773921026893 16.773921026893 17.694521026893 17.694521026893 17.694521026893 17.694913026893 17.694913026893 17.695521026893 17.695521026893 17.695521026893 17.695521026893 17.696481045963 17.696481045963 17.698177045963 17.698177077614 17.698177077614 17.698369071645 17.698369071645 17.698721071645 17.701297077614 17.702993077614 17.703185077699 17.703537077699 17.704097052753 17.705793052753 17.705985062351 17.706337062351 17.706593026893 17.706593026893 17.706593026893 17.706593026893 17.706785026893 17.706785026893 17.708481026893 17.708481026893 17.708481026893 17.708481026893 17.708481026893 17.708673080679 17.708673080679 17.709025080679 17.711457049757 17.713153049757 17.713345055295 17.713697055295 17.716897055295 17.718593055295 17.718785090549 17.719137090549 17.756961026893 17.756961026893 17.756961026893 18.677561026893 18.677561026893 18.677561026893 18.677953026893 18.677953026893 18.678561026893 18.678561026893 18.678561026893 18.678561026893 18.679201026893 18.679201026893 18.680897026893 18.680897049757 18.680897049757 18.681249052753 18.681249052753 18.682945052753 18.683137062351 18.683489062351 18.684865045963 18.684865045963 18.685473026893 18.685473026893 18.685473026893 18.685665026893 18.685665026893 18.687361026893 18.687361026893 18.687361026893 18.687361026893 18.687361026893 18.687441045963 18.687553080679 18.687553080679 18.687905080679 18.689601045963 18.691297045963 18.691489071645 18.691841071645 18.692385077614 18.694081077614 18.694273077699 18.694625077699 18.701025077699 18.702721077699 18.702913122498 18.703265122498 18.740001026893 18.740001026893 18.740001026893 19.660601026893 19.660601026893 19.660601026893 19.660993026893 19.660993026893 19.661601026893 19.661601026893 19.661601026893 19.661601026893 19.662241045963 19.662241045963 19.663937045963 19.664097026893 19.664097026893 19.664097026893 19.664097026893 19.664289026893 19.664289026893 19.665985026893 19.665985026893 19.665985026893 19.665985026893 19.665985026893 19.666993026893 19.666993026893 19.666993026893 19.667185026893 19.667185026893 19.668881026893 19.668881026893 19.668881026893 19.668881026893 19.668881026893 19.669057055295 19.669057055295 19.669409055295 19.671329055295 19.673025055295 19.673217093013 19.673569093013 19.673985026893 19.673985026893 19.673985026893 19.673985026893 19.674177026893 19.674177026893 19.675873026893 19.675873026893 19.675873026893 19.675873026893 19.675873026893 19.676065080679 19.676065080679 19.676417080679 19.678433077614 19.680129077614 19.680321077699 19.680673077699 19.683233052753 19.684929052753 19.685121062351 19.685473062351 19.723041026893 19.723041026893 19.723041026893","0 0 0 5e-06 0 0.05 5e-06 0 0 0.005 0.005 0 0.075 0.005 0 5e-06 5e-06 5e-06 0 0.05 5e-06 1e-06 1e-06 1e-06 0 5e-06 0.005005 0.005 0.055 0.005005 5e-06 5e-06 5e-06 0 0.05 5e-06 0.05 0.0001 5e-06 5e-06 0 0.05 5e-06 0.05 5e-06 0.05 5e-06 0.05 5e-06 0.05 5e-06 0.05 5e-06 1e-06 1e-06 1e-06 0 5e-06 0.005005 0.005 0.055 0.005005 5e-06 5e-06 5e-06 0 0.05 5e-06 0.05 5e-06 0.05 0.0001 5e-06 5e-06 0 0.05 5e-06 0.05 5e-06 0 0 0.005 0.005 0 0.075 0.005 0 5e-06 5e-06 5e-06 0 0.05 5e-06 0.05 5e-06 0.05 0.0001 5e-06 5e-06 0 0.05 5e-06 0.05 0.0001 5e-06 5e-06 0 0.05 5e-06 0.05 5e-06 1e-06 1e-06 1e-06 0 5e-06 0.005005 0.005 0.055 0.005005 5e-06 5e-06 5e-06 0 0 0.005 0 0.075 0.005 0 5e-06 5e-06 5e-06 0 0.05 5e-06 0.05 0.0001 5e-06 5e-06 0 0.05 5e-06 0 0 0.005 0.005 0 0.075 0.005 0 5e-06 5e-06 5e-06 0 0.05 5e-06 0 0 0.005 0.005 0 0.075 0.005 0 5e-06 5e-06 5e-06 0 0.05 5e-06 0.05 5e-06 0.05 5e-06 0.05 5e-06 0.05 5e-06 1e-06 1e-06 1e-06 0 5e-06 0.005005 0.005 0.055 0.005005 5e-06 5e-06 5e-06 0 0 0.005 0 0.075 0.005 0 0.0001 0.0001 0.0001 5e-06 0 0.05 0.0001 5e-06 5e-06 0 0.05 5e-06 0.05 5e-06 0.05 5e-06 0.05 5e-06 0.05 5e-06 0 0 0.005 0.005 0 0.075 0.005 0 5e-06 5e-06 5e-06 0 0 0.005 0 0.075 0.005 0 5e-06 5e-06 5e-06 0 0.05 5e-06 0.05 5e-06 0.05 5e-06 1e-06 1e-06 1e-06 0 5e-06 0.005005 0.005 0.055 0.005005 5e-06 5e-06 5e-06 0 0 0.005 0 0.075 0.005 0 0.0001 0.0001 0.0001 5e-06 0 0.05 5e-06 0.05 5e-06 0.05 5e-06 0.05 5e-06 0.05 5e-06 0.05 5e-06 0.05 5e-06 0.05 5e-06 0.05 5e-06 0 0 0.005 0.005 0 0.075 0.005 0 5e-06 5e-06 5e-06 0 0.05 5e-06 1e-06 1e-06 1e-06 0 5e-06 0.005005 0.005 0.055 0.005005 5e-06 5e-06 5e-06 0 0.05 5e-06 0.05 0.0001 5e-06 5e-06 0 0 0.005 0 0.075 0.005 0 0.0001 0.0001 0.0001 5e-06 0 0.05 5e-06 0 0 0.005 0.005 0 0.075 0.005 0 5e-06 5e-06 5e-06 0 0.05 0.0001 5e-06 5e-06 0 0.05 5e-06 0.05 5e-06 0.05 5e-06 0.05 5e-06 0.05 5e-06 0.05 5e-06 1e-06 1e-06 1e-06 0 5e-06 0.005005 0.005 0.055 0.005005 5e-06 5e-06 5e-06 0 0 0.005 0 0.075 0.005 0 0.0001 0.0001 0.0001 5e-06 0 0.05 0.0001 5e-06 5e-06 0 0.05 5e-06 0.05 5e-06 0 0 0.005 0.005 0 0.075 0.005 0 5e-06 5e-06 5e-06 0 0.05 5e-06 0.05 5e-06 0.05 5e-06 0.05 5e-06 0.05 5e-06 0.05 5e-06 0.05 5e-06 1e-06 1e-06 1e-06 0 5e-06 0.005005 0.005 0.055 0.005005 5e-06 5e-06 5e-06 0 0 0.005 0 0.075 0.005 0 0.0001 0.0001 0.0001 5e-06 0 0.05 5e-06 0 0 0.005 0.005 0 0.075 0.005 0 0.0001 0.0001 0.0001 5e-06 0 0 0.005 0 0.075 0.005 0 0.0001 0.0001 0.0001 5e-06 0 0.05 5e-06 0.05 5e-06 0.05 5e-06 0.05 5e-06 0.05 5e-06 0.05 5e-06 0.05 5e-06 0 0 0.005 0.005 0 0.075 0.005 0 5e-06 5e-06 5e-06 0 0.05 5e-06 1e-06 1e-06 1e-06 0 5e-06 0.005005 0.005 0.055 0.005005 5e-06 5e-06 5e-06 0 0.05 5e-06 0.05 5e-06 0.05 5e-06 0.05 5e-06 0 0 0.005 0.005 0 0.075 0.005 0 5e-06 5e-06 5e-06 0 0.05 5e-06 0.05 5e-06 0.05 5e-06 0.05 5e-06 0.05 5e-06 0.05 5e-06 0.05 5e-06 1e-06 1e-06 1e-06 0 5e-06 0.005005 0.005 0.055 0.005005 5e-06 5e-06 5e-06 0 0.05 0.0001 5e-06 5e-06 0 0.05 5e-06 0.05 5e-06 0.05 5e-06 0 0 0.005 0.005 0 0.075 0.005 0 5e-06 5e-06 5e-06 0 0.05 5e-06 0.05 5e-06 0.05 5e-06 0.05 5e-06 0.05 5e-06 0.05 5e-06 0.05 5e-06 1e-06 1e-06 1e-06 0 5e-06 0.005005 0.005 0.055 0.005005 5e-06 5e-06 5e-06 0 0 0.005 0 0.075 0.005 0 5e-06 5e-06 5e-06 0 0.05 5e-06 0.05 5e-06 0.05 5e-06 0.05 5e-06 0.05 5e-06 0.05 5e-06 0.05 5e-06 0.05 5e-06 0.05 5e-06 0.05 5e-06 0.05 5e-06 1e-06 1e-06 1e-06 0 5e-06 0.005005 0.005 0.055 0.005005 5e-06 5e-06 5e-06 0 0 0.005 0 0.075 0.005 0 5e-06 5e-06 5e-06 0 0.05 0.0001 5e-06 5e-06 0 0.05 0.0001 5e-06 5e-06 0 0.05 5e-06 0.05 5e-06 0.05 5e-06 0.05 5e-06 0.05 5e-06 0.05 5e-06 0.05 5e-06 0.05 5e-06 0.05 5e-06 0.05 5e-06 1e-06 1e-06 1e-06 0 5e-06 0.005005 0.005 0.055 0.005005 5e-06 5e-06 5e-06 0 0 0.005 0 0.075 0.005 0 5e-06 5e-06 5e-06 0 0.05 0.0001 5e-06 5e-06 0 0.05 5e-06 0.05 0.0001 5e-06 5e-06 0 0.05 5e-06 0.05 5e-06 0.05 5e-06 0.05 5e-06 1e-06 1e-06 1e-06 0 5e-06 0.005005 0.005 0.055 0.005005 5e-06 5e-06 5e-06 0 0 0.005 0 0.075 0.005 0 0.0001 0.0001 0.0001 5e-06 0 0.05 5e-06 0 0 0.005 0.005 0 0.075 0.005 0 0.0001 0.0001 0.0001 5e-06 0 0.05 0.0001 5e-06 5e-06 0 0 0.005 0 0.075 0.005 0 5e-06 5e-06 5e-06 0 0.05 5e-06 0.05 5e-06 0.05 5e-06 0.05 0.0001 5e-06 5e-06 0 0.05 5e-06 0.05 5e-06 0.05 5e-06 0.05 5e-06 1e-06 1e-06 1e-06 0 5e-06 0.005005 0.005 0.055 0.005005 5e-06 5e-06 5e-06 0 0.05 0.0001 5e-06 5e-06 0 0.05 5e-06 0.05 5e-06 0.05 5e-06 0 0 0.005 0.005 0 0.075 0.005 0 5e-06 5e-06 5e-06 0 0.05 5e-06 0.05 5e-06 0.05 0.0001 5e-06 5e-06 0 0.05 5e-06 0.05 5e-06 0.05 5e-06 0.05 5e-06 1e-06 1e-06 1e-06 0 5e-06 0.005005 0.005 0.055 0.005005 5e-06 5e-06 5e-06 0 0.05 0.0001 5e-06 5e-06 0 0.05 5e-06 0.05 5e-06 0.05 0.0001 0.05 5e-06 0.05 5e-06 0.05 5e-06 0 0 0.005 0.005 0 0.075 0.005 0 5e-06 5e-06 5e-06 0 0.05 5e-06 0.05 5e-06 0.05 5e-06 0.05 5e-06 0.05 5e-06 1e-06 1e-06 1e-06 0 5e-06 0.005005 0.005 0.055 0.005005 5e-06 5e-06 5e-06 0 0.05 5e-06 0.05 5e-06 0 0 0.005 0.005 0 0.075 0.005 0 5e-06 5e-06 5e-06 0 0.05 5e-06 0.05 5e-06 0.05 5e-06 0.05 5e-06 0.05 5e-06 0.05 5e-06 0.05 5e-06 0.05 5e-06 0.05 5e-06 1e-06 1e-06 1e-06 0 5e-06 0.005005 0.005 0.055 0.005005 5e-06 5e-06 5e-06 0 0.05 0.0001 5e-06 5e-06 0 0.05 5e-06 0.05 5e-06 0.05 5e-06 0.05 5e-06 0.05 5e-06 0 0 0.005 0.005 0 0.075 0.005 0 5e-06 5e-06 5e-06 0 0.05 5e-06 0.05 5e-06 0.05 5e-06 0.05 5e-06 0.05 5e-06 1e-06 1e-06 1e-06 0 5e-06 0.005005 0.005 0.055 0.005005 5e-06 5e-06 5e-06 0 0.05 0.0001 5e-06 5e-06 0 0.05 5e-06 0.05 0.0001 5e-06 5e-06 0 0 0.005 0 0.075 0.005 0 0.0001 0.0001 0.0001 5e-06 0 0.05 5e-06 0.05 5e-06 0.05 5e-06 0.05 5e-06 0.05 5e-06 0.05 5e-06 0.05 5e-06 1e-06 1e-06 1e-06 0 5e-06 0.005005 0.005 0.055 0.005005 5e-06 5e-06 5e-06 0 0.05 5e-06 0 0 0.005 0.005 0 0.075 0.005 0 5e-06 5e-06 5e-06 0 0 0.005 0 0.075 0.005 0 5e-06 5e-06 5e-06 0 0.05 5e-06 0.05 5e-06 0.05 5e-06 0 0 0.005 0.005 0 0.075 0.005 0 5e-06 5e-06 5e-06 0 0.05 5e-06 0.05 5e-06 0.05 5e-06 0.05 5e-06 0.05 5e-06 1e-06 1e-06 1e-06"
EnergyEfficient-0-20260924-21:08:21-1581,attr,Ieee802154Showcase.sensor4.wlan[0].radio.energyConsumer,powerConsumption:vector,interpolationmode,sample-hold,,
EnergyEfficient-0-20260924-21:08:21-1581,attr,Ieee802154Showcase.sensor4.wlan[0].radio.energyConsumer,powerConsumption:vector,recordingmode,vector,,
EnergyEfficient-0-20260924-21:08:21-1581,attr,Ieee802154Showcase.sensor4.wlan[0].radio.energyConsumer,powerConsumption:vector,source,powerConsumptionChanged,,
EnergyEfficient-0-20260924-21:08:21-1581,attr,Ieee802154Showcase.sensor4.wlan[0].radio.energyConsumer,powerConsumption:vector,title,Power consumption,,
EnergyEfficient-0-20260924-21:08:21-1581,attr,Ieee802154Showcase.sensor4.wlan[0].radio.energyConsumer,powerConsumption:vector,unit,W,,
EnergyEfficient-0-20260924-21:08:21-1581,vector,Ieee802154Showcase.sensor5.wlan[0].radio.energyConsumer,powerConsumption:vector,,,"0 0 0 0 0.000193017729 0.000193017729 0.000801017729 0.05927301075 0.06096901075 0.061161020348 0.061513020348 0.062241017729 0.062241017729 0.062241017729 0.982841017729 0.982841017729 0.982841017729 0.983233017729 0.983233017729 0.983841017729 0.983841017729 0.983841017729 0.983841017729 0.983969017729 0.983969017729 0.983969017729 0.984161017729 0.984161017729 0.985857017729 0.985857017729 0.985857017729 0.985857017729 0.985857017729 0.986049053187 0.986049053187 0.986401053187 0.987905051509 0.987905051509 0.98876904443 0.98876904443 0.99046504443 0.990657046131 0.991009046131 0.992433051509 0.994129051509 0.994321068535 0.994673068535 1.000097061738 1.001793061738 1.001985062481 1.002337062481 1.045281017729 1.045281017729 1.045281017729 1.965881017729 1.965881017729 1.965881017729 1.966273017729 1.966273017729 1.966881017729 1.966881017729 1.966881017729 1.966881017729 1.96720104443 1.96720104443 1.96889704443 1.969089046131 1.969441046131 1.970337017729 1.970337017729 1.970337017729 1.970337017729 1.970529017729 1.970529017729 1.972225017729 1.972225017729 1.972225017729 1.972225017729 1.972225017729 1.973089051509 1.973089051509 1.974785051509 1.974977068535 1.975329068535 1.975585061917 1.977281061917 1.977473071515 1.977825071515 1.979105071515 1.980801071515 1.980993082277 1.981345082277 1.982721061738 1.982721061738 1.984561061738 1.984561061738 1.986257061738 1.986289017729 1.986289017729 1.986289017729 1.986289017729 1.986481017729 1.986481017729 1.988177017729 1.988177017729 1.988177017729 1.988177017729 1.988177017729 1.990465017729 1.990465017729 1.990465017729 1.990657017729 1.990657017729 1.992353017729 1.992353017729 1.992353017729 1.992353017729 1.992353017729 1.992545053187 1.992545053187 1.992897053187 2.028321017729 2.028321017729 2.028321017729 2.948921017729 2.948921017729 2.948921017729 2.949313017729 2.949313017729 2.949921017729 2.949921017729 2.949921017729 2.949921017729 2.950241017729 2.950241017729 2.951937017729 2.951937061917 2.951937061917 2.952129080961 2.952129080961 2.952481080961 2.95484904443 2.95654504443 2.956545061738 2.956545061738 2.956737046131 2.956737046131 2.957089046131 2.958385061738 2.960081061738 2.960209061917 2.960209061917 2.960273062481 2.960273062481 2.960625062481 2.961409061917 2.963105061917 2.963297071515 2.963649071515 2.966753017729 2.966753017729 2.966753017729 2.966753017729 2.966945017729 2.966945017729 2.968641017729 2.968641017729 2.968641017729 2.968641017729 2.968641017729 2.968833053187 2.968833053187 2.969185053187 2.973409051509 2.975105051509 2.975297068535 2.975649068535 3.011361017729 3.011361017729 3.011361017729 3.931961017729 3.931961017729 3.931961017729 3.932353017729 3.932353017729 3.932961017729 3.932961017729 3.932961017729 3.932961017729 3.93328104443 3.93328104443 3.93497704443 3.934977061917 3.934977061917 3.935169046131 3.935169046131 3.935521046131 3.937025051509 3.937025051509 3.937905051509 3.937905051509 3.939601051509 3.939793068535 3.940145068535 3.940385017729 3.940385017729 3.940385017729 3.940385017729 3.940577017729 3.940577017729 3.942273017729 3.942273017729 3.942273017729 3.942273017729 3.942273017729 3.942465053187 3.942465053187 3.942817053187 3.943905061738 3.945601061738 3.945793062481 3.946145062481 3.947537061917 3.947537061917 3.950017061917 3.950017061917 3.951713061917 3.951905071515 3.952257071515 3.952577071515 3.954273071515 3.954465115102 3.954817115102 3.994401017729 3.994401017729 3.994401017729 4.915001017729 4.915001017729 4.915001017729 4.915393017729 4.915393017729 4.916001017729 4.916001017729 4.916001017729 4.916001017729 4.916321051509 4.916321051509 4.918017051509 4.918017061917 4.918017061917 4.918209068535 4.918209068535 4.918561068535 4.91932904443 4.92102504443 4.921217046131 4.921569046131 4.922337017729 4.922337017729 4.922337017729 4.922337017729 4.922529017729 4.922529017729 4.924225017729 4.924225017729 4.924225017729 4.924225017729 4.924225017729 4.924417053187 4.924417053187 4.924769053187 4.927009053187 4.928705053187 4.928897116419 4.929249116419 4.931233061738 4.932929061738 4.933121062481 4.933473062481 4.938609061917 4.940305061917 4.940497071515 4.940849071515 4.977441017729 4.977441017729 4.977441017729 5.898041017729 5.898041017729 5.898041017729 5.898433017729 5.898433017729 5.899041017729 5.899041017729 5.899041017729 5.899041017729 5.899169017729 5.899169017729 5.899169017729 5.899361017729 5.899361017729 5.901057017729 5.901057017729 5.901057017729 5.901057017729 5.901057017729 5.901249053187 5.901249053187 5.901601053187 5.902977061738 5.902977061738 5.904609051509 5.904609051509 5.906305051509 5.906305061917 5.906305061917 5.906497068535 5.906497068535 5.906849068535 5.908145061917 5.909841061917 5.910033071515 5.910385071515 5.911761061738 5.911761061738 5.912641061738 5.912641061738 5.914337061738 5.914529062481 5.914881062481 5.921281062481 5.922977062481 5.923169077175 5.923521077175 5.93091304443 5.93260904443 5.932801046131 5.933153046131 5.960481017729 5.960481017729 5.960481017729 6.881081017729 6.881081017729 6.881081017729 6.881473017729 6.881473017729 6.882081017729 6.882081017729 6.882081017729 6.882081017729 6.882721051509 6.882721051509 6.884417051509 6.884417061917 6.884417061917 6.884609068535 6.884609068535 6.884961068535 6.886337061738 6.886337061738 6.88713704443 6.88713704443 6.88883304443 6.889025046131 6.889377046131 6.889585061917 6.891281061917 6.891473071515 6.891825071515 6.892785071515 6.894481071515 6.894673086209 6.895025086209 6.895841017729 6.895841017729 6.895841017729 6.895841017729 6.896033017729 6.896033017729 6.897729017729 6.897729017729 6.897729017729 6.897729017729 6.897729017729 6.897921053187 6.897921053187 6.898273053187 6.899313061738 6.901009061738 6.901201062481 6.901553062481 6.943521017729 6.943521017729 6.943521017729 7.864121017729 7.864121017729 7.864121017729 7.864513017729 7.864513017729 7.865121017729 7.865121017729 7.865121017729 7.865121017729 7.865441061738 7.865441061738 7.867137061738 7.867137061917 7.867137061917 7.867329062481 7.867329062481 7.867681062481 7.868257017729 7.868257017729 7.868257017729 7.868257017729 7.868449017729 7.868449017729 7.870145017729 7.870145017729 7.870145017729 7.870145017729 7.870145017729 7.872113017729 7.872113017729 7.872113017729 7.872305017729 7.872305017729 7.874001017729 7.874001017729 7.874001017729 7.874001017729 7.874001017729 7.874049077175 7.874049077175 7.874401077175 7.875009017729 7.875009017729 7.875009017729 7.875009017729 7.875201017729 7.875201017729 7.876897017729 7.876897017729 7.876897017729 7.876897017729 7.876897017729 7.877089053187 7.877089053187 7.877441053187 7.87779304443 7.87948904443 7.879681046131 7.880033046131 7.883425051509 7.885121051509 7.885313068535 7.885665068535 7.888145061917 7.889841061917 7.890033071515 7.890385071515 7.926561017729 7.926561017729 7.926561017729 8.847161017729 8.847161017729 8.847161017729 8.847553017729 8.847553017729 8.848161017729 8.848161017729 8.848161017729 8.848161017729 8.848481051509 8.848481051509 8.850177051509 8.850369068535 8.850721068535 8.851041068535 8.852737068535 8.852929131767 8.853281131767 8.856225061917 8.857921061917 8.858113071515 8.858465071515 8.85897704443 8.86067304443 8.860865046131 8.861217046131 8.862625017729 8.862625017729 8.862625017729 8.862625017729 8.862817017729 8.862817017729 8.864513017729 8.864513017729 8.864513017729 8.864513017729 8.864513017729 8.864705053187 8.864705053187 8.865057053187 8.869153061738 8.870849061738 8.871041062481 8.871393062481 8.909601017729 8.909601017729 8.909601017729 9.830201017729 9.830201017729 9.830201017729 9.830593017729 9.830593017729 9.831201017729 9.831201017729 9.831201017729 9.831201017729 9.831329017729 9.831329017729 9.831329017729 9.831521017729 9.831521017729 9.833217017729 9.833217017729 9.833217017729 9.833217017729 9.833217017729 9.83321704443 9.833409046131 9.833409046131 9.833761046131 9.835505017729 9.835505017729 9.835505017729 9.835505017729 9.835697017729 9.835697017729 9.837393017729 9.837393017729 9.837393017729 9.837393017729 9.837393017729 9.837585053187 9.837585053187 9.837937053187 9.844577061917 9.846273061917 9.846465071515 9.846817071515 9.847571776619 9.849267776619 9.849459777362 9.849811777362 9.850793770196 9.852489770196 9.852681787222 9.853033787222 9.859753787222 9.861449787222 9.86164183909 9.86199383909 9.892641017729 9.892641017729 9.892641017729 10.813241017729 10.813241017729 10.813241017729 10.813633017729 10.813633017729 10.814241017729 10.814241017729 10.814241017729 10.814241017729 10.814561061917 10.814561061917 10.816257061917 10.816449071515 10.816801071515 10.817121071515 10.818817071515 10.819009123383 10.819361123383 10.81980904443 10.82150504443 10.821697046131 10.822049046131 10.825953017729 10.825953017729 10.825953017729 10.825953017729 10.826145017729 10.826145017729 10.827841017729 10.827841017729 10.827841017729 10.827841017729 10.827841017729 10.828033053187 10.828033053187 10.828385053187 10.846185770196 10.847881770196 10.848073787222 10.848425787222 10.848851776619 10.850547776619 10.850739777362 10.851091777362 10.875681017729 10.875681017729 10.875681017729 11.796281017729 11.796281017729 11.796281017729 11.796673017729 11.796673017729 11.797281017729 11.797281017729 11.797281017729 11.797281017729 11.797921061917 11.797921061917 11.799617061917 11.799809071515 11.800161071515 11.80166504443 11.80166504443 11.80318504443 11.80318504443 11.80488104443 11.805057071515 11.805057071515 11.806897071515 11.806897071515 11.808593071515 11.808785123383 11.809137123383 11.809505017729 11.809505017729 11.809505017729 11.809505017729 11.809697017729 11.809697017729 11.811393017729 11.811393017729 11.811393017729 11.811393017729 11.811393017729 11.811585053187 11.811585053187 11.811937053187 11.81625704443 11.81795304443 11.818145046131 11.818497046131 11.845545770196 11.847241770196 11.847433787222 11.847785787222 11.851219776619 11.852915776619 11.853107777362 11.853459777362 11.858721017729 11.858721017729 11.858721017729 12.779321017729 12.779321017729 12.779321017729 12.779713017729 12.779713017729 12.780321017729 12.780321017729 12.780321017729 12.780321017729 12.780641061917 12.780641061917 12.782337061917 12.782529071515 12.782881071515 12.78425704443 12.78425704443 12.786017071515 12.786017071515 12.787713071515 12.787745017729 12.787745017729 12.787745017729 12.787745017729 12.787937017729 12.787937017729 12.789633017729 12.789633017729 12.789633017729 12.789633017729 12.789633017729 12.790321017729 12.790321017729 12.790321017729 12.790513017729 12.790513017729 12.792209017729 12.792209017729 12.792209017729 12.792209017729 12.792209017729 12.792401053187 12.792401053187 12.792753053187 12.79691304443 12.79860904443 12.798801046131 12.799153046131 12.841761017729 12.841761017729 12.841761017729 13.762361017729 13.762361017729 13.762361017729 13.762753017729 13.762753017729 13.763361017729 13.763361017729 13.763361017729 13.763361017729 13.76400104443 13.76400104443 13.76569704443 13.765697061738 13.765697061917 13.765889046131 13.765889046131 13.766241046131 13.766897061738 13.768593061738 13.768593061917 13.768593061917 13.768785062481 13.768785062481 13.769137062481 13.770625051509 13.770625051509 13.770881061917 13.770881061917 13.772577061917 13.772769071515 13.773121071515 13.773745051509 13.775441051509 13.775633068535 13.775985068535 13.778593017729 13.778593017729 13.778593017729 13.778593017729 13.778785017729 13.778785017729 13.780481017729 13.780481017729 13.780481017729 13.780481017729 13.780481017729 13.780561068535 13.781761068535 13.781761068535 13.783457068535 13.783649093394 13.784001093394 13.787057017729 13.787057017729 13.787057017729 13.787057017729 13.787249017729 13.787249017729 13.788945017729 13.788945017729 13.788945017729 13.788945017729 13.788945017729 13.789137053187 13.789137053187 13.789489053187 13.824801017729 13.824801017729 13.824801017729 14.745401017729 14.745401017729 14.745401017729 14.745793017729 14.745793017729 14.746401017729 14.746401017729 14.746401017729 14.746401017729 14.747041017729 14.747041017729 14.748737017729 14.748737061738 14.748737061738 14.748929080961 14.748929080961 14.749281080961 14.750257061738 14.751953061738 14.752145062481 14.752497062481 14.753697061917 14.755393061917 14.755585071515 14.755937071515 14.758177017729 14.758177017729 14.758177017729 14.758177017729 14.758369017729 14.758369017729 14.760065017729 14.760065017729 14.760065017729 14.760065017729 14.760065017729 14.760257053187 14.760257053187 14.760609053187 14.76211304443 14.76211304443 14.76491304443 14.76491304443 14.76660904443 14.766801046131 14.767153046131 14.768993051509 14.770689051509 14.770881068535 14.771233068535 14.807841017729 14.807841017729 14.807841017729 15.728441017729 15.728441017729 15.728441017729 15.728833017729 15.728833017729 15.729441017729 15.729441017729 15.729441017729 15.729441017729 15.730529017729 15.730529017729 15.730529017729 15.730721017729 15.730721017729 15.732417017729 15.732417017729 15.732417017729 15.732417017729 15.732417017729 15.733297017729 15.733297017729 15.734993017729 15.735185028491 15.735537028491 15.73577704443 15.73747304443 15.737665046131 15.738017046131 15.738929017729 15.738929017729 15.738929017729 15.738929017729 15.739121017729 15.739121017729 15.740817017729 15.740817017729 15.740817017729 15.740817017729 15.740817017729 15.741009053187 15.741009053187 15.741361053187 15.741857061917 15.743553061917 15.743745071515 15.744097071515 15.744881051509 15.746577051509 15.746769068535 15.747121068535 15.747681061738 15.749377061738 15.749569062481 15.749921062481 15.790881017729 15.790881017729 15.790881017729 16.711481017729 16.711481017729 16.711481017729 16.711873017729 16.711873017729 16.712481017729 16.712481017729 16.712481017729 16.712481017729 16.712929017729 16.712929017729 16.712929017729 16.713121017729 16.713121017729 16.714817017729 16.714817017729 16.714817017729 16.714817017729 16.714817017729 16.715009053187 16.715009053187 16.715361053187 16.716449061917 16.718145061917 16.718337071515 16.718689071515 16.719137051509 16.720833051509 16.721025068535 16.721377068535 16.724257061738 16.725953061738 16.726145062481 16.726497062481 16.73078504443 16.73248104443 16.732673046131 16.733025046131 16.733985046131 16.735681046131 16.73587307099 16.73622507099 16.773921017729 16.773921017729 16.773921017729 17.694521017729 17.694521017729 17.694521017729 17.694913017729 17.694913017729 17.695521017729 17.695521017729 17.695521017729 17.695521017729 17.696481051509 17.696481051509 17.698177051509 17.698177061738 17.698177061738 17.698369062481 17.698369062481 17.698721062481 17.701297051509 17.702993051509 17.703185068535 17.703537068535 17.703905017729 17.703905017729 17.703905017729 17.703905017729 17.704097017729 17.704097017729 17.705793017729 17.705793017729 17.705793017729 17.705793017729 17.705793017729 17.705985053187 17.705985053187 17.706337053187 17.706785061917 17.708481061917 17.708673071515 17.709025071515 17.71145704443 17.71315304443 17.713345046131 17.713697046131 17.716897046131 17.718593046131 17.718785056893 17.719137056893 17.756961017729 17.756961017729 17.756961017729 18.677561017729 18.677561017729 18.677561017729 18.677953017729 18.677953017729 18.678561017729 18.678561017729 18.678561017729 18.678561017729 18.679201017729 18.679201017729 18.680897017729 18.68089704443 18.68089704443 18.681057017729 18.681057017729 18.681057017729 18.681249017729 18.681249017729 18.682945017729 18.682945017729 18.682945017729 18.682945017729 18.682945017729 18.683137053187 18.683137053187 18.683489053187 18.684865061738 18.684865061738 18.685665061917 18.685665061917 18.687361061917 18.687441061738 18.687441061738 18.687553071515 18.687553071515 18.687905071515 18.689601061738 18.691297061738 18.691489062481 18.691841062481 18.692385051509 18.694081051509 18.694273068535 18.694625068535 18.701025068535 18.702721068535 18.702913112122 18.703265112122 18.740001017729 18.740001017729 18.740001017729 19.660601017729 19.660601017729 19.660601017729 19.660993017729 19.660993017729 19.661601017729 19.661601017729 19.661601017729 19.661601017729 19.662241061738 19.662241061738 19.663937061738 19.664129062481 19.664481062481 19.665985061917 19.665985061917 19.66716904443 19.66716904443 19.66886504443 19.668881061917 19.668881061917 19.669057046131 19.669057046131 19.669409046131 19.671329046131 19.673025046131 19.673217097999 19.673569097999 19.674177061917 19.675873061917 19.676065071515 19.676417071515 19.678433051509 19.680129051509 19.680321068535 19.680673068535 19.683041017729 19.683041017729 19.683041017729 19.683041017729 19.683233017729 19.683233017729 19.684929017729 19.684929017729 19.684929017729 19.684929017729 19.684929017729 19.685121053187 19.685121053187 19.685473053187 19.723041017729 19.723041017729 19.723041017729","0 0 0 5e-06 0 0.05 5e-06 0.05 5e-06 0.05 5e-06 1e-06 1e-06 1e-06 0 5e-06 0.005005 0.005 0.055 0.005005 5e-06 5e-06 5e-06 0 0 0.005 0 0.075 0.005 0 5e-06 5e-06 5e-06 0 0.05 0.0001 5e-06 5e-06 0 0.05 5e-06 0.05 5e-06 0.05 5e-06 0.05 5e-06 0.05 5e-06 0.05 5e-06 1e-06 1e-06 1e-06 0 5e-06 0.005005 0.005 0.055 0.005005 5e-06 5e-06 5e-06 0 0.05 5e-06 0.05 5e-06 0 0 0.005 0.005 0 0.075 0.005 0 5e-06 5e-06 5e-06 0 0.05 5e-06 0.05 5e-06 0.05 5e-06 0.05 5e-06 0.05 5e-06 0.05 0.0001 5e-06 5e-06 0 0.05 5e-06 0 0 0.005 0.005 0 0.075 0.005 0 5e-06 5e-06 5e-06 0 0 0.005 0 0.075 0.005 0 5e-06 5e-06 5e-06 0 0.05 5e-06 1e-06 1e-06 1e-06 0 5e-06 0.005005 0.005 0.055 0.005005 5e-06 5e-06 5e-06 0 0.05 0.0001 5e-06 5e-06 0 0.05 5e-06 0.05 0.0001 5e-06 5e-06 0 0.05 5e-06 0.05 0.0001 5e-06 5e-06 0 0.05 5e-06 0.05 5e-06 0.05 5e-06 0 0 0.005 0.005 0 0.075 0.005 0 5e-06 5e-06 5e-06 0 0.05 5e-06 0.05 5e-06 0.05 5e-06 1e-06 1e-06 1e-06 0 5e-06 0.005005 0.005 0.055 0.005005 5e-06 5e-06 5e-06 0 0.05 0.0001 5e-06 5e-06 0 0.05 0.0001 5e-06 5e-06 0 0.05 5e-06 0.05 5e-06 0 0 0.005 0.005 0 0.075 0.005 0 5e-06 5e-06 5e-06 0 0.05 5e-06 0.05 5e-06 0.05 0.0001 5e-06 5e-06 0 0.05 5e-06 0.05 5e-06 0.05 5e-06 0.05 5e-06 1e-06 1e-06 1e-06 0 5e-06 0.005005 0.005 0.055 0.005005 5e-06 5e-06 5e-06 0 0.05 0.0001 5e-06 5e-06 0 0.05 5e-06 0.05 5e-06 0.05 5e-06 0 0 0.005 0.005 0 0.075 0.005 0 5e-06 5e-06 5e-06 0 0.05 5e-06 0.05 5e-06 0.05 5e-06 0.05 5e-06 0.05 5e-06 0.05 5e-06 0.05 5e-06 1e-06 1e-06 1e-06 0 5e-06 0.005005 0.005 0.055 0.005005 5e-06 5e-06 5e-06 0 0 0.005 0 0.075 0.005 0 5e-06 5e-06 5e-06 0 0.05 0.0001 5e-06 5e-06 0 0.05 0.0001 5e-06 5e-06 0 0.05 5e-06 0.05 5e-06 0.05 0.0001 5e-06 5e-06 0 0.05 5e-06 0.05 5e-06 0.05 5e-06 0.05 5e-06 0.05 5e-06 0.05 5e-06 1e-06 1e-06 1e-06 0 5e-06 0.005005 0.005 0.055 0.005005 5e-06 5e-06 5e-06 0 0.05 0.0001 5e-06 5e-06 0 0.05 0.0001 5e-06 5e-06 0 0.05 5e-06 0.05 5e-06 0.05 5e-06 0.05 5e-06 0.05 5e-06 0.05 5e-06 0 0 0.005 0.005 0 0.075 0.005 0 5e-06 5e-06 5e-06 0 0.05 5e-06 0.05 5e-06 0.05 5e-06 1e-06 1e-06 1e-06 0 5e-06 0.005005 0.005 0.055 0.005005 5e-06 5e-06 5e-06 0 0.05 0.0001 5e-06 5e-06 0 0.05 5e-06 0 0 0.005 0.005 0 0.075 0.005 0 5e-06 5e-06 5e-06 0 0 0.005 0 0.075 0.005 0 5e-06 5e-06 5e-06 0 0.05 5e-06 0 0 0.005 0.005 0 0.075 0.005 0 5e-06 5e-06 5e-06 0 0.05 5e-06 0.05 5e-06 0.05 5e-06 0.05 5e-06 0.05 5e-06 0.05 5e-06 0.05 5e-06 1e-06 1e-06 1e-06 0 5e-06 0.005005 0.005 0.055 0.005005 5e-06 5e-06 5e-06 0 0.05 5e-06 0.05 5e-06 0.05 5e-06 0.05 5e-06 0.05 5e-06 0.05 5e-06 0.05 5e-06 0.05 5e-06 0 0 0.005 0.005 0 0.075 0.005 0 5e-06 5e-06 5e-06 0 0.05 5e-06 0.05 5e-06 0.05 5e-06 1e-06 1e-06 1e-06 0 5e-06 0.005005 0.005 0.055 0.005005 5e-06 5e-06 5e-06 0 0 0.005 0 0.075 0.005 0 0.0001 0.0001 0.0001 5e-06 0 0.05 5e-06 0 0 0.005 0.005 0 0.075 0.005 0 5e-06 5e-06 5e-06 0 0.05 5e-06 0.05 5e-06 0.05 5e-06 0.05 5e-06 0.05 5e-06 0.05 5e-06 0.05 5e-06 0.05 5e-06 0.05 5e-06 1e-06 1e-06 1e-06 0 5e-06 0.005005 0.005 0.055 0.005005 5e-06 5e-06 5e-06 0 0.05 5e-06 0.05 5e-06 0.05 5e-06 0.05 5e-06 0.05 5e-06 0.05 5e-06 0 0 0.005 0.005 0 0.075 0.005 0 5e-06 5e-06 5e-06 0 0.05 5e-06 0.05 5e-06 0.05 5e-06 0.05 5e-06 0.05 5e-06 1e-06 1e-06 1e-06 0 5e-06 0.005005 0.005 0.055 0.005005 5e-06 5e-06 5e-06 0 0.05 5e-06 0.05 0.0001 5e-06 5e-06 0 0.05 0.0001 5e-06 5e-06 0 0.05 5e-06 0.05 5e-06 0 0 0.005 0.005 0 0.075 0.005 0 5e-06 5e-06 5e-06 0 0.05 5e-06 0.05 5e-06 0.05 5e-06 0.05 5e-06 0.05 5e-06 0.05 5e-06 0.05 5e-06 1e-06 1e-06 1e-06 0 5e-06 0.005005 0.005 0.055 0.005005 5e-06 5e-06 5e-06 0 0.05 5e-06 0.05 0.0001 5e-06 5e-06 0 0.05 5e-06 0 0 0.005 0.005 0 0.075 0.005 0 5e-06 5e-06 5e-06 0 0 0.005 0 0.075 0.005 0 5e-06 5e-06 5e-06 0 0.05 5e-06 0.05 5e-06 0.05 5e-06 1e-06 1e-06 1e-06 0 5e-06 0.005005 0.005 0.055 0.005005 5e-06 5e-06 5e-06 0 0.05 0.0001 0.0001 5e-06 0 0.05 5e-06 0.05 0.0001 5e-06 5e-06 0 0.05 0.0001 5e-06 5e-06 0 0.05 5e-06 0.05 5e-06 0.05 5e-06 0.05 5e-06 0 0 0.005 0.005 0 0.075 0.005 0 0.0001 0.0001 0.0001 5e-06 0 0.05 5e-06 0.05 5e-06 0 0 0.005 0.005 0 0.075 0.005 0 5e-06 5e-06 5e-06 0 0.05 5e-06 1e-06 1e-06 1e-06 0 5e-06 0.005005 0.005 0.055 0.005005 5e-06 5e-06 5e-06 0 0.05 0.0001 5e-06 5e-06 0 0.05 5e-06 0.05 5e-06 0.05 5e-06 0.05 5e-06 0.05 5e-06 0 0 0.005 0.005 0 0.075 0.005 0 5e-06 5e-06 5e-06 0 0.05 0.0001 5e-06 5e-06 0 0.05 5e-06 0.05 5e-06 0.05 5e-06 0.05 5e-06 1e-06 1e-06 1e-06 0 5e-06 0.005005 0.005 0.055 0.005005 5e-06 5e-06 5e-06 0 0 0.005 0 0.075 0.005 0 5e-06 5e-06 5e-06 0 0.05 5e-06 0.05 5e-06 0.05 0.0001 0.05 5e-06 0 0 0.005 0.005 0 0.075 0.005 0 5e-06 5e-06 5e-06 0 0.05 5e-06 0.05 5e-06 0.05 5e-06 0.05 5e-06 0.05 5e-06 0.05 5e-06 0.05 5e-06 1e-06 1e-06 1e-06 0 5e-06 0.005005 0.005 0.055 0.005005 5e-06 5e-06 5e-06 0 0 0.005 0 0.075 0.005 0 5e-06 5e-06 5e-06 0 0.05 5e-06 0.05 5e-06 0.05 5e-06 0.05 5e-06 0.05 5e-06 0.05 5e-06 0.05 5e-06 0.05 5e-06 0.05 5e-06 0.05 5e-06 0.05 5e-06 1e-06 1e-06 1e-06 0 5e-06 0.005005 0.005 0.055 0.005005 5e-06 5e-06 5e-06 0 0.05 0.0001 5e-06 5e-06 0 0.05 5e-06 0.05 5e-06 0.05 5e-06 0 0 0.005 0.005 0 0.075 0.005 0 5e-06 5e-06 5e-06 0 0.05 5e-06 0.05 5e-06 0.05 5e-06 0.05 5e-06 0.05 5e-06 0.05 5e-06 0.05 5e-06 1e-06 1e-06 1e-06 0 5e-06 0.005005 0.005 0.055 0.005005 5e-06 5e-06 5e-06 0 0.05 0.0001 5e-06 5e-06 0 0 0.005 0 0.075 0.005 0 5e-06 5e-06 5e-06 0 0.05 0.0001 5e-06 5e-06 0 0.05 0.0001 5e-06 5e-06 0 0.05 5e-06 0.05 5e-06 0.05 5e-06 0.05 5e-06 0.05 5e-06 0.05 5e-06 0.05 5e-06 1e-06 1e-06 1e-06 0 5e-06 0.005005 0.005 0.055 0.005005 5e-06 5e-06 5e-06 0 0.05 5e-06 0.05 0.0001 5e-06 5e-06 0 0.05 0.0001 5e-06 5e-06 0 0.05 5e-06 0.05 5e-06 0.05 5e-06 0.05 5e-06 0.05 5e-06 0.05 5e-06 0.05 5e-06 0 0 0.005 0.005 0 0.075 0.005 0 5e-06 5e-06 5e-06 0 0.05 5e-06 1e-06 1e-06 1e-06"
EnergyEfficient-0-20260924-21:08:21-1581,attr,Ieee802154Showcase.sensor5.wlan[0].radio.energyConsumer,powerConsumption:vector,interpolationmode,sample-hold,,
EnergyEfficient-0-20260924-21:08:21-1581,attr,Ieee802154Showcase.sensor5.wlan[0].radio.energyConsumer,powerConsumption:vector,recordingmode,vector,,
EnergyEfficient-0-20260924-21:08:21-1581,attr,Ieee802154Showcase.sensor5.wlan[0].radio.energyConsumer,powerConsumption:vector,source,powerConsumptionChanged,,
EnergyEfficient-0-20260924-21:08:21-1581,attr,Ieee802154Showcase.sensor5.wlan[0].radio.energyConsumer,powerConsumption:vector,title,Power consumption,,
EnergyEfficient-0-20260924-21:08:21-1581,attr,Ieee802154Showcase.sensor5.wlan[0].radio.energyConsumer,powerConsumption:vector,unit,W,,
