run,type,module,name,attrname,attrvalue,vectime,vecvalue
EnergyEfficient-0-20260924-21:26:07-1611,runattr,,,configname,EnergyEfficient,,
EnergyEfficient-0-20260924-21:26:07-1611,runattr,,,datetime,20260924-21:26:07,,
EnergyEfficient-0-20260924-21:26:07-1611,runattr,,,datetimef,20260924-212607,,
EnergyEfficient-0-20260924-21:26:07-1611,runattr,,,experiment,EnergyEfficient,,
EnergyEfficient-0-20260924-21:26:07-1611,runattr,,,inifile,omnetpp.ini,,
EnergyEfficient-0-20260924-21:26:07-1611,runattr,,,iterationvars,,,
EnergyEfficient-0-20260924-21:26:07-1611,runattr,,,iterationvarsd,,,
EnergyEfficient-0-20260924-21:26:07-1611,runattr,,,iterationvarsf,,,
EnergyEfficient-0-20260924-21:26:07-1611,runattr,,,measurement,,,
EnergyEfficient-0-20260924-21:26:07-1611,runattr,,,network,Ieee802154Showcase,,
EnergyEfficient-0-20260924-21:26:07-1611,runattr,,,processid,1611,,
EnergyEfficient-0-20260924-21:26:07-1611,runattr,,,repetition,0,,
EnergyEfficient-0-20260924-21:26:07-1611,runattr,,,replication,#0,,
EnergyEfficient-0-20260924-21:26:07-1611,runattr,,,resultdir,results,,
EnergyEfficient-0-20260924-21:26:07-1611,runattr,,,runnumber,0,,
EnergyEfficient-0-20260924-21:26:07-1611,runattr,,,seedset,0,,
EnergyEfficient-0-20260924-21:26:07-1611,config,,,sim-time-limit,20s,,
EnergyEfficient-0-20260924-21:26:07-1611,config,,,extends,Ieee802154Power,,
EnergyEfficient-0-20260924-21:26:07-1611,config,,,sim-time-limit,100s,,
EnergyEfficient-0-20260924-21:26:07-1611,config,,,repeat,10,,
EnergyEfficient-0-20260924-21:26:07-1611,config,,,**.wlan[*].typename,EnergyEfficientIeee802154Interface,,
EnergyEfficient-0-20260924-21:26:07-1611,config,,,**.wlan[*].mac.beaconOrder,6,,
EnergyEfficient-0-20260924-21:26:07-1611,config,,,**.wlan[*].mac.superframeOrder,3,,
EnergyEfficient-0-20260924-21:26:07-1611,config,,,*.controller.wlan[*].mac.coordinator,true,,
EnergyEfficient-0-20260924-21:26:07-1611,config,,,*.sensor*.wlan[*].mac.coordinator,false,,
EnergyEfficient-0-20260924-21:26:07-1611,config,,,*.lamp*.wlan[*].mac.coordinator,false,,
EnergyEfficient-0-20260924-21:26:07-1611,config,,,extends,Ieee802154,,
EnergyEfficient-0-20260924-21:26:07-1611,config,,,sim-time-limit,100s,,
EnergyEfficient-0-20260924-21:26:07-1611,config,,,repeat,10,,
EnergyEfficient-0-20260924-21:26:07-1611,config,,,**.energyStorage.residualEnergyCapacity.result-recording-modes,+last,,
EnergyEfficient-0-20260924-21:26:07-1611,config,,,network,Ieee802154Showcase,,
EnergyEfficient-0-20260924-21:26:07-1611,config,,,**.arp.typename,GlobalArp,,
EnergyEfficient-0-20260924-21:26:07-1611,config,,,**.netmaskRoutes,"""""",,
EnergyEfficient-0-20260924-21:26:07-1611,config,,,*.radioMedium.backgroundNoise.power,-110dBm,,
EnergyEfficient-0-20260924-21:26:07-1611,config,,,*.configurator.config,"xmldoc(""startopology.xml"")",,
EnergyEfficient-0-20260924-21:26:07-1611,config,,,*.configurator.addStaticRoutes,false,,
EnergyEfficient-0-20260924-21:26:07-1611,config,,,*.sensor*.numApps,1,,
EnergyEfficient-0-20260924-21:26:07-1611,config,,,*.sensor*.app[*].typename,UdpBasicApp,,
EnergyEfficient-0-20260924-21:26:07-1611,config,,,*.sensor*.app[*].destAddresses,"""controller""",,
EnergyEfficient-0-20260924-21:26:07-1611,config,,,*.sensor*.app[*].destPort,1000,,
EnergyEfficient-0-20260924-21:26:07-1611,config,,,*.sensor*.app[*].sendInterval,1s,,
EnergyEfficient-0-20260924-21:26:07-1611,config,,,*.sensor*.app[*].startTime,"uniform(0s,1s)",,
EnergyEfficient-0-20260924-21:26:07-1611,config,,,*.sensor*.app[*].messageLength,10Byte,,
EnergyEfficient-0-20260924-21:26:07-1611,config,,,*.sensor*.app[*].packetName,"""SensorData""",,
EnergyEfficient-0-20260924-21:26:07-1611,config,,,*.controller.numApps,2,,
EnergyEfficient-0-20260924-21:26:07-1611,config,,,*.controller.app[0].typename,UdpBasicApp,,
EnergyEfficient-0-20260924-21:26:07-1611,config,,,*.controller.app[0].destAddresses,"""lamp1 lamp2 lamp3 lamp4 lamp5 lamp6 lamp7 lamp8""",,
EnergyEfficient-0-20260924-21:26:07-1611,config,,,*.controller.app[0].destPort,1000,,
EnergyEfficient-0-20260924-21:26:07-1611,config,,,*.controller.app[0].sendInterval,1s,,
EnergyEfficient-0-20260924-21:26:07-1611,config,,,*.controller.app[0].startTime,exponential(1s),,
EnergyEfficient-0-20260924-21:26:07-1611,config,,,*.controller.app[0].messageLength,10Byte,,
EnergyEfficient-0-20260924-21:26:07-1611,config,,,*.controller.app[0].packetName,"""ControlData""",,
EnergyEfficient-0-20260924-21:26:07-1611,config,,,*.controller.app[1].typename,UdpSink,,
EnergyEfficient-0-20260924-21:26:07-1611,config,,,*.controller.app[1].localPort,1000,,
EnergyEfficient-0-20260924-21:26:07-1611,config,,,*.lamp*.numApps,1,,
EnergyEfficient-0-20260924-21:26:07-1611,config,,,*.lamp*.app[0].typename,UdpSink,,
EnergyEfficient-0-20260924-21:26:07-1611,config,,,*.lamp*.app[0].localPort,1000,,
EnergyEfficient-0-20260924-21:26:07-1611,config,,,*.visualizer.routingTableVisualizer[0].displayRoutingTables,false,,
EnergyEfficient-0-20260924-21:26:07-1611,config,,,*.visualizer.routingTableVisualizer[0].displayRoutesIndividually,false,,
EnergyEfficient-0-20260924-21:26:07-1611,config,,,*.visualizer.routingTableVisualizer[0].lineShift,0,,
EnergyEfficient-0-20260924-21:26:07-1611,config,,,*.visualizer.routingTableVisualizer[0].displayLabels,false,,
EnergyEfficient-0-20260924-21:26:07-1611,config,,,*.visualizer.interfaceTableVisualizer[0].displayInterfaceTables,false,,
EnergyEfficient-0-20260924-21:26:07-1611,config,,,*.visualizer.numDataLinkVisualizers,2,,
EnergyEfficient-0-20260924-21:26:07-1611,config,,,*.visualizer.dataLinkVisualizer[*].displayLinks,true,,
EnergyEfficient-0-20260924-21:26:07-1611,config,,,*.visualizer.dataLinkVisualizer[0].nodeFilter,"""sensor* or controller""",,
EnergyEfficient-0-20260924-21:26:07-1611,config,,,*.visualizer.dataLinkVisualizer[1].*Color,"""blue""",,
EnergyEfficient-0-20260924-21:26:07-1611,config,,,*.visualizer.dataLinkVisualizer[1].nodeFilter,"""lamp* or controller""",,
EnergyEfficient-0-20260924-21:26:07-1611,config,,,*.visualizer.numStatisticVisualizers,2,,
EnergyEfficient-0-20260924-21:26:07-1611,config,,,*.visualizer.statisticVisualizer[*].zIndex,1,,
EnergyEfficient-0-20260924-21:26:07-1611,config,,,*.visualizer.statisticVisualizer[0].displayStatistics,true,,
EnergyEfficient-0-20260924-21:26:07-1611,config,,,*.visualizer.statisticVisualizer[0].signalName,"""packetSent""",,
EnergyEfficient-0-20260924-21:26:07-1611,config,,,*.visualizer.statisticVisualizer[0].statisticExpression,"""count""",,
EnergyEfficient-0-20260924-21:26:07-1611,config,,,*.visualizer.statisticVisualizer[0].sourceFilter,"""**.controller.udp OR **.sensor*.udp""",,
EnergyEfficient-0-20260924-21:26:07-1611,config,,,*.visualizer.statisticVisualizer[0].format,"""sent: %v pks""",,
EnergyEfficient-0-20260924-21:26:07-1611,config,,,*.visualizer.statisticVisualizer[1].displayStatistics,true,,
EnergyEfficient-0-20260924-21:26:07-1611,config,,,*.visualizer.statisticVisualizer[1].signalName,"""packetReceived""",,
EnergyEfficient-0-20260924-21:26:07-1611,config,,,*.visualizer.statisticVisualizer[1].statisticExpression,"""count""",,
EnergyEfficient-0-20260924-21:26:07-1611,config,,,*.visualizer.statisticVisualizer[1].sourceFilter,"""**.controller.udp OR **.lamp*.udp""",,
EnergyEfficient-0-20260924-21:26:07-1611,config,,,*.visualizer.statisticVisualizer[1].format,"""rcvd: %v pks""",,
EnergyEfficient-0-20260924-21:26:07-1611,vector,Ieee802154Showcase.sensor1.wlan[0].radio.energyConsumer,powerConsumption:vector,,,"0 0 0 0 0.000193025403 0.000193025403 0.000801025403 0.059273027937 0.060969027937 0.061161028022 0.061513028022 0.123681025403 0.123681025403 0.123681025403 0.982841025403 0.982841025403 0.982841025403 0.983233025403 0.983233025403 0.983841025403 0.983841025403 0.983841025403 0.983841025403 0.984161043835 0.984161043835 0.985857043835 0.986017025403 0.986017025403 0.986017025403 0.986017025403 0.986209025403 0.986209025403 0.987905025403 0.987905025403 0.987905025403 0.987905025403 0.987905025403 0.988769038741 0.988769038741 0.990465038741 0.990657053805 0.991009053805 0.992241025403 0.992241025403 0.992241025403 0.992241025403 0.992433025403 0.992433025403 0.994129025403 0.994129025403 0.994129025403 0.994129025403 0.994129025403 0.994321076209 0.994321076209 0.994673076209 1.000097065739 1.001793065739 1.001985070155 1.002337070155 1.059273027937 1.060969027937 1.061161028022 1.061513028022 1.106721025403 1.106721025403 1.106721025403 1.965881025403 1.965881025403 1.965881025403 1.966273025403 1.966273025403 1.966881025403 1.966881025403 1.966881025403 1.966881025403 1.967201025403 1.967201025403 1.968897025403 1.969089063586 1.969441063586 1.970529038741 1.972225038741 1.972417053805 1.972769053805 1.973089065739 1.974785065739 1.974977070155 1.975329070155 1.976097043835 1.977793043835 1.977985060861 1.978337060861 1.979873025403 1.979873025403 1.979873025403 1.979873025403 1.980065025403 1.980065025403 1.981761025403 1.981761025403 1.981761025403 1.981761025403 1.981761025403 1.981953076209 1.981953076209 1.982305076209 2.057033027937 2.058729027937 2.058921028022 2.059273028022 2.089761025403 2.089761025403 2.089761025403 2.948921025403 2.948921025403 2.948921025403 2.949313025403 2.949313025403 2.949921025403 2.949921025403 2.949921025403 2.949921025403 2.950881025403 2.950881025403 2.952577025403 2.952769038034 2.953121038034 2.953377025403 2.953377025403 2.953377025403 2.953377025403 2.953569025403 2.953569025403 2.955265025403 2.955265025403 2.955265025403 2.955265025403 2.955265025403 2.955393043835 2.956449038741 2.956449038741 2.958145038741 2.958145065739 2.958145065739 2.958193025403 2.958193025403 2.958193025403 2.958385025403 2.958385025403 2.960081025403 2.960081025403 2.960081025403 2.960081025403 2.960081025403 2.960369043835 2.960369043835 2.962065043835 2.962257060861 2.962609060861 2.962817025403 2.962817025403 2.962817025403 2.962817025403 2.963009025403 2.963009025403 2.964705025403 2.964705025403 2.964705025403 2.964705025403 2.964705025403 2.964897076209 2.964897076209 2.965249076209 2.970609065739 2.972305065739 2.972497070155 2.972849070155 3.057993027937 3.059689027937 3.059881028022 3.060233028022 3.072801025403 3.072801025403 3.072801025403 3.931961025403 3.931961025403 3.931961025403 3.932353025403 3.932353025403 3.932961025403 3.932961025403 3.932961025403 3.932961025403 3.933281065739 3.933281065739 3.934977065739 3.935169070155 3.935521070155 3.937377025403 3.937377025403 3.937377025403 3.937377025403 3.937569025403 3.937569025403 3.939265025403 3.939265025403 3.939265025403 3.939265025403 3.939265025403 3.939457076209 3.939457076209 3.939809076209 3.942817038741 3.944513038741 3.944705053805 3.945057053805 3.946337053805 3.948033053805 3.948225074045 3.948577074045 3.956513043835 3.958209043835 3.958401060861 3.958753060861 4.055841025403 4.055841025403 4.055841025403 4.915001025403 4.915001025403 4.915001025403 4.915393025403 4.915393025403 4.916001025403 4.916001025403 4.916001025403 4.916001025403 4.916449025403 4.916449025403 4.916449025403 4.916641025403 4.916641025403 4.918337025403 4.918337025403 4.918337025403 4.918337025403 4.918337025403 4.918529064276 4.918529064276 4.918881064276 4.919025025403 4.919025025403 4.919025025403 4.919025025403 4.919217025403 4.919217025403 4.920913025403 4.920913025403 4.920913025403 4.920913025403 4.920913025403 4.921105076209 4.921105076209 4.921457076209 4.921889065739 4.923585065739 4.923777070155 4.924129070155 4.924577038741 4.926273038741 4.926465053805 4.926817053805 4.927265043835 4.928961043835 4.928961079104 4.928961079104 4.929153060861 4.929153060861 4.929505060861 4.931441079104 4.933137079104 4.933329079189 4.933681079189 5.038881025403 5.038881025403 5.038881025403 5.898041025403 5.898041025403 5.898041025403 5.898433025403 5.898433025403 5.899041025403 5.899041025403 5.899041025403 5.899041025403 5.899361025403 5.899361025403 5.901057025403 5.901057038741 5.901057079104 5.901409025403 5.901409025403 5.901409025403 5.901601025403 5.901601025403 5.903297025403 5.903297025403 5.903297025403 5.903297025403 5.903297025403 5.903489076209 5.903489076209 5.903841076209 5.905345065739 5.905345065739 5.906081076209 5.906081076209 5.907777076209 5.907921038741 5.907921038741 5.908657076209 5.908657076209 5.910353076209 5.910497038741 5.910497038741 5.910833065739 5.910833065739 5.912529065739 5.912721070155 5.913073070155 5.913393079104 5.915089079104 5.915281079189 5.915633079189 5.916721043835 5.918417043835 5.918449038741 5.918449038741 5.920753079189 5.920753079189 5.922449079189 5.922641118062 5.922993118062 5.923585043835 5.925281043835 5.925473060861 5.925825060861 6.021921025403 6.021921025403 6.021921025403 6.881081025403 6.881081025403 6.881081025403 6.881473025403 6.881473025403 6.882081025403 6.882081025403 6.882081025403 6.882081025403 6.883041043835 6.883041043835 6.884737043835 6.884929060861 6.885281060861 6.885601060861 6.887297060861 6.88748906155 6.88784106155 6.889057038741 6.890753038741 6.890945053805 6.891297053805 6.892833025403 6.892833025403 6.892833025403 6.892833025403 6.893025025403 6.893025025403 6.894721025403 6.894721025403 6.894721025403 6.894721025403 6.894721025403 6.894913076209 6.894913076209 6.895265076209 6.897825065739 6.899521065739 6.899713070155 6.900065070155 6.901569079104 6.901569079104 6.902449079104 6.902449079104 6.904145079104 6.904337079189 6.904689079189 7.004961025403 7.004961025403 7.004961025403 7.864121025403 7.864121025403 7.864121025403 7.864513025403 7.864513025403 7.865121025403 7.865121025403 7.865121025403 7.865121025403 7.866401025403 7.866401025403 7.868097025403 7.868097079104 7.868097079104 7.868289064276 7.868289064276 7.868641064276 7.869409065739 7.871105065739 7.871297070155 7.871649070155 7.873153038741 7.873153038741 7.873825025403 7.873825025403 7.873825025403 7.874017025403 7.874017025403 7.875713025403 7.875713025403 7.875713025403 7.875713025403 7.875713025403 7.875713060861 7.875713060861 7.876065060861 7.877361038741 7.879057038741 7.879249053805 7.879601053805 7.880433079104 7.882129079104 7.882321079189 7.882673079189 7.889457025403 7.889457025403 7.889457025403 7.889457025403 7.889649025403 7.889649025403 7.891345025403 7.891345025403 7.891345025403 7.891345025403 7.891345025403 7.891537076209 7.891537076209 7.891889076209 7.988001025403 7.988001025403 7.988001025403 8.847161025403 8.847161025403 8.847161025403 8.847553025403 8.847553025403 8.848161025403 8.848161025403 8.848161025403 8.848161025403 8.848481038741 8.848481038741 8.850177038741 8.850177065739 8.850177079104 8.850369053805 8.850369053805 8.850721053805 8.852337079104 8.854033079104 8.854225079189 8.854577079189 8.855537079189 8.857233079189 8.857425079878 8.857777079878 8.858465043835 8.860161043835 8.860353060861 8.860705060861 8.861473025403 8.861473025403 8.861473025403 8.861473025403 8.861665025403 8.861665025403 8.863361025403 8.863361025403 8.863361025403 8.863361025403 8.863361025403 8.863553076209 8.863553076209 8.863905076209 8.869489065739 8.871185065739 8.871377070155 8.871729070155 8.971041025403 8.971041025403 8.971041025403 9.830201025403 9.830201025403 9.830201025403 9.830593025403 9.830593025403 9.831201025403 9.831201025403 9.831201025403 9.831201025403 9.832481079104 9.832481079104 9.834177079104 9.834369079189 9.834721079189 9.836257043835 9.837953043835 9.838145060861 9.838497060861 9.842337060861 9.844033060861 9.844225081101 9.844577081101 9.84471374409 9.84471374409 9.84471374409 9.84471374409 9.84490574409 9.84490574409 9.84660174409 9.84660174409 9.84660174409 9.84660174409 9.84660174409 9.846793794896 9.846793794896 9.847145794896 9.847457038741 9.849153038741 9.849345053805 9.849697053805 9.85377978062 9.85547578062 9.855667785036 9.856019785036 9.954081025403 9.954081025403 9.954081025403 10.813241025403 10.813241025403 10.813241025403 10.813633025403 10.813633025403 10.814241025403 10.814241025403 10.814241025403 10.814241025403 10.814561025403 10.814561025403 10.816257025403 10.816449045959 10.816801045959 10.818529043835 10.820225043835 10.820417060861 10.820769060861 10.824417038741 10.826113038741 10.826305053805 10.826657053805 10.836193079104 10.837889079104 10.838081079189 10.838433079189 10.84503374409 10.84503374409 10.84503374409 10.84503374409 10.84522574409 10.84522574409 10.84692174409 10.84692174409 10.84692174409 10.84692174409 10.84692174409 10.847113794896 10.847113794896 10.847465794896 10.84949178062 10.85118778062 10.851379785036 10.851731785036 10.937121025403 10.937121025403 10.937121025403 11.796281025403 11.796281025403 11.796281025403 11.796673025403 11.796673025403 11.797281025403 11.797281025403 11.797281025403 11.797281025403 11.797601038741 11.797601038741 11.799297038741 11.799297043835 11.799297043835 11.799489053805 11.799489053805 11.799841053805 11.801777043835 11.803473043835 11.803665060861 11.804017060861 11.810657079104 11.812353079104 11.812545079189 11.812897079189 11.820577079189 11.822273079189 11.822465117372 11.822817117372 11.84535374409 11.84535374409 11.84535374409 11.84535374409 11.84554574409 11.84554574409 11.84724174409 11.84724174409 11.84724174409 11.84724174409 11.84724174409 11.847433794896 11.847433794896 11.847785794896 11.84885178062 11.85054778062 11.850739785036 11.851091785036 11.920161025403 11.920161025403 11.920161025403 12.779321025403 12.779321025403 12.779321025403 12.779713025403 12.779713025403 12.780321025403 12.780321025403 12.780321025403 12.780321025403 12.781281079104 12.781281079104 12.782977079104 12.783169079189 12.783521079189 12.785025038741 12.785025038741 12.786865038741 12.786865038741 12.788561038741 12.788737079189 12.788737079189 12.789937079189 12.789937079189 12.791633079189 12.791825079878 12.792177079878 12.792449038741 12.794145038741 12.794337053805 12.794689053805 12.799585043835 12.801281043835 12.801473060861 12.801825060861 12.84471374409 12.84471374409 12.84471374409 12.84471374409 12.84490574409 12.84490574409 12.84660174409 12.84660174409 12.84660174409 12.84660174409 12.84660174409 12.846793794896 12.846793794896 12.847145794896 12.84917178062 12.85086778062 12.851059785036 12.851411785036 12.903201025403 12.903201025403 12.903201025403 13.762361025403 13.762361025403 13.762361025403 13.762753025403 13.762753025403 13.763361025403 13.763361025403 13.763361025403 13.763361025403 13.764321025403 13.764321025403 13.766017025403 13.766209064276 13.766561064276 13.768289043835 13.769985043835 13.770177060861 13.770529060861 13.771105038741 13.772801038741 13.772993053805 13.773345053805 13.780193079104 13.781889079104 13.782081079189 13.782433079189 13.84631374409 13.84631374409 13.84631374409 13.84631374409 13.84650574409 13.84650574409 13.84820174409 13.84820174409 13.84820174409 13.84820174409 13.84820174409 13.848393794896 13.848393794896 13.848745794896 13.85089978062 13.85259578062 13.852787785036 13.853139785036 13.886241025403 13.886241025403 13.886241025403 14.745401025403 14.745401025403 14.745401025403 14.745793025403 14.745793025403 14.746401025403 14.746401025403 14.746401025403 14.746401025403 14.747041038741 14.747041038741 14.748737038741 14.748929053805 14.749281053805 14.750049043835 14.751745043835 14.751937060861 14.752289060861 14.753057079104 14.754753079104 14.754945079189 14.755297079189 14.757857079189 14.759553079189 14.759745118062 14.760097118062 14.84439374409 14.84439374409 14.84439374409 14.84439374409 14.84458574409 14.84458574409 14.84628174409 14.84628174409 14.84628174409 14.84628174409 14.84628174409 14.846473794896 14.846473794896 14.846825794896 14.84757178062 14.84926778062 14.849459785036 14.849811785036 14.869281025403 14.869281025403 14.869281025403 15.728441025403 15.728441025403 15.728441025403 15.728833025403 15.728833025403 15.729441025403 15.729441025403 15.729441025403 15.729441025403 15.730081038741 15.730081038741 15.731777038741 15.731969053805 15.732321053805 15.733697043835 15.733697043835 15.734049079104 15.734049079104 15.735745079104 15.735937079189 15.736289079189 15.741089079189 15.742785079189 15.742977099745 15.743329099745 15.743793043835 15.745489043835 15.745681060861 15.746033060861 15.84471374409 15.84471374409 15.84471374409 15.84471374409 15.84490574409 15.84490574409 15.84660174409 15.84660174409 15.84660174409 15.84660174409 15.84660174409 15.846793794896 15.846793794896 15.847145794896 15.84789178062 15.84958778062 15.849779785036 15.850131785036 15.852321025403 15.852321025403 15.852321025403 16.711481025403 16.711481025403 16.711481025403 16.711873025403 16.711873025403 16.712481025403 16.712481025403 16.712481025403 16.712481025403 16.713121038741 16.713121038741 16.714817038741 16.715009053805 16.715361053805 16.716129043835 16.717825043835 16.718017060861 16.718369060861 16.718817079104 16.720513079104 16.720705079189 16.721057079189 16.724257079189 16.725953079189 16.726145099745 16.726497099745 16.835361025403 16.835361025403 16.835361025403 17.694521025403 17.694521025403 17.694521025403 17.694913025403 17.694913025403 17.695521025403 17.695521025403 17.695521025403 17.695521025403 17.695841043835 17.695841043835 17.697537043835 17.697569025403 17.697569025403 17.697569025403 17.697569025403 17.697761025403 17.697761025403 17.699457025403 17.699457025403 17.699457025403 17.699457025403 17.699457025403 17.701425025403 17.701425025403 17.701425025403 17.701617025403 17.701617025403 17.703313025403 17.703313025403 17.703313025403 17.703313025403 17.703313025403 17.704321025403 17.704321025403 17.704321025403 17.704513025403 17.704513025403 17.706209025403 17.706209025403 17.706209025403 17.706209025403 17.706209025403 17.706401076209 17.706401076209 17.706753076209 17.707233065739 17.708929065739 17.709121070155 17.709473070155 17.709729038741 17.711425038741 17.711489079104 17.711489079104 17.711617053805 17.711617053805 17.711969053805 17.713329079104 17.715025079104 17.715217079189 17.715569079189 17.717809079189 17.719505079189 17.719697079878 17.720049079878 17.818401025403 17.818401025403 17.818401025403 18.677561025403 18.677561025403 18.677561025403 18.677953025403 18.677953025403 18.678561025403 18.678561025403 18.678561025403 18.678561025403 18.678689025403 18.678689025403 18.678689025403 18.678881025403 18.678881025403 18.680577025403 18.680577025403 18.680577025403 18.680577025403 18.680577025403 18.680577065739 18.680769070155 18.680769070155 18.681121070155 18.681889038741 18.683585038741 18.683777053805 18.684129053805 18.685409053805 18.687105053805 18.687297054494 18.687649054494 18.687921025403 18.687921025403 18.687921025403 18.687921025403 18.688113025403 18.688113025403 18.689809025403 18.689809025403 18.689809025403 18.689809025403 18.689809025403 18.690001076209 18.690001076209 18.690353076209 18.691425079104 18.693121079104 18.693313079189 18.693665079189 18.694113043835 18.695809043835 18.696001060861 18.696353060861 18.801441025403 18.801441025403 18.801441025403 19.660601025403 19.660601025403 19.660601025403 19.660993025403 19.660993025403 19.661601025403 19.661601025403 19.661601025403 19.661601025403 19.662241038741 19.662241038741 19.663937038741 19.664129053805 19.664481053805 19.665857065739 19.665857065739 19.666017025403 19.666017025403 19.666017025403 19.666209025403 19.666209025403 19.667905025403 19.667905025403 19.667905025403 19.667905025403 19.667905025403 19.668097076209 19.668097076209 19.668449076209 19.668977065739 19.670673065739 19.670865070155 19.671217070155 19.671537070155 19.673233070155 19.673425093161 19.673777093161 19.675617079104 19.677313079104 19.677505079189 19.677857079189 19.679393043835 19.681089043835 19.681281060861 19.681633060861 19.784481025403 19.784481025403 19.784481025403","0 0 0 5e-06 0 0.05 5e-06 0.05 5e-06 0.05 5e-06 1e-06 1e-06 1e-06 0 5e-06 0.005005 0.005 0.055 0.005005 5e-06 5e-06 5e-06 0 0.05 5e-06 0 0 0.005 0.005 0 0.075 0.005 0 5e-06 5e-06 5e-06 0 0.05 5e-06 0.05 5e-06 0 0 0.005 0.005 0 0.075 0.005 0 5e-06 5e-06 5e-06 0 0.05 5e-06 0.05 5e-06 0.05 5e-06 0.05 5e-06 0.05 5e-06 1e-06 1e-06 1e-06 0 5e-06 0.005005 0.005 0.055 0.005005 5e-06 5e-06 5e-06 0 0.05 5e-06 0.05 5e-06 0.05 5e-06 0.05 5e-06 0.05 5e-06 0.05 5e-06 0.05 5e-06 0.05 5e-06 0 0 0.005 0.005 0 0.075 0.005 0 5e-06 5e-06 5e-06 0 0.05 5e-06 0.05 5e-06 0.05 5e-06 1e-06 1e-06 1e-06 0 5e-06 0.005005 0.005 0.055 0.005005 5e-06 5e-06 5e-06 0 0.05 5e-06 0.05 5e-06 0 0 0.005 0.005 0 0.075 0.005 0 0.0001 0.0001 0.0001 5e-06 0 0.05 0.0001 5e-06 5e-06 0 0 0.005 0 0.075 0.005 0 5e-06 5e-06 5e-06 0 0.05 5e-06 0.05 5e-06 0 0 0.005 0.005 0 0.075 0.005 0 5e-06 5e-06 5e-06 0 0.05 5e-06 0.05 5e-06 0.05 5e-06 0.05 5e-06 0.05 5e-06 1e-06 1e-06 1e-06 0 5e-06 0.005005 0.005 0.055 0.005005 5e-06 5e-06 5e-06 0 0.05 5e-06 0.05 5e-06 0 0 0.005 0.005 0 0.075 0.005 0 5e-06 5e-06 5e-06 0 0.05 5e-06 0.05 5e-06 0.05 5e-06 0.05 5e-06 0.05 5e-06 0.05 5e-06 0.05 5e-06 1e-06 1e-06 1e-06 0 5e-06 0.005005 0.005 0.055 0.005005 5e-06 5e-06 5e-06 0 0 0.005 0 0.075 0.005 0 5e-06 5e-06 5e-06 0 0.05 5e-06 0 0 0.005 0.005 0 0.075 0.005 0 5e-06 5e-06 5e-06 0 0.05 5e-06 0.05 5e-06 0.05 5e-06 0.05 5e-06 0.05 5e-06 0.05 0.0001 5e-06 5e-06 0 0.05 5e-06 0.05 5e-06 0.05 5e-06 1e-06 1e-06 1e-06 0 5e-06 0.005005 0.005 0.055 0.005005 5e-06 5e-06 5e-06 0 0.05 0.0001 0.0001 5e-06 0 0 0.005 0 0.075 0.005 0 5e-06 5e-06 5e-06 0 0.05 0.0001 5e-06 5e-06 0 0.05 0.0001 5e-06 5e-06 0 0.05 0.0001 5e-06 5e-06 0 0.05 5e-06 0.05 5e-06 0.05 5e-06 0.05 5e-06 0.05 0.0001 5e-06 5e-06 0 0.05 5e-06 0.05 5e-06 0.05 5e-06 0.05 5e-06 1e-06 1e-06 1e-06 0 5e-06 0.005005 0.005 0.055 0.005005 5e-06 5e-06 5e-06 0 0.05 5e-06 0.05 5e-06 0.05 5e-06 0.05 5e-06 0.05 5e-06 0.05 5e-06 0 0 0.005 0.005 0 0.075 0.005 0 5e-06 5e-06 5e-06 0 0.05 5e-06 0.05 5e-06 0.05 0.0001 5e-06 5e-06 0 0.05 5e-06 0.05 5e-06 1e-06 1e-06 1e-06 0 5e-06 0.005005 0.005 0.055 0.005005 5e-06 5e-06 5e-06 0 0.05 0.0001 5e-06 5e-06 0 0.05 5e-06 0.05 5e-06 0.05 0.0001 5e-06 5e-06 0 0 0.005 0 0.075 0.005 0 5e-06 5e-06 5e-06 0 0.05 5e-06 0.05 5e-06 0.05 5e-06 0.05 5e-06 0.05 5e-06 0 0 0.005 0.005 0 0.075 0.005 0 5e-06 5e-06 5e-06 0 0.05 5e-06 1e-06 1e-06 1e-06 0 5e-06 0.005005 0.005 0.055 0.005005 5e-06 5e-06 5e-06 0 0.05 0.0001 0.0001 5e-06 0 0.05 5e-06 0.05 5e-06 0.05 5e-06 0.05 5e-06 0.05 5e-06 0.05 5e-06 0.05 5e-06 0 0 0.005 0.005 0 0.075 0.005 0 5e-06 5e-06 5e-06 0 0.05 5e-06 0.05 5e-06 0.05 5e-06 1e-06 1e-06 1e-06 0 5e-06 0.005005 0.005 0.055 0.005005 5e-06 5e-06 5e-06 0 0.05 5e-06 0.05 5e-06 0.05 5e-06 0.05 5e-06 0.05 5e-06 0.05 5e-06 0 0 0.005 0.005 0 0.075 0.005 0 5e-06 5e-06 5e-06 0 0.05 5e-06 0.05 5e-06 0.05 5e-06 0.05 5e-06 0.05 5e-06 1e-06 1e-06 1e-06 0 5e-06 0.005005 0.005 0.055 0.005005 5e-06 5e-06 5e-06 0 0.05 5e-06 0.05 5e-06 0.05 5e-06 0.05 5e-06 0.05 5e-06 0.05 5e-06 0.05 5e-06 0.05 5e-06 0 0 0.005 0.005 0 0.075 0.005 0 5e-06 5e-06 5e-06 0 0.05 5e-06 0.05 5e-06 0.05 5e-06 1e-06 1e-06 1e-06 0 5e-06 0.005005 0.005 0.055 0.005005 5e-06 5e-06 5e-06 0 0.05 0.0001 5e-06 5e-06 0 0.05 5e-06 0.05 5e-06 0.05 5e-06 0.05 5e-06 0.05 5e-06 0.05 5e-06 0.05 5e-06 0 0 0.005 0.005 0 0.075 0.005 0 5e-06 5e-06 5e-06 0 0.05 5e-06 0.05 5e-06 0.05 5e-06 1e-06 1e-06 1e-06 0 5e-06 0.005005 0.005 0.055 0.005005 5e-06 5e-06 5e-06 0 0.05 5e-06 0.05 0.0001 5e-06 5e-06 0 0.05 0.0001 5e-06 5e-06 0 0.05 5e-06 0.05 5e-06 0.05 5e-06 0.05 5e-06 0.05 5e-06 0.05 5e-06 0 0 0.005 0.005 0 0.075 0.005 0 5e-06 5e-06 5e-06 0 0.05 5e-06 0.05 5e-06 0.05 5e-06 1e-06 1e-06 1e-06 0 5e-06 0.005005 0.005 0.055 0.005005 5e-06 5e-06 5e-06 0 0.05 5e-06 0.05 5e-06 0.05 5e-06 0.05 5e-06 0.05 5e-06 0.05 5e-06 0.05 5e-06 0.05 5e-06 0 0 0.005 0.005 0 0.075 0.005 0 5e-06 5e-06 5e-06 0 0.05 5e-06 0.05 5e-06 0.05 5e-06 1e-06 1e-06 1e-06 0 5e-06 0.005005 0.005 0.055 0.005005 5e-06 5e-06 5e-06 0 0.05 5e-06 0.05 5e-06 0.05 5e-06 0.05 5e-06 0.05 5e-06 0.05 5e-06 0.05 5e-06 0.05 5e-06 0 0 0.005 0.005 0 0.075 0.005 0 5e-06 5e-06 5e-06 0 0.05 5e-06 0.05 5e-06 0.05 5e-06 1e-06 1e-06 1e-06 0 5e-06 0.005005 0.005 0.055 0.005005 5e-06 5e-06 5e-06 0 0.05 5e-06 0.05 0.0001 5e-06 5e-06 0 0.05 5e-06 0.05 5e-06 0.05 5e-06 0.05 5e-06 0.05 5e-06 0.05 5e-06 0 0 0.005 0.005 0 0.075 0.005 0 5e-06 5e-06 5e-06 0 0.05 5e-06 0.05 5e-06 0.05 5e-06 1e-06 1e-06 1e-06 0 5e-06 0.005005 0.005 0.055 0.005005 5e-06 5e-06 5e-06 0 0.05 5e-06 0.05 5e-06 0.05 5e-06 0.05 5e-06 0.05 5e-06 0.05 5e-06 0.05 5e-06 0.05 5e-06 1e-06 1e-06 1e-06 0 5e-06 0.005005 0.005 0.055 0.005005 5e-06 5e-06 5e-06 0 0.05 5e-06 0 0 0.005 0.005 0 0.075 0.005 0 5e-06 5e-06 5e-06 0 0 0.005 0 0.075 0.005 0 5e-06 5e-06 5e-06 0 0 0.005 0 0.075 0.005 0 5e-06 5e-06 5e-06 0 0.05 5e-06 0.05 5e-06 0.05 5e-06 0.05 0.0001 5e-06 5e-06 0 0.05 5e-06 0.05 5e-06 0.05 5e-06 0.05 5e-06 0.05 5e-06 1e-06 1e-06 1e-06 0 5e-06 0.005005 0.005 0.055 0.005005 5e-06 5e-06 5e-06 0 0 0.005 0 0.075 0.005 0 0.0001 0.0001 0.0001 5e-06 0 0.05 5e-06 0.05 5e-06 0.05 5e-06 0.05 5e-06 0.05 5e-06 0 0 0.005 0.005 0 0.075 0.005 0 5e-06 5e-06 5e-06 0 0.05 5e-06 0.05 5e-06 0.05 5e-06 0.05 5e-06 0.05 5e-06 1e-06 1e-06 1e-06 0 5e-06 0.005005 0.005 0.055 0.005005 5e-06 5e-06 5e-06 0 0.05 5e-06 0.05 0.0001 5e-06 5e-06 0 0 0.005 0 0.075 0.005 0 5e-06 5e-06 5e-06 0 0.05 5e-06 0.05 5e-06 0.05 5e-06 0.05 5e-06 0.05 5e-06 0.05 5e-06 0.05 5e-06 0.05 5e-06 0.05 5e-06 1e-06 1e-06 1e-06"
EnergyEfficient-0-20260924-21:26:07-1611,attr,Ieee802154Showcase.sensor1.wlan[0].radio.energyConsumer,powerConsumption:vector,interpolationmode,sample-hold,,
EnergyEfficient-0-20260924-21:26:07-1611,attr,Ieee802154Showcase.sensor1.wlan[0].radio.energyConsumer,powerConsumption:vector,recordingmode,vector,,
EnergyEfficient-0-20260924-21:26:07-1611,attr,Ieee802154Showcase.sensor1.wlan[0].radio.energyConsumer,powerConsumption:vector,source,powerConsumptionChanged,,
EnergyEfficient-0-20260924-21:26:07-1611,attr,Ieee802154Showcase.sensor1.wlan[0].radio.energyConsumer,powerConsumption:vector,title,Power consumption,,
EnergyEfficient-0-20260924-21:26:07-1611,attr,Ieee802154Showcase.sensor1.wlan[0].radio.energyConsumer,powerConsumption:vector,unit,W,,
EnergyEfficient-0-20260924-21:26:07-1611,vector,Ieee802154Showcase.sensor2.wlan[0].radio.energyConsumer,powerConsumption:vector,,,"0 0 0 0 0.000193022376 0.000193022376 0.000801022376 0.059272999313 0.060968999313 0.061161024995 0.061513024995 0.123681022376 0.123681022376 0.123681022376 0.982841022376 0.982841022376 0.982841022376 0.983233022376 0.983233022376 0.983841022376 0.983841022376 0.983841022376 0.983841022376 0.984161057091 0.984161057091 0.985857057091 0.986049057834 0.986401057834 0.987905068766 0.987905068766 0.988769033829 0.988769033829 0.990465033829 0.990657050778 0.991009050778 0.992433068766 0.994129068766 0.994321073182 0.994673073182 0.999905022376 0.999905022376 0.999905022376 0.999905022376 1.000097022376 1.000097022376 1.001793022376 1.001793022376 1.001793022376 1.001793022376 1.001793022376 1.001985067128 1.001985067128 1.002337067128 1.059272999313 1.060968999313 1.061161024995 1.061513024995 1.106721022376 1.106721022376 1.106721022376 1.965881022376 1.965881022376 1.965881022376 1.966273022376 1.966273022376 1.966881022376 1.966881022376 1.966881022376 1.966881022376 1.967201022376 1.967201022376 1.968897022376 1.96908904184 1.96944104184 1.970529033829 1.972225033829 1.972417050778 1.972769050778 1.972897022376 1.972897022376 1.972897022376 1.972897022376 1.973089022376 1.973089022376 1.974785022376 1.974785022376 1.974785022376 1.974785022376 1.974785022376 1.974977067128 1.974977067128 1.975329067128 1.976097057091 1.977793057091 1.977985057834 1.978337057834 1.980065068766 1.981761068766 1.981953073182 1.982305073182 2.057032999313 2.058728999313 2.058921024995 2.059273024995 2.089761022376 2.089761022376 2.089761022376 2.948921022376 2.948921022376 2.948921022376 2.949313022376 2.949313022376 2.949921022376 2.949921022376 2.949921022376 2.949921022376 2.950881022376 2.950881022376 2.952577022376 2.952769035489 2.953121035489 2.953569068766 2.955265068766 2.955393057091 2.955393057091 2.956257022376 2.956257022376 2.956257022376 2.956449022376 2.956449022376 2.958145022376 2.958145022376 2.958145022376 2.958145022376 2.958145022376 2.958145033829 2.958337050778 2.958337050778 2.958689050778 2.960081068766 2.960081068766 2.960369057091 2.960369057091 2.962065057091 2.962257057834 2.962609057834 2.963009068766 2.964705068766 2.964897073182 2.965249073182 2.970417022376 2.970417022376 2.970417022376 2.970417022376 2.970609022376 2.970609022376 2.972305022376 2.972305022376 2.972305022376 2.972305022376 2.972305022376 2.972497067128 2.972497067128 2.972849067128 3.057992999313 3.059688999313 3.059881024995 3.060233024995 3.072801022376 3.072801022376 3.072801022376 3.931961022376 3.931961022376 3.931961022376 3.932353022376 3.932353022376 3.932961022376 3.932961022376 3.932961022376 3.932961022376 3.933089022376 3.933089022376 3.933089022376 3.933281022376 3.933281022376 3.934977022376 3.934977022376 3.934977022376 3.934977022376 3.934977022376 3.935169067128 3.935169067128 3.935521067128 3.937569068766 3.939265068766 3.939457073182 3.939809073182 3.942817033829 3.944513033829 3.944705050778 3.945057050778 3.946337050778 3.948033050778 3.948225082521 3.948577082521 3.956513057091 3.958209057091 3.958401057834 3.958753057834 4.055841022376 4.055841022376 4.055841022376 4.915001022376 4.915001022376 4.915001022376 4.915393022376 4.915393022376 4.916001022376 4.916001022376 4.916001022376 4.916001022376 4.916641022376 4.916641022376 4.918337022376 4.918337068766 4.918337068766 4.918529066544 4.918529066544 4.918881066544 4.919217068766 4.920913068766 4.921105073182 4.921457073182 4.921697022376 4.921697022376 4.921697022376 4.921697022376 4.921889022376 4.921889022376 4.923585022376 4.923585022376 4.923585022376 4.923585022376 4.923585022376 4.923777067128 4.923777067128 4.924129067128 4.924577033829 4.926273033829 4.926465050778 4.926817050778 4.92726505048 4.92896105048 4.928961057091 4.928961057091 4.929153057834 4.929153057834 4.929505057834 4.93144105048 4.93313705048 4.933329076162 4.933681076162 5.038881022376 5.038881022376 5.038881022376 5.898041022376 5.898041022376 5.898041022376 5.898433022376 5.898433022376 5.899041022376 5.899041022376 5.899041022376 5.899041022376 5.899361022376 5.899361022376 5.901057022376 5.901057033829 5.901057057091 5.901601068766 5.901601068766 5.903297068766 5.903457022376 5.903457022376 5.903457022376 5.903457022376 5.903649022376 5.903649022376 5.905345022376 5.905345022376 5.905345022376 5.905345022376 5.905345022376 5.906081073182 5.906081073182 5.907777073182 5.907921033829 5.907921033829 5.908657073182 5.908657073182 5.910353073182 5.910497033829 5.910497033829 5.910641022376 5.910641022376 5.910641022376 5.910833022376 5.910833022376 5.912529022376 5.912529022376 5.912529022376 5.912529022376 5.912529022376 5.912721067128 5.912721067128 5.913073067128 5.91339305048 5.91508905048 5.915281076162 5.915633076162 5.916721057091 5.918417057091 5.918449033829 5.918449033829 5.920753076162 5.920753076162 5.922449076162 5.92264112033 5.92299312033 5.923585057091 5.925281057091 5.925473057834 5.925825057834 6.021921022376 6.021921022376 6.021921022376 6.881081022376 6.881081022376 6.881081022376 6.881473022376 6.881473022376 6.882081022376 6.882081022376 6.882081022376 6.882081022376 6.883041057091 6.883041057091 6.884737057091 6.884929057834 6.885281057834 6.885601057834 6.887297057834 6.887489093159 6.887841093159 6.889057033829 6.890753033829 6.890945050778 6.891297050778 6.893025068766 6.894721068766 6.894913073182 6.895265073182 6.897633022376 6.897633022376 6.897633022376 6.897633022376 6.897825022376 6.897825022376 6.899521022376 6.899521022376 6.899521022376 6.899521022376 6.899521022376 6.899713067128 6.899713067128 6.900065067128 6.90156905048 6.90156905048 6.90244905048 6.90244905048 6.90414505048 6.904337076162 6.904689076162 7.004961022376 7.004961022376 7.004961022376 7.864121022376 7.864121022376 7.864121022376 7.864513022376 7.864513022376 7.865121022376 7.865121022376 7.865121022376 7.865121022376 7.866401022376 7.866401022376 7.868097022376 7.86809705048 7.86809705048 7.868289066544 7.868289066544 7.868641066544 7.869217022376 7.869217022376 7.869217022376 7.869217022376 7.869409022376 7.869409022376 7.871105022376 7.871105022376 7.871105022376 7.871105022376 7.871105022376 7.871297067128 7.871297067128 7.871649067128 7.873153033829 7.873153033829 7.873825057091 7.873825057091 7.875521057091 7.875713057834 7.876065057834 7.877361033829 7.879057033829 7.879249050778 7.879601050778 7.88043305048 7.88212905048 7.882321076162 7.882673076162 7.889649068766 7.891345068766 7.891537073182 7.891889073182 7.988001022376 7.988001022376 7.988001022376 8.847161022376 8.847161022376 8.847161022376 8.847553022376 8.847553022376 8.848161022376 8.848161022376 8.848161022376 8.848161022376 8.848289022376 8.848289022376 8.848289022376 8.848481022376 8.848481022376 8.850177022376 8.850177022376 8.850177022376 8.850177022376 8.850177022376 8.85017705048 8.850369050778 8.850369050778 8.850721050778 8.85233705048 8.85403305048 8.854225076162 8.854577076162 8.855537076162 8.857233076162 8.857425111487 8.857777111487 8.858465057091 8.860161057091 8.860353057834 8.860705057834 8.861665068766 8.863361068766 8.863553073182 8.863905073182 8.869297022376 8.869297022376 8.869297022376 8.869297022376 8.869489022376 8.869489022376 8.871185022376 8.871185022376 8.871185022376 8.871185022376 8.871185022376 8.871377067128 8.871377067128 8.871729067128 8.971041022376 8.971041022376 8.971041022376 9.830201022376 9.830201022376 9.830201022376 9.830593022376 9.830593022376 9.831201022376 9.831201022376 9.831201022376 9.831201022376 9.83248105048 9.83248105048 9.83417705048 9.834369076162 9.834721076162 9.836257057091 9.837953057091 9.838145057834 9.838497057834 9.842337057834 9.844033057834 9.844225089577 9.844577089577 9.844905787453 9.846601787453 9.846793791869 9.847145791869 9.847457033829 9.849153033829 9.849345050778 9.849697050778 9.853587737257 9.853587737257 9.853587737257 9.853587737257 9.853779737257 9.853779737257 9.855475737257 9.855475737257 9.855475737257 9.855475737257 9.855475737257 9.855667782009 9.855667782009 9.856019782009 9.954081022376 9.954081022376 9.954081022376 10.813241022376 10.813241022376 10.813241022376 10.813633022376 10.813633022376 10.814241022376 10.814241022376 10.814241022376 10.814241022376 10.814561022376 10.814561022376 10.816257022376 10.816449022824 10.816801022824 10.818529057091 10.820225057091 10.820417057834 10.820769057834 10.824417033829 10.826113033829 10.826305050778 10.826657050778 10.83619305048 10.83788905048 10.838081076162 10.838433076162 10.845225787453 10.846921787453 10.847113791869 10.847465791869 10.849299737257 10.849299737257 10.849299737257 10.849299737257 10.849491737257 10.849491737257 10.851187737257 10.851187737257 10.851187737257 10.851187737257 10.851187737257 10.851379782009 10.851379782009 10.851731782009 10.937121022376 10.937121022376 10.937121022376 11.796281022376 11.796281022376 11.796281022376 11.796673022376 11.796673022376 11.797281022376 11.797281022376 11.797281022376 11.797281022376 11.797601033829 11.797601033829 11.799297033829 11.799297057091 11.799297057091 11.799489050778 11.799489050778 11.799841050778 11.801777057091 11.803473057091 11.803665057834 11.804017057834 11.81065705048 11.81235305048 11.812545076162 11.812897076162 11.820577076162 11.822273076162 11.822465095626 11.822817095626 11.845545787453 11.847241787453 11.847433791869 11.847785791869 11.848659737257 11.848659737257 11.848659737257 11.848659737257 11.848851737257 11.848851737257 11.850547737257 11.850547737257 11.850547737257 11.850547737257 11.850547737257 11.850739782009 11.850739782009 11.851091782009 11.920161022376 11.920161022376 11.920161022376 12.779321022376 12.779321022376 12.779321022376 12.779713022376 12.779713022376 12.780321022376 12.780321022376 12.780321022376 12.780321022376 12.78128105048 12.78128105048 12.78297705048 12.783169076162 12.783521076162 12.785025033829 12.785025033829 12.786865033829 12.786865033829 12.788561033829 12.788737076162 12.788737076162 12.789937076162 12.789937076162 12.791633076162 12.791825111487 12.792177111487 12.792449033829 12.794145033829 12.794337050778 12.794689050778 12.799585057091 12.801281057091 12.801473057834 12.801825057834 12.844905787453 12.846601787453 12.846793791869 12.847145791869 12.848979737257 12.848979737257 12.848979737257 12.848979737257 12.849171737257 12.849171737257 12.850867737257 12.850867737257 12.850867737257 12.850867737257 12.850867737257 12.851059782009 12.851059782009 12.851411782009 12.903201022376 12.903201022376 12.903201022376 13.762361022376 13.762361022376 13.762361022376 13.762753022376 13.762753022376 13.763361022376 13.763361022376 13.763361022376 13.763361022376 13.764321022376 13.764321022376 13.766017022376 13.766209066544 13.766561066544 13.768289057091 13.769985057091 13.770177057834 13.770529057834 13.771105033829 13.772801033829 13.772993050778 13.773345050778 13.78019305048 13.78188905048 13.782081076162 13.782433076162 13.846505787453 13.848201787453 13.848393791869 13.848745791869 13.850707737257 13.850707737257 13.850707737257 13.850707737257 13.850899737257 13.850899737257 13.852595737257 13.852595737257 13.852595737257 13.852595737257 13.852595737257 13.852787782009 13.852787782009 13.853139782009 13.886241022376 13.886241022376 13.886241022376 14.745401022376 14.745401022376 14.745401022376 14.745793022376 14.745793022376 14.746401022376 14.746401022376 14.746401022376 14.746401022376 14.747041033829 14.747041033829 14.748737033829 14.748929050778 14.749281050778 14.750049057091 14.751745057091 14.751937057834 14.752289057834 14.75305705048 14.75475305048 14.754945076162 14.755297076162 14.757857076162 14.759553076162 14.75974512033 14.76009712033 14.844585787453 14.846281787453 14.846473791869 14.846825791869 14.847379737257 14.847379737257 14.847379737257 14.847379737257 14.847571737257 14.847571737257 14.849267737257 14.849267737257 14.849267737257 14.849267737257 14.849267737257 14.849459782009 14.849459782009 14.849811782009 14.869281022376 14.869281022376 14.869281022376 15.728441022376 15.728441022376 15.728441022376 15.728833022376 15.728833022376 15.729441022376 15.729441022376 15.729441022376 15.729441022376 15.730081033829 15.730081033829 15.731777033829 15.731969050778 15.732321050778 15.733697057091 15.733697057091 15.73404905048 15.73404905048 15.73574505048 15.735937076162 15.736289076162 15.741089076162 15.742785076162 15.74297707661 15.74332907661 15.743793057091 15.745489057091 15.745681057834 15.746033057834 15.844905787453 15.846601787453 15.846793791869 15.847145791869 15.847699737257 15.847699737257 15.847699737257 15.847699737257 15.847891737257 15.847891737257 15.849587737257 15.849587737257 15.849587737257 15.849587737257 15.849587737257 15.849779782009 15.849779782009 15.850131782009 15.852321022376 15.852321022376 15.852321022376 16.711481022376 16.711481022376 16.711481022376 16.711873022376 16.711873022376 16.712481022376 16.712481022376 16.712481022376 16.712481022376 16.713121033829 16.713121033829 16.714817033829 16.715009050778 16.715361050778 16.716129057091 16.717825057091 16.718017057834 16.718369057834 16.71881705048 16.72051305048 16.720705076162 16.721057076162 16.724257076162 16.725953076162 16.72614507661 16.72649707661 16.835361022376 16.835361022376 16.835361022376 17.694521022376 17.694521022376 17.694521022376 17.694913022376 17.694913022376 17.695521022376 17.695521022376 17.695521022376 17.695521022376 17.695841057091 17.695841057091 17.697537057091 17.697729057834 17.698081057834 17.699457068766 17.699457068766 17.701601057834 17.701601057834 17.703297057834 17.703313068766 17.703313068766 17.704513068766 17.704513068766 17.706209068766 17.706401073182 17.706753073182 17.707041022376 17.707041022376 17.707041022376 17.707041022376 17.707233022376 17.707233022376 17.708929022376 17.708929022376 17.708929022376 17.708929022376 17.708929022376 17.709121067128 17.709121067128 17.709473067128 17.709729033829 17.711425033829 17.71148905048 17.71148905048 17.711617050778 17.711617050778 17.711969050778 17.71332905048 17.71502505048 17.715217076162 17.715569076162 17.717809076162 17.719505076162 17.719697111487 17.720049111487 17.818401022376 17.818401022376 17.818401022376 18.677561022376 18.677561022376 18.677561022376 18.677953022376 18.677953022376 18.678561022376 18.678561022376 18.678561022376 18.678561022376 18.678689022376 18.678689022376 18.678689022376 18.678881022376 18.678881022376 18.680577022376 18.680577022376 18.680577022376 18.680577022376 18.680577022376 18.680577068766 18.680769067128 18.680769067128 18.681121067128 18.681889033829 18.683585033829 18.683777050778 18.684129050778 18.685409050778 18.687105050778 18.687297086103 18.687649086103 18.688113068766 18.689809068766 18.690001073182 18.690353073182 18.69142505048 18.69312105048 18.693313076162 18.693665076162 18.694113057091 18.695809057091 18.696001057834 18.696353057834 18.801441022376 18.801441022376 18.801441022376 19.660601022376 19.660601022376 19.660601022376 19.660993022376 19.660993022376 19.661601022376 19.661601022376 19.661601022376 19.661601022376 19.662241033829 19.662241033829 19.663937033829 19.663969022376 19.663969022376 19.663969022376 19.663969022376 19.664161022376 19.664161022376 19.665857022376 19.665857022376 19.665857022376 19.665857022376 19.665857022376 19.666209068766 19.666209068766 19.667905068766 19.668097073182 19.668449073182 19.668785022376 19.668785022376 19.668785022376 19.668785022376 19.668977022376 19.668977022376 19.670673022376 19.670673022376 19.670673022376 19.670673022376 19.670673022376 19.670865067128 19.670865067128 19.671217067128 19.671537067128 19.673233067128 19.673425078291 19.673777078291 19.67561705048 19.67731305048 19.677505076162 19.677857076162 19.679393057091 19.681089057091 19.681281057834 19.681633057834 19.784481022376 19.784481022376 19.784481022376","0 0 0 5e-06 0 0.05 5e-06 0.05 5e-06 0.05 5e-06 1e-06 1e-06 1e-06 0 5e-06 0.005005 0.005 0.055 0.005005 5e-06 5e-06 5e-06 0 0.05 5e-06 0.05 0.0001 5e-06 5e-06 0 0.05 5e-06 0.05 5e-06 0.05 5e-06 0.05 5e-06 0 0 0.005 0.005 0 0.075 0.005 0 5e-06 5e-06 5e-06 0 0.05 5e-06 0.05 5e-06 0.05 5e-06 1e-06 1e-06 1e-06 0 5e-06 0.005005 0.005 0.055 0.005005 5e-06 5e-06 5e-06 0 0.05 5e-06 0.05 5e-06 0.05 5e-06 0.05 5e-06 0 0 0.005 0.005 0 0.075 0.005 0 5e-06 5e-06 5e-06 0 0.05 5e-06 0.05 5e-06 0.05 5e-06 0.05 5e-06 0.05 5e-06 0.05 5e-06 0.05 5e-06 1e-06 1e-06 1e-06 0 5e-06 0.005005 0.005 0.055 0.005005 5e-06 5e-06 5e-06 0 0.05 5e-06 0.05 5e-06 0.05 0.0001 5e-06 5e-06 0 0 0.005 0 0.075 0.005 0 0.0001 0.0001 0.0001 5e-06 0 0.05 0.0001 5e-06 5e-06 0 0.05 5e-06 0.05 5e-06 0.05 5e-06 0.05 5e-06 0 0 0.005 0.005 0 0.075 0.005 0 5e-06 5e-06 5e-06 0 0.05 5e-06 0.05 5e-06 0.05 5e-06 1e-06 1e-06 1e-06 0 5e-06 0.005005 0.005 0.055 0.005005 5e-06 5e-06 5e-06 0 0 0.005 0 0.075 0.005 0 5e-06 5e-06 5e-06 0 0.05 5e-06 0.05 5e-06 0.05 5e-06 0.05 5e-06 0.05 5e-06 0.05 5e-06 0.05 5e-06 0.05 5e-06 0.05 5e-06 1e-06 1e-06 1e-06 0 5e-06 0.005005 0.005 0.055 0.005005 5e-06 5e-06 5e-06 0 0.05 0.0001 5e-06 5e-06 0 0.05 5e-06 0.05 5e-06 0.05 5e-06 0 0 0.005 0.005 0 0.075 0.005 0 5e-06 5e-06 5e-06 0 0.05 5e-06 0.05 5e-06 0.05 5e-06 0.05 0.0001 5e-06 5e-06 0 0.05 5e-06 0.05 5e-06 0.05 5e-06 1e-06 1e-06 1e-06 0 5e-06 0.005005 0.005 0.055 0.005005 5e-06 5e-06 5e-06 0 0.05 0.0001 0.0001 5e-06 0 0.05 5e-06 0 0 0.005 0.005 0 0.075 0.005 0 5e-06 5e-06 5e-06 0 0.05 0.0001 5e-06 5e-06 0 0.05 0.0001 5e-06 5e-06 0 0 0.005 0 0.075 0.005 0 5e-06 5e-06 5e-06 0 0.05 5e-06 0.05 5e-06 0.05 5e-06 0.05 0.0001 5e-06 5e-06 0 0.05 5e-06 0.05 5e-06 0.05 5e-06 0.05 5e-06 1e-06 1e-06 1e-06 0 5e-06 0.005005 0.005 0.055 0.005005 5e-06 5e-06 5e-06 0 0.05 5e-06 0.05 5e-06 0.05 5e-06 0.05 5e-06 0.05 5e-06 0.05 5e-06 0.05 5e-06 0.05 5e-06 0 0 0.005 0.005 0 0.075 0.005 0 5e-06 5e-06 5e-06 0 0.05 0.0001 5e-06 5e-06 0 0.05 5e-06 0.05 5e-06 1e-06 1e-06 1e-06 0 5e-06 0.005005 0.005 0.055 0.005005 5e-06 5e-06 5e-06 0 0.05 0.0001 5e-06 5e-06 0 0.05 5e-06 0 0 0.005 0.005 0 0.075 0.005 0 5e-06 5e-06 5e-06 0 0.05 0.0001 5e-06 5e-06 0 0.05 0.0001 0.05 5e-06 0.05 5e-06 0.05 5e-06 0.05 5e-06 0.05 5e-06 0.05 5e-06 0.05 5e-06 1e-06 1e-06 1e-06 0 5e-06 0.005005 0.005 0.055 0.005005 5e-06 5e-06 5e-06 0 0 0.005 0 0.075 0.005 0 0.0001 0.0001 0.0001 5e-06 0 0.05 5e-06 0.05 5e-06 0.05 5e-06 0.05 5e-06 0.05 5e-06 0.05 5e-06 0.05 5e-06 0.05 5e-06 0.05 5e-06 0 0 0.005 0.005 0 0.075 0.005 0 5e-06 5e-06 5e-06 0 0.05 5e-06 1e-06 1e-06 1e-06 0 5e-06 0.005005 0.005 0.055 0.005005 5e-06 5e-06 5e-06 0 0.05 5e-06 0.05 5e-06 0.05 5e-06 0.05 5e-06 0.05 5e-06 0.05 5e-06 0.05 5e-06 0.05 5e-06 0.05 5e-06 0.05 5e-06 0 0 0.005 0.005 0 0.075 0.005 0 5e-06 5e-06 5e-06 0 0.05 5e-06 1e-06 1e-06 1e-06 0 5e-06 0.005005 0.005 0.055 0.005005 5e-06 5e-06 5e-06 0 0.05 5e-06 0.05 5e-06 0.05 5e-06 0.05 5e-06 0.05 5e-06 0.05 5e-06 0.05 5e-06 0.05 5e-06 0.05 5e-06 0.05 5e-06 0 0 0.005 0.005 0 0.075 0.005 0 5e-06 5e-06 5e-06 0 0.05 5e-06 1e-06 1e-06 1e-06 0 5e-06 0.005005 0.005 0.055 0.005005 5e-06 5e-06 5e-06 0 0.05 0.0001 5e-06 5e-06 0 0.05 5e-06 0.05 5e-06 0.05 5e-06 0.05 5e-06 0.05 5e-06 0.05 5e-06 0.05 5e-06 0.05 5e-06 0.05 5e-06 0 0 0.005 0.005 0 0.075 0.005 0 5e-06 5e-06 5e-06 0 0.05 5e-06 1e-06 1e-06 1e-06 0 5e-06 0.005005 0.005 0.055 0.005005 5e-06 5e-06 5e-06 0 0.05 5e-06 0.05 0.0001 5e-06 5e-06 0 0.05 0.0001 5e-06 5e-06 0 0.05 5e-06 0.05 5e-06 0.05 5e-06 0.05 5e-06 0.05 5e-06 0.05 5e-06 0.05 5e-06 0.05 5e-06 0 0 0.005 0.005 0 0.075 0.005 0 5e-06 5e-06 5e-06 0 0.05 5e-06 1e-06 1e-06 1e-06 0 5e-06 0.005005 0.005 0.055 0.005005 5e-06 5e-06 5e-06 0 0.05 5e-06 0.05 5e-06 0.05 5e-06 0.05 5e-06 0.05 5e-06 0.05 5e-06 0.05 5e-06 0.05 5e-06 0.05 5e-06 0.05 5e-06 0 0 0.005 0.005 0 0.075 0.005 0 5e-06 5e-06 5e-06 0 0.05 5e-06 1e-06 1e-06 1e-06 0 5e-06 0.005005 0.005 0.055 0.005005 5e-06 5e-06 5e-06 0 0.05 5e-06 0.05 5e-06 0.05 5e-06 0.05 5e-06 0.05 5e-06 0.05 5e-06 0.05 5e-06 0.05 5e-06 0.05 5e-06 0.05 5e-06 0 0 0.005 0.005 0 0.075 0.005 0 5e-06 5e-06 5e-06 0 0.05 5e-06 1e-06 1e-06 1e-06 0 5e-06 0.005005 0.005 0.055 0.005005 5e-06 5e-06 5e-06 0 0.05 5e-06 0.05 0.0001 5e-06 5e-06 0 0.05 5e-06 0.05 5e-06 0.05 5e-06 0.05 5e-06 0.05 5e-06 0.05 5e-06 0.05 5e-06 0.05 5e-06 0 0 0.005 0.005 0 0.075 0.005 0 5e-06 5e-06 5e-06 0 0.05 5e-06 1e-06 1e-06 1e-06 0 5e-06 0.005005 0.005 0.055 0.005005 5e-06 5e-06 5e-06 0 0.05 5e-06 0.05 5e-06 0.05 5e-06 0.05 5e-06 0.05 5e-06 0.05 5e-06 0.05 5e-06 0.05 5e-06 1e-06 1e-06 1e-06 0 5e-06 0.005005 0.005 0.055 0.005005 5e-06 5e-06 5e-06 0 0.05 5e-06 0.05 0.0001 5e-06 5e-06 0 0.05 0.0001 5e-06 5e-06 0 0.05 5e-06 0.05 5e-06 0 0 0.005 0.005 0 0.075 0.005 0 5e-06 5e-06 5e-06 0 0.05 5e-06 0.05 0.0001 5e-06 5e-06 0 0.05 5e-06 0.05 5e-06 0.05 5e-06 0.05 5e-06 0.05 5e-06 1e-06 1e-06 1e-06 0 5e-06 0.005005 0.005 0.055 0.005005 5e-06 5e-06 5e-06 0 0 0.005 0 0.075 0.005 0 0.0001 0.0001 0.0001 5e-06 0 0.05 5e-06 0.05 5e-06 0.05 5e-06 0.05 5e-06 0.05 5e-06 0.05 5e-06 0.05 5e-06 0.05 5e-06 0.05 5e-06 0.05 5e-06 0.05 5e-06 1e-06 1e-06 1e-06 0 5e-06 0.005005 0.005 0.055 0.005005 5e-06 5e-06 5e-06 0 0.05 5e-06 0 0 0.005 0.005 0 0.075 0.005 0 5e-06 5e-06 5e-06 0 0.05 5e-06 0.05 5e-06 0 0 0.005 0.005 0 0.075 0.005 0 5e-06 5e-06 5e-06 0 0.05 5e-06 0.05 5e-06 0.05 5e-06 0.05 5e-06 0.05 5e-06 0.05 5e-06 0.05 5e-06 1e-06 1e-06 1e-06"
EnergyEfficient-0-20260924-21:26:07-1611,attr,Ieee802154Showcase.sensor2.wlan[0].radio.energyConsumer,powerConsumption:vector,interpolationmode,sample-hold,,
EnergyEfficient-0-20260924-21:26:07-1611,attr,Ieee802154Showcase.sensor2.wlan[0].radio.energyConsumer,powerConsumption:vector,recordingmode,vector,,
EnergyEfficient-0-20260924-21:26:07-1611,attr,Ieee802154Showcase.sensor2.wlan[0].radio.energyConsumer,powerConsumption:vector,source,powerConsumptionChanged,,
EnergyEfficient-0-20260924-21:26:07-1611,attr,Ieee802154Showcase.sensor2.wlan[0].radio.energyConsumer,powerConsumption:vector,title,Power consumption,,
EnergyEfficient-0-20260924-21:26:07-1611,attr,Ieee802154Showcase.sensor2.wlan[0].radio.energyConsumer,powerConsumption:vector,unit,W,,
EnergyEfficient-0-20260924-21:26:07-1611,vector,Ieee802154Showcase.sensor3.wlan[0].radio.energyConsumer,powerConsumption:vector,,,"0 0 0 0 0.000193014201 0.000193014201 0.000801014201 0.059273011282 0.060969011282 0.06116101682 0.06151301682 0.123681014201 0.123681014201 0.123681014201 0.982841014201 0.982841014201 0.982841014201 0.983233014201 0.983233014201 0.983841014201 0.983841014201 0.983841014201 0.983841014201 0.984161047958 0.984161047958 0.985857047958 0.986049049659 0.986401049659 0.987905049943 0.987905049943 0.988577014201 0.988577014201 0.988577014201 0.988769014201 0.988769014201 0.990465014201 0.990465014201 0.990465014201 0.990465014201 0.990465014201 0.990657042603 0.990657042603 0.991009042603 0.992433049943 0.994129049943 0.994321065007 0.994673065007 1.000097042004 1.001793042004 1.001985058953 1.002337058953 1.059273011282 1.060969011282 1.06116101682 1.06151301682 1.106721014201 1.106721014201 1.106721014201 1.965881014201 1.965881014201 1.965881014201 1.966273014201 1.966273014201 1.966881014201 1.966881014201 1.966881014201 1.966881014201 1.967201014201 1.967201014201 1.968897014201 1.969089040307 1.969441040307 1.970337014201 1.970337014201 1.970337014201 1.970337014201 1.970529014201 1.970529014201 1.972225014201 1.972225014201 1.972225014201 1.972225014201 1.972225014201 1.972417042603 1.972417042603 1.972769042603 1.973089042004 1.974785042004 1.974977058953 1.975329058953 1.976097047958 1.977793047958 1.977985049659 1.978337049659 1.980065049943 1.981761049943 1.981953065007 1.982305065007 2.057033011282 2.058729011282 2.05892101682 2.05927301682 2.089761014201 2.089761014201 2.089761014201 2.948921014201 2.948921014201 2.948921014201 2.949313014201 2.949313014201 2.949921014201 2.949921014201 2.949921014201 2.949921014201 2.950881014201 2.950881014201 2.952577014201 2.95276903087 2.95312103087 2.953569049943 2.955265049943 2.955393047958 2.955393047958 2.956257014201 2.956257014201 2.956257014201 2.956449014201 2.956449014201 2.958145014201 2.958145014201 2.958145014201 2.958145014201 2.958145014201 2.958145042004 2.958337042603 2.958337042603 2.958689042603 2.960081049943 2.960081049943 2.960369047958 2.960369047958 2.962065047958 2.962257049659 2.962609049659 2.963009049943 2.964705049943 2.964897065007 2.965249065007 2.970609042004 2.972305042004 2.972497058953 2.972849058953 3.057993011282 3.059689011282 3.05988101682 3.06023301682 3.072801014201 3.072801014201 3.072801014201 3.931961014201 3.931961014201 3.931961014201 3.932353014201 3.932353014201 3.932961014201 3.932961014201 3.932961014201 3.932961014201 3.933281042004 3.933281042004 3.934977042004 3.935169058953 3.935521058953 3.937569049943 3.939265049943 3.939457065007 3.939809065007 3.942625014201 3.942625014201 3.942625014201 3.942625014201 3.942817014201 3.942817014201 3.944513014201 3.944513014201 3.944513014201 3.944513014201 3.944513014201 3.944705042603 3.944705042603 3.945057042603 3.946337042603 3.948033042603 3.948225064538 3.948577064538 3.956513047958 3.958209047958 3.958401049659 3.958753049659 4.055841014201 4.055841014201 4.055841014201 4.915001014201 4.915001014201 4.915001014201 4.915393014201 4.915393014201 4.916001014201 4.916001014201 4.916001014201 4.916001014201 4.916641014201 4.916641014201 4.918337014201 4.918337049943 4.918337049943 4.918529053151 4.918529053151 4.918881053151 4.919217049943 4.920913049943 4.921105065007 4.921457065007 4.921889042004 4.923585042004 4.923777058953 4.924129058953 4.924385014201 4.924385014201 4.924385014201 4.924385014201 4.924577014201 4.924577014201 4.926273014201 4.926273014201 4.926273014201 4.926273014201 4.926273014201 4.926465042603 4.926465042603 4.926817042603 4.927265047958 4.928961047958 4.928961062449 4.928961062449 4.929153049659 4.929153049659 4.929505049659 4.931441062449 4.933137062449 4.933329067987 4.933681067987 5.038881014201 5.038881014201 5.038881014201 5.898041014201 5.898041014201 5.898041014201 5.898433014201 5.898433014201 5.899041014201 5.899041014201 5.899041014201 5.899041014201 5.899169014201 5.899169014201 5.899169014201 5.899361014201 5.899361014201 5.901057014201 5.901057014201 5.901057014201 5.901057014201 5.901057014201 5.901057062449 5.901601049943 5.901601049943 5.903297049943 5.903489065007 5.903841065007 5.905345042004 5.905345042004 5.906033014201 5.906033014201 5.906033014201 5.906225014201 5.906225014201 5.907921014201 5.907921014201 5.907921014201 5.907921014201 5.907921014201 5.908609014201 5.908609014201 5.908609014201 5.908801014201 5.908801014201 5.910497014201 5.910497014201 5.910497014201 5.910497014201 5.910497014201 5.910833042004 5.910833042004 5.912529042004 5.912721058953 5.913073058953 5.913393062449 5.915089062449 5.915281067987 5.915633067987 5.916561014201 5.916561014201 5.916561014201 5.916561014201 5.916753014201 5.916753014201 5.918449014201 5.918449014201 5.918449014201 5.918449014201 5.918449014201 5.920753067987 5.920753067987 5.922449067987 5.922641106937 5.922993106937 5.923585047958 5.925281047958 5.925473049659 5.925825049659 6.021921014201 6.021921014201 6.021921014201 6.881081014201 6.881081014201 6.881081014201 6.881473014201 6.881473014201 6.882081014201 6.882081014201 6.882081014201 6.882081014201 6.883041047958 6.883041047958 6.884737047958 6.884929049659 6.885281049659 6.885601049659 6.887297049659 6.887489075735 6.887841075735 6.888865014201 6.888865014201 6.888865014201 6.888865014201 6.889057014201 6.889057014201 6.890753014201 6.890753014201 6.890753014201 6.890753014201 6.890753014201 6.890945042603 6.890945042603 6.891297042603 6.893025049943 6.894721049943 6.894913065007 6.895265065007 6.897825042004 6.899521042004 6.899713058953 6.900065058953 6.901569062449 6.901569062449 6.902449062449 6.902449062449 6.904145062449 6.904337067987 6.904689067987 7.004961014201 7.004961014201 7.004961014201 7.864121014201 7.864121014201 7.864121014201 7.864513014201 7.864513014201 7.865121014201 7.865121014201 7.865121014201 7.865121014201 7.866401014201 7.866401014201 7.868097014201 7.868097062449 7.868097062449 7.868289053151 7.868289053151 7.868641053151 7.869409042004 7.871105042004 7.871265014201 7.871265014201 7.871265014201 7.871265014201 7.871457014201 7.871457014201 7.873153014201 7.873153014201 7.873153014201 7.873153014201 7.873153014201 7.873825047958 7.873825047958 7.875521047958 7.875713049659 7.876065049659 7.877169014201 7.877169014201 7.877169014201 7.877169014201 7.877361014201 7.877361014201 7.879057014201 7.879057014201 7.879057014201 7.879057014201 7.879057014201 7.879249042603 7.879249042603 7.879601042603 7.880433062449 7.882129062449 7.882321067987 7.882673067987 7.889649049943 7.891345049943 7.891537065007 7.891889065007 7.988001014201 7.988001014201 7.988001014201 8.847161014201 8.847161014201 8.847161014201 8.847553014201 8.847553014201 8.848161014201 8.848161014201 8.848161014201 8.848161014201 8.848289014201 8.848289014201 8.848289014201 8.848481014201 8.848481014201 8.850177014201 8.850177014201 8.850177014201 8.850177014201 8.850177014201 8.850177062449 8.850369042603 8.850369042603 8.850721042603 8.852337062449 8.854033062449 8.854225067987 8.854577067987 8.855537067987 8.857233067987 8.857425094063 8.857777094063 8.858465047958 8.860161047958 8.860353049659 8.860705049659 8.861665049943 8.863361049943 8.863553065007 8.863905065007 8.869489042004 8.871185042004 8.871377058953 8.871729058953 8.971041014201 8.971041014201 8.971041014201 9.830201014201 9.830201014201 9.830201014201 9.830593014201 9.830593014201 9.831201014201 9.831201014201 9.831201014201 9.831201014201 9.832481062449 9.832481062449 9.834177062449 9.834369067987 9.834721067987 9.836257047958 9.837953047958 9.838145049659 9.838497049659 9.842337049659 9.844033049659 9.844225071594 9.844577071594 9.84490576863 9.84660176863 9.846793783694 9.847145783694 9.847265014201 9.847265014201 9.847265014201 9.847265014201 9.847457014201 9.847457014201 9.849153014201 9.849153014201 9.849153014201 9.849153014201 9.849153014201 9.849345042603 9.849345042603 9.849697042603 9.853779756885 9.855475756885 9.855667773834 9.856019773834 9.954081014201 9.954081014201 9.954081014201 10.813241014201 10.813241014201 10.813241014201 10.813633014201 10.813633014201 10.814241014201 10.814241014201 10.814241014201 10.814241014201 10.814561014201 10.814561014201 10.816257014201 10.816449023851 10.816801023851 10.818529047958 10.820225047958 10.820417049659 10.820769049659 10.824225014201 10.824225014201 10.824225014201 10.824225014201 10.824417014201 10.824417014201 10.826113014201 10.826113014201 10.826113014201 10.826113014201 10.826113014201 10.826305042603 10.826305042603 10.826657042603 10.836193062449 10.837889062449 10.838081067987 10.838433067987 10.84522576863 10.84692176863 10.847113783694 10.847465783694 10.849491756885 10.851187756885 10.851379773834 10.851731773834 10.937121014201 10.937121014201 10.937121014201 11.796281014201 11.796281014201 11.796281014201 11.796673014201 11.796673014201 11.797281014201 11.797281014201 11.797281014201 11.797281014201 11.797409014201 11.797409014201 11.797409014201 11.797601014201 11.797601014201 11.799297014201 11.799297014201 11.799297014201 11.799297014201 11.799297014201 11.799297047958 11.799489042603 11.799489042603 11.799841042603 11.801777047958 11.803473047958 11.803665049659 11.804017049659 11.810657062449 11.812353062449 11.812545067987 11.812897067987 11.820577067987 11.822273067987 11.822465094093 11.822817094093 11.84554576863 11.84724176863 11.847433783694 11.847785783694 11.848851756885 11.850547756885 11.850739773834 11.851091773834 11.920161014201 11.920161014201 11.920161014201 12.779321014201 12.779321014201 12.779321014201 12.779713014201 12.779713014201 12.780321014201 12.780321014201 12.780321014201 12.780321014201 12.781281062449 12.781281062449 12.782977062449 12.783137014201 12.783137014201 12.783137014201 12.783137014201 12.783329014201 12.783329014201 12.785025014201 12.785025014201 12.785025014201 12.785025014201 12.785025014201 12.786673014201 12.786673014201 12.786673014201 12.786865014201 12.786865014201 12.788561014201 12.788561014201 12.788561014201 12.788561014201 12.788561014201 12.788737067987 12.789937067987 12.789937067987 12.791633067987 12.791825094063 12.792177094063 12.792257014201 12.792257014201 12.792257014201 12.792257014201 12.792449014201 12.792449014201 12.794145014201 12.794145014201 12.794145014201 12.794145014201 12.794145014201 12.794337042603 12.794337042603 12.794689042603 12.799585047958 12.801281047958 12.801473049659 12.801825049659 12.84490576863 12.84660176863 12.846793783694 12.847145783694 12.849171756885 12.850867756885 12.851059773834 12.851411773834 12.903201014201 12.903201014201 12.903201014201 13.762361014201 13.762361014201 13.762361014201 13.762753014201 13.762753014201 13.763361014201 13.763361014201 13.763361014201 13.763361014201 13.764321014201 13.764321014201 13.766017014201 13.766209053151 13.766561053151 13.768289047958 13.769985047958 13.770177049659 13.770529049659 13.770913014201 13.770913014201 13.770913014201 13.770913014201 13.771105014201 13.771105014201 13.772801014201 13.772801014201 13.772801014201 13.772801014201 13.772801014201 13.772993042603 13.772993042603 13.773345042603 13.780193062449 13.781889062449 13.782081067987 13.782433067987 13.84650576863 13.84820176863 13.848393783694 13.848745783694 13.850899756885 13.852595756885 13.852787773834 13.853139773834 13.886241014201 13.886241014201 13.886241014201 14.745401014201 14.745401014201 14.745401014201 14.745793014201 14.745793014201 14.746401014201 14.746401014201 14.746401014201 14.746401014201 14.746849014201 14.746849014201 14.746849014201 14.747041014201 14.747041014201 14.748737014201 14.748737014201 14.748737014201 14.748737014201 14.748737014201 14.748929042603 14.748929042603 14.749281042603 14.750049047958 14.751745047958 14.751937049659 14.752289049659 14.753057062449 14.754753062449 14.754945067987 14.755297067987 14.757857067987 14.759553067987 14.759745106937 14.760097106937 14.84458576863 14.84628176863 14.846473783694 14.846825783694 14.847571756885 14.849267756885 14.849459773834 14.849811773834 14.869281014201 14.869281014201 14.869281014201 15.728441014201 15.728441014201 15.728441014201 15.728833014201 15.728833014201 15.729441014201 15.729441014201 15.729441014201 15.729441014201 15.729889014201 15.729889014201 15.729889014201 15.730081014201 15.730081014201 15.731777014201 15.731777014201 15.731777014201 15.731777014201 15.731777014201 15.731969042603 15.731969042603 15.732321042603 15.733697047958 15.733697047958 15.734049062449 15.734049062449 15.735745062449 15.735937067987 15.736289067987 15.741089067987 15.742785067987 15.742977077637 15.743329077637 15.743793047958 15.745489047958 15.745681049659 15.746033049659 15.84490576863 15.84660176863 15.846793783694 15.847145783694 15.847891756885 15.849587756885 15.849779773834 15.850131773834 15.852321014201 15.852321014201 15.852321014201 16.711481014201 16.711481014201 16.711481014201 16.711873014201 16.711873014201 16.712481014201 16.712481014201 16.712481014201 16.712481014201 16.712929014201 16.712929014201 16.712929014201 16.713121014201 16.713121014201 16.714817014201 16.714817014201 16.714817014201 16.714817014201 16.714817014201 16.715009042603 16.715009042603 16.715361042603 16.716129047958 16.717825047958 16.718017049659 16.718369049659 16.718817062449 16.720513062449 16.720705067987 16.721057067987 16.724257067987 16.725953067987 16.726145077637 16.726497077637 16.835361014201 16.835361014201 16.835361014201 17.694521014201 17.694521014201 17.694521014201 17.694913014201 17.694913014201 17.695521014201 17.695521014201 17.695521014201 17.695521014201 17.695841047958 17.695841047958 17.697537047958 17.697729049659 17.698081049659 17.699457049943 17.699457049943 17.701601049659 17.701601049659 17.703297049659 17.703313049943 17.703313049943 17.704513049943 17.704513049943 17.706209049943 17.706401065007 17.706753065007 17.707233042004 17.708929042004 17.709121058953 17.709473058953 17.709537014201 17.709537014201 17.709537014201 17.709537014201 17.709729014201 17.709729014201 17.711425014201 17.711425014201 17.711425014201 17.711425014201 17.711425014201 17.711489062449 17.711617042603 17.711617042603 17.711969042603 17.713329062449 17.715025062449 17.715217067987 17.715569067987 17.717809067987 17.719505067987 17.719697094063 17.720049094063 17.818401014201 17.818401014201 17.818401014201 18.677561014201 18.677561014201 18.677561014201 18.677953014201 18.677953014201 18.678561014201 18.678561014201 18.678561014201 18.678561014201 18.678881042004 18.678881042004 18.680577042004 18.680577049943 18.680577049943 18.680769058953 18.680769058953 18.681121058953 18.681697014201 18.681697014201 18.681697014201 18.681697014201 18.681889014201 18.681889014201 18.683585014201 18.683585014201 18.683585014201 18.683585014201 18.683585014201 18.683777042603 18.683777042603 18.684129042603 18.685409042603 18.687105042603 18.687297068679 18.687649068679 18.688113049943 18.689809049943 18.690001065007 18.690353065007 18.691425062449 18.693121062449 18.693313067987 18.693665067987 18.694113047958 18.695809047958 18.696001049659 18.696353049659 18.801441014201 18.801441014201 18.801441014201 19.660601014201 19.660601014201 19.660601014201 19.660993014201 19.660993014201 19.661601014201 19.661601014201 19.661601014201 19.661601014201 19.662049014201 19.662049014201 19.662049014201 19.662241014201 19.662241014201 19.663937014201 19.663937014201 19.663937014201 19.663937014201 19.663937014201 19.664129042603 19.664129042603 19.664481042603 19.665857042004 19.665857042004 19.666209049943 19.666209049943 19.667905049943 19.668097065007 19.668449065007 19.668977042004 19.670673042004 19.670865058953 19.671217058953 19.671537058953 19.673233058953 19.673425080279 19.673777080279 19.675617062449 19.677313062449 19.677505067987 19.677857067987 19.679393047958 19.681089047958 19.681281049659 19.681633049659 19.784481014201 19.784481014201 19.784481014201","0 0 0 5e-06 0 0.05 5e-06 0.05 5e-06 0.05 5e-06 1e-06 1e-06 1e-06 0 5e-06 0.005005 0.005 0.055 0.005005 5e-06 5e-06 5e-06 0 0.05 5e-06 0.05 0.0001 5e-06 5e-06 0 0 0.005 0 0.075 0.005 0 5e-06 5e-06 5e-06 0 0.05 5e-06 0.05 5e-06 0.05 5e-06 0.05 5e-06 0.05 5e-06 0.05 5e-06 0.05 5e-06 1e-06 1e-06 1e-06 0 5e-06 0.005005 0.005 0.055 0.005005 5e-06 5e-06 5e-06 0 0.05 5e-06 0.05 5e-06 0 0 0.005 0.005 0 0.075 0.005 0 5e-06 5e-06 5e-06 0 0.05 5e-06 0.05 5e-06 0.05 5e-06 0.05 5e-06 0.05 5e-06 0.05 5e-06 0.05 5e-06 0.05 5e-06 0.05 5e-06 1e-06 1e-06 1e-06 0 5e-06 0.005005 0.005 0.055 0.005005 5e-06 5e-06 5e-06 0 0.05 5e-06 0.05 5e-06 0.05 0.0001 5e-06 5e-06 0 0 0.005 0 0.075 0.005 0 0.0001 0.0001 0.0001 5e-06 0 0.05 0.0001 5e-06 5e-06 0 0.05 5e-06 0.05 5e-06 0.05 5e-06 0.05 5e-06 0.05 5e-06 0.05 5e-06 0.05 5e-06 0.05 5e-06 1e-06 1e-06 1e-06 0 5e-06 0.005005 0.005 0.055 0.005005 5e-06 5e-06 5e-06 0 0.05 5e-06 0.05 5e-06 0.05 5e-06 0.05 5e-06 0 0 0.005 0.005 0 0.075 0.005 0 5e-06 5e-06 5e-06 0 0.05 5e-06 0.05 5e-06 0.05 5e-06 0.05 5e-06 0.05 5e-06 1e-06 1e-06 1e-06 0 5e-06 0.005005 0.005 0.055 0.005005 5e-06 5e-06 5e-06 0 0.05 0.0001 5e-06 5e-06 0 0.05 5e-06 0.05 5e-06 0.05 5e-06 0.05 5e-06 0.05 5e-06 0 0 0.005 0.005 0 0.075 0.005 0 5e-06 5e-06 5e-06 0 0.05 5e-06 0.05 0.0001 5e-06 5e-06 0 0.05 5e-06 0.05 5e-06 0.05 5e-06 1e-06 1e-06 1e-06 0 5e-06 0.005005 0.005 0.055 0.005005 5e-06 5e-06 5e-06 0 0 0.005 0 0.075 0.005 0 0.0001 0.0001 0.0001 5e-06 0 0.05 5e-06 0.05 0.0001 5e-06 5e-06 0 0 0.005 0 0.075 0.005 0 5e-06 5e-06 5e-06 0 0 0.005 0 0.075 0.005 0 5e-06 5e-06 5e-06 0 0.05 5e-06 0.05 5e-06 0.05 5e-06 0.05 5e-06 0 0 0.005 0.005 0 0.075 0.005 0 5e-06 5e-06 5e-06 0 0.05 5e-06 0.05 5e-06 0.05 5e-06 0.05 5e-06 1e-06 1e-06 1e-06 0 5e-06 0.005005 0.005 0.055 0.005005 5e-06 5e-06 5e-06 0 0.05 5e-06 0.05 5e-06 0.05 5e-06 0.05 5e-06 0 0 0.005 0.005 0 0.075 0.005 0 5e-06 5e-06 5e-06 0 0.05 5e-06 0.05 5e-06 0.05 5e-06 0.05 5e-06 0.05 0.0001 5e-06 5e-06 0 0.05 5e-06 0.05 5e-06 1e-06 1e-06 1e-06 0 5e-06 0.005005 0.005 0.055 0.005005 5e-06 5e-06 5e-06 0 0.05 0.0001 5e-06 5e-06 0 0.05 5e-06 0.05 5e-06 0 0 0.005 0.005 0 0.075 0.005 0 5e-06 5e-06 5e-06 0 0.05 0.0001 0.05 5e-06 0 0 0.005 0.005 0 0.075 0.005 0 5e-06 5e-06 5e-06 0 0.05 5e-06 0.05 5e-06 0.05 5e-06 0.05 5e-06 0.05 5e-06 1e-06 1e-06 1e-06 0 5e-06 0.005005 0.005 0.055 0.005005 5e-06 5e-06 5e-06 0 0 0.005 0 0.075 0.005 0 0.0001 0.0001 0.0001 5e-06 0 0.05 5e-06 0.05 5e-06 0.05 5e-06 0.05 5e-06 0.05 5e-06 0.05 5e-06 0.05 5e-06 0.05 5e-06 0.05 5e-06 0.05 5e-06 0.05 5e-06 1e-06 1e-06 1e-06 0 5e-06 0.005005 0.005 0.055 0.005005 5e-06 5e-06 5e-06 0 0.05 5e-06 0.05 5e-06 0.05 5e-06 0.05 5e-06 0.05 5e-06 0.05 5e-06 0.05 5e-06 0.05 5e-06 0 0 0.005 0.005 0 0.075 0.005 0 5e-06 5e-06 5e-06 0 0.05 5e-06 0.05 5e-06 0.05 5e-06 1e-06 1e-06 1e-06 0 5e-06 0.005005 0.005 0.055 0.005005 5e-06 5e-06 5e-06 0 0.05 5e-06 0.05 5e-06 0.05 5e-06 0.05 5e-06 0 0 0.005 0.005 0 0.075 0.005 0 5e-06 5e-06 5e-06 0 0.05 5e-06 0.05 5e-06 0.05 5e-06 0.05 5e-06 0.05 5e-06 0.05 5e-06 0.05 5e-06 1e-06 1e-06 1e-06 0 5e-06 0.005005 0.005 0.055 0.005005 5e-06 5e-06 5e-06 0 0 0.005 0 0.075 0.005 0 0.0001 0.0001 0.0001 5e-06 0 0.05 5e-06 0.05 5e-06 0.05 5e-06 0.05 5e-06 0.05 5e-06 0.05 5e-06 0.05 5e-06 0.05 5e-06 0.05 5e-06 0.05 5e-06 0.05 5e-06 1e-06 1e-06 1e-06 0 5e-06 0.005005 0.005 0.055 0.005005 5e-06 5e-06 5e-06 0 0.05 5e-06 0 0 0.005 0.005 0 0.075 0.005 0 5e-06 5e-06 5e-06 0 0 0.005 0 0.075 0.005 0 0.0001 0.0001 0.0001 5e-06 0 0.05 5e-06 0.05 5e-06 0 0 0.005 0.005 0 0.075 0.005 0 5e-06 5e-06 5e-06 0 0.05 5e-06 0.05 5e-06 0.05 5e-06 0.05 5e-06 0.05 5e-06 0.05 5e-06 0.05 5e-06 1e-06 1e-06 1e-06 0 5e-06 0.005005 0.005 0.055 0.005005 5e-06 5e-06 5e-06 0 0.05 5e-06 0.05 5e-06 0.05 5e-06 0.05 5e-06 0 0 0.005 0.005 0 0.075 0.005 0 5e-06 5e-06 5e-06 0 0.05 5e-06 0.05 5e-06 0.05 5e-06 0.05 5e-06 0.05 5e-06 0.05 5e-06 0.05 5e-06 1e-06 1e-06 1e-06 0 5e-06 0.005005 0.005 0.055 0.005005 5e-06 5e-06 5e-06 0 0 0.005 0 0.075 0.005 0 5e-06 5e-06 5e-06 0 0.05 5e-06 0.05 5e-06 0.05 5e-06 0.05 5e-06 0.05 5e-06 0.05 5e-06 0.05 5e-06 0.05 5e-06 0.05 5e-06 0.05 5e-06 0.05 5e-06 1e-06 1e-06 1e-06 0 5e-06 0.005005 0.005 0.055 0.005005 5e-06 5e-06 5e-06 0 0 0.005 0 0.075 0.005 0 5e-06 5e-06 5e-06 0 0.05 0.0001 5e-06 5e-06 0 0.05 5e-06 0.05 5e-06 0.05 5e-06 0.05 5e-06 0.05 5e-06 0.05 5e-06 0.05 5e-06 0.05 5e-06 0.05 5e-06 0.05 5e-06 1e-06 1e-06 1e-06 0 5e-06 0.005005 0.005 0.055 0.005005 5e-06 5e-06 5e-06 0 0 0.005 0 0.075 0.005 0 5e-06 5e-06 5e-06 0 0.05 5e-06 0.05 5e-06 0.05 5e-06 0.05 5e-06 0.05 5e-06 0.05 5e-06 0.05 5e-06 1e-06 1e-06 1e-06 0 5e-06 0.005005 0.005 0.055 0.005005 5e-06 5e-06 5e-06 0 0.05 5e-06 0.05 0.0001 5e-06 5e-06 0 0.05 0.0001 5e-06 5e-06 0 0.05 5e-06 0.05 5e-06 0.05 5e-06 0.05 5e-06 0 0 0.005 0.005 0 0.075 0.005 0 0.0001 0.0001 0.0001 5e-06 0 0.05 5e-06 0.05 5e-06 0.05 5e-06 0.05 5e-06 0.05 5e-06 1e-06 1e-06 1e-06 0 5e-06 0.005005 0.005 0.055 0.005005 5e-06 5e-06 5e-06 0 0.05 0.0001 5e-06 5e-06 0 0.05 5e-06 0 0 0.005 0.005 0 0.075 0.005 0 5e-06 5e-06 5e-06 0 0.05 5e-06 0.05 5e-06 0.05 5e-06 0.05 5e-06 0.05 5e-06 0.05 5e-06 0.05 5e-06 0.05 5e-06 0.05 5e-06 1e-06 1e-06 1e-06 0 5e-06 0.005005 0.005 0.055 0.005005 5e-06 5e-06 5e-06 0 0 0.005 0 0.075 0.005 0 5e-06 5e-06 5e-06 0 0.05 0.0001 5e-06 5e-06 0 0.05 5e-06 0.05 5e-06 0.05 5e-06 0.05 5e-06 0.05 5e-06 0.05 5e-06 0.05 5e-06 0.05 5e-06 0.05 5e-06 0.05 5e-06 1e-06 1e-06 1e-06"
EnergyEfficient-0-20260924-21:26:07-1611,attr,Ieee802154Showcase.sensor3.wlan[0].radio.energyConsumer,powerConsumption:vector,interpolationmode,sample-hold,,
EnergyEfficient-0-20260924-21:26:07-1611,attr,Ieee802154Showcase.sensor3.wlan[0].radio.energyConsumer,powerConsumption:vector,recordingmode,vector,,
EnergyEfficient-0-20260924-21:26:07-1611,attr,Ieee802154Showcase.sensor3.wlan[0].radio.energyConsumer,powerConsumption:vector,source,powerConsumptionChanged,,
EnergyEfficient-0-20260924-21:26:07-1611,attr,Ieee802154Showcase.sensor3.wlan[0].radio.energyConsumer,powerConsumption:vector,title,Power consumption,,
EnergyEfficient-0-20260924-21:26:07-1611,attr,Ieee802154Showcase.sensor3.wlan[0].radio.energyConsumer,powerConsumption:vector,unit,W,,
EnergyEfficient-0-20260924-21:26:07-1611,vector,Ieee802154Showcase.sensor4.wlan[0].radio.energyConsumer,powerConsumption:vector,,,"0 0 0 0 0.000193026893 0.000193026893 0.000801026893 0.059080975726 0.059080975726 0.059080975726 0.059080975726 0.059272975726 0.059272975726 0.060968975726 0.060968975726 0.060968975726 0.060968975726 0.060968975726 0.061161029512 0.061161029512 0.061513029512 0.123681026893 0.123681026893 0.123681026893 0.982841026893 0.982841026893 0.982841026893 0.983233026893 0.983233026893 0.983841026893 0.983841026893 0.983841026893 0.983841026893 0.984161052753 0.984161052753 0.985857052753 0.986049062351 0.986401062351 0.987905077614 0.987905077614 0.988769049757 0.988769049757 0.990465049757 0.990657055295 0.991009055295 0.992433077614 0.994129077614 0.994321077699 0.994673077699 1.000097045963 1.001793045963 1.001985071645 1.002337071645 1.059080975726 1.059080975726 1.059080975726 1.059080975726 1.059272975726 1.059272975726 1.060968975726 1.060968975726 1.060968975726 1.060968975726 1.060968975726 1.061161029512 1.061161029512 1.061513029512 1.106721026893 1.106721026893 1.106721026893 1.965881026893 1.965881026893 1.965881026893 1.966273026893 1.966273026893 1.966881026893 1.966881026893 1.966881026893 1.966881026893 1.967201026893 1.967201026893 1.968897026893 1.969089064611 1.969441064611 1.970529049757 1.972225049757 1.972417055295 1.972769055295 1.973089045963 1.974785045963 1.974977071645 1.975329071645 1.976097052753 1.977793052753 1.977985062351 1.978337062351 1.980065077614 1.981761077614 1.981953077699 1.982305077699 2.056840975726 2.056840975726 2.056840975726 2.056840975726 2.057032975726 2.057032975726 2.058728975726 2.058728975726 2.058728975726 2.058728975726 2.058728975726 2.058921029512 2.058921029512 2.059273029512 2.089761026893 2.089761026893 2.089761026893 2.948921026893 2.948921026893 2.948921026893 2.949313026893 2.949313026893 2.949921026893 2.949921026893 2.949921026893 2.949921026893 2.950881026893 2.950881026893 2.952577026893 2.952769032219 2.953121032219 2.953569077614 2.955265077614 2.955393052753 2.955393052753 2.956449045963 2.956449045963 2.958145045963 2.958145049757 2.958145049757 2.958337055295 2.958337055295 2.958689055295 2.960081077614 2.960081077614 2.960369052753 2.960369052753 2.962065052753 2.962257062351 2.962609062351 2.963009077614 2.964705077614 2.964897077699 2.965249077699 2.970609045963 2.972305045963 2.972497071645 2.972849071645 3.057800975726 3.057800975726 3.057800975726 3.057800975726 3.057992975726 3.057992975726 3.059688975726 3.059688975726 3.059688975726 3.059688975726 3.059688975726 3.059881029512 3.059881029512 3.060233029512 3.072801026893 3.072801026893 3.072801026893 3.931961026893 3.931961026893 3.931961026893 3.932353026893 3.932353026893 3.932961026893 3.932961026893 3.932961026893 3.932961026893 3.933281045963 3.933281045963 3.934977045963 3.935169071645 3.935521071645 3.937569077614 3.939265077614 3.939457077699 3.939809077699 3.942817049757 3.944513049757 3.944705055295 3.945057055295 3.946337055295 3.948033055295 3.948225100094 3.948577100094 3.956513052753 3.958209052753 3.958401062351 3.958753062351 4.055841026893 4.055841026893 4.055841026893 4.915001026893 4.915001026893 4.915001026893 4.915393026893 4.915393026893 4.916001026893 4.916001026893 4.916001026893 4.916001026893 4.916641026893 4.916641026893 4.918337026893 4.918337077614 4.918337077614 4.918529087309 4.918529087309 4.918881087309 4.919217077614 4.920913077614 4.921105077699 4.921457077699 4.921889045963 4.923585045963 4.923777071645 4.924129071645 4.924577049757 4.926273049757 4.926465055295 4.926817055295 4.927073026893 4.927073026893 4.927073026893 4.927073026893 4.927265026893 4.927265026893 4.928961026893 4.928961026893 4.928961026893 4.928961026893 4.928961026893 4.928961052753 4.929153062351 4.929153062351 4.929505062351 4.931249026893 4.931249026893 4.931249026893 4.931249026893 4.931441026893 4.931441026893 4.933137026893 4.933137026893 4.933137026893 4.933137026893 4.933137026893 4.933329080679 4.933329080679 4.933681080679 5.038881026893 5.038881026893 5.038881026893 5.898041026893 5.898041026893 5.898041026893 5.898433026893 5.898433026893 5.899041026893 5.899041026893 5.899041026893 5.899041026893 5.899169026893 5.899169026893 5.899169026893 5.899361026893 5.899361026893 5.901057026893 5.901057026893 5.901057026893 5.901057026893 5.901057026893 5.901057052753 5.901601077614 5.901601077614 5.903297077614 5.903489077699 5.903841077699 5.905345045963 5.905345045963 5.906081077699 5.906081077699 5.907777077699 5.907921049757 5.907921049757 5.908657077699 5.908657077699 5.910353077699 5.910497049757 5.910497049757 5.910833045963 5.910833045963 5.912529045963 5.912721071645 5.913073071645 5.913201026893 5.913201026893 5.913201026893 5.913201026893 5.913393026893 5.913393026893 5.915089026893 5.915089026893 5.915089026893 5.915089026893 5.915089026893 5.915281080679 5.915281080679 5.915633080679 5.916721052753 5.918417052753 5.918449049757 5.918449049757 5.920753080679 5.920753080679 5.922449080679 5.922641141095 5.922993141095 5.923585052753 5.925281052753 5.925473062351 5.925825062351 6.021921026893 6.021921026893 6.021921026893 6.881081026893 6.881081026893 6.881081026893 6.881473026893 6.881473026893 6.882081026893 6.882081026893 6.882081026893 6.882081026893 6.883041052753 6.883041052753 6.884737052753 6.884929062351 6.885281062351 6.885601062351 6.887297062351 6.887489100027 6.887841100027 6.889057049757 6.890753049757 6.890945055295 6.891297055295 6.893025077614 6.894721077614 6.894913077699 6.895265077699 6.897825045963 6.899521045963 6.899681026893 6.899681026893 6.899681026893 6.899681026893 6.899873026893 6.899873026893 6.901569026893 6.901569026893 6.901569026893 6.901569026893 6.901569026893 6.902257026893 6.902257026893 6.902257026893 6.902449026893 6.902449026893 6.904145026893 6.904145026893 6.904145026893 6.904145026893 6.904145026893 6.904337080679 6.904337080679 6.904689080679 7.004961026893 7.004961026893 7.004961026893 7.864121026893 7.864121026893 7.864121026893 7.864513026893 7.864513026893 7.865121026893 7.865121026893 7.865121026893 7.865121026893 7.866209026893 7.866209026893 7.866209026893 7.866401026893 7.866401026893 7.868097026893 7.868097026893 7.868097026893 7.868097026893 7.868097026893 7.868289087309 7.868289087309 7.868641087309 7.869409045963 7.871105045963 7.871297071645 7.871649071645 7.873153049757 7.873153049757 7.873825052753 7.873825052753 7.875521052753 7.875713062351 7.876065062351 7.877361049757 7.879057049757 7.879249055295 7.879601055295 7.880241026893 7.880241026893 7.880241026893 7.880241026893 7.880433026893 7.880433026893 7.882129026893 7.882129026893 7.882129026893 7.882129026893 7.882129026893 7.882321080679 7.882321080679 7.882673080679 7.889649077614 7.891345077614 7.891537077699 7.891889077699 7.988001026893 7.988001026893 7.988001026893 8.847161026893 8.847161026893 8.847161026893 8.847553026893 8.847553026893 8.848161026893 8.848161026893 8.848161026893 8.848161026893 8.848289026893 8.848289026893 8.848289026893 8.848481026893 8.848481026893 8.850177026893 8.850177026893 8.850177026893 8.850177026893 8.850177026893 8.850177049757 8.850369055295 8.850369055295 8.850721055295 8.852145026893 8.852145026893 8.852145026893 8.852145026893 8.852337026893 8.852337026893 8.854033026893 8.854033026893 8.854033026893 8.854033026893 8.854033026893 8.854225080679 8.854225080679 8.854577080679 8.855537080679 8.857233080679 8.857425118355 8.857777118355 8.858465052753 8.860161052753 8.860353062351 8.860705062351 8.861665077614 8.863361077614 8.863553077699 8.863905077699 8.869489045963 8.871185045963 8.871377071645 8.871729071645 8.971041026893 8.971041026893 8.971041026893 9.830201026893 9.830201026893 9.830201026893 9.830593026893 9.830593026893 9.831201026893 9.831201026893 9.831201026893 9.831201026893 9.832289026893 9.832289026893 9.832289026893 9.832481026893 9.832481026893 9.834177026893 9.834177026893 9.834177026893 9.834177026893 9.834177026893 9.834369080679 9.834369080679 9.834721080679 9.836257052753 9.837953052753 9.838145062351 9.838497062351 9.842337062351 9.844033062351 9.84422510715 9.84457710715 9.844905796301 9.846601796301 9.846793796386 9.847145796386 9.847457049757 9.849153049757 9.849345055295 9.849697055295 9.853779760844 9.855475760844 9.855667786526 9.856019786526 9.954081026893 9.954081026893 9.954081026893 10.813241026893 10.813241026893 10.813241026893 10.813633026893 10.813633026893 10.814241026893 10.814241026893 10.814241026893 10.814241026893 10.814561026893 10.814561026893 10.816257026893 10.816449037261 10.816801037261 10.818529052753 10.820225052753 10.820417062351 10.820769062351 10.824417049757 10.826113049757 10.826305055295 10.826657055295 10.836001026893 10.836001026893 10.836001026893 10.836001026893 10.836193026893 10.836193026893 10.837889026893 10.837889026893 10.837889026893 10.837889026893 10.837889026893 10.838081080679 10.838081080679 10.838433080679 10.845225796301 10.846921796301 10.847113796386 10.847465796386 10.849491760844 10.851187760844 10.851379786526 10.851731786526 10.937121026893 10.937121026893 10.937121026893 11.796281026893 11.796281026893 11.796281026893 11.796673026893 11.796673026893 11.797281026893 11.797281026893 11.797281026893 11.797281026893 11.797601049757 11.797601049757 11.799297049757 11.799297052753 11.799297052753 11.799489055295 11.799489055295 11.799841055295 11.801777052753 11.803473052753 11.803665062351 11.804017062351 11.810465026893 11.810465026893 11.810465026893 11.810465026893 11.810657026893 11.810657026893 11.812353026893 11.812353026893 11.812353026893 11.812353026893 11.812353026893 11.812545080679 11.812545080679 11.812897080679 11.820577080679 11.822273080679 11.822465118397 11.822817118397 11.845545796301 11.847241796301 11.847433796386 11.847785796386 11.848851760844 11.850547760844 11.850739786526 11.851091786526 11.920161026893 11.920161026893 11.920161026893 12.779321026893 12.779321026893 12.779321026893 12.779713026893 12.779713026893 12.780321026893 12.780321026893 12.780321026893 12.780321026893 12.781089026893 12.781089026893 12.781089026893 12.781281026893 12.781281026893 12.782977026893 12.782977026893 12.782977026893 12.782977026893 12.782977026893 12.783169080679 12.783169080679 12.783521080679 12.785025049757 12.785025049757 12.786865049757 12.786865049757 12.788561049757 12.788737080679 12.788737080679 12.789937080679 12.789937080679 12.791633080679 12.791825118355 12.792177118355 12.792449049757 12.794145049757 12.794337055295 12.794689055295 12.799585052753 12.801281052753 12.801473062351 12.801825062351 12.844905796301 12.846601796301 12.846793796386 12.847145796386 12.849171760844 12.850867760844 12.851059786526 12.851411786526 12.903201026893 12.903201026893 12.903201026893 13.762361026893 13.762361026893 13.762361026893 13.762753026893 13.762753026893 13.763361026893 13.763361026893 13.763361026893 13.763361026893 13.764321026893 13.764321026893 13.766017026893 13.766209087309 13.766561087309 13.768289052753 13.769985052753 13.770177062351 13.770529062351 13.771105049757 13.772801049757 13.772993055295 13.773345055295 13.780001026893 13.780001026893 13.780001026893 13.780001026893 13.780193026893 13.780193026893 13.781889026893 13.781889026893 13.781889026893 13.781889026893 13.781889026893 13.782081080679 13.782081080679 13.782433080679 13.846505796301 13.848201796301 13.848393796386 13.848745796386 13.850899760844 13.852595760844 13.852787786526 13.853139786526 13.886241026893 13.886241026893 13.886241026893 14.745401026893 14.745401026893 14.745401026893 14.745793026893 14.745793026893 14.746401026893 14.746401026893 14.746401026893 14.746401026893 14.747041049757 14.747041049757 14.748737049757 14.748929055295 14.749281055295 14.750049052753 14.751745052753 14.751937062351 14.752289062351 14.752865026893 14.752865026893 14.752865026893 14.752865026893 14.753057026893 14.753057026893 14.754753026893 14.754753026893 14.754753026893 14.754753026893 14.754753026893 14.754945080679 14.754945080679 14.755297080679 14.757857080679 14.759553080679 14.759745141095 14.760097141095 14.844585796301 14.846281796301 14.846473796386 14.846825796386 14.847571760844 14.849267760844 14.849459786526 14.849811786526 14.869281026893 14.869281026893 14.869281026893 15.728441026893 15.728441026893 15.728441026893 15.728833026893 15.728833026893 15.729441026893 15.729441026893 15.729441026893 15.729441026893 15.730081049757 15.730081049757 15.731777049757 15.731969055295 15.732321055295 15.733697052753 15.733697052753 15.733857026893 15.733857026893 15.733857026893 15.734049026893 15.734049026893 15.735745026893 15.735745026893 15.735745026893 15.735745026893 15.735745026893 15.735937080679 15.735937080679 15.736289080679 15.741089080679 15.742785080679 15.742977091047 15.743329091047 15.743793052753 15.745489052753 15.745681062351 15.746033062351 15.844905796301 15.846601796301 15.846793796386 15.847145796386 15.847891760844 15.849587760844 15.849779786526 15.850131786526 15.852321026893 15.852321026893 15.852321026893 16.711481026893 16.711481026893 16.711481026893 16.711873026893 16.711873026893 16.712481026893 16.712481026893 16.712481026893 16.712481026893 16.713121049757 16.713121049757 16.714817049757 16.715009055295 16.715361055295 16.716129052753 16.717825052753 16.718017062351 16.718369062351 16.718625026893 16.718625026893 16.718625026893 16.718625026893 16.718817026893 16.718817026893 16.720513026893 16.720513026893 16.720513026893 16.720513026893 16.720513026893 16.720705080679 16.720705080679 16.721057080679 16.724257080679 16.725953080679 16.726145091047 16.726497091047 16.835361026893 16.835361026893 16.835361026893 17.694521026893 17.694521026893 17.694521026893 17.694913026893 17.694913026893 17.695521026893 17.695521026893 17.695521026893 17.695521026893 17.695841052753 17.695841052753 17.697537052753 17.697729062351 17.698081062351 17.699457077614 17.699457077614 17.701601062351 17.701601062351 17.703297062351 17.703313077614 17.703313077614 17.704513077614 17.704513077614 17.706209077614 17.706401077699 17.706753077699 17.707233045963 17.708929045963 17.709121071645 17.709473071645 17.709601026893 17.709601026893 17.709601026893 17.709601026893 17.709793026893 17.709793026893 17.711489026893 17.711489026893 17.711489026893 17.711489026893 17.711489026893 17.711617055295 17.711617055295 17.711969055295 17.713137026893 17.713137026893 17.713137026893 17.713137026893 17.713329026893 17.713329026893 17.715025026893 17.715025026893 17.715025026893 17.715025026893 17.715025026893 17.715217080679 17.715217080679 17.715569080679 17.717809080679 17.719505080679 17.719697118355 17.720049118355 17.818401026893 17.818401026893 17.818401026893 18.677561026893 18.677561026893 18.677561026893 18.677953026893 18.677953026893 18.678561026893 18.678561026893 18.678561026893 18.678561026893 18.678881045963 18.678881045963 18.680577045963 18.680577077614 18.680577077614 18.680769071645 18.680769071645 18.681121071645 18.681889049757 18.683585049757 18.683777055295 18.684129055295 18.685409055295 18.687105055295 18.687297092971 18.687649092971 18.688113077614 18.689809077614 18.690001077699 18.690353077699 18.691233026893 18.691233026893 18.691233026893 18.691233026893 18.691425026893 18.691425026893 18.693121026893 18.693121026893 18.693121026893 18.693121026893 18.693121026893 18.693313080679 18.693313080679 18.693665080679 18.694113052753 18.695809052753 18.696001062351 18.696353062351 18.801441026893 18.801441026893 18.801441026893 19.660601026893 19.660601026893 19.660601026893 19.660993026893 19.660993026893 19.661601026893 19.661601026893 19.661601026893 19.661601026893 19.662241049757 19.662241049757 19.663937049757 19.664129055295 19.664481055295 19.665857045963 19.665857045963 19.666209077614 19.666209077614 19.667905077614 19.668097077699 19.668449077699 19.668977045963 19.670673045963 19.670865071645 19.671217071645 19.671537071645 19.673233071645 19.673425072367 19.673777072367 19.675425026893 19.675425026893 19.675425026893 19.675425026893 19.675617026893 19.675617026893 19.677313026893 19.677313026893 19.677313026893 19.677313026893 19.677313026893 19.677505080679 19.677505080679 19.677857080679 19.679393052753 19.681089052753 19.681281062351 19.681633062351 19.784481026893 19.784481026893 19.784481026893","0 0 0 5e-06 0 0.05 5e-06 0 0 0.005 0.005 0 0.075 0.005 0 5e-06 5e-06 5e-06 0 0.05 5e-06 1e-06 1e-06 1e-06 0 5e-06 0.005005 0.005 0.055 0.005005 5e-06 5e-06 5e-06 0 0.05 5e-06 0.05 0.0001 5e-06 5e-06 0 0.05 5e-06 0.05 5e-06 0.05 5e-06 0.05 5e-06 0.05 5e-06 0.05 5e-06 0 0 0.005 0.005 0 0.075 0.005 0 5e-06 5e-06 5e-06 0 0.05 5e-06 1e-06 1e-06 1e-06 0 5e-06 0.005005 0.005 0.055 0.005005 5e-06 5e-06 5e-06 0 0.05 5e-06 0.05 5e-06 0.05 5e-06 0.05 5e-06 0.05 5e-06 0.05 5e-06 0.05 5e-06 0.05 5e-06 0.05 5e-06 0.05 5e-06 0 0 0.005 0.005 0 0.075 0.005 0 5e-06 5e-06 5e-06 0 0.05 5e-06 1e-06 1e-06 1e-06 0 5e-06 0.005005 0.005 0.055 0.005005 5e-06 5e-06 5e-06 0 0.05 5e-06 0.05 5e-06 0.05 0.0001 5e-06 5e-06 0 0.05 0.0001 5e-06 5e-06 0 0.05 0.0001 5e-06 5e-06 0 0.05 5e-06 0.05 5e-06 0.05 5e-06 0.05 5e-06 0.05 5e-06 0.05 5e-06 0 0 0.005 0.005 0 0.075 0.005 0 5e-06 5e-06 5e-06 0 0.05 5e-06 1e-06 1e-06 1e-06 0 5e-06 0.005005 0.005 0.055 0.005005 5e-06 5e-06 5e-06 0 0.05 5e-06 0.05 5e-06 0.05 5e-06 0.05 5e-06 0.05 5e-06 0.05 5e-06 0.05 5e-06 0.05 5e-06 0.05 5e-06 0.05 5e-06 1e-06 1e-06 1e-06 0 5e-06 0.005005 0.005 0.055 0.005005 5e-06 5e-06 5e-06 0 0.05 0.0001 5e-06 5e-06 0 0.05 5e-06 0.05 5e-06 0.05 5e-06 0.05 5e-06 0.05 5e-06 0.05 5e-06 0.05 5e-06 0 0 0.005 0.005 0 0.075 0.005 0 0.0001 0.0001 0.0001 5e-06 0 0.05 5e-06 0 0 0.005 0.005 0 0.075 0.005 0 5e-06 5e-06 5e-06 0 0.05 5e-06 1e-06 1e-06 1e-06 0 5e-06 0.005005 0.005 0.055 0.005005 5e-06 5e-06 5e-06 0 0 0.005 0 0.075 0.005 0 0.0001 0.0001 0.0001 5e-06 0 0.05 5e-06 0.05 0.0001 5e-06 5e-06 0 0.05 0.0001 5e-06 5e-06 0 0.05 0.0001 5e-06 5e-06 0 0.05 5e-06 0.05 5e-06 0 0 0.005 0.005 0 0.075 0.005 0 5e-06 5e-06 5e-06 0 0.05 5e-06 0.05 0.0001 5e-06 5e-06 0 0.05 5e-06 0.05 5e-06 0.05 5e-06 0.05 5e-06 1e-06 1e-06 1e-06 0 5e-06 0.005005 0.005 0.055 0.005005 5e-06 5e-06 5e-06 0 0.05 5e-06 0.05 5e-06 0.05 5e-06 0.05 5e-06 0.05 5e-06 0.05 5e-06 0.05 5e-06 0.05 5e-06 0.05 5e-06 0 0 0.005 0.005 0 0.075 0.005 0 5e-06 5e-06 5e-06 0 0 0.005 0 0.075 0.005 0 5e-06 5e-06 5e-06 0 0.05 5e-06 1e-06 1e-06 1e-06 0 5e-06 0.005005 0.005 0.055 0.005005 5e-06 5e-06 5e-06 0 0 0.005 0 0.075 0.005 0 5e-06 5e-06 5e-06 0 0.05 5e-06 0.05 5e-06 0.05 0.0001 5e-06 5e-06 0 0.05 0.0001 0.05 5e-06 0.05 5e-06 0.05 5e-06 0 0 0.005 0.005 0 0.075 0.005 0 5e-06 5e-06 5e-06 0 0.05 5e-06 0.05 5e-06 0.05 5e-06 1e-06 1e-06 1e-06 0 5e-06 0.005005 0.005 0.055 0.005005 5e-06 5e-06 5e-06 0 0 0.005 0 0.075 0.005 0 0.0001 0.0001 0.0001 5e-06 0 0.05 5e-06 0 0 0.005 0.005 0 0.075 0.005 0 5e-06 5e-06 5e-06 0 0.05 5e-06 0.05 5e-06 0.05 5e-06 0.05 5e-06 0.05 5e-06 0.05 5e-06 0.05 5e-06 0.05 5e-06 0.05 5e-06 1e-06 1e-06 1e-06 0 5e-06 0.005005 0.005 0.055 0.005005 5e-06 5e-06 5e-06 0 0 0.005 0 0.075 0.005 0 5e-06 5e-06 5e-06 0 0.05 5e-06 0.05 5e-06 0.05 5e-06 0.05 5e-06 0.05 5e-06 0.05 5e-06 0.05 5e-06 0.05 5e-06 0.05 5e-06 0.05 5e-06 0.05 5e-06 1e-06 1e-06 1e-06 0 5e-06 0.005005 0.005 0.055 0.005005 5e-06 5e-06 5e-06 0 0.05 5e-06 0.05 5e-06 0.05 5e-06 0.05 5e-06 0.05 5e-06 0.05 5e-06 0 0 0.005 0.005 0 0.075 0.005 0 5e-06 5e-06 5e-06 0 0.05 5e-06 0.05 5e-06 0.05 5e-06 0.05 5e-06 0.05 5e-06 1e-06 1e-06 1e-06 0 5e-06 0.005005 0.005 0.055 0.005005 5e-06 5e-06 5e-06 0 0.05 0.0001 5e-06 5e-06 0 0.05 5e-06 0.05 5e-06 0.05 5e-06 0 0 0.005 0.005 0 0.075 0.005 0 5e-06 5e-06 5e-06 0 0.05 5e-06 0.05 5e-06 0.05 5e-06 0.05 5e-06 0.05 5e-06 0.05 5e-06 0.05 5e-06 1e-06 1e-06 1e-06 0 5e-06 0.005005 0.005 0.055 0.005005 5e-06 5e-06 5e-06 0 0 0.005 0 0.075 0.005 0 5e-06 5e-06 5e-06 0 0.05 0.0001 5e-06 5e-06 0 0.05 0.0001 5e-06 5e-06 0 0.05 5e-06 0.05 5e-06 0.05 5e-06 0.05 5e-06 0.05 5e-06 0.05 5e-06 0.05 5e-06 0.05 5e-06 0.05 5e-06 0.05 5e-06 1e-06 1e-06 1e-06 0 5e-06 0.005005 0.005 0.055 0.005005 5e-06 5e-06 5e-06 0 0.05 5e-06 0.05 5e-06 0.05 5e-06 0.05 5e-06 0.05 5e-06 0.05 5e-06 0 0 0.005 0.005 0 0.075 0.005 0 5e-06 5e-06 5e-06 0 0.05 5e-06 0.05 5e-06 0.05 5e-06 0.05 5e-06 0.05 5e-06 1e-06 1e-06 1e-06 0 5e-06 0.005005 0.005 0.055 0.005005 5e-06 5e-06 5e-06 0 0.05 5e-06 0.05 5e-06 0.05 5e-06 0.05 5e-06 0 0 0.005 0.005 0 0.075 0.005 0 5e-06 5e-06 5e-06 0 0.05 5e-06 0.05 5e-06 0.05 5e-06 0.05 5e-06 0.05 5e-06 0.05 5e-06 0.05 5e-06 1e-06 1e-06 1e-06 0 5e-06 0.005005 0.005 0.055 0.005005 5e-06 5e-06 5e-06 0 0.05 5e-06 0.05 0.0001 5e-06 5e-06 0 0 0.005 0 0.075 0.005 0 5e-06 5e-06 5e-06 0 0.05 5e-06 0.05 5e-06 0.05 5e-06 0.05 5e-06 0.05 5e-06 0.05 5e-06 0.05 5e-06 0.05 5e-06 0.05 5e-06 1e-06 1e-06 1e-06 0 5e-06 0.005005 0.005 0.055 0.005005 5e-06 5e-06 5e-06 0 0.05 5e-06 0.05 5e-06 0.05 5e-06 0.05 5e-06 0 0 0.005 0.005 0 0.075 0.005 0 5e-06 5e-06 5e-06 0 0.05 5e-06 0.05 5e-06 0.05 5e-06 1e-06 1e-06 1e-06 0 5e-06 0.005005 0.005 0.055 0.005005 5e-06 5e-06 5e-06 0 0.05 5e-06 0.05 0.0001 5e-06 5e-06 0 0.05 0.0001 5e-06 5e-06 0 0.05 5e-06 0.05 5e-06 0.05 5e-06 0.05 5e-06 0 0 0.005 0.005 0 0.075 0.005 0 5e-06 5e-06 5e-06 0 0.05 5e-06 0 0 0.005 0.005 0 0.075 0.005 0 5e-06 5e-06 5e-06 0 0.05 5e-06 0.05 5e-06 0.05 5e-06 1e-06 1e-06 1e-06 0 5e-06 0.005005 0.005 0.055 0.005005 5e-06 5e-06 5e-06 0 0.05 0.0001 5e-06 5e-06 0 0.05 5e-06 0.05 5e-06 0.05 5e-06 0.05 5e-06 0.05 5e-06 0.05 5e-06 0.05 5e-06 0 0 0.005 0.005 0 0.075 0.005 0 5e-06 5e-06 5e-06 0 0.05 5e-06 0.05 5e-06 0.05 5e-06 1e-06 1e-06 1e-06 0 5e-06 0.005005 0.005 0.055 0.005005 5e-06 5e-06 5e-06 0 0.05 5e-06 0.05 0.0001 5e-06 5e-06 0 0.05 5e-06 0.05 5e-06 0.05 5e-06 0.05 5e-06 0.05 5e-06 0.05 5e-06 0 0 0.005 0.005 0 0.075 0.005 0 5e-06 5e-06 5e-06 0 0.05 5e-06 0.05 5e-06 0.05 5e-06 1e-06 1e-06 1e-06"
EnergyEfficient-0-20260924-21:26:07-1611,attr,Ieee802154Showcase.sensor4.wlan[0].radio.energyConsumer,powerConsumption:vector,interpolationmode,sample-hold,,
EnergyEfficient-0-20260924-21:26:07-1611,attr,Ieee802154Showcase.sensor4.wlan[0].radio.energyConsumer,powerConsumption:vector,recordingmode,vector,,
EnergyEfficient-0-20260924-21:26:07-1611,attr,Ieee802154Showcase.sensor4.wlan[0].radio.energyConsumer,powerConsumption:vector,source,powerConsumptionChanged,,
EnergyEfficient-0-20260924-21:26:07-1611,attr,Ieee802154Showcase.sensor4.wlan[0].radio.energyConsumer,powerConsumption:vector,title,Power consumption,,
EnergyEfficient-0-20260924-21:26:07-1611,attr,Ieee802154Showcase.sensor4.wlan[0].radio.energyConsumer,powerConsumption:vector,unit,W,,
EnergyEfficient-0-20260924-21:26:07-1611,vector,Ieee802154Showcase.sensor5.wlan[0].radio.energyConsumer,powerConsumption:vector,,,"0 0 0 0 0.000193017729 0.000193017729 0.000801017729 0.05927301075 0.06096901075 0.061161020348 0.061513020348 0.123681017729 0.123681017729 0.123681017729 0.982841017729 0.982841017729 0.982841017729 0.983233017729 0.983233017729 0.983841017729 0.983841017729 0.983841017729 0.983841017729 0.983969017729 0.983969017729 0.983969017729 0.984161017729 0.984161017729 0.985857017729 0.985857017729 0.985857017729 0.985857017729 0.985857017729 0.986049053187 0.986049053187 0.986401053187 0.987905051509 0.987905051509 0.98876904443 0.98876904443 0.99046504443 0.990657046131 0.991009046131 0.992433051509 0.994129051509 0.994321068535 0.994673068535 1.000097061738 1.001793061738 1.001985062481 1.002337062481 1.05927301075 1.06096901075 1.061161020348 1.061513020348 1.106721017729 1.106721017729 1.106721017729 1.965881017729 1.965881017729 1.965881017729 1.966273017729 1.966273017729 1.966881017729 1.966881017729 1.966881017729 1.966881017729 1.967201017729 1.967201017729 1.968897017729 1.969089069597 1.969441069597 1.97052904443 1.97222504443 1.972417046131 1.972769046131 1.973089061738 1.974785061738 1.974977062481 1.975329062481 1.975905017729 1.975905017729 1.975905017729 1.975905017729 1.976097017729 1.976097017729 1.977793017729 1.977793017729 1.977793017729 1.977793017729 1.977793017729 1.977985053187 1.977985053187 1.978337053187 1.980065051509 1.981761051509 1.981953068535 1.982305068535 2.05703301075 2.05872901075 2.058921020348 2.059273020348 2.089761017729 2.089761017729 2.089761017729 2.948921017729 2.948921017729 2.948921017729 2.949313017729 2.949313017729 2.949921017729 2.949921017729 2.949921017729 2.949921017729 2.950881017729 2.950881017729 2.952577017729 2.952769021041 2.953121021041 2.953505017729 2.953505017729 2.953505017729 2.953505017729 2.953697017729 2.953697017729 2.955393017729 2.955393017729 2.955393017729 2.955393017729 2.955393017729 2.95644904443 2.95644904443 2.95814504443 2.958145061738 2.958145061738 2.958337046131 2.958337046131 2.958689046131 2.960081051509 2.960081051509 2.960177017729 2.960177017729 2.960177017729 2.960369017729 2.960369017729 2.962065017729 2.962065017729 2.962065017729 2.962065017729 2.962065017729 2.962257053187 2.962257053187 2.962609053187 2.963009051509 2.964705051509 2.964897068535 2.965249068535 2.970609061738 2.972305061738 2.972497062481 2.972849062481 3.05799301075 3.05968901075 3.059881020348 3.060233020348 3.072801017729 3.072801017729 3.072801017729 3.931961017729 3.931961017729 3.931961017729 3.932353017729 3.932353017729 3.932961017729 3.932961017729 3.932961017729 3.932961017729 3.933281061738 3.933281061738 3.934977061738 3.935169062481 3.935521062481 3.937569051509 3.939265051509 3.939457068535 3.939809068535 3.94281704443 3.94451304443 3.944705046131 3.945057046131 3.946337046131 3.948033046131 3.948225089718 3.948577089718 3.956321017729 3.956321017729 3.956321017729 3.956321017729 3.956513017729 3.956513017729 3.958209017729 3.958209017729 3.958209017729 3.958209017729 3.958209017729 3.958401053187 3.958401053187 3.958753053187 4.055841017729 4.055841017729 4.055841017729 4.915001017729 4.915001017729 4.915001017729 4.915393017729 4.915393017729 4.916001017729 4.916001017729 4.916001017729 4.916001017729 4.916641017729 4.916641017729 4.918337017729 4.918337051509 4.918337051509 4.918529080961 4.918529080961 4.918881080961 4.919217051509 4.920913051509 4.921105068535 4.921457068535 4.921889061738 4.923585061738 4.923777062481 4.924129062481 4.92457704443 4.92627304443 4.926465046131 4.926817046131 4.927073017729 4.927073017729 4.927073017729 4.927073017729 4.927265017729 4.927265017729 4.928961017729 4.928961017729 4.928961017729 4.928961017729 4.928961017729 4.928961061917 4.929153053187 4.929153053187 4.929505053187 4.931441061917 4.933137061917 4.933329071515 4.933681071515 5.038881017729 5.038881017729 5.038881017729 5.898041017729 5.898041017729 5.898041017729 5.898433017729 5.898433017729 5.899041017729 5.899041017729 5.899041017729 5.899041017729 5.899169017729 5.899169017729 5.899169017729 5.899361017729 5.899361017729 5.901057017729 5.901057017729 5.901057017729 5.901057017729 5.901057017729 5.901057061917 5.901601051509 5.901601051509 5.903297051509 5.903489068535 5.903841068535 5.905345061738 5.905345061738 5.906081068535 5.906081068535 5.907777068535 5.90792104443 5.90792104443 5.908657068535 5.908657068535 5.910353068535 5.91049704443 5.91049704443 5.910833061738 5.910833061738 5.912529061738 5.912721062481 5.913073062481 5.913393061917 5.915089061917 5.915281071515 5.915633071515 5.916529017729 5.916529017729 5.916529017729 5.916529017729 5.916721017729 5.916721017729 5.918417017729 5.918417017729 5.918417017729 5.918417017729 5.918417017729 5.91844904443 5.920753071515 5.920753071515 5.922449071515 5.922641134747 5.922993134747 5.923393017729 5.923393017729 5.923393017729 5.923393017729 5.923585017729 5.923585017729 5.925281017729 5.925281017729 5.925281017729 5.925281017729 5.925281017729 5.925473053187 5.925473053187 5.925825053187 6.021921017729 6.021921017729 6.021921017729 6.881081017729 6.881081017729 6.881081017729 6.881473017729 6.881473017729 6.882081017729 6.882081017729 6.882081017729 6.882081017729 6.882849017729 6.882849017729 6.882849017729 6.883041017729 6.883041017729 6.884737017729 6.884737017729 6.884737017729 6.884737017729 6.884737017729 6.884929053187 6.884929053187 6.885281053187 6.885601053187 6.887297053187 6.887489073995 6.887841073995 6.88905704443 6.89075304443 6.890945046131 6.891297046131 6.893025051509 6.894721051509 6.894913068535 6.895265068535 6.897825061738 6.899521061738 6.899713062481 6.900065062481 6.901569061917 6.901569061917 6.902449061917 6.902449061917 6.904145061917 6.904337071515 6.904689071515 7.004961017729 7.004961017729 7.004961017729 7.864121017729 7.864121017729 7.864121017729 7.864513017729 7.864513017729 7.865121017729 7.865121017729 7.865121017729 7.865121017729 7.866401017729 7.866401017729 7.868097017729 7.868097061917 7.868097061917 7.868289080961 7.868289080961 7.868641080961 7.869409061738 7.871105061738 7.871297062481 7.871649062481 7.87315304443 7.87315304443 7.873633017729 7.873633017729 7.873633017729 7.873825017729 7.873825017729 7.875521017729 7.875521017729 7.875521017729 7.875521017729 7.875521017729 7.875713051509 7.875713053187 7.875713053187 7.876065053187 7.87736104443 7.87905704443 7.879249046131 7.879601046131 7.880433061917 7.882129061917 7.882321071515 7.882673071515 7.889649051509 7.891345051509 7.891537068535 7.891889068535 7.988001017729 7.988001017729 7.988001017729 8.847161017729 8.847161017729 8.847161017729 8.847553017729 8.847553017729 8.848161017729 8.848161017729 8.848161017729 8.848161017729 8.84848104443 8.84848104443 8.85017704443 8.850177061738 8.850177061917 8.850369046131 8.850369046131 8.850721046131 8.852337061917 8.854033061917 8.854225071515 8.854577071515 8.855537071515 8.857233071515 8.857425092323 8.857777092323 8.858273017729 8.858273017729 8.858273017729 8.858273017729 8.858465017729 8.858465017729 8.860161017729 8.860161017729 8.860161017729 8.860161017729 8.860161017729 8.860353053187 8.860353053187 8.860705053187 8.861665051509 8.863361051509 8.863553068535 8.863905068535 8.869489061738 8.871185061738 8.871377062481 8.871729062481 8.971041017729 8.971041017729 8.971041017729 9.830201017729 9.830201017729 9.830201017729 9.830593017729 9.830593017729 9.831201017729 9.831201017729 9.831201017729 9.831201017729 9.832481061917 9.832481061917 9.834177061917 9.834369071515 9.834721071515 9.836065017729 9.836065017729 9.836065017729 9.836065017729 9.836257017729 9.836257017729 9.837953017729 9.837953017729 9.837953017729 9.837953017729 9.837953017729 9.838145053187 9.838145053187 9.838497053187 9.842337053187 9.844033053187 9.844225096774 9.844577096774 9.844905770196 9.846601770196 9.846793787222 9.847145787222 9.84745704443 9.84915304443 9.849345046131 9.849697046131 9.853779776619 9.855475776619 9.855667777362 9.856019777362 9.954081017729 9.954081017729 9.954081017729 10.813241017729 10.813241017729 10.813241017729 10.813633017729 10.813633017729 10.814241017729 10.814241017729 10.814241017729 10.814241017729 10.814561017729 10.814561017729 10.816257017729 10.816449042588 10.816801042588 10.818337017729 10.818337017729 10.818337017729 10.818337017729 10.818529017729 10.818529017729 10.820225017729 10.820225017729 10.820225017729 10.820225017729 10.820225017729 10.820417053187 10.820417053187 10.820769053187 10.82441704443 10.82611304443 10.826305046131 10.826657046131 10.836193061917 10.837889061917 10.838081071515 10.838433071515 10.845225770196 10.846921770196 10.847113787222 10.847465787222 10.849491776619 10.851187776619 10.851379777362 10.851731777362 10.937121017729 10.937121017729 10.937121017729 11.796281017729 11.796281017729 11.796281017729 11.796673017729 11.796673017729 11.797281017729 11.797281017729 11.797281017729 11.797281017729 11.797409017729 11.797409017729 11.797409017729 11.797601017729 11.797601017729 11.799297017729 11.799297017729 11.799297017729 11.799297017729 11.799297017729 11.79929704443 11.799489046131 11.799489046131 11.799841046131 11.801585017729 11.801585017729 11.801585017729 11.801585017729 11.801777017729 11.801777017729 11.803473017729 11.803473017729 11.803473017729 11.803473017729 11.803473017729 11.803665053187 11.803665053187 11.804017053187 11.810657061917 11.812353061917 11.812545071515 11.812897071515 11.820577071515 11.822273071515 11.822465123383 11.822817123383 11.845545770196 11.847241770196 11.847433787222 11.847785787222 11.848851776619 11.850547776619 11.850739777362 11.851091777362 11.920161017729 11.920161017729 11.920161017729 12.779321017729 12.779321017729 12.779321017729 12.779713017729 12.779713017729 12.780321017729 12.780321017729 12.780321017729 12.780321017729 12.781281061917 12.781281061917 12.782977061917 12.783169071515 12.783521071515 12.78502504443 12.78502504443 12.78686504443 12.78686504443 12.78856104443 12.788737071515 12.788737071515 12.789937071515 12.789937071515 12.791633071515 12.791825092323 12.792177092323 12.79244904443 12.79414504443 12.794337046131 12.794689046131 12.799393017729 12.799393017729 12.799393017729 12.799393017729 12.799585017729 12.799585017729 12.801281017729 12.801281017729 12.801281017729 12.801281017729 12.801281017729 12.801473053187 12.801473053187 12.801825053187 12.844905770196 12.846601770196 12.846793787222 12.847145787222 12.849171776619 12.850867776619 12.851059777362 12.851411777362 12.903201017729 12.903201017729 12.903201017729 13.762361017729 13.762361017729 13.762361017729 13.762753017729 13.762753017729 13.763361017729 13.763361017729 13.763361017729 13.763361017729 13.764321017729 13.764321017729 13.766017017729 13.766209080961 13.766561080961 13.768097017729 13.768097017729 13.768097017729 13.768097017729 13.768289017729 13.768289017729 13.769985017729 13.769985017729 13.769985017729 13.769985017729 13.769985017729 13.770177053187 13.770177053187 13.770529053187 13.77110504443 13.77280104443 13.772993046131 13.773345046131 13.780193061917 13.781889061917 13.782081071515 13.782433071515 13.846505770196 13.848201770196 13.848393787222 13.848745787222 13.850899776619 13.852595776619 13.852787777362 13.853139777362 13.886241017729 13.886241017729 13.886241017729 14.745401017729 14.745401017729 14.745401017729 14.745793017729 14.745793017729 14.746401017729 14.746401017729 14.746401017729 14.746401017729 14.74704104443 14.74704104443 14.74873704443 14.748929046131 14.749281046131 14.749857017729 14.749857017729 14.749857017729 14.749857017729 14.750049017729 14.750049017729 14.751745017729 14.751745017729 14.751745017729 14.751745017729 14.751745017729 14.751937053187 14.751937053187 14.752289053187 14.753057061917 14.754753061917 14.754945071515 14.755297071515 14.757857071515 14.759553071515 14.759745134747 14.760097134747 14.844585770196 14.846281770196 14.846473787222 14.846825787222 14.847571776619 14.849267776619 14.849459777362 14.849811777362 14.869281017729 14.869281017729 14.869281017729 15.728441017729 15.728441017729 15.728441017729 15.728833017729 15.728833017729 15.729441017729 15.729441017729 15.729441017729 15.729441017729 15.73008104443 15.73008104443 15.73177704443 15.731809017729 15.731809017729 15.731809017729 15.731809017729 15.732001017729 15.732001017729 15.733697017729 15.733697017729 15.733697017729 15.733697017729 15.733697017729 15.734049061917 15.734049061917 15.735745061917 15.735937071515 15.736289071515 15.741089071515 15.742785071515 15.742977096374 15.743329096374 15.743601017729 15.743601017729 15.743601017729 15.743601017729 15.743793017729 15.743793017729 15.745489017729 15.745489017729 15.745489017729 15.745489017729 15.745489017729 15.745681053187 15.745681053187 15.746033053187 15.844905770196 15.846601770196 15.846793787222 15.847145787222 15.847891776619 15.849587776619 15.849779777362 15.850131777362 15.852321017729 15.852321017729 15.852321017729 16.711481017729 16.711481017729 16.711481017729 16.711873017729 16.711873017729 16.712481017729 16.712481017729 16.712481017729 16.712481017729 16.71312104443 16.71312104443 16.71481704443 16.715009046131 16.715361046131 16.715937017729 16.715937017729 16.715937017729 16.715937017729 16.716129017729 16.716129017729 16.717825017729 16.717825017729 16.717825017729 16.717825017729 16.717825017729 16.718017053187 16.718017053187 16.718369053187 16.718817061917 16.720513061917 16.720705071515 16.721057071515 16.724257071515 16.725953071515 16.726145096374 16.726497096374 16.835361017729 16.835361017729 16.835361017729 17.694521017729 17.694521017729 17.694521017729 17.694913017729 17.694913017729 17.695521017729 17.695521017729 17.695521017729 17.695521017729 17.695649017729 17.695649017729 17.695649017729 17.695841017729 17.695841017729 17.697537017729 17.697537017729 17.697537017729 17.697537017729 17.697537017729 17.697729053187 17.697729053187 17.698081053187 17.699457051509 17.699457051509 17.701601053187 17.701601053187 17.703297053187 17.703313051509 17.703313051509 17.704513051509 17.704513051509 17.706209051509 17.706401068535 17.706753068535 17.707233061738 17.708929061738 17.709121062481 17.709473062481 17.70972904443 17.71142504443 17.711489061917 17.711489061917 17.711617046131 17.711617046131 17.711969046131 17.713329061917 17.715025061917 17.715217071515 17.715569071515 17.717809071515 17.719505071515 17.719697092323 17.720049092323 17.818401017729 17.818401017729 17.818401017729 18.677561017729 18.677561017729 18.677561017729 18.677953017729 18.677953017729 18.678561017729 18.678561017729 18.678561017729 18.678561017729 18.678881051509 18.678881051509 18.680577051509 18.680577061738 18.680577061738 18.680769062481 18.680769062481 18.681121062481 18.68188904443 18.68358504443 18.683777046131 18.684129046131 18.685409046131 18.687105046131 18.687297066939 18.687649066939 18.688113051509 18.689809051509 18.690001068535 18.690353068535 18.691425061917 18.693121061917 18.693313071515 18.693665071515 18.693921017729 18.693921017729 18.693921017729 18.693921017729 18.694113017729 18.694113017729 18.695809017729 18.695809017729 18.695809017729 18.695809017729 18.695809017729 18.696001053187 18.696001053187 18.696353053187 18.801441017729 18.801441017729 18.801441017729 19.660601017729 19.660601017729 19.660601017729 19.660993017729 19.660993017729 19.661601017729 19.661601017729 19.661601017729 19.661601017729 19.66224104443 19.66224104443 19.66393704443 19.664129046131 19.664481046131 19.665857061738 19.665857061738 19.666209051509 19.666209051509 19.667905051509 19.668097068535 19.668449068535 19.668977061738 19.670673061738 19.670865062481 19.671217062481 19.671537062481 19.673233062481 19.673425077175 19.673777077175 19.675617061917 19.677313061917 19.677505071515 19.677857071515 19.679201017729 19.679201017729 19.679201017729 19.679201017729 19.679393017729 19.679393017729 19.681089017729 19.681089017729 19.681089017729 19.681089017729 19.681089017729 19.681281053187 19.681281053187 19.681633053187 19.784481017729 19.784481017729 19.784481017729","0 0 0 5e-06 0 0.05 5e-06 0.05 5e-06 0.05 5e-06 1e-06 1e-06 1e-06 0 5e-06 0.005005 0.005 0.055 0.005005 5e-06 5e-06 5e-06 0 0 0.005 0 0.075 0.005 0 5e-06 5e-06 5e-06 0 0.05 0.0001 5e-06 5e-06 0 0.05 5e-06 0.05 5e-06 0.05 5e-06 0.05 5e-06 0.05 5e-06 0.05 5e-06 0.05 5e-06 0.05 5e-06 1e-06 1e-06 1e-06 0 5e-06 0.005005 0.005 0.055 0.005005 5e-06 5e-06 5e-06 0 0.05 5e-06 0.05 5e-06 0.05 5e-06 0.05 5e-06 0.05 5e-06 0.05 5e-06 0 0 0.005 0.005 0 0.075 0.005 0 5e-06 5e-06 5e-06 0 0.05 5e-06 0.05 5e-06 0.05 5e-06 0.05 5e-06 0.05 5e-06 1e-06 1e-06 1e-06 0 5e-06 0.005005 0.005 0.055 0.005005 5e-06 5e-06 5e-06 0 0.05 5e-06 0.05 5e-06 0 0 0.005 0.005 0 0.075 0.005 0 5e-06 5e-06 5e-06 0 0.05 0.0001 5e-06 5e-06 0 0.05 0.0001 5e-06 5e-06 0 0 0.005 0 0.075 0.005 0 5e-06 5e-06 5e-06 0 0.05 5e-06 0.05 5e-06 0.05 5e-06 0.05 5e-06 0.05 5e-06 0.05 5e-06 0.05 5e-06 1e-06 1e-06 1e-06 0 5e-06 0.005005 0.005 0.055 0.005005 5e-06 5e-06 5e-06 0 0.05 5e-06 0.05 5e-06 0.05 5e-06 0.05 5e-06 0.05 5e-06 0.05 5e-06 0.05 5e-06 0.05 5e-06 0 0 0.005 0.005 0 0.075 0.005 0 5e-06 5e-06 5e-06 0 0.05 5e-06 1e-06 1e-06 1e-06 0 5e-06 0.005005 0.005 0.055 0.005005 5e-06 5e-06 5e-06 0 0.05 0.0001 5e-06 5e-06 0 0.05 5e-06 0.05 5e-06 0.05 5e-06 0.05 5e-06 0.05 5e-06 0.05 5e-06 0.05 5e-06 0 0 0.005 0.005 0 0.075 0.005 0 0.0001 0.0001 0.0001 5e-06 0 0.05 5e-06 0.05 5e-06 0.05 5e-06 1e-06 1e-06 1e-06 0 5e-06 0.005005 0.005 0.055 0.005005 5e-06 5e-06 5e-06 0 0 0.005 0 0.075 0.005 0 0.0001 0.0001 0.0001 5e-06 0 0.05 5e-06 0.05 0.0001 5e-06 5e-06 0 0.05 0.0001 5e-06 5e-06 0 0.05 0.0001 5e-06 5e-06 0 0.05 5e-06 0.05 5e-06 0.05 5e-06 0.05 5e-06 0 0 0.005 0.005 0 0.075 0.005 0 0.0001 0.0001 0.0001 5e-06 0 0.05 5e-06 0.05 5e-06 0 0 0.005 0.005 0 0.075 0.005 0 5e-06 5e-06 5e-06 0 0.05 5e-06 1e-06 1e-06 1e-06 0 5e-06 0.005005 0.005 0.055 0.005005 5e-06 5e-06 5e-06 0 0 0.005 0 0.075 0.005 0 5e-06 5e-06 5e-06 0 0.05 5e-06 0.05 5e-06 0.05 5e-06 0.05 5e-06 0.05 5e-06 0.05 5e-06 0.05 5e-06 0.05 5e-06 0.05 0.0001 5e-06 5e-06 0 0.05 5e-06 0.05 5e-06 1e-06 1e-06 1e-06 0 5e-06 0.005005 0.005 0.055 0.005005 5e-06 5e-06 5e-06 0 0.05 0.0001 5e-06 5e-06 0 0.05 5e-06 0.05 5e-06 0.05 0.0001 5e-06 5e-06 0 0 0.005 0 0.075 0.005 0 0.0001 0.0001 0.0001 5e-06 0 0.05 5e-06 0.05 5e-06 0.05 5e-06 0.05 5e-06 0.05 5e-06 0.05 5e-06 0.05 5e-06 1e-06 1e-06 1e-06 0 5e-06 0.005005 0.005 0.055 0.005005 5e-06 5e-06 5e-06 0 0.05 0.0001 0.0001 5e-06 0 0.05 5e-06 0.05 5e-06 0.05 5e-06 0.05 5e-06 0.05 5e-06 0 0 0.005 0.005 0 0.075 0.005 0 5e-06 5e-06 5e-06 0 0.05 5e-06 0.05 5e-06 0.05 5e-06 0.05 5e-06 0.05 5e-06 1e-06 1e-06 1e-06 0 5e-06 0.005005 0.005 0.055 0.005005 5e-06 5e-06 5e-06 0 0.05 5e-06 0.05 5e-06 0 0 0.005 0.005 0 0.075 0.005 0 5e-06 5e-06 5e-06 0 0.05 5e-06 0.05 5e-06 0.05 5e-06 0.05 5e-06 0.05 5e-06 0.05 5e-06 0.05 5e-06 0.05 5e-06 0.05 5e-06 1e-06 1e-06 1e-06 0 5e-06 0.005005 0.005 0.055 0.005005 5e-06 5e-06 5e-06 0 0.05 5e-06 0.05 5e-06 0 0 0.005 0.005 0 0.075 0.005 0 5e-06 5e-06 5e-06 0 0.05 5e-06 0.05 5e-06 0.05 5e-06 0.05 5e-06 0.05 5e-06 0.05 5e-06 0.05 5e-06 0.05 5e-06 0.05 5e-06 1e-06 1e-06 1e-06 0 5e-06 0.005005 0.005 0.055 0.005005 5e-06 5e-06 5e-06 0 0 0.005 0 0.075 0.005 0 0.0001 0.0001 0.0001 5e-06 0 0.05 5e-06 0 0 0.005 0.005 0 0.075 0.005 0 5e-06 5e-06 5e-06 0 0.05 5e-06 0.05 5e-06 0.05 5e-06 0.05 5e-06 0.05 5e-06 0.05 5e-06 0.05 5e-06 0.05 5e-06 0.05 5e-06 1e-06 1e-06 1e-06 0 5e-06 0.005005 0.005 0.055 0.005005 5e-06 5e-06 5e-06 0 0.05 5e-06 0.05 0.0001 5e-06 5e-06 0 0.05 0.0001 5e-06 5e-06 0 0.05 5e-06 0.05 5e-06 0.05 5e-06 0.05 5e-06 0 0 0.005 0.005 0 0.075 0.005 0 5e-06 5e-06 5e-06 0 0.05 5e-06 0.05 5e-06 0.05 5e-06 0.05 5e-06 0.05 5e-06 1e-06 1e-06 1e-06 0 5e-06 0.005005 0.005 0.055 0.005005 5e-06 5e-06 5e-06 0 0.05 5e-06 0.05 5e-06 0 0 0.005 0.005 0 0.075 0.005 0 5e-06 5e-06 5e-06 0 0.05 5e-06 0.05 5e-06 0.05 5e-06 0.05 5e-06 0.05 5e-06 0.05 5e-06 0.05 5e-06 0.05 5e-06 0.05 5e-06 1e-06 1e-06 1e-06 0 5e-06 0.005005 0.005 0.055 0.005005 5e-06 5e-06 5e-06 0 0.05 5e-06 0.05 5e-06 0 0 0.005 0.005 0 0.075 0.005 0 5e-06 5e-06 5e-06 0 0.05 5e-06 0.05 5e-06 0.05 5e-06 0.05 5e-06 0.05 5e-06 0.05 5e-06 0.05 5e-06 0.05 5e-06 0.05 5e-06 1e-06 1e-06 1e-06 0 5e-06 0.005005 0.005 0.055 0.005005 5e-06 5e-06 5e-06 0 0.05 5e-06 0 0 0.005 0.005 0 0.075 0.005 0 5e-06 5e-06 5e-06 0 0.05 5e-06 0.05 5e-06 0.05 5e-06 0.05 5e-06 0 0 0.005 0.005 0 0.075 0.005 0 5e-06 5e-06 5e-06 0 0.05 5e-06 0.05 5e-06 0.05 5e-06 0.05 5e-06 0.05 5e-06 1e-06 1e-06 1e-06 0 5e-06 0.005005 0.005 0.055 0.005005 5e-06 5e-06 5e-06 0 0.05 5e-06 0.05 5e-06 0 0 0.005 0.005 0 0.075 0.005 0 5e-06 5e-06 5e-06 0 0.05 5e-06 0.05 5e-06 0.05 5e-06 0.05 5e-06 0.05 5e-06 1e-06 1e-06 1e-06 0 5e-06 0.005005 0.005 0.055 0.005005 5e-06 5e-06 5e-06 0 0 0.005 0 0.075 0.005 0 5e-06 5e-06 5e-06 0 0.05 0.0001 5e-06 5e-06 0 0.05 0.0001 5e-06 5e-06 0 0.05 5e-06 0.05 5e-06 0.05 5e-06 0.05 5e-06 0.05 0.0001 5e-06 5e-06 0 0.05 5e-06 0.05 5e-06 0.05 5e-06 0.05 5e-06 0.05 5e-06 1e-06 1e-06 1e-06 0 5e-06 0.005005 0.005 0.055 0.005005 5e-06 5e-06 5e-06 0 0.05 0.0001 5e-06 5e-06 0 0.05 5e-06 0.05 5e-06 0.05 5e-06 0.05 5e-06 0.05 5e-06 0.05 5e-06 0.05 5e-06 0.05 5e-06 0.05 5e-06 0 0 0.005 0.005 0 0.075 0.005 0 5e-06 5e-06 5e-06 0 0.05 5e-06 1e-06 1e-06 1e-06 0 5e-06 0.005005 0.005 0.055 0.005005 5e-06 5e-06 5e-06 0 0.05 5e-06 0.05 0.0001 5e-06 5e-06 0 0.05 5e-06 0.05 5e-06 0.05 5e-06 0.05 5e-06 0.05 5e-06 0.05 5e-06 0.05 5e-06 0.05 5e-06 0 0 0.005 0.005 0 0.075 0.005 0 5e-06 5e-06 5e-06 0 0.05 5e-06 1e-06 1e-06 1e-06"
EnergyEfficient-0-20260924-21:26:07-1611,attr,Ieee802154Showcase.sensor5.wlan[0].radio.energyConsumer,powerConsumption:vector,interpolationmode,sample-hold,,
EnergyEfficient-0-20260924-21:26:07-1611,attr,Ieee802154Showcase.sensor5.wlan[0].radio.energyConsumer,powerConsumption:vector,recordingmode,vector,,
EnergyEfficient-0-20260924-21:26:07-1611,attr,Ieee802154Showcase.sensor5.wlan[0].radio.energyConsumer,powerConsumption:vector,source,powerConsumptionChanged,,
EnergyEfficient-0-20260924-21:26:07-1611,attr,Ieee802154Showcase.sensor5.wlan[0].radio.energyConsumer,powerConsumption:vector,title,Power consumption,,
EnergyEfficient-0-20260924-21:26:07-1611,attr,Ieee802154Showcase.sensor5.wlan[0].radio.energyConsumer,powerConsumption:vector,unit,W,,
