run,type,module,name,attrname,attrvalue,value
EnergyEfficient-0-20260924-21:41:21-1662,runattr,,,configname,EnergyEfficient,
EnergyEfficient-0-20260924-21:41:21-1662,runattr,,,datetime,20260924-21:41:21,
EnergyEfficient-0-20260924-21:41:21-1662,runattr,,,datetimef,20260924-214121,
EnergyEfficient-0-20260924-21:41:21-1662,runattr,,,experiment,EnergyEfficient,
EnergyEfficient-0-20260924-21:41:21-1662,runattr,,,inifile,omnetpp.ini,
EnergyEfficient-0-20260924-21:41:21-1662,runattr,,,iterationvars,,
EnergyEfficient-0-20260924-21:41:21-1662,runattr,,,iterationvarsd,,
EnergyEfficient-0-20260924-21:41:21-1662,runattr,,,iterationvarsf,,
EnergyEfficient-0-20260924-21:41:21-1662,runattr,,,measurement,,
EnergyEfficient-0-20260924-21:41:21-1662,runattr,,,network,Ieee802154Showcase,
EnergyEfficient-0-20260924-21:41:21-1662,runattr,,,processid,1662,
EnergyEfficient-0-20260924-21:41:21-1662,runattr,,,repetition,0,
EnergyEfficient-0-20260924-21:41:21-1662,runattr,,,replication,#0,
EnergyEfficient-0-20260924-21:41:21-1662,runattr,,,resultdir,results,
EnergyEfficient-0-20260924-21:41:21-1662,runattr,,,runnumber,0,
EnergyEfficient-0-20260924-21:41:21-1662,runattr,,,seedset,0,
EnergyEfficient-0-20260924-21:41:21-1662,config,,,extends,Ieee802154Power,
EnergyEfficient-0-20260924-21:41:21-1662,config,,,sim-time-limit,100s,
EnergyEfficient-0-20260924-21:41:21-1662,config,,,repeat,10,
EnergyEfficient-0-20260924-21:41:21-1662,config,,,**.wlan[*].typename,EnergyEfficientIeee802154Interface,
EnergyEfficient-0-20260924-21:41:21-1662,config,,,**.wlan[*].mac.beaconOrder,6,
EnergyEfficient-0-20260924-21:41:21-1662,config,,,**.wlan[*].mac.superframeOrder,2,
EnergyEfficient-0-20260924-21:41:21-1662,config,,,*.controller.wlan[*].mac.coordinator,true,
EnergyEfficient-0-20260924-21:41:21-1662,config,,,*.sensor*.wlan[*].mac.coordinator,false,
EnergyEfficient-0-20260924-21:41:21-1662,config,,,*.lamp*.wlan[*].mac.coordinator,false,
EnergyEfficient-0-20260924-21:41:21-1662,config,,,extends,Ieee802154,
EnergyEfficient-0-20260924-21:41:21-1662,config,,,sim-time-limit,100s,
EnergyEfficient-0-20260924-21:41:21-1662,config,,,repeat,10,
EnergyEfficient-0-20260924-21:41:21-1662,config,,,**.energyStorage.residualEnergyCapacity.result-recording-modes,+last,
EnergyEfficient-0-20260924-21:41:21-1662,config,,,network,Ieee802154Showcase,
EnergyEfficient-0-20260924-21:41:21-1662,config,,,**.arp.typename,GlobalArp,
EnergyEfficient-0-20260924-21:41:21-1662,config,,,**.netmaskRoutes,"""""",
EnergyEfficient-0-20260924-21:41:21-1662,config,,,*.radioMedium.backgroundNoise.power,-110dBm,
EnergyEfficient-0-20260924-21:41:21-1662,config,,,*.configurator.config,"xmldoc(""startopology.xml"")",
EnergyEfficient-0-20260924-21:41:21-1662,config,,,*.configurator.addStaticRoutes,false,
EnergyEfficient-0-20260924-21:41:21-1662,config,,,*.sensor*.numApps,1,
EnergyEfficient-0-20260924-21:41:21-1662,config,,,*.sensor*.app[*].typename,UdpBasicApp,
EnergyEfficient-0-20260924-21:41:21-1662,config,,,*.sensor*.app[*].destAddresses,"""controller""",
EnergyEfficient-0-20260924-21:41:21-1662,config,,,*.sensor*.app[*].destPort,1000,
EnergyEfficient-0-20260924-21:41:21-1662,config,,,*.sensor*.app[*].sendInterval,1s,
EnergyEfficient-0-20260924-21:41:21-1662,config,,,*.sensor*.app[*].startTime,"uniform(0s,1s)",
EnergyEfficient-0-20260924-21:41:21-1662,config,,,*.sensor*.app[*].messageLength,10Byte,
EnergyEfficient-0-20260924-21:41:21-1662,config,,,*.sensor*.app[*].packetName,"""SensorData""",
EnergyEfficient-0-20260924-21:41:21-1662,config,,,*.controller.numApps,2,
EnergyEfficient-0-20260924-21:41:21-1662,config,,,*.controller.app[0].typename,UdpBasicApp,
EnergyEfficient-0-20260924-21:41:21-1662,config,,,*.controller.app[0].destAddresses,"""lamp1 lamp2 lamp3 lamp4 lamp5 lamp6 lamp7 lamp8""",
EnergyEfficient-0-20260924-21:41:21-1662,config,,,*.controller.app[0].destPort,1000,
EnergyEfficient-0-20260924-21:41:21-1662,config,,,*.controller.app[0].sendInterval,1s,
EnergyEfficient-0-20260924-21:41:21-1662,config,,,*.controller.app[0].startTime,exponential(1s),
EnergyEfficient-0-20260924-21:41:21-1662,config,,,*.controller.app[0].messageLength,10Byte,
EnergyEfficient-0-20260924-21:41:21-1662,config,,,*.controller.app[0].packetName,"""ControlData""",
EnergyEfficient-0-20260924-21:41:21-1662,config,,,*.controller.app[1].typename,UdpSink,
EnergyEfficient-0-20260924-21:41:21-1662,config,,,*.controller.app[1].localPort,1000,
EnergyEfficient-0-20260924-21:41:21-1662,config,,,*.lamp*.numApps,1,
EnergyEfficient-0-20260924-21:41:21-1662,config,,,*.lamp*.app[0].typename,UdpSink,
EnergyEfficient-0-20260924-21:41:21-1662,config,,,*.lamp*.app[0].localPort,1000,
EnergyEfficient-0-20260924-21:41:21-1662,config,,,*.visualizer.routingTableVisualizer[0].displayRoutingTables,false,
EnergyEfficient-0-20260924-21:41:21-1662,config,,,*.visualizer.routingTableVisualizer[0].displayRoutesIndividually,false,
EnergyEfficient-0-20260924-21:41:21-1662,config,,,*.visualizer.routingTableVisualizer[0].lineShift,0,
EnergyEfficient-0-20260924-21:41:21-1662,config,,,*.visualizer.routingTableVisualizer[0].displayLabels,false,
EnergyEfficient-0-20260924-21:41:21-1662,config,,,*.visualizer.interfaceTableVisualizer[0].displayInterfaceTables,false,
EnergyEfficient-0-20260924-21:41:21-1662,config,,,*.visualizer.numDataLinkVisualizers,2,
EnergyEfficient-0-20260924-21:41:21-1662,config,,,*.visualizer.dataLinkVisualizer[*].displayLinks,true,
EnergyEfficient-0-20260924-21:41:21-1662,config,,,*.visualizer.dataLinkVisualizer[0].nodeFilter,"""sensor* or controller""",
EnergyEfficient-0-20260924-21:41:21-1662,config,,,*.visualizer.dataLinkVisualizer[1].*Color,"""blue""",
EnergyEfficient-0-20260924-21:41:21-1662,config,,,*.visualizer.dataLinkVisualizer[1].nodeFilter,"""lamp* or controller""",
EnergyEfficient-0-20260924-21:41:21-1662,config,,,*.visualizer.numStatisticVisualizers,2,
EnergyEfficient-0-20260924-21:41:21-1662,config,,,*.visualizer.statisticVisualizer[*].zIndex,1,
EnergyEfficient-0-20260924-21:41:21-1662,config,,,*.visualizer.statisticVisualizer[0].displayStatistics,true,
EnergyEfficient-0-20260924-21:41:21-1662,config,,,*.visualizer.statisticVisualizer[0].signalName,"""packetSent""",
EnergyEfficient-0-20260924-21:41:21-1662,config,,,*.visualizer.statisticVisualizer[0].statisticExpression,"""count""",
EnergyEfficient-0-20260924-21:41:21-1662,config,,,*.visualizer.statisticVisualizer[0].sourceFilter,"""**.controller.udp OR **.sensor*.udp""",
EnergyEfficient-0-20260924-21:41:21-1662,config,,,*.visualizer.statisticVisualizer[0].format,"""sent: %v pks""",
EnergyEfficient-0-20260924-21:41:21-1662,config,,,*.visualizer.statisticVisualizer[1].displayStatistics,true,
EnergyEfficient-0-20260924-21:41:21-1662,config,,,*.visualizer.statisticVisualizer[1].signalName,"""packetReceived""",
EnergyEfficient-0-20260924-21:41:21-1662,config,,,*.visualizer.statisticVisualizer[1].statisticExpression,"""count""",
EnergyEfficient-0-20260924-21:41:21-1662,config,,,*.visualizer.statisticVisualizer[1].sourceFilter,"""**.controller.udp OR **.lamp*.udp""",
EnergyEfficient-0-20260924-21:41:21-1662,config,,,*.visualizer.statisticVisualizer[1].format,"""rcvd: %v pks""",
EnergyEfficient-1-20260924-21:41:22-1662,runattr,,,configname,EnergyEfficient,
EnergyEfficient-1-20260924-21:41:22-1662,runattr,,,datetime,20260924-21:41:22,
EnergyEfficient-1-20260924-21:41:22-1662,runattr,,,datetimef,20260924-214122,
EnergyEfficient-1-20260924-21:41:22-1662,runattr,,,experiment,EnergyEfficient,
EnergyEfficient-1-20260924-21:41:22-1662,runattr,,,inifile,omnetpp.ini,
EnergyEfficient-1-20260924-21:41:22-1662,runattr,,,iterationvars,,
EnergyEfficient-1-20260924-21:41:22-1662,runattr,,,iterationvarsd,,
EnergyEfficient-1-20260924-21:41:22-1662,runattr,,,iterationvarsf,,
EnergyEfficient-1-20260924-21:41:22-1662,runattr,,,measurement,,
EnergyEfficient-1-20260924-21:41:22-1662,runattr,,,network,Ieee802154Showcase,
EnergyEfficient-1-20260924-21:41:22-1662,runattr,,,processid,1662,
EnergyEfficient-1-20260924-21:41:22-1662,runattr,,,repetition,1,
EnergyEfficient-1-20260924-21:41:22-1662,runattr,,,replication,#1,
EnergyEfficient-1-20260924-21:41:22-1662,runattr,,,resultdir,results,
EnergyEfficient-1-20260924-21:41:22-1662,runattr,,,runnumber,1,
EnergyEfficient-1-20260924-21:41:22-1662,runattr,,,seedset,1,
EnergyEfficient-1-20260924-21:41:22-1662,config,,,extends,Ieee802154Power,
EnergyEfficient-1-20260924-21:41:22-1662,config,,,sim-time-limit,100s,
EnergyEfficient-1-20260924-21:41:22-1662,config,,,repeat,10,
EnergyEfficient-1-20260924-21:41:22-1662,config,,,**.wlan[*].typename,EnergyEfficientIeee802154Interface,
EnergyEfficient-1-20260924-21:41:22-1662,config,,,**.wlan[*].mac.beaconOrder,6,
EnergyEfficient-1-20260924-21:41:22-1662,config,,,**.wlan[*].mac.superframeOrder,2,
EnergyEfficient-1-20260924-21:41:22-1662,config,,,*.controller.wlan[*].mac.coordinator,true,
EnergyEfficient-1-20260924-21:41:22-1662,config,,,*.sensor*.wlan[*].mac.coordinator,false,
EnergyEfficient-1-20260924-21:41:22-1662,config,,,*.lamp*.wlan[*].mac.coordinator,false,
EnergyEfficient-1-20260924-21:41:22-1662,config,,,extends,Ieee802154,
EnergyEfficient-1-20260924-21:41:22-1662,config,,,sim-time-limit,100s,
EnergyEfficient-1-20260924-21:41:22-1662,config,,,repeat,10,
EnergyEfficient-1-20260924-21:41:22-1662,config,,,**.energyStorage.residualEnergyCapacity.result-recording-modes,+last,
EnergyEfficient-1-20260924-21:41:22-1662,config,,,network,Ieee802154Showcase,
EnergyEfficient-1-20260924-21:41:22-1662,config,,,**.arp.typename,GlobalArp,
EnergyEfficient-1-20260924-21:41:22-1662,config,,,**.netmaskRoutes,"""""",
EnergyEfficient-1-20260924-21:41:22-1662,config,,,*.radioMedium.backgroundNoise.power,-110dBm,
EnergyEfficient-1-20260924-21:41:22-1662,config,,,*.configurator.config,"xmldoc(""startopology.xml"")",
EnergyEfficient-1-20260924-21:41:22-1662,config,,,*.configurator.addStaticRoutes,false,
EnergyEfficient-1-20260924-21:41:22-1662,config,,,*.sensor*.numApps,1,
EnergyEfficient-1-20260924-21:41:22-1662,config,,,*.sensor*.app[*].typename,UdpBasicApp,
EnergyEfficient-1-20260924-21:41:22-1662,config,,,*.sensor*.app[*].destAddresses,"""controller""",
EnergyEfficient-1-20260924-21:41:22-1662,config,,,*.sensor*.app[*].destPort,1000,
EnergyEfficient-1-20260924-21:41:22-1662,config,,,*.sensor*.app[*].sendInterval,1s,
EnergyEfficient-1-20260924-21:41:22-1662,config,,,*.sensor*.app[*].startTime,"uniform(0s,1s)",
EnergyEfficient-1-20260924-21:41:22-1662,config,,,*.sensor*.app[*].messageLength,10Byte,
EnergyEfficient-1-20260924-21:41:22-1662,config,,,*.sensor*.app[*].packetName,"""SensorData""",
EnergyEfficient-1-20260924-21:41:22-1662,config,,,*.controller.numApps,2,
EnergyEfficient-1-20260924-21:41:22-1662,config,,,*.controller.app[0].typename,UdpBasicApp,
EnergyEfficient-1-20260924-21:41:22-1662,config,,,*.controller.app[0].destAddresses,"""lamp1 lamp2 lamp3 lamp4 lamp5 lamp6 lamp7 lamp8""",
EnergyEfficient-1-20260924-21:41:22-1662,config,,,*.controller.app[0].destPort,1000,
EnergyEfficient-1-20260924-21:41:22-1662,config,,,*.controller.app[0].sendInterval,1s,
EnergyEfficient-1-20260924-21:41:22-1662,config,,,*.controller.app[0].startTime,exponential(1s),
EnergyEfficient-1-20260924-21:41:22-1662,config,,,*.controller.app[0].messageLength,10Byte,
EnergyEfficient-1-20260924-21:41:22-1662,config,,,*.controller.app[0].packetName,"""ControlData""",
EnergyEfficient-1-20260924-21:41:22-1662,config,,,*.controller.app[1].typename,UdpSink,
EnergyEfficient-1-20260924-21:41:22-1662,config,,,*.controller.app[1].localPort,1000,
EnergyEfficient-1-20260924-21:41:22-1662,config,,,*.lamp*.numApps,1,
EnergyEfficient-1-20260924-21:41:22-1662,config,,,*.lamp*.app[0].typename,UdpSink,
EnergyEfficient-1-20260924-21:41:22-1662,config,,,*.lamp*.app[0].localPort,1000,
EnergyEfficient-1-20260924-21:41:22-1662,config,,,*.visualizer.routingTableVisualizer[0].displayRoutingTables,false,
EnergyEfficient-1-20260924-21:41:22-1662,config,,,*.visualizer.routingTableVisualizer[0].displayRoutesIndividually,false,
EnergyEfficient-1-20260924-21:41:22-1662,config,,,*.visualizer.routingTableVisualizer[0].lineShift,0,
EnergyEfficient-1-20260924-21:41:22-1662,config,,,*.visualizer.routingTableVisualizer[0].displayLabels,false,
EnergyEfficient-1-20260924-21:41:22-1662,config,,,*.visualizer.interfaceTableVisualizer[0].displayInterfaceTables,false,
EnergyEfficient-1-20260924-21:41:22-1662,config,,,*.visualizer.numDataLinkVisualizers,2,
EnergyEfficient-1-20260924-21:41:22-1662,config,,,*.visualizer.dataLinkVisualizer[*].displayLinks,true,
EnergyEfficient-1-20260924-21:41:22-1662,config,,,*.visualizer.dataLinkVisualizer[0].nodeFilter,"""sensor* or controller""",
EnergyEfficient-1-20260924-21:41:22-1662,config,,,*.visualizer.dataLinkVisualizer[1].*Color,"""blue""",
EnergyEfficient-1-20260924-21:41:22-1662,config,,,*.visualizer.dataLinkVisualizer[1].nodeFilter,"""lamp* or controller""",
EnergyEfficient-1-20260924-21:41:22-1662,config,,,*.visualizer.numStatisticVisualizers,2,
EnergyEfficient-1-20260924-21:41:22-1662,config,,,*.visualizer.statisticVisualizer[*].zIndex,1,
EnergyEfficient-1-20260924-21:41:22-1662,config,,,*.visualizer.statisticVisualizer[0].displayStatistics,true,
EnergyEfficient-1-20260924-21:41:22-1662,config,,,*.visualizer.statisticVisualizer[0].signalName,"""packetSent""",
EnergyEfficient-1-20260924-21:41:22-1662,config,,,*.visualizer.statisticVisualizer[0].statisticExpression,"""count""",
EnergyEfficient-1-20260924-21:41:22-1662,config,,,*.visualizer.statisticVisualizer[0].sourceFilter,"""**.controller.udp OR **.sensor*.udp""",
EnergyEfficient-1-20260924-21:41:22-1662,config,,,*.visualizer.statisticVisualizer[0].format,"""sent: %v pks""",
EnergyEfficient-1-20260924-21:41:22-1662,config,,,*.visualizer.statisticVisualizer[1].displayStatistics,true,
EnergyEfficient-1-20260924-21:41:22-1662,config,,,*.visualizer.statisticVisualizer[1].signalName,"""packetReceived""",
EnergyEfficient-1-20260924-21:41:22-1662,config,,,*.visualizer.statisticVisualizer[1].statisticExpression,"""count""",
EnergyEfficient-1-20260924-21:41:22-1662,config,,,*.visualizer.statisticVisualizer[1].sourceFilter,"""**.controller.udp OR **.lamp*.udp""",
EnergyEfficient-1-20260924-21:41:22-1662,config,,,*.visualizer.statisticVisualizer[1].format,"""rcvd: %v pks""",
EnergyEfficient-2-20260924-21:41:22-1662,runattr,,,configname,EnergyEfficient,
EnergyEfficient-2-20260924-21:41:22-1662,runattr,,,datetime,20260924-21:41:22,
EnergyEfficient-2-20260924-21:41:22-1662,runattr,,,datetimef,20260924-214122,
EnergyEfficient-2-20260924-21:41:22-1662,runattr,,,experiment,EnergyEfficient,
EnergyEfficient-2-20260924-21:41:22-1662,runattr,,,inifile,omnetpp.ini,
EnergyEfficient-2-20260924-21:41:22-1662,runattr,,,iterationvars,,
EnergyEfficient-2-20260924-21:41:22-1662,runattr,,,iterationvarsd,,
EnergyEfficient-2-20260924-21:41:22-1662,runattr,,,iterationvarsf,,
EnergyEfficient-2-20260924-21:41:22-1662,runattr,,,measurement,,
EnergyEfficient-2-20260924-21:41:22-1662,runattr,,,network,Ieee802154Showcase,
EnergyEfficient-2-20260924-21:41:22-1662,runattr,,,processid,1662,
EnergyEfficient-2-20260924-21:41:22-1662,runattr,,,repetition,2,
EnergyEfficient-2-20260924-21:41:22-1662,runattr,,,replication,#2,
EnergyEfficient-2-20260924-21:41:22-1662,runattr,,,resultdir,results,
EnergyEfficient-2-20260924-21:41:22-1662,runattr,,,runnumber,2,
EnergyEfficient-2-20260924-21:41:22-1662,runattr,,,seedset,2,
EnergyEfficient-2-20260924-21:41:22-1662,config,,,extends,Ieee802154Power,
EnergyEfficient-2-20260924-21:41:22-1662,config,,,sim-time-limit,100s,
EnergyEfficient-2-20260924-21:41:22-1662,config,,,repeat,10,
EnergyEfficient-2-20260924-21:41:22-1662,config,,,**.wlan[*].typename,EnergyEfficientIeee802154Interface,
EnergyEfficient-2-20260924-21:41:22-1662,config,,,**.wlan[*].mac.beaconOrder,6,
EnergyEfficient-2-20260924-21:41:22-1662,config,,,**.wlan[*].mac.superframeOrder,2,
EnergyEfficient-2-20260924-21:41:22-1662,config,,,*.controller.wlan[*].mac.coordinator,true,
EnergyEfficient-2-20260924-21:41:22-1662,config,,,*.sensor*.wlan[*].mac.coordinator,false,
EnergyEfficient-2-20260924-21:41:22-1662,config,,,*.lamp*.wlan[*].mac.coordinator,false,
EnergyEfficient-2-20260924-21:41:22-1662,config,,,extends,Ieee802154,
EnergyEfficient-2-20260924-21:41:22-1662,config,,,sim-time-limit,100s,
EnergyEfficient-2-20260924-21:41:22-1662,config,,,repeat,10,
EnergyEfficient-2-20260924-21:41:22-1662,config,,,**.energyStorage.residualEnergyCapacity.result-recording-modes,+last,
EnergyEfficient-2-20260924-21:41:22-1662,config,,,network,Ieee802154Showcase,
EnergyEfficient-2-20260924-21:41:22-1662,config,,,**.arp.typename,GlobalArp,
EnergyEfficient-2-20260924-21:41:22-1662,config,,,**.netmaskRoutes,"""""",
EnergyEfficient-2-20260924-21:41:22-1662,config,,,*.radioMedium.backgroundNoise.power,-110dBm,
EnergyEfficient-2-20260924-21:41:22-1662,config,,,*.configurator.config,"xmldoc(""startopology.xml"")",
EnergyEfficient-2-20260924-21:41:22-1662,config,,,*.configurator.addStaticRoutes,false,
EnergyEfficient-2-20260924-21:41:22-1662,config,,,*.sensor*.numApps,1,
EnergyEfficient-2-20260924-21:41:22-1662,config,,,*.sensor*.app[*].typename,UdpBasicApp,
EnergyEfficient-2-20260924-21:41:22-1662,config,,,*.sensor*.app[*].destAddresses,"""controller""",
EnergyEfficient-2-20260924-21:41:22-1662,config,,,*.sensor*.app[*].destPort,1000,
EnergyEfficient-2-20260924-21:41:22-1662,config,,,*.sensor*.app[*].sendInterval,1s,
EnergyEfficient-2-20260924-21:41:22-1662,config,,,*.sensor*.app[*].startTime,"uniform(0s,1s)",
EnergyEfficient-2-20260924-21:41:22-1662,config,,,*.sensor*.app[*].messageLength,10Byte,
EnergyEfficient-2-20260924-21:41:22-1662,config,,,*.sensor*.app[*].packetName,"""SensorData""",
EnergyEfficient-2-20260924-21:41:22-1662,config,,,*.controller.numApps,2,
EnergyEfficient-2-20260924-21:41:22-1662,config,,,*.controller.app[0].typename,UdpBasicApp,
EnergyEfficient-2-20260924-21:41:22-1662,config,,,*.controller.app[0].destAddresses,"""lamp1 lamp2 lamp3 lamp4 lamp5 lamp6 lamp7 lamp8""",
EnergyEfficient-2-20260924-21:41:22-1662,config,,,*.controller.app[0].destPort,1000,
EnergyEfficient-2-20260924-21:41:22-1662,config,,,*.controller.app[0].sendInterval,1s,
EnergyEfficient-2-20260924-21:41:22-1662,config,,,*.controller.app[0].startTime,exponential(1s),
EnergyEfficient-2-20260924-21:41:22-1662,config,,,*.controller.app[0].messageLength,10Byte,
EnergyEfficient-2-20260924-21:41:22-1662,config,,,*.controller.app[0].packetName,"""ControlData""",
EnergyEfficient-2-20260924-21:41:22-1662,config,,,*.controller.app[1].typename,UdpSink,
EnergyEfficient-2-20260924-21:41:22-1662,config,,,*.controller.app[1].localPort,1000,
EnergyEfficient-2-20260924-21:41:22-1662,config,,,*.lamp*.numApps,1,
EnergyEfficient-2-20260924-21:41:22-1662,config,,,*.lamp*.app[0].typename,UdpSink,
EnergyEfficient-2-20260924-21:41:22-1662,config,,,*.lamp*.app[0].localPort,1000,
EnergyEfficient-2-20260924-21:41:22-1662,config,,,*.visualizer.routingTableVisualizer[0].displayRoutingTables,false,
EnergyEfficient-2-20260924-21:41:22-1662,config,,,*.visualizer.routingTableVisualizer[0].displayRoutesIndividually,false,
EnergyEfficient-2-20260924-21:41:22-1662,config,,,*.visualizer.routingTableVisualizer[0].lineShift,0,
EnergyEfficient-2-20260924-21:41:22-1662,config,,,*.visualizer.routingTableVisualizer[0].displayLabels,false,
EnergyEfficient-2-20260924-21:41:22-1662,config,,,*.visualizer.interfaceTableVisualizer[0].displayInterfaceTables,false,
EnergyEfficient-2-20260924-21:41:22-1662,config,,,*.visualizer.numDataLinkVisualizers,2,
EnergyEfficient-2-20260924-21:41:22-1662,config,,,*.visualizer.dataLinkVisualizer[*].displayLinks,true,
EnergyEfficient-2-20260924-21:41:22-1662,config,,,*.visualizer.dataLinkVisualizer[0].nodeFilter,"""sensor* or controller""",
EnergyEfficient-2-20260924-21:41:22-1662,config,,,*.visualizer.dataLinkVisualizer[1].*Color,"""blue""",
EnergyEfficient-2-20260924-21:41:22-1662,config,,,*.visualizer.dataLinkVisualizer[1].nodeFilter,"""lamp* or controller""",
EnergyEfficient-2-20260924-21:41:22-1662,config,,,*.visualizer.numStatisticVisualizers,2,
EnergyEfficient-2-20260924-21:41:22-1662,config,,,*.visualizer.statisticVisualizer[*].zIndex,1,
EnergyEfficient-2-20260924-21:41:22-1662,config,,,*.visualizer.statisticVisualizer[0].displayStatistics,true,
EnergyEfficient-2-20260924-21:41:22-1662,config,,,*.visualizer.statisticVisualizer[0].signalName,"""packetSent""",
EnergyEfficient-2-20260924-21:41:22-1662,config,,,*.visualizer.statisticVisualizer[0].statisticExpression,"""count""",
EnergyEfficient-2-20260924-21:41:22-1662,config,,,*.visualizer.statisticVisualizer[0].sourceFilter,"""**.controller.udp OR **.sensor*.udp""",
EnergyEfficient-2-20260924-21:41:22-1662,config,,,*.visualizer.statisticVisualizer[0].format,"""sent: %v pks""",
EnergyEfficient-2-20260924-21:41:22-1662,config,,,*.visualizer.statisticVisualizer[1].displayStatistics,true,
EnergyEfficient-2-20260924-21:41:22-1662,config,,,*.visualizer.statisticVisualizer[1].signalName,"""packetReceived""",
EnergyEfficient-2-20260924-21:41:22-1662,config,,,*.visualizer.statisticVisualizer[1].statisticExpression,"""count""",
EnergyEfficient-2-20260924-21:41:22-1662,config,,,*.visualizer.statisticVisualizer[1].sourceFilter,"""**.controller.udp OR **.lamp*.udp""",
EnergyEfficient-2-20260924-21:41:22-1662,config,,,*.visualizer.statisticVisualizer[1].format,"""rcvd: %v pks""",
EnergyEfficient-3-20260924-21:41:23-1662,runattr,,,configname,EnergyEfficient,
EnergyEfficient-3-20260924-21:41:23-1662,runattr,,,datetime,20260924-21:41:23,
EnergyEfficient-3-20260924-21:41:23-1662,runattr,,,datetimef,20260924-214123,
EnergyEfficient-3-20260924-21:41:23-1662,runattr,,,experiment,EnergyEfficient,
EnergyEfficient-3-20260924-21:41:23-1662,runattr,,,inifile,omnetpp.ini,
EnergyEfficient-3-20260924-21:41:23-1662,runattr,,,iterationvars,,
EnergyEfficient-3-20260924-21:41:23-1662,runattr,,,iterationvarsd,,
EnergyEfficient-3-20260924-21:41:23-1662,runattr,,,iterationvarsf,,
EnergyEfficient-3-20260924-21:41:23-1662,runattr,,,measurement,,
EnergyEfficient-3-20260924-21:41:23-1662,runattr,,,network,Ieee802154Showcase,
EnergyEfficient-3-20260924-21:41:23-1662,runattr,,,processid,1662,
EnergyEfficient-3-20260924-21:41:23-1662,runattr,,,repetition,3,
EnergyEfficient-3-20260924-21:41:23-1662,runattr,,,replication,#3,
EnergyEfficient-3-20260924-21:41:23-1662,runattr,,,resultdir,results,
EnergyEfficient-3-20260924-21:41:23-1662,runattr,,,runnumber,3,
EnergyEfficient-3-20260924-21:41:23-1662,runattr,,,seedset,3,
EnergyEfficient-3-20260924-21:41:23-1662,config,,,extends,Ieee802154Power,
EnergyEfficient-3-20260924-21:41:23-1662,config,,,sim-time-limit,100s,
EnergyEfficient-3-20260924-21:41:23-1662,config,,,repeat,10,
EnergyEfficient-3-20260924-21:41:23-1662,config,,,**.wlan[*].typename,EnergyEfficientIeee802154Interface,
EnergyEfficient-3-20260924-21:41:23-1662,config,,,**.wlan[*].mac.beaconOrder,6,
EnergyEfficient-3-20260924-21:41:23-1662,config,,,**.wlan[*].mac.superframeOrder,2,
EnergyEfficient-3-20260924-21:41:23-1662,config,,,*.controller.wlan[*].mac.coordinator,true,
EnergyEfficient-3-20260924-21:41:23-1662,config,,,*.sensor*.wlan[*].mac.coordinator,false,
EnergyEfficient-3-20260924-21:41:23-1662,config,,,*.lamp*.wlan[*].mac.coordinator,false,
EnergyEfficient-3-20260924-21:41:23-1662,config,,,extends,Ieee802154,
EnergyEfficient-3-20260924-21:41:23-1662,config,,,sim-time-limit,100s,
EnergyEfficient-3-20260924-21:41:23-1662,config,,,repeat,10,
EnergyEfficient-3-20260924-21:41:23-1662,config,,,**.energyStorage.residualEnergyCapacity.result-recording-modes,+last,
EnergyEfficient-3-20260924-21:41:23-1662,config,,,network,Ieee802154Showcase,
EnergyEfficient-3-20260924-21:41:23-1662,config,,,**.arp.typename,GlobalArp,
EnergyEfficient-3-20260924-21:41:23-1662,config,,,**.netmaskRoutes,"""""",
EnergyEfficient-3-20260924-21:41:23-1662,config,,,*.radioMedium.backgroundNoise.power,-110dBm,
EnergyEfficient-3-20260924-21:41:23-1662,config,,,*.configurator.config,"xmldoc(""startopology.xml"")",
EnergyEfficient-3-20260924-21:41:23-1662,config,,,*.configurator.addStaticRoutes,false,
EnergyEfficient-3-20260924-21:41:23-1662,config,,,*.sensor*.numApps,1,
EnergyEfficient-3-20260924-21:41:23-1662,config,,,*.sensor*.app[*].typename,UdpBasicApp,
EnergyEfficient-3-20260924-21:41:23-1662,config,,,*.sensor*.app[*].destAddresses,"""controller""",
EnergyEfficient-3-20260924-21:41:23-1662,config,,,*.sensor*.app[*].destPort,1000,
EnergyEfficient-3-20260924-21:41:23-1662,config,,,*.sensor*.app[*].sendInterval,1s,
EnergyEfficient-3-20260924-21:41:23-1662,config,,,*.sensor*.app[*].startTime,"uniform(0s,1s)",
EnergyEfficient-3-20260924-21:41:23-1662,config,,,*.sensor*.app[*].messageLength,10Byte,
EnergyEfficient-3-20260924-21:41:23-1662,config,,,*.sensor*.app[*].packetName,"""SensorData""",
EnergyEfficient-3-20260924-21:41:23-1662,config,,,*.controller.numApps,2,
EnergyEfficient-3-20260924-21:41:23-1662,config,,,*.controller.app[0].typename,UdpBasicApp,
EnergyEfficient-3-20260924-21:41:23-1662,config,,,*.controller.app[0].destAddresses,"""lamp1 lamp2 lamp3 lamp4 lamp5 lamp6 lamp7 lamp8""",
EnergyEfficient-3-20260924-21:41:23-1662,config,,,*.controller.app[0].destPort,1000,
EnergyEfficient-3-20260924-21:41:23-1662,config,,,*.controller.app[0].sendInterval,1s,
EnergyEfficient-3-20260924-21:41:23-1662,config,,,*.controller.app[0].startTime,exponential(1s),
EnergyEfficient-3-20260924-21:41:23-1662,config,,,*.controller.app[0].messageLength,10Byte,
EnergyEfficient-3-20260924-21:41:23-1662,config,,,*.controller.app[0].packetName,"""ControlData""",
EnergyEfficient-3-20260924-21:41:23-1662,config,,,*.controller.app[1].typename,UdpSink,
EnergyEfficient-3-20260924-21:41:23-1662,config,,,*.controller.app[1].localPort,1000,
EnergyEfficient-3-20260924-21:41:23-1662,config,,,*.lamp*.numApps,1,
EnergyEfficient-3-20260924-21:41:23-1662,config,,,*.lamp*.app[0].typename,UdpSink,
EnergyEfficient-3-20260924-21:41:23-1662,config,,,*.lamp*.app[0].localPort,1000,
EnergyEfficient-3-20260924-21:41:23-1662,config,,,*.visualizer.routingTableVisualizer[0].displayRoutingTables,false,
EnergyEfficient-3-20260924-21:41:23-1662,config,,,*.visualizer.routingTableVisualizer[0].displayRoutesIndividually,false,
EnergyEfficient-3-20260924-21:41:23-1662,config,,,*.visualizer.routingTableVisualizer[0].lineShift,0,
EnergyEfficient-3-20260924-21:41:23-1662,config,,,*.visualizer.routingTableVisualizer[0].displayLabels,false,
EnergyEfficient-3-20260924-21:41:23-1662,config,,,*.visualizer.interfaceTableVisualizer[0].displayInterfaceTables,false,
EnergyEfficient-3-20260924-21:41:23-1662,config,,,*.visualizer.numDataLinkVisualizers,2,
EnergyEfficient-3-20260924-21:41:23-1662,config,,,*.visualizer.dataLinkVisualizer[*].displayLinks,true,
EnergyEfficient-3-20260924-21:41:23-1662,config,,,*.visualizer.dataLinkVisualizer[0].nodeFilter,"""sensor* or controller""",
EnergyEfficient-3-20260924-21:41:23-1662,config,,,*.visualizer.dataLinkVisualizer[1].*Color,"""blue""",
EnergyEfficient-3-20260924-21:41:23-1662,config,,,*.visualizer.dataLinkVisualizer[1].nodeFilter,"""lamp* or controller""",
EnergyEfficient-3-20260924-21:41:23-1662,config,,,*.visualizer.numStatisticVisualizers,2,
EnergyEfficient-3-20260924-21:41:23-1662,config,,,*.visualizer.statisticVisualizer[*].zIndex,1,
EnergyEfficient-3-20260924-21:41:23-1662,config,,,*.visualizer.statisticVisualizer[0].displayStatistics,true,
EnergyEfficient-3-20260924-21:41:23-1662,config,,,*.visualizer.statisticVisualizer[0].signalName,"""packetSent""",
EnergyEfficient-3-20260924-21:41:23-1662,config,,,*.visualizer.statisticVisualizer[0].statisticExpression,"""count""",
EnergyEfficient-3-20260924-21:41:23-1662,config,,,*.visualizer.statisticVisualizer[0].sourceFilter,"""**.controller.udp OR **.sensor*.udp""",
EnergyEfficient-3-20260924-21:41:23-1662,config,,,*.visualizer.statisticVisualizer[0].format,"""sent: %v pks""",
EnergyEfficient-3-20260924-21:41:23-1662,config,,,*.visualizer.statisticVisualizer[1].displayStatistics,true,
EnergyEfficient-3-20260924-21:41:23-1662,config,,,*.visualizer.statisticVisualizer[1].signalName,"""packetReceived""",
EnergyEfficient-3-20260924-21:41:23-1662,config,,,*.visualizer.statisticVisualizer[1].statisticExpression,"""count""",
EnergyEfficient-3-20260924-21:41:23-1662,config,,,*.visualizer.statisticVisualizer[1].sourceFilter,"""**.controller.udp OR **.lamp*.udp""",
EnergyEfficient-3-20260924-21:41:23-1662,config,,,*.visualizer.statisticVisualizer[1].format,"""rcvd: %v pks""",
EnergyEfficient-4-20260924-21:41:23-1662,runattr,,,configname,EnergyEfficient,
EnergyEfficient-4-20260924-21:41:23-1662,runattr,,,datetime,20260924-21:41:23,
EnergyEfficient-4-20260924-21:41:23-1662,runattr,,,datetimef,20260924-214123,
EnergyEfficient-4-20260924-21:41:23-1662,runattr,,,experiment,EnergyEfficient,
EnergyEfficient-4-20260924-21:41:23-1662,runattr,,,inifile,omnetpp.ini,
EnergyEfficient-4-20260924-21:41:23-1662,runattr,,,iterationvars,,
EnergyEfficient-4-20260924-21:41:23-1662,runattr,,,iterationvarsd,,
EnergyEfficient-4-20260924-21:41:23-1662,runattr,,,iterationvarsf,,
EnergyEfficient-4-20260924-21:41:23-1662,runattr,,,measurement,,
EnergyEfficient-4-20260924-21:41:23-1662,runattr,,,network,Ieee802154Showcase,
EnergyEfficient-4-20260924-21:41:23-1662,runattr,,,processid,1662,
EnergyEfficient-4-20260924-21:41:23-1662,runattr,,,repetition,4,
EnergyEfficient-4-20260924-21:41:23-1662,runattr,,,replication,#4,
EnergyEfficient-4-20260924-21:41:23-1662,runattr,,,resultdir,results,
EnergyEfficient-4-20260924-21:41:23-1662,runattr,,,runnumber,4,
EnergyEfficient-4-20260924-21:41:23-1662,runattr,,,seedset,4,
EnergyEfficient-4-20260924-21:41:23-1662,config,,,extends,Ieee802154Power,
EnergyEfficient-4-20260924-21:41:23-1662,config,,,sim-time-limit,100s,
EnergyEfficient-4-20260924-21:41:23-1662,config,,,repeat,10,
EnergyEfficient-4-20260924-21:41:23-1662,config,,,**.wlan[*].typename,EnergyEfficientIeee802154Interface,
EnergyEfficient-4-20260924-21:41:23-1662,config,,,**.wlan[*].mac.beaconOrder,6,
EnergyEfficient-4-20260924-21:41:23-1662,config,,,**.wlan[*].mac.superframeOrder,2,
EnergyEfficient-4-20260924-21:41:23-1662,config,,,*.controller.wlan[*].mac.coordinator,true,
EnergyEfficient-4-20260924-21:41:23-1662,config,,,*.sensor*.wlan[*].mac.coordinator,false,
EnergyEfficient-4-20260924-21:41:23-1662,config,,,*.lamp*.wlan[*].mac.coordinator,false,
EnergyEfficient-4-20260924-21:41:23-1662,config,,,extends,Ieee802154,
EnergyEfficient-4-20260924-21:41:23-1662,config,,,sim-time-limit,100s,
EnergyEfficient-4-20260924-21:41:23-1662,config,,,repeat,10,
EnergyEfficient-4-20260924-21:41:23-1662,config,,,**.energyStorage.residualEnergyCapacity.result-recording-modes,+last,
EnergyEfficient-4-20260924-21:41:23-1662,config,,,network,Ieee802154Showcase,
EnergyEfficient-4-20260924-21:41:23-1662,config,,,**.arp.typename,GlobalArp,
EnergyEfficient-4-20260924-21:41:23-1662,config,,,**.netmaskRoutes,"""""",
EnergyEfficient-4-20260924-21:41:23-1662,config,,,*.radioMedium.backgroundNoise.power,-110dBm,
EnergyEfficient-4-20260924-21:41:23-1662,config,,,*.configurator.config,"xmldoc(""startopology.xml"")",
EnergyEfficient-4-20260924-21:41:23-1662,config,,,*.configurator.addStaticRoutes,false,
EnergyEfficient-4-20260924-21:41:23-1662,config,,,*.sensor*.numApps,1,
EnergyEfficient-4-20260924-21:41:23-1662,config,,,*.sensor*.app[*].typename,UdpBasicApp,
EnergyEfficient-4-20260924-21:41:23-1662,config,,,*.sensor*.app[*].destAddresses,"""controller""",
EnergyEfficient-4-20260924-21:41:23-1662,config,,,*.sensor*.app[*].destPort,1000,
EnergyEfficient-4-20260924-21:41:23-1662,config,,,*.sensor*.app[*].sendInterval,1s,
EnergyEfficient-4-20260924-21:41:23-1662,config,,,*.sensor*.app[*].startTime,"uniform(0s,1s)",
EnergyEfficient-4-20260924-21:41:23-1662,config,,,*.sensor*.app[*].messageLength,10Byte,
EnergyEfficient-4-20260924-21:41:23-1662,config,,,*.sensor*.app[*].packetName,"""SensorData""",
EnergyEfficient-4-20260924-21:41:23-1662,config,,,*.controller.numApps,2,
EnergyEfficient-4-20260924-21:41:23-1662,config,,,*.controller.app[0].typename,UdpBasicApp,
EnergyEfficient-4-20260924-21:41:23-1662,config,,,*.controller.app[0].destAddresses,"""lamp1 lamp2 lamp3 lamp4 lamp5 lamp6 lamp7 lamp8""",
EnergyEfficient-4-20260924-21:41:23-1662,config,,,*.controller.app[0].destPort,1000,
EnergyEfficient-4-20260924-21:41:23-1662,config,,,*.controller.app[0].sendInterval,1s,
EnergyEfficient-4-20260924-21:41:23-1662,config,,,*.controller.app[0].startTime,exponential(1s),
EnergyEfficient-4-20260924-21:41:23-1662,config,,,*.controller.app[0].messageLength,10Byte,
EnergyEfficient-4-20260924-21:41:23-1662,config,,,*.controller.app[0].packetName,"""ControlData""",
EnergyEfficient-4-20260924-21:41:23-1662,config,,,*.controller.app[1].typename,UdpSink,
EnergyEfficient-4-20260924-21:41:23-1662,config,,,*.controller.app[1].localPort,1000,
EnergyEfficient-4-20260924-21:41:23-1662,config,,,*.lamp*.numApps,1,
EnergyEfficient-4-20260924-21:41:23-1662,config,,,*.lamp*.app[0].typename,UdpSink,
EnergyEfficient-4-20260924-21:41:23-1662,config,,,*.lamp*.app[0].localPort,1000,
EnergyEfficient-4-20260924-21:41:23-1662,config,,,*.visualizer.routingTableVisualizer[0].displayRoutingTables,false,
EnergyEfficient-4-20260924-21:41:23-1662,config,,,*.visualizer.routingTableVisualizer[0].displayRoutesIndividually,false,
EnergyEfficient-4-20260924-21:41:23-1662,config,,,*.visualizer.routingTableVisualizer[0].lineShift,0,
EnergyEfficient-4-20260924-21:41:23-1662,config,,,*.visualizer.routingTableVisualizer[0].displayLabels,false,
EnergyEfficient-4-20260924-21:41:23-1662,config,,,*.visualizer.interfaceTableVisualizer[0].displayInterfaceTables,false,
EnergyEfficient-4-20260924-21:41:23-1662,config,,,*.visualizer.numDataLinkVisualizers,2,
EnergyEfficient-4-20260924-21:41:23-1662,config,,,*.visualizer.dataLinkVisualizer[*].displayLinks,true,
EnergyEfficient-4-20260924-21:41:23-1662,config,,,*.visualizer.dataLinkVisualizer[0].nodeFilter,"""sensor* or controller""",
EnergyEfficient-4-20260924-21:41:23-1662,config,,,*.visualizer.dataLinkVisualizer[1].*Color,"""blue""",
EnergyEfficient-4-20260924-21:41:23-1662,config,,,*.visualizer.dataLinkVisualizer[1].nodeFilter,"""lamp* or controller""",
EnergyEfficient-4-20260924-21:41:23-1662,config,,,*.visualizer.numStatisticVisualizers,2,
EnergyEfficient-4-20260924-21:41:23-1662,config,,,*.visualizer.statisticVisualizer[*].zIndex,1,
EnergyEfficient-4-20260924-21:41:23-1662,config,,,*.visualizer.statisticVisualizer[0].displayStatistics,true,
EnergyEfficient-4-20260924-21:41:23-1662,config,,,*.visualizer.statisticVisualizer[0].signalName,"""packetSent""",
EnergyEfficient-4-20260924-21:41:23-1662,config,,,*.visualizer.statisticVisualizer[0].statisticExpression,"""count""",
EnergyEfficient-4-20260924-21:41:23-1662,config,,,*.visualizer.statisticVisualizer[0].sourceFilter,"""**.controller.udp OR **.sensor*.udp""",
EnergyEfficient-4-20260924-21:41:23-1662,config,,,*.visualizer.statisticVisualizer[0].format,"""sent: %v pks""",
EnergyEfficient-4-20260924-21:41:23-1662,config,,,*.visualizer.statisticVisualizer[1].displayStatistics,true,
EnergyEfficient-4-20260924-21:41:23-1662,config,,,*.visualizer.statisticVisualizer[1].signalName,"""packetReceived""",
EnergyEfficient-4-20260924-21:41:23-1662,config,,,*.visualizer.statisticVisualizer[1].statisticExpression,"""count""",
EnergyEfficient-4-20260924-21:41:23-1662,config,,,*.visualizer.statisticVisualizer[1].sourceFilter,"""**.controller.udp OR **.lamp*.udp""",
EnergyEfficient-4-20260924-21:41:23-1662,config,,,*.visualizer.statisticVisualizer[1].format,"""rcvd: %v pks""",
EnergyEfficient-5-20260924-21:41:24-1662,runattr,,,configname,EnergyEfficient,
EnergyEfficient-5-20260924-21:41:24-1662,runattr,,,datetime,20260924-21:41:24,
EnergyEfficient-5-20260924-21:41:24-1662,runattr,,,datetimef,20260924-214124,
EnergyEfficient-5-20260924-21:41:24-1662,runattr,,,experiment,EnergyEfficient,
EnergyEfficient-5-20260924-21:41:24-1662,runattr,,,inifile,omnetpp.ini,
EnergyEfficient-5-20260924-21:41:24-1662,runattr,,,iterationvars,,
EnergyEfficient-5-20260924-21:41:24-1662,runattr,,,iterationvarsd,,
EnergyEfficient-5-20260924-21:41:24-1662,runattr,,,iterationvarsf,,
EnergyEfficient-5-20260924-21:41:24-1662,runattr,,,measurement,,
EnergyEfficient-5-20260924-21:41:24-1662,runattr,,,network,Ieee802154Showcase,
EnergyEfficient-5-20260924-21:41:24-1662,runattr,,,processid,1662,
EnergyEfficient-5-20260924-21:41:24-1662,runattr,,,repetition,5,
EnergyEfficient-5-20260924-21:41:24-1662,runattr,,,replication,#5,
EnergyEfficient-5-20260924-21:41:24-1662,runattr,,,resultdir,results,
EnergyEfficient-5-20260924-21:41:24-1662,runattr,,,runnumber,5,
EnergyEfficient-5-20260924-21:41:24-1662,runattr,,,seedset,5,
EnergyEfficient-5-20260924-21:41:24-1662,config,,,extends,Ieee802154Power,
EnergyEfficient-5-20260924-21:41:24-1662,config,,,sim-time-limit,100s,
EnergyEfficient-5-20260924-21:41:24-1662,config,,,repeat,10,
EnergyEfficient-5-20260924-21:41:24-1662,config,,,**.wlan[*].typename,EnergyEfficientIeee802154Interface,
EnergyEfficient-5-20260924-21:41:24-1662,config,,,**.wlan[*].mac.beaconOrder,6,
EnergyEfficient-5-20260924-21:41:24-1662,config,,,**.wlan[*].mac.superframeOrder,2,
EnergyEfficient-5-20260924-21:41:24-1662,config,,,*.controller.wlan[*].mac.coordinator,true,
EnergyEfficient-5-20260924-21:41:24-1662,config,,,*.sensor*.wlan[*].mac.coordinator,false,
EnergyEfficient-5-20260924-21:41:24-1662,config,,,*.lamp*.wlan[*].mac.coordinator,false,
EnergyEfficient-5-20260924-21:41:24-1662,config,,,extends,Ieee802154,
EnergyEfficient-5-20260924-21:41:24-1662,config,,,sim-time-limit,100s,
EnergyEfficient-5-20260924-21:41:24-1662,config,,,repeat,10,
EnergyEfficient-5-20260924-21:41:24-1662,config,,,**.energyStorage.residualEnergyCapacity.result-recording-modes,+last,
EnergyEfficient-5-20260924-21:41:24-1662,config,,,network,Ieee802154Showcase,
EnergyEfficient-5-20260924-21:41:24-1662,config,,,**.arp.typename,GlobalArp,
EnergyEfficient-5-20260924-21:41:24-1662,config,,,**.netmaskRoutes,"""""",
EnergyEfficient-5-20260924-21:41:24-1662,config,,,*.radioMedium.backgroundNoise.power,-110dBm,
EnergyEfficient-5-20260924-21:41:24-1662,config,,,*.configurator.config,"xmldoc(""startopology.xml"")",
EnergyEfficient-5-20260924-21:41:24-1662,config,,,*.configurator.addStaticRoutes,false,
EnergyEfficient-5-20260924-21:41:24-1662,config,,,*.sensor*.numApps,1,
EnergyEfficient-5-20260924-21:41:24-1662,config,,,*.sensor*.app[*].typename,UdpBasicApp,
EnergyEfficient-5-20260924-21:41:24-1662,config,,,*.sensor*.app[*].destAddresses,"""controller""",
EnergyEfficient-5-20260924-21:41:24-1662,config,,,*.sensor*.app[*].destPort,1000,
EnergyEfficient-5-20260924-21:41:24-1662,config,,,*.sensor*.app[*].sendInterval,1s,
EnergyEfficient-5-20260924-21:41:24-1662,config,,,*.sensor*.app[*].startTime,"uniform(0s,1s)",
EnergyEfficient-5-20260924-21:41:24-1662,config,,,*.sensor*.app[*].messageLength,10Byte,
EnergyEfficient-5-20260924-21:41:24-1662,config,,,*.sensor*.app[*].packetName,"""SensorData""",
EnergyEfficient-5-20260924-21:41:24-1662,config,,,*.controller.numApps,2,
EnergyEfficient-5-20260924-21:41:24-1662,config,,,*.controller.app[0].typename,UdpBasicApp,
EnergyEfficient-5-20260924-21:41:24-1662,config,,,*.controller.app[0].destAddresses,"""lamp1 lamp2 lamp3 lamp4 lamp5 lamp6 lamp7 lamp8""",
EnergyEfficient-5-20260924-21:41:24-1662,config,,,*.controller.app[0].destPort,1000,
EnergyEfficient-5-20260924-21:41:24-1662,config,,,*.controller.app[0].sendInterval,1s,
EnergyEfficient-5-20260924-21:41:24-1662,config,,,*.controller.app[0].startTime,exponential(1s),
EnergyEfficient-5-20260924-21:41:24-1662,config,,,*.controller.app[0].messageLength,10Byte,
EnergyEfficient-5-20260924-21:41:24-1662,config,,,*.controller.app[0].packetName,"""ControlData""",
EnergyEfficient-5-20260924-21:41:24-1662,config,,,*.controller.app[1].typename,UdpSink,
EnergyEfficient-5-20260924-21:41:24-1662,config,,,*.controller.app[1].localPort,1000,
EnergyEfficient-5-20260924-21:41:24-1662,config,,,*.lamp*.numApps,1,
EnergyEfficient-5-20260924-21:41:24-1662,config,,,*.lamp*.app[0].typename,UdpSink,
EnergyEfficient-5-20260924-21:41:24-1662,config,,,*.lamp*.app[0].localPort,1000,
EnergyEfficient-5-20260924-21:41:24-1662,config,,,*.visualizer.routingTableVisualizer[0].displayRoutingTables,false,
EnergyEfficient-5-20260924-21:41:24-1662,config,,,*.visualizer.routingTableVisualizer[0].displayRoutesIndividually,false,
EnergyEfficient-5-20260924-21:41:24-1662,config,,,*.visualizer.routingTableVisualizer[0].lineShift,0,
EnergyEfficient-5-20260924-21:41:24-1662,config,,,*.visualizer.routingTableVisualizer[0].displayLabels,false,
EnergyEfficient-5-20260924-21:41:24-1662,config,,,*.visualizer.interfaceTableVisualizer[0].displayInterfaceTables,false,
EnergyEfficient-5-20260924-21:41:24-1662,config,,,*.visualizer.numDataLinkVisualizers,2,
EnergyEfficient-5-20260924-21:41:24-1662,config,,,*.visualizer.dataLinkVisualizer[*].displayLinks,true,
EnergyEfficient-5-20260924-21:41:24-1662,config,,,*.visualizer.dataLinkVisualizer[0].nodeFilter,"""sensor* or controller""",
EnergyEfficient-5-20260924-21:41:24-1662,config,,,*.visualizer.dataLinkVisualizer[1].*Color,"""blue""",
EnergyEfficient-5-20260924-21:41:24-1662,config,,,*.visualizer.dataLinkVisualizer[1].nodeFilter,"""lamp* or controller""",
EnergyEfficient-5-20260924-21:41:24-1662,config,,,*.visualizer.numStatisticVisualizers,2,
EnergyEfficient-5-20260924-21:41:24-1662,config,,,*.visualizer.statisticVisualizer[*].zIndex,1,
EnergyEfficient-5-20260924-21:41:24-1662,config,,,*.visualizer.statisticVisualizer[0].displayStatistics,true,
EnergyEfficient-5-20260924-21:41:24-1662,config,,,*.visualizer.statisticVisualizer[0].signalName,"""packetSent""",
EnergyEfficient-5-20260924-21:41:24-1662,config,,,*.visualizer.statisticVisualizer[0].statisticExpression,"""count""",
EnergyEfficient-5-20260924-21:41:24-1662,config,,,*.visualizer.statisticVisualizer[0].sourceFilter,"""**.controller.udp OR **.sensor*.udp""",
EnergyEfficient-5-20260924-21:41:24-1662,config,,,*.visualizer.statisticVisualizer[0].format,"""sent: %v pks""",
EnergyEfficient-5-20260924-21:41:24-1662,config,,,*.visualizer.statisticVisualizer[1].displayStatistics,true,
EnergyEfficient-5-20260924-21:41:24-1662,config,,,*.visualizer.statisticVisualizer[1].signalName,"""packetReceived""",
EnergyEfficient-5-20260924-21:41:24-1662,config,,,*.visualizer.statisticVisualizer[1].statisticExpression,"""count""",
EnergyEfficient-5-20260924-21:41:24-1662,config,,,*.visualizer.statisticVisualizer[1].sourceFilter,"""**.controller.udp OR **.lamp*.udp""",
EnergyEfficient-5-20260924-21:41:24-1662,config,,,*.visualizer.statisticVisualizer[1].format,"""rcvd: %v pks""",
EnergyEfficient-6-20260924-21:41:24-1662,runattr,,,configname,EnergyEfficient,
EnergyEfficient-6-20260924-21:41:24-1662,runattr,,,datetime,20260924-21:41:24,
EnergyEfficient-6-20260924-21:41:24-1662,runattr,,,datetimef,20260924-214124,
EnergyEfficient-6-20260924-21:41:24-1662,runattr,,,experiment,EnergyEfficient,
EnergyEfficient-6-20260924-21:41:24-1662,runattr,,,inifile,omnetpp.ini,
EnergyEfficient-6-20260924-21:41:24-1662,runattr,,,iterationvars,,
EnergyEfficient-6-20260924-21:41:24-1662,runattr,,,iterationvarsd,,
EnergyEfficient-6-20260924-21:41:24-1662,runattr,,,iterationvarsf,,
EnergyEfficient-6-20260924-21:41:24-1662,runattr,,,measurement,,
EnergyEfficient-6-20260924-21:41:24-1662,runattr,,,network,Ieee802154Showcase,
EnergyEfficient-6-20260924-21:41:24-1662,runattr,,,processid,1662,
EnergyEfficient-6-20260924-21:41:24-1662,runattr,,,repetition,6,
EnergyEfficient-6-20260924-21:41:24-1662,runattr,,,replication,#6,
EnergyEfficient-6-20260924-21:41:24-1662,runattr,,,resultdir,results,
EnergyEfficient-6-20260924-21:41:24-1662,runattr,,,runnumber,6,
EnergyEfficient-6-20260924-21:41:24-1662,runattr,,,seedset,6,
EnergyEfficient-6-20260924-21:41:24-1662,config,,,extends,Ieee802154Power,
EnergyEfficient-6-20260924-21:41:24-1662,config,,,sim-time-limit,100s,
EnergyEfficient-6-20260924-21:41:24-1662,config,,,repeat,10,
EnergyEfficient-6-20260924-21:41:24-1662,config,,,**.wlan[*].typename,EnergyEfficientIeee802154Interface,
EnergyEfficient-6-20260924-21:41:24-1662,config,,,**.wlan[*].mac.beaconOrder,6,
EnergyEfficient-6-20260924-21:41:24-1662,config,,,**.wlan[*].mac.superframeOrder,2,
EnergyEfficient-6-20260924-21:41:24-1662,config,,,*.controller.wlan[*].mac.coordinator,true,
EnergyEfficient-6-20260924-21:41:24-1662,config,,,*.sensor*.wlan[*].mac.coordinator,false,
EnergyEfficient-6-20260924-21:41:24-1662,config,,,*.lamp*.wlan[*].mac.coordinator,false,
EnergyEfficient-6-20260924-21:41:24-1662,config,,,extends,Ieee802154,
EnergyEfficient-6-20260924-21:41:24-1662,config,,,sim-time-limit,100s,
EnergyEfficient-6-20260924-21:41:24-1662,config,,,repeat,10,
EnergyEfficient-6-20260924-21:41:24-1662,config,,,**.energyStorage.residualEnergyCapacity.result-recording-modes,+last,
EnergyEfficient-6-20260924-21:41:24-1662,config,,,network,Ieee802154Showcase,
EnergyEfficient-6-20260924-21:41:24-1662,config,,,**.arp.typename,GlobalArp,
EnergyEfficient-6-20260924-21:41:24-1662,config,,,**.netmaskRoutes,"""""",
EnergyEfficient-6-20260924-21:41:24-1662,config,,,*.radioMedium.backgroundNoise.power,-110dBm,
EnergyEfficient-6-20260924-21:41:24-1662,config,,,*.configurator.config,"xmldoc(""startopology.xml"")",
EnergyEfficient-6-20260924-21:41:24-1662,config,,,*.configurator.addStaticRoutes,false,
EnergyEfficient-6-20260924-21:41:24-1662,config,,,*.sensor*.numApps,1,
EnergyEfficient-6-20260924-21:41:24-1662,config,,,*.sensor*.app[*].typename,UdpBasicApp,
EnergyEfficient-6-20260924-21:41:24-1662,config,,,*.sensor*.app[*].destAddresses,"""controller""",
EnergyEfficient-6-20260924-21:41:24-1662,config,,,*.sensor*.app[*].destPort,1000,
EnergyEfficient-6-20260924-21:41:24-1662,config,,,*.sensor*.app[*].sendInterval,1s,
EnergyEfficient-6-20260924-21:41:24-1662,config,,,*.sensor*.app[*].startTime,"uniform(0s,1s)",
EnergyEfficient-6-20260924-21:41:24-1662,config,,,*.sensor*.app[*].messageLength,10Byte,
EnergyEfficient-6-20260924-21:41:24-1662,config,,,*.sensor*.app[*].packetName,"""SensorData""",
EnergyEfficient-6-20260924-21:41:24-1662,config,,,*.controller.numApps,2,
EnergyEfficient-6-20260924-21:41:24-1662,config,,,*.controller.app[0].typename,UdpBasicApp,
EnergyEfficient-6-20260924-21:41:24-1662,config,,,*.controller.app[0].destAddresses,"""lamp1 lamp2 lamp3 lamp4 lamp5 lamp6 lamp7 lamp8""",
EnergyEfficient-6-20260924-21:41:24-1662,config,,,*.controller.app[0].destPort,1000,
EnergyEfficient-6-20260924-21:41:24-1662,config,,,*.controller.app[0].sendInterval,1s,
EnergyEfficient-6-20260924-21:41:24-1662,config,,,*.controller.app[0].startTime,exponential(1s),
EnergyEfficient-6-20260924-21:41:24-1662,config,,,*.controller.app[0].messageLength,10Byte,
EnergyEfficient-6-20260924-21:41:24-1662,config,,,*.controller.app[0].packetName,"""ControlData""",
EnergyEfficient-6-20260924-21:41:24-1662,config,,,*.controller.app[1].typename,UdpSink,
EnergyEfficient-6-20260924-21:41:24-1662,config,,,*.controller.app[1].localPort,1000,
EnergyEfficient-6-20260924-21:41:24-1662,config,,,*.lamp*.numApps,1,
EnergyEfficient-6-20260924-21:41:24-1662,config,,,*.lamp*.app[0].typename,UdpSink,
EnergyEfficient-6-20260924-21:41:24-1662,config,,,*.lamp*.app[0].localPort,1000,
EnergyEfficient-6-20260924-21:41:24-1662,config,,,*.visualizer.routingTableVisualizer[0].displayRoutingTables,false,
EnergyEfficient-6-20260924-21:41:24-1662,config,,,*.visualizer.routingTableVisualizer[0].displayRoutesIndividually,false,
EnergyEfficient-6-20260924-21:41:24-1662,config,,,*.visualizer.routingTableVisualizer[0].lineShift,0,
EnergyEfficient-6-20260924-21:41:24-1662,config,,,*.visualizer.routingTableVisualizer[0].displayLabels,false,
EnergyEfficient-6-20260924-21:41:24-1662,config,,,*.visualizer.interfaceTableVisualizer[0].displayInterfaceTables,false,
EnergyEfficient-6-20260924-21:41:24-1662,config,,,*.visualizer.numDataLinkVisualizers,2,
EnergyEfficient-6-20260924-21:41:24-1662,config,,,*.visualizer.dataLinkVisualizer[*].displayLinks,true,
EnergyEfficient-6-20260924-21:41:24-1662,config,,,*.visualizer.dataLinkVisualizer[0].nodeFilter,"""sensor* or controller""",
EnergyEfficient-6-20260924-21:41:24-1662,config,,,*.visualizer.dataLinkVisualizer[1].*Color,"""blue""",
EnergyEfficient-6-20260924-21:41:24-1662,config,,,*.visualizer.dataLinkVisualizer[1].nodeFilter,"""lamp* or controller""",
EnergyEfficient-6-20260924-21:41:24-1662,config,,,*.visualizer.numStatisticVisualizers,2,
EnergyEfficient-6-20260924-21:41:24-1662,config,,,*.visualizer.statisticVisualizer[*].zIndex,1,
EnergyEfficient-6-20260924-21:41:24-1662,config,,,*.visualizer.statisticVisualizer[0].displayStatistics,true,
EnergyEfficient-6-20260924-21:41:24-1662,config,,,*.visualizer.statisticVisualizer[0].signalName,"""packetSent""",
EnergyEfficient-6-20260924-21:41:24-1662,config,,,*.visualizer.statisticVisualizer[0].statisticExpression,"""count""",
EnergyEfficient-6-20260924-21:41:24-1662,config,,,*.visualizer.statisticVisualizer[0].sourceFilter,"""**.controller.udp OR **.sensor*.udp""",
EnergyEfficient-6-20260924-21:41:24-1662,config,,,*.visualizer.statisticVisualizer[0].format,"""sent: %v pks""",
EnergyEfficient-6-20260924-21:41:24-1662,config,,,*.visualizer.statisticVisualizer[1].displayStatistics,true,
EnergyEfficient-6-20260924-21:41:24-1662,config,,,*.visualizer.statisticVisualizer[1].signalName,"""packetReceived""",
EnergyEfficient-6-20260924-21:41:24-1662,config,,,*.visualizer.statisticVisualizer[1].statisticExpression,"""count""",
EnergyEfficient-6-20260924-21:41:24-1662,config,,,*.visualizer.statisticVisualizer[1].sourceFilter,"""**.controller.udp OR **.lamp*.udp""",
EnergyEfficient-6-20260924-21:41:24-1662,config,,,*.visualizer.statisticVisualizer[1].format,"""rcvd: %v pks""",
EnergyEfficient-7-20260924-21:41:25-1662,runattr,,,configname,EnergyEfficient,
EnergyEfficient-7-20260924-21:41:25-1662,runattr,,,datetime,20260924-21:41:25,
EnergyEfficient-7-20260924-21:41:25-1662,runattr,,,datetimef,20260924-214125,
EnergyEfficient-7-20260924-21:41:25-1662,runattr,,,experiment,EnergyEfficient,
EnergyEfficient-7-20260924-21:41:25-1662,runattr,,,inifile,omnetpp.ini,
EnergyEfficient-7-20260924-21:41:25-1662,runattr,,,iterationvars,,
EnergyEfficient-7-20260924-21:41:25-1662,runattr,,,iterationvarsd,,
EnergyEfficient-7-20260924-21:41:25-1662,runattr,,,iterationvarsf,,
EnergyEfficient-7-20260924-21:41:25-1662,runattr,,,measurement,,
EnergyEfficient-7-20260924-21:41:25-1662,runattr,,,network,Ieee802154Showcase,
EnergyEfficient-7-20260924-21:41:25-1662,runattr,,,processid,1662,
EnergyEfficient-7-20260924-21:41:25-1662,runattr,,,repetition,7,
EnergyEfficient-7-20260924-21:41:25-1662,runattr,,,replication,#7,
EnergyEfficient-7-20260924-21:41:25-1662,runattr,,,resultdir,results,
EnergyEfficient-7-20260924-21:41:25-1662,runattr,,,runnumber,7,
EnergyEfficient-7-20260924-21:41:25-1662,runattr,,,seedset,7,
EnergyEfficient-7-20260924-21:41:25-1662,config,,,extends,Ieee802154Power,
EnergyEfficient-7-20260924-21:41:25-1662,config,,,sim-time-limit,100s,
EnergyEfficient-7-20260924-21:41:25-1662,config,,,repeat,10,
EnergyEfficient-7-20260924-21:41:25-1662,config,,,**.wlan[*].typename,EnergyEfficientIeee802154Interface,
EnergyEfficient-7-20260924-21:41:25-1662,config,,,**.wlan[*].mac.beaconOrder,6,
EnergyEfficient-7-20260924-21:41:25-1662,config,,,**.wlan[*].mac.superframeOrder,2,
EnergyEfficient-7-20260924-21:41:25-1662,config,,,*.controller.wlan[*].mac.coordinator,true,
EnergyEfficient-7-20260924-21:41:25-1662,config,,,*.sensor*.wlan[*].mac.coordinator,false,
EnergyEfficient-7-20260924-21:41:25-1662,config,,,*.lamp*.wlan[*].mac.coordinator,false,
EnergyEfficient-7-20260924-21:41:25-1662,config,,,extends,Ieee802154,
EnergyEfficient-7-20260924-21:41:25-1662,config,,,sim-time-limit,100s,
EnergyEfficient-7-20260924-21:41:25-1662,config,,,repeat,10,
EnergyEfficient-7-20260924-21:41:25-1662,config,,,**.energyStorage.residualEnergyCapacity.result-recording-modes,+last,
EnergyEfficient-7-20260924-21:41:25-1662,config,,,network,Ieee802154Showcase,
EnergyEfficient-7-20260924-21:41:25-1662,config,,,**.arp.typename,GlobalArp,
EnergyEfficient-7-20260924-21:41:25-1662,config,,,**.netmaskRoutes,"""""",
EnergyEfficient-7-20260924-21:41:25-1662,config,,,*.radioMedium.backgroundNoise.power,-110dBm,
EnergyEfficient-7-20260924-21:41:25-1662,config,,,*.configurator.config,"xmldoc(""startopology.xml"")",
EnergyEfficient-7-20260924-21:41:25-1662,config,,,*.configurator.addStaticRoutes,false,
EnergyEfficient-7-20260924-21:41:25-1662,config,,,*.sensor*.numApps,1,
EnergyEfficient-7-20260924-21:41:25-1662,config,,,*.sensor*.app[*].typename,UdpBasicApp,
EnergyEfficient-7-20260924-21:41:25-1662,config,,,*.sensor*.app[*].destAddresses,"""controller""",
EnergyEfficient-7-20260924-21:41:25-1662,config,,,*.sensor*.app[*].destPort,1000,
EnergyEfficient-7-20260924-21:41:25-1662,config,,,*.sensor*.app[*].sendInterval,1s,
EnergyEfficient-7-20260924-21:41:25-1662,config,,,*.sensor*.app[*].startTime,"uniform(0s,1s)",
EnergyEfficient-7-20260924-21:41:25-1662,config,,,*.sensor*.app[*].messageLength,10Byte,
EnergyEfficient-7-20260924-21:41:25-1662,config,,,*.sensor*.app[*].packetName,"""SensorData""",
EnergyEfficient-7-20260924-21:41:25-1662,config,,,*.controller.numApps,2,
EnergyEfficient-7-20260924-21:41:25-1662,config,,,*.controller.app[0].typename,UdpBasicApp,
EnergyEfficient-7-20260924-21:41:25-1662,config,,,*.controller.app[0].destAddresses,"""lamp1 lamp2 lamp3 lamp4 lamp5 lamp6 lamp7 lamp8""",
EnergyEfficient-7-20260924-21:41:25-1662,config,,,*.controller.app[0].destPort,1000,
EnergyEfficient-7-20260924-21:41:25-1662,config,,,*.controller.app[0].sendInterval,1s,
EnergyEfficient-7-20260924-21:41:25-1662,config,,,*.controller.app[0].startTime,exponential(1s),
EnergyEfficient-7-20260924-21:41:25-1662,config,,,*.controller.app[0].messageLength,10Byte,
EnergyEfficient-7-20260924-21:41:25-1662,config,,,*.controller.app[0].packetName,"""ControlData""",
EnergyEfficient-7-20260924-21:41:25-1662,config,,,*.controller.app[1].typename,UdpSink,
EnergyEfficient-7-20260924-21:41:25-1662,config,,,*.controller.app[1].localPort,1000,
EnergyEfficient-7-20260924-21:41:25-1662,config,,,*.lamp*.numApps,1,
EnergyEfficient-7-20260924-21:41:25-1662,config,,,*.lamp*.app[0].typename,UdpSink,
EnergyEfficient-7-20260924-21:41:25-1662,config,,,*.lamp*.app[0].localPort,1000,
EnergyEfficient-7-20260924-21:41:25-1662,config,,,*.visualizer.routingTableVisualizer[0].displayRoutingTables,false,
EnergyEfficient-7-20260924-21:41:25-1662,config,,,*.visualizer.routingTableVisualizer[0].displayRoutesIndividually,false,
EnergyEfficient-7-20260924-21:41:25-1662,config,,,*.visualizer.routingTableVisualizer[0].lineShift,0,
EnergyEfficient-7-20260924-21:41:25-1662,config,,,*.visualizer.routingTableVisualizer[0].displayLabels,false,
EnergyEfficient-7-20260924-21:41:25-1662,config,,,*.visualizer.interfaceTableVisualizer[0].displayInterfaceTables,false,
EnergyEfficient-7-20260924-21:41:25-1662,config,,,*.visualizer.numDataLinkVisualizers,2,
EnergyEfficient-7-20260924-21:41:25-1662,config,,,*.visualizer.dataLinkVisualizer[*].displayLinks,true,
EnergyEfficient-7-20260924-21:41:25-1662,config,,,*.visualizer.dataLinkVisualizer[0].nodeFilter,"""sensor* or controller""",
EnergyEfficient-7-20260924-21:41:25-1662,config,,,*.visualizer.dataLinkVisualizer[1].*Color,"""blue""",
EnergyEfficient-7-20260924-21:41:25-1662,config,,,*.visualizer.dataLinkVisualizer[1].nodeFilter,"""lamp* or controller""",
EnergyEfficient-7-20260924-21:41:25-1662,config,,,*.visualizer.numStatisticVisualizers,2,
EnergyEfficient-7-20260924-21:41:25-1662,config,,,*.visualizer.statisticVisualizer[*].zIndex,1,
EnergyEfficient-7-20260924-21:41:25-1662,config,,,*.visualizer.statisticVisualizer[0].displayStatistics,true,
EnergyEfficient-7-20260924-21:41:25-1662,config,,,*.visualizer.statisticVisualizer[0].signalName,"""packetSent""",
EnergyEfficient-7-20260924-21:41:25-1662,config,,,*.visualizer.statisticVisualizer[0].statisticExpression,"""count""",
EnergyEfficient-7-20260924-21:41:25-1662,config,,,*.visualizer.statisticVisualizer[0].sourceFilter,"""**.controller.udp OR **.sensor*.udp""",
EnergyEfficient-7-20260924-21:41:25-1662,config,,,*.visualizer.statisticVisualizer[0].format,"""sent: %v pks""",
EnergyEfficient-7-20260924-21:41:25-1662,config,,,*.visualizer.statisticVisualizer[1].displayStatistics,true,
EnergyEfficient-7-20260924-21:41:25-1662,config,,,*.visualizer.statisticVisualizer[1].signalName,"""packetReceived""",
EnergyEfficient-7-20260924-21:41:25-1662,config,,,*.visualizer.statisticVisualizer[1].statisticExpression,"""count""",
EnergyEfficient-7-20260924-21:41:25-1662,config,,,*.visualizer.statisticVisualizer[1].sourceFilter,"""**.controller.udp OR **.lamp*.udp""",
EnergyEfficient-7-20260924-21:41:25-1662,config,,,*.visualizer.statisticVisualizer[1].format,"""rcvd: %v pks""",
EnergyEfficient-8-20260924-21:41:26-1662,runattr,,,configname,EnergyEfficient,
EnergyEfficient-8-20260924-21:41:26-1662,runattr,,,datetime,20260924-21:41:26,
EnergyEfficient-8-20260924-21:41:26-1662,runattr,,,datetimef,20260924-214126,
EnergyEfficient-8-20260924-21:41:26-1662,runattr,,,experiment,EnergyEfficient,
EnergyEfficient-8-20260924-21:41:26-1662,runattr,,,inifile,omnetpp.ini,
EnergyEfficient-8-20260924-21:41:26-1662,runattr,,,iterationvars,,
EnergyEfficient-8-20260924-21:41:26-1662,runattr,,,iterationvarsd,,
EnergyEfficient-8-20260924-21:41:26-1662,runattr,,,iterationvarsf,,
EnergyEfficient-8-20260924-21:41:26-1662,runattr,,,measurement,,
EnergyEfficient-8-20260924-21:41:26-1662,runattr,,,network,Ieee802154Showcase,
EnergyEfficient-8-20260924-21:41:26-1662,runattr,,,processid,1662,
EnergyEfficient-8-20260924-21:41:26-1662,runattr,,,repetition,8,
EnergyEfficient-8-20260924-21:41:26-1662,runattr,,,replication,#8,
EnergyEfficient-8-20260924-21:41:26-1662,runattr,,,resultdir,results,
EnergyEfficient-8-20260924-21:41:26-1662,runattr,,,runnumber,8,
EnergyEfficient-8-20260924-21:41:26-1662,runattr,,,seedset,8,
EnergyEfficient-8-20260924-21:41:26-1662,config,,,extends,Ieee802154Power,
EnergyEfficient-8-20260924-21:41:26-1662,config,,,sim-time-limit,100s,
EnergyEfficient-8-20260924-21:41:26-1662,config,,,repeat,10,
EnergyEfficient-8-20260924-21:41:26-1662,config,,,**.wlan[*].typename,EnergyEfficientIeee802154Interface,
EnergyEfficient-8-20260924-21:41:26-1662,config,,,**.wlan[*].mac.beaconOrder,6,
EnergyEfficient-8-20260924-21:41:26-1662,config,,,**.wlan[*].mac.superframeOrder,2,
EnergyEfficient-8-20260924-21:41:26-1662,config,,,*.controller.wlan[*].mac.coordinator,true,
EnergyEfficient-8-20260924-21:41:26-1662,config,,,*.sensor*.wlan[*].mac.coordinator,false,
EnergyEfficient-8-20260924-21:41:26-1662,config,,,*.lamp*.wlan[*].mac.coordinator,false,
EnergyEfficient-8-20260924-21:41:26-1662,config,,,extends,Ieee802154,
EnergyEfficient-8-20260924-21:41:26-1662,config,,,sim-time-limit,100s,
EnergyEfficient-8-20260924-21:41:26-1662,config,,,repeat,10,
EnergyEfficient-8-20260924-21:41:26-1662,config,,,**.energyStorage.residualEnergyCapacity.result-recording-modes,+last,
EnergyEfficient-8-20260924-21:41:26-1662,config,,,network,Ieee802154Showcase,
EnergyEfficient-8-20260924-21:41:26-1662,config,,,**.arp.typename,GlobalArp,
EnergyEfficient-8-20260924-21:41:26-1662,config,,,**.netmaskRoutes,"""""",
EnergyEfficient-8-20260924-21:41:26-1662,config,,,*.radioMedium.backgroundNoise.power,-110dBm,
EnergyEfficient-8-20260924-21:41:26-1662,config,,,*.configurator.config,"xmldoc(""startopology.xml"")",
EnergyEfficient-8-20260924-21:41:26-1662,config,,,*.configurator.addStaticRoutes,false,
EnergyEfficient-8-20260924-21:41:26-1662,config,,,*.sensor*.numApps,1,
EnergyEfficient-8-20260924-21:41:26-1662,config,,,*.sensor*.app[*].typename,UdpBasicApp,
EnergyEfficient-8-20260924-21:41:26-1662,config,,,*.sensor*.app[*].destAddresses,"""controller""",
EnergyEfficient-8-20260924-21:41:26-1662,config,,,*.sensor*.app[*].destPort,1000,
EnergyEfficient-8-20260924-21:41:26-1662,config,,,*.sensor*.app[*].sendInterval,1s,
EnergyEfficient-8-20260924-21:41:26-1662,config,,,*.sensor*.app[*].startTime,"uniform(0s,1s)",
EnergyEfficient-8-20260924-21:41:26-1662,config,,,*.sensor*.app[*].messageLength,10Byte,
EnergyEfficient-8-20260924-21:41:26-1662,config,,,*.sensor*.app[*].packetName,"""SensorData""",
EnergyEfficient-8-20260924-21:41:26-1662,config,,,*.controller.numApps,2,
EnergyEfficient-8-20260924-21:41:26-1662,config,,,*.controller.app[0].typename,UdpBasicApp,
EnergyEfficient-8-20260924-21:41:26-1662,config,,,*.controller.app[0].destAddresses,"""lamp1 lamp2 lamp3 lamp4 lamp5 lamp6 lamp7 lamp8""",
EnergyEfficient-8-20260924-21:41:26-1662,config,,,*.controller.app[0].destPort,1000,
EnergyEfficient-8-20260924-21:41:26-1662,config,,,*.controller.app[0].sendInterval,1s,
EnergyEfficient-8-20260924-21:41:26-1662,config,,,*.controller.app[0].startTime,exponential(1s),
EnergyEfficient-8-20260924-21:41:26-1662,config,,,*.controller.app[0].messageLength,10Byte,
EnergyEfficient-8-20260924-21:41:26-1662,config,,,*.controller.app[0].packetName,"""ControlData""",
EnergyEfficient-8-20260924-21:41:26-1662,config,,,*.controller.app[1].typename,UdpSink,
EnergyEfficient-8-20260924-21:41:26-1662,config,,,*.controller.app[1].localPort,1000,
EnergyEfficient-8-20260924-21:41:26-1662,config,,,*.lamp*.numApps,1,
EnergyEfficient-8-20260924-21:41:26-1662,config,,,*.lamp*.app[0].typename,UdpSink,
EnergyEfficient-8-20260924-21:41:26-1662,config,,,*.lamp*.app[0].localPort,1000,
EnergyEfficient-8-20260924-21:41:26-1662,config,,,*.visualizer.routingTableVisualizer[0].displayRoutingTables,false,
EnergyEfficient-8-20260924-21:41:26-1662,config,,,*.visualizer.routingTableVisualizer[0].displayRoutesIndividually,false,
EnergyEfficient-8-20260924-21:41:26-1662,config,,,*.visualizer.routingTableVisualizer[0].lineShift,0,
EnergyEfficient-8-20260924-21:41:26-1662,config,,,*.visualizer.routingTableVisualizer[0].displayLabels,false,
EnergyEfficient-8-20260924-21:41:26-1662,config,,,*.visualizer.interfaceTableVisualizer[0].displayInterfaceTables,false,
EnergyEfficient-8-20260924-21:41:26-1662,config,,,*.visualizer.numDataLinkVisualizers,2,
EnergyEfficient-8-20260924-21:41:26-1662,config,,,*.visualizer.dataLinkVisualizer[*].displayLinks,true,
EnergyEfficient-8-20260924-21:41:26-1662,config,,,*.visualizer.dataLinkVisualizer[0].nodeFilter,"""sensor* or controller""",
EnergyEfficient-8-20260924-21:41:26-1662,config,,,*.visualizer.dataLinkVisualizer[1].*Color,"""blue""",
EnergyEfficient-8-20260924-21:41:26-1662,config,,,*.visualizer.dataLinkVisualizer[1].nodeFilter,"""lamp* or controller""",
EnergyEfficient-8-20260924-21:41:26-1662,config,,,*.visualizer.numStatisticVisualizers,2,
EnergyEfficient-8-20260924-21:41:26-1662,config,,,*.visualizer.statisticVisualizer[*].zIndex,1,
EnergyEfficient-8-20260924-21:41:26-1662,config,,,*.visualizer.statisticVisualizer[0].displayStatistics,true,
EnergyEfficient-8-20260924-21:41:26-1662,config,,,*.visualizer.statisticVisualizer[0].signalName,"""packetSent""",
EnergyEfficient-8-20260924-21:41:26-1662,config,,,*.visualizer.statisticVisualizer[0].statisticExpression,"""count""",
EnergyEfficient-8-20260924-21:41:26-1662,config,,,*.visualizer.statisticVisualizer[0].sourceFilter,"""**.controller.udp OR **.sensor*.udp""",
EnergyEfficient-8-20260924-21:41:26-1662,config,,,*.visualizer.statisticVisualizer[0].format,"""sent: %v pks""",
EnergyEfficient-8-20260924-21:41:26-1662,config,,,*.visualizer.statisticVisualizer[1].displayStatistics,true,
EnergyEfficient-8-20260924-21:41:26-1662,config,,,*.visualizer.statisticVisualizer[1].signalName,"""packetReceived""",
EnergyEfficient-8-20260924-21:41:26-1662,config,,,*.visualizer.statisticVisualizer[1].statisticExpression,"""count""",
EnergyEfficient-8-20260924-21:41:26-1662,config,,,*.visualizer.statisticVisualizer[1].sourceFilter,"""**.controller.udp OR **.lamp*.udp""",
EnergyEfficient-8-20260924-21:41:26-1662,config,,,*.visualizer.statisticVisualizer[1].format,"""rcvd: %v pks""",
EnergyEfficient-9-20260924-21:41:27-1662,runattr,,,configname,EnergyEfficient,
EnergyEfficient-9-20260924-21:41:27-1662,runattr,,,datetime,20260924-21:41:27,
EnergyEfficient-9-20260924-21:41:27-1662,runattr,,,datetimef,20260924-214127,
EnergyEfficient-9-20260924-21:41:27-1662,runattr,,,experiment,EnergyEfficient,
EnergyEfficient-9-20260924-21:41:27-1662,runattr,,,inifile,omnetpp.ini,
EnergyEfficient-9-20260924-21:41:27-1662,runattr,,,iterationvars,,
EnergyEfficient-9-20260924-21:41:27-1662,runattr,,,iterationvarsd,,
EnergyEfficient-9-20260924-21:41:27-1662,runattr,,,iterationvarsf,,
EnergyEfficient-9-20260924-21:41:27-1662,runattr,,,measurement,,
EnergyEfficient-9-20260924-21:41:27-1662,runattr,,,network,Ieee802154Showcase,
EnergyEfficient-9-20260924-21:41:27-1662,runattr,,,processid,1662,
EnergyEfficient-9-20260924-21:41:27-1662,runattr,,,repetition,9,
EnergyEfficient-9-20260924-21:41:27-1662,runattr,,,replication,#9,
EnergyEfficient-9-20260924-21:41:27-1662,runattr,,,resultdir,results,
EnergyEfficient-9-20260924-21:41:27-1662,runattr,,,runnumber,9,
EnergyEfficient-9-20260924-21:41:27-1662,runattr,,,seedset,9,
EnergyEfficient-9-20260924-21:41:27-1662,config,,,extends,Ieee802154Power,
EnergyEfficient-9-20260924-21:41:27-1662,config,,,sim-time-limit,100s,
EnergyEfficient-9-20260924-21:41:27-1662,config,,,repeat,10,
EnergyEfficient-9-20260924-21:41:27-1662,config,,,**.wlan[*].typename,EnergyEfficientIeee802154Interface,
EnergyEfficient-9-20260924-21:41:27-1662,config,,,**.wlan[*].mac.beaconOrder,6,
EnergyEfficient-9-20260924-21:41:27-1662,config,,,**.wlan[*].mac.superframeOrder,2,
EnergyEfficient-9-20260924-21:41:27-1662,config,,,*.controller.wlan[*].mac.coordinator,true,
EnergyEfficient-9-20260924-21:41:27-1662,config,,,*.sensor*.wlan[*].mac.coordinator,false,
EnergyEfficient-9-20260924-21:41:27-1662,config,,,*.lamp*.wlan[*].mac.coordinator,false,
EnergyEfficient-9-20260924-21:41:27-1662,config,,,extends,Ieee802154,
EnergyEfficient-9-20260924-21:41:27-1662,config,,,sim-time-limit,100s,
EnergyEfficient-9-20260924-21:41:27-1662,config,,,repeat,10,
EnergyEfficient-9-20260924-21:41:27-1662,config,,,**.energyStorage.residualEnergyCapacity.result-recording-modes,+last,
EnergyEfficient-9-20260924-21:41:27-1662,config,,,network,Ieee802154Showcase,
EnergyEfficient-9-20260924-21:41:27-1662,config,,,**.arp.typename,GlobalArp,
EnergyEfficient-9-20260924-21:41:27-1662,config,,,**.netmaskRoutes,"""""",
EnergyEfficient-9-20260924-21:41:27-1662,config,,,*.radioMedium.backgroundNoise.power,-110dBm,
EnergyEfficient-9-20260924-21:41:27-1662,config,,,*.configurator.config,"xmldoc(""startopology.xml"")",
EnergyEfficient-9-20260924-21:41:27-1662,config,,,*.configurator.addStaticRoutes,false,
EnergyEfficient-9-20260924-21:41:27-1662,config,,,*.sensor*.numApps,1,
EnergyEfficient-9-20260924-21:41:27-1662,config,,,*.sensor*.app[*].typename,UdpBasicApp,
EnergyEfficient-9-20260924-21:41:27-1662,config,,,*.sensor*.app[*].destAddresses,"""controller""",
EnergyEfficient-9-20260924-21:41:27-1662,config,,,*.sensor*.app[*].destPort,1000,
EnergyEfficient-9-20260924-21:41:27-1662,config,,,*.sensor*.app[*].sendInterval,1s,
EnergyEfficient-9-20260924-21:41:27-1662,config,,,*.sensor*.app[*].startTime,"uniform(0s,1s)",
EnergyEfficient-9-20260924-21:41:27-1662,config,,,*.sensor*.app[*].messageLength,10Byte,
EnergyEfficient-9-20260924-21:41:27-1662,config,,,*.sensor*.app[*].packetName,"""SensorData""",
EnergyEfficient-9-20260924-21:41:27-1662,config,,,*.controller.numApps,2,
EnergyEfficient-9-20260924-21:41:27-1662,config,,,*.controller.app[0].typename,UdpBasicApp,
EnergyEfficient-9-20260924-21:41:27-1662,config,,,*.controller.app[0].destAddresses,"""lamp1 lamp2 lamp3 lamp4 lamp5 lamp6 lamp7 lamp8""",
EnergyEfficient-9-20260924-21:41:27-1662,config,,,*.controller.app[0].destPort,1000,
EnergyEfficient-9-20260924-21:41:27-1662,config,,,*.controller.app[0].sendInterval,1s,
EnergyEfficient-9-20260924-21:41:27-1662,config,,,*.controller.app[0].startTime,exponential(1s),
EnergyEfficient-9-20260924-21:41:27-1662,config,,,*.controller.app[0].messageLength,10Byte,
EnergyEfficient-9-20260924-21:41:27-1662,config,,,*.controller.app[0].packetName,"""ControlData""",
EnergyEfficient-9-20260924-21:41:27-1662,config,,,*.controller.app[1].typename,UdpSink,
EnergyEfficient-9-20260924-21:41:27-1662,config,,,*.controller.app[1].localPort,1000,
EnergyEfficient-9-20260924-21:41:27-1662,config,,,*.lamp*.numApps,1,
EnergyEfficient-9-20260924-21:41:27-1662,config,,,*.lamp*.app[0].typename,UdpSink,
EnergyEfficient-9-20260924-21:41:27-1662,config,,,*.lamp*.app[0].localPort,1000,
EnergyEfficient-9-20260924-21:41:27-1662,config,,,*.visualizer.routingTableVisualizer[0].displayRoutingTables,false,
EnergyEfficient-9-20260924-21:41:27-1662,config,,,*.visualizer.routingTableVisualizer[0].displayRoutesIndividually,false,
EnergyEfficient-9-20260924-21:41:27-1662,config,,,*.visualizer.routingTableVisualizer[0].lineShift,0,
EnergyEfficient-9-20260924-21:41:27-1662,config,,,*.visualizer.routingTableVisualizer[0].displayLabels,false,
EnergyEfficient-9-20260924-21:41:27-1662,config,,,*.visualizer.interfaceTableVisualizer[0].displayInterfaceTables,false,
EnergyEfficient-9-20260924-21:41:27-1662,config,,,*.visualizer.numDataLinkVisualizers,2,
EnergyEfficient-9-20260924-21:41:27-1662,config,,,*.visualizer.dataLinkVisualizer[*].displayLinks,true,
EnergyEfficient-9-20260924-21:41:27-1662,config,,,*.visualizer.dataLinkVisualizer[0].nodeFilter,"""sensor* or controller""",
EnergyEfficient-9-20260924-21:41:27-1662,config,,,*.visualizer.dataLinkVisualizer[1].*Color,"""blue""",
EnergyEfficient-9-20260924-21:41:27-1662,config,,,*.visualizer.dataLinkVisualizer[1].nodeFilter,"""lamp* or controller""",
EnergyEfficient-9-20260924-21:41:27-1662,config,,,*.visualizer.numStatisticVisualizers,2,
EnergyEfficient-9-20260924-21:41:27-1662,config,,,*.visualizer.statisticVisualizer[*].zIndex,1,
EnergyEfficient-9-20260924-21:41:27-1662,config,,,*.visualizer.statisticVisualizer[0].displayStatistics,true,
EnergyEfficient-9-20260924-21:41:27-1662,config,,,*.visualizer.statisticVisualizer[0].signalName,"""packetSent""",
EnergyEfficient-9-20260924-21:41:27-1662,config,,,*.visualizer.statisticVisualizer[0].statisticExpression,"""count""",
EnergyEfficient-9-20260924-21:41:27-1662,config,,,*.visualizer.statisticVisualizer[0].sourceFilter,"""**.controller.udp OR **.sensor*.udp""",
EnergyEfficient-9-20260924-21:41:27-1662,config,,,*.visualizer.statisticVisualizer[0].format,"""sent: %v pks""",
EnergyEfficient-9-20260924-21:41:27-1662,config,,,*.visualizer.statisticVisualizer[1].displayStatistics,true,
EnergyEfficient-9-20260924-21:41:27-1662,config,,,*.visualizer.statisticVisualizer[1].signalName,"""packetReceived""",
EnergyEfficient-9-20260924-21:41:27-1662,config,,,*.visualizer.statisticVisualizer[1].statisticExpression,"""count""",
EnergyEfficient-9-20260924-21:41:27-1662,config,,,*.visualizer.statisticVisualizer[1].sourceFilter,"""**.controller.udp OR **.lamp*.udp""",
EnergyEfficient-9-20260924-21:41:27-1662,config,,,*.visualizer.statisticVisualizer[1].format,"""rcvd: %v pks""",
EnergyEfficient-0-20260924-21:41:21-1662,scalar,Ieee802154Showcase.sensor1.wlan[0].mac,nbTxFrames,,,153
EnergyEfficient-0-20260924-21:41:21-1662,scalar,Ieee802154Showcase.sensor1.wlan[0].mac,nbRxFrames,,,0
EnergyEfficient-0-20260924-21:41:21-1662,scalar,Ieee802154Showcase.sensor1.wlan[0].mac,nbDroppedFrames,,,0
EnergyEfficient-0-20260924-21:41:21-1662,scalar,Ieee802154Showcase.sensor1.wlan[0].mac,nbMissedAcks,,,55
EnergyEfficient-0-20260924-21:41:21-1662,scalar,Ieee802154Showcase.sensor1.wlan[0].mac,nbRecvdAcks,,,98
EnergyEfficient-0-20260924-21:41:21-1662,scalar,Ieee802154Showcase.sensor1.wlan[0].mac,nbTxAcks,,,0
EnergyEfficient-0-20260924-21:41:21-1662,scalar,Ieee802154Showcase.sensor1.wlan[0].mac,nbDuplicates,,,0
EnergyEfficient-0-20260924-21:41:21-1662,scalar,Ieee802154Showcase.sensor1.wlan[0].mac,meanBackoff,,,0.0024483102493075
EnergyEfficient-0-20260924-21:41:21-1662,scalar,Ieee802154Showcase.sensor1.wlan[0].mac,nbBackoffs,,,361
EnergyEfficient-0-20260924-21:41:21-1662,scalar,Ieee802154Showcase.sensor1.wlan[0].mac,backoffDurations,,,0.88384
EnergyEfficient-0-20260924-21:41:21-1662,scalar,Ieee802154Showcase.sensor1.wlan[0].mac,packetDropNotAddressToUs:count,,,961
EnergyEfficient-0-20260924-21:41:21-1662,attr,Ieee802154Showcase.sensor1.wlan[0].mac,packetDropNotAddressToUs:count,interpolationmode,none,
EnergyEfficient-0-20260924-21:41:21-1662,attr,Ieee802154Showcase.sensor1.wlan[0].mac,packetDropNotAddressToUs:count,recordingmode,count,
EnergyEfficient-0-20260924-21:41:21-1662,attr,Ieee802154Showcase.sensor1.wlan[0].mac,packetDropNotAddressToUs:count,source,packetDropReasonIsNotAddressedToUs(packetDropped),
EnergyEfficient-0-20260924-21:41:21-1662,attr,Ieee802154Showcase.sensor1.wlan[0].mac,packetDropNotAddressToUs:count,title,"packet drop: not addressed to us, count",
EnergyEfficient-0-20260924-21:41:21-1662,scalar,Ieee802154Showcase.sensor1.wlan[0].mac,packetDropNotAddressToUs:sum(packetBytes),,,25469
EnergyEfficient-0-20260924-21:41:21-1662,attr,Ieee802154Showcase.sensor1.wlan[0].mac,packetDropNotAddressToUs:sum(packetBytes),interpolationmode,none,
EnergyEfficient-0-20260924-21:41:21-1662,attr,Ieee802154Showcase.sensor1.wlan[0].mac,packetDropNotAddressToUs:sum(packetBytes),recordingmode,sum(packetBytes),
EnergyEfficient-0-20260924-21:41:21-1662,attr,Ieee802154Showcase.sensor1.wlan[0].mac,packetDropNotAddressToUs:sum(packetBytes),source,packetDropReasonIsNotAddressedToUs(packetDropped),
EnergyEfficient-0-20260924-21:41:21-1662,attr,Ieee802154Showcase.sensor1.wlan[0].mac,packetDropNotAddressToUs:sum(packetBytes),title,"packet drop: not addressed to us, sum(packetBytes)",
EnergyEfficient-0-20260924-21:41:21-1662,scalar,Ieee802154Showcase.sensor1.wlan[0].mac,packetDropIncorrectlyReceived:count,,,17
EnergyEfficient-0-20260924-21:41:21-1662,attr,Ieee802154Showcase.sensor1.wlan[0].mac,packetDropIncorrectlyReceived:count,interpolationmode,none,
EnergyEfficient-0-20260924-21:41:21-1662,attr,Ieee802154Showcase.sensor1.wlan[0].mac,packetDropIncorrectlyReceived:count,recordingmode,count,
EnergyEfficient-0-20260924-21:41:21-1662,attr,Ieee802154Showcase.sensor1.wlan[0].mac,packetDropIncorrectlyReceived:count,source,packetDropReasonIsIncorrectlyReceived(packetDropped),
EnergyEfficient-0-20260924-21:41:21-1662,attr,Ieee802154Showcase.sensor1.wlan[0].mac,packetDropIncorrectlyReceived:count,title,"packet drop: incorrectly received, count",
EnergyEfficient-0-20260924-21:41:21-1662,scalar,Ieee802154Showcase.sensor1.wlan[0].mac,packetDropIncorrectlyReceived:sum(packetBytes),,,589
EnergyEfficient-0-20260924-21:41:21-1662,attr,Ieee802154Showcase.sensor1.wlan[0].mac,packetDropIncorrectlyReceived:sum(packetBytes),interpolationmode,none,
EnergyEfficient-0-20260924-21:41:21-1662,attr,Ieee802154Showcase.sensor1.wlan[0].mac,packetDropIncorrectlyReceived:sum(packetBytes),recordingmode,sum(packetBytes),
EnergyEfficient-0-20260924-21:41:21-1662,attr,Ieee802154Showcase.sensor1.wlan[0].mac,packetDropIncorrectlyReceived:sum(packetBytes),source,packetDropReasonIsIncorrectlyReceived(packetDropped),
EnergyEfficient-0-20260924-21:41:21-1662,attr,Ieee802154Showcase.sensor1.wlan[0].mac,packetDropIncorrectlyReceived:sum(packetBytes),title,"packet drop: incorrectly received, sum(packetBytes)",
EnergyEfficient-0-20260924-21:41:21-1662,scalar,Ieee802154Showcase.sensor1.wlan[0].mac,packetDropQueueOverflow:count,,,0
EnergyEfficient-0-20260924-21:41:21-1662,attr,Ieee802154Showcase.sensor1.wlan[0].mac,packetDropQueueOverflow:count,interpolationmode,none,
EnergyEfficient-0-20260924-21:41:21-1662,attr,Ieee802154Showcase.sensor1.wlan[0].mac,packetDropQueueOverflow:count,recordingmode,count,
EnergyEfficient-0-20260924-21:41:21-1662,attr,Ieee802154Showcase.sensor1.wlan[0].mac,packetDropQueueOverflow:count,source,packetDropReasonIsQueueOverflow(packetDropped),
EnergyEfficient-0-20260924-21:41:21-1662,attr,Ieee802154Showcase.sensor1.wlan[0].mac,packetDropQueueOverflow:count,title,"packet drop: queue overflow, count",
EnergyEfficient-0-20260924-21:41:21-1662,scalar,Ieee802154Showcase.sensor1.wlan[0].mac,packetDropQueueOverflow:sum(packetBytes),,,0
EnergyEfficient-0-20260924-21:41:21-1662,attr,Ieee802154Showcase.sensor1.wlan[0].mac,packetDropQueueOverflow:sum(packetBytes),interpolationmode,none,
EnergyEfficient-0-20260924-21:41:21-1662,attr,Ieee802154Showcase.sensor1.wlan[0].mac,packetDropQueueOverflow:sum(packetBytes),recordingmode,sum(packetBytes),
EnergyEfficient-0-20260924-21:41:21-1662,attr,Ieee802154Showcase.sensor1.wlan[0].mac,packetDropQueueOverflow:sum(packetBytes),source,packetDropReasonIsQueueOverflow(packetDropped),
EnergyEfficient-0-20260924-21:41:21-1662,attr,Ieee802154Showcase.sensor1.wlan[0].mac,packetDropQueueOverflow:sum(packetBytes),title,"packet drop: queue overflow, sum(packetBytes)",
EnergyEfficient-0-20260924-21:41:21-1662,scalar,Ieee802154Showcase.sensor1.wlan[0].mac,packetDropRetryLimitReached:count,,,1
EnergyEfficient-0-20260924-21:41:21-1662,attr,Ieee802154Showcase.sensor1.wlan[0].mac,packetDropRetryLimitReached:count,interpolationmode,none,
EnergyEfficient-0-20260924-21:41:21-1662,attr,Ieee802154Showcase.sensor1.wlan[0].mac,packetDropRetryLimitReached:count,recordingmode,count,
EnergyEfficient-0-20260924-21:41:21-1662,attr,Ieee802154Showcase.sensor1.wlan[0].mac,packetDropRetryLimitReached:count,source,packetDropReasonIsRetryLimitReached(packetDropped),
EnergyEfficient-0-20260924-21:41:21-1662,attr,Ieee802154Showcase.sensor1.wlan[0].mac,packetDropRetryLimitReached:count,title,"packet drop: retry limit reached, count",
EnergyEfficient-0-20260924-21:41:21-1662,scalar,Ieee802154Showcase.sensor1.wlan[0].mac,packetDropRetryLimitReached:sum(packetBytes),,,47
EnergyEfficient-0-20260924-21:41:21-1662,attr,Ieee802154Showcase.sensor1.wlan[0].mac,packetDropRetryLimitReached:sum(packetBytes),interpolationmode,none,
EnergyEfficient-0-20260924-21:41:21-1662,attr,Ieee802154Showcase.sensor1.wlan[0].mac,packetDropRetryLimitReached:sum(packetBytes),recordingmode,sum(packetBytes),
EnergyEfficient-0-20260924-21:41:21-1662,attr,Ieee802154Showcase.sensor1.wlan[0].mac,packetDropRetryLimitReached:sum(packetBytes),source,packetDropReasonIsRetryLimitReached(packetDropped),
EnergyEfficient-0-20260924-21:41:21-1662,attr,Ieee802154Showcase.sensor1.wlan[0].mac,packetDropRetryLimitReached:sum(packetBytes),title,"packet drop: retry limit reached, sum(packetBytes)",
EnergyEfficient-0-20260924-21:41:21-1662,scalar,Ieee802154Showcase.sensor1.wlan[0].mac,packetDropBackoffLimitReached:count,,,0
EnergyEfficient-0-20260924-21:41:21-1662,attr,Ieee802154Showcase.sensor1.wlan[0].mac,packetDropBackoffLimitReached:count,interpolationmode,none,
EnergyEfficient-0-20260924-21:41:21-1662,attr,Ieee802154Showcase.sensor1.wlan[0].mac,packetDropBackoffLimitReached:count,recordingmode,count,
EnergyEfficient-0-20260924-21:41:21-1662,attr,Ieee802154Showcase.sensor1.wlan[0].mac,packetDropBackoffLimitReached:count,source,packetDropReasonIsCongestion(packetDropped),
EnergyEfficient-0-20260924-21:41:21-1662,attr,Ieee802154Showcase.sensor1.wlan[0].mac,packetDropBackoffLimitReached:count,title,"packet drop: backoff limit reached, count",
EnergyEfficient-0-20260924-21:41:21-1662,scalar,Ieee802154Showcase.sensor1.wlan[0].mac,packetDropBackoffLimitReached:sum(packetBytes),,,0
EnergyEfficient-0-20260924-21:41:21-1662,attr,Ieee802154Showcase.sensor1.wlan[0].mac,packetDropBackoffLimitReached:sum(packetBytes),interpolationmode,none,
EnergyEfficient-0-20260924-21:41:21-1662,attr,Ieee802154Showcase.sensor1.wlan[0].mac,packetDropBackoffLimitReached:sum(packetBytes),recordingmode,sum(packetBytes),
EnergyEfficient-0-20260924-21:41:21-1662,attr,Ieee802154Showcase.sensor1.wlan[0].mac,packetDropBackoffLimitReached:sum(packetBytes),source,packetDropReasonIsCongestion(packetDropped),
EnergyEfficient-0-20260924-21:41:21-1662,attr,Ieee802154Showcase.sensor1.wlan[0].mac,packetDropBackoffLimitReached:sum(packetBytes),title,"packet drop: backoff limit reached, sum(packetBytes)",
EnergyEfficient-0-20260924-21:41:21-1662,scalar,Ieee802154Showcase.sensor1.wlan[0].mac,linkBroken:count,,,1
EnergyEfficient-0-20260924-21:41:21-1662,attr,Ieee802154Showcase.sensor1.wlan[0].mac,linkBroken:count,interpolationmode,none,
EnergyEfficient-0-20260924-21:41:21-1662,attr,Ieee802154Showcase.sensor1.wlan[0].mac,linkBroken:count,recordingmode,count,
EnergyEfficient-0-20260924-21:41:21-1662,attr,Ieee802154Showcase.sensor1.wlan[0].mac,linkBroken:count,source,linkBroken,
EnergyEfficient-0-20260924-21:41:21-1662,attr,Ieee802154Showcase.sensor1.wlan[0].mac,linkBroken:count,title,"link break, count",
EnergyEfficient-1-20260924-21:41:22-1662,scalar,Ieee802154Showcase.sensor1.wlan[0].mac,nbTxFrames,,,142
EnergyEfficient-1-20260924-21:41:22-1662,scalar,Ieee802154Showcase.sensor1.wlan[0].mac,nbRxFrames,,,0
EnergyEfficient-1-20260924-21:41:22-1662,scalar,Ieee802154Showcase.sensor1.wlan[0].mac,nbDroppedFrames,,,0
EnergyEfficient-1-20260924-21:41:22-1662,scalar,Ieee802154Showcase.sensor1.wlan[0].mac,nbMissedAcks,,,43
EnergyEfficient-1-20260924-21:41:22-1662,scalar,Ieee802154Showcase.sensor1.wlan[0].mac,nbRecvdAcks,,,99
EnergyEfficient-1-20260924-21:41:22-1662,scalar,Ieee802154Showcase.sensor1.wlan[0].mac,nbTxAcks,,,0
EnergyEfficient-1-20260924-21:41:22-1662,scalar,Ieee802154Showcase.sensor1.wlan[0].mac,nbDuplicates,,,0
EnergyEfficient-1-20260924-21:41:22-1662,scalar,Ieee802154Showcase.sensor1.wlan[0].mac,meanBackoff,,,0.0024720529801324
EnergyEfficient-1-20260924-21:41:22-1662,scalar,Ieee802154Showcase.sensor1.wlan[0].mac,nbBackoffs,,,302
EnergyEfficient-1-20260924-21:41:22-1662,scalar,Ieee802154Showcase.sensor1.wlan[0].mac,backoffDurations,,,0.74656
EnergyEfficient-1-20260924-21:41:22-1662,scalar,Ieee802154Showcase.sensor1.wlan[0].mac,packetDropNotAddressToUs:count,,,959
EnergyEfficient-1-20260924-21:41:22-1662,attr,Ieee802154Showcase.sensor1.wlan[0].mac,packetDropNotAddressToUs:count,interpolationmode,none,
EnergyEfficient-1-20260924-21:41:22-1662,attr,Ieee802154Showcase.sensor1.wlan[0].mac,packetDropNotAddressToUs:count,recordingmode,count,
EnergyEfficient-1-20260924-21:41:22-1662,attr,Ieee802154Showcase.sensor1.wlan[0].mac,packetDropNotAddressToUs:count,source,packetDropReasonIsNotAddressedToUs(packetDropped),
EnergyEfficient-1-20260924-21:41:22-1662,attr,Ieee802154Showcase.sensor1.wlan[0].mac,packetDropNotAddressToUs:count,title,"packet drop: not addressed to us, count",
EnergyEfficient-1-20260924-21:41:22-1662,scalar,Ieee802154Showcase.sensor1.wlan[0].mac,packetDropNotAddressToUs:sum(packetBytes),,,25207
EnergyEfficient-1-20260924-21:41:22-1662,attr,Ieee802154Showcase.sensor1.wlan[0].mac,packetDropNotAddressToUs:sum(packetBytes),interpolationmode,none,
EnergyEfficient-1-20260924-21:41:22-1662,attr,Ieee802154Showcase.sensor1.wlan[0].mac,packetDropNotAddressToUs:sum(packetBytes),recordingmode,sum(packetBytes),
EnergyEfficient-1-20260924-21:41:22-1662,attr,Ieee802154Showcase.sensor1.wlan[0].mac,packetDropNotAddressToUs:sum(packetBytes),source,packetDropReasonIsNotAddressedToUs(packetDropped),
EnergyEfficient-1-20260924-21:41:22-1662,attr,Ieee802154Showcase.sensor1.wlan[0].mac,packetDropNotAddressToUs:sum(packetBytes),title,"packet drop: not addressed to us, sum(packetBytes)",
EnergyEfficient-1-20260924-21:41:22-1662,scalar,Ieee802154Showcase.sensor1.wlan[0].mac,packetDropIncorrectlyReceived:count,,,9
EnergyEfficient-1-20260924-21:41:22-1662,attr,Ieee802154Showcase.sensor1.wlan[0].mac,packetDropIncorrectlyReceived:count,interpolationmode,none,
EnergyEfficient-1-20260924-21:41:22-1662,attr,Ieee802154Showcase.sensor1.wlan[0].mac,packetDropIncorrectlyReceived:count,recordingmode,count,
EnergyEfficient-1-20260924-21:41:22-1662,attr,Ieee802154Showcase.sensor1.wlan[0].mac,packetDropIncorrectlyReceived:count,source,packetDropReasonIsIncorrectlyReceived(packetDropped),
EnergyEfficient-1-20260924-21:41:22-1662,attr,Ieee802154Showcase.sensor1.wlan[0].mac,packetDropIncorrectlyReceived:count,title,"packet drop: incorrectly received, count",
EnergyEfficient-1-20260924-21:41:22-1662,scalar,Ieee802154Showcase.sensor1.wlan[0].mac,packetDropIncorrectlyReceived:sum(packetBytes),,,213
EnergyEfficient-1-20260924-21:41:22-1662,attr,Ieee802154Showcase.sensor1.wlan[0].mac,packetDropIncorrectlyReceived:sum(packetBytes),interpolationmode,none,
EnergyEfficient-1-20260924-21:41:22-1662,attr,Ieee802154Showcase.sensor1.wlan[0].mac,packetDropIncorrectlyReceived:sum(packetBytes),recordingmode,sum(packetBytes),
EnergyEfficient-1-20260924-21:41:22-1662,attr,Ieee802154Showcase.sensor1.wlan[0].mac,packetDropIncorrectlyReceived:sum(packetBytes),source,packetDropReasonIsIncorrectlyReceived(packetDropped),
EnergyEfficient-1-20260924-21:41:22-1662,attr,Ieee802154Showcase.sensor1.wlan[0].mac,packetDropIncorrectlyReceived:sum(packetBytes),title,"packet drop: incorrectly received, sum(packetBytes)",
EnergyEfficient-1-20260924-21:41:22-1662,scalar,Ieee802154Showcase.sensor1.wlan[0].mac,packetDropQueueOverflow:count,,,0
EnergyEfficient-1-20260924-21:41:22-1662,attr,Ieee802154Showcase.sensor1.wlan[0].mac,packetDropQueueOverflow:count,interpolationmode,none,
EnergyEfficient-1-20260924-21:41:22-1662,attr,Ieee802154Showcase.sensor1.wlan[0].mac,packetDropQueueOverflow:count,recordingmode,count,
EnergyEfficient-1-20260924-21:41:22-1662,attr,Ieee802154Showcase.sensor1.wlan[0].mac,packetDropQueueOverflow:count,source,packetDropReasonIsQueueOverflow(packetDropped),
EnergyEfficient-1-20260924-21:41:22-1662,attr,Ieee802154Showcase.sensor1.wlan[0].mac,packetDropQueueOverflow:count,title,"packet drop: queue overflow, count",
EnergyEfficient-1-20260924-21:41:22-1662,scalar,Ieee802154Showcase.sensor1.wlan[0].mac,packetDropQueueOverflow:sum(packetBytes),,,0
EnergyEfficient-1-20260924-21:41:22-1662,attr,Ieee802154Showcase.sensor1.wlan[0].mac,packetDropQueueOverflow:sum(packetBytes),interpolationmode,none,
EnergyEfficient-1-20260924-21:41:22-1662,attr,Ieee802154Showcase.sensor1.wlan[0].mac,packetDropQueueOverflow:sum(packetBytes),recordingmode,sum(packetBytes),
EnergyEfficient-1-20260924-21:41:22-1662,attr,Ieee802154Showcase.sensor1.wlan[0].mac,packetDropQueueOverflow:sum(packetBytes),source,packetDropReasonIsQueueOverflow(packetDropped),
EnergyEfficient-1-20260924-21:41:22-1662,attr,Ieee802154Showcase.sensor1.wlan[0].mac,packetDropQueueOverflow:sum(packetBytes),title,"packet drop: queue overflow, sum(packetBytes)",
EnergyEfficient-1-20260924-21:41:22-1662,scalar,Ieee802154Showcase.sensor1.wlan[0].mac,packetDropRetryLimitReached:count,,,0
EnergyEfficient-1-20260924-21:41:22-1662,attr,Ieee802154Showcase.sensor1.wlan[0].mac,packetDropRetryLimitReached:count,interpolationmode,none,
EnergyEfficient-1-20260924-21:41:22-1662,attr,Ieee802154Showcase.sensor1.wlan[0].mac,packetDropRetryLimitReached:count,recordingmode,count,
EnergyEfficient-1-20260924-21:41:22-1662,attr,Ieee802154Showcase.sensor1.wlan[0].mac,packetDropRetryLimitReached:count,source,packetDropReasonIsRetryLimitReached(packetDropped),
EnergyEfficient-1-20260924-21:41:22-1662,attr,Ieee802154Showcase.sensor1.wlan[0].mac,packetDropRetryLimitReached:count,title,"packet drop: retry limit reached, count",
EnergyEfficient-1-20260924-21:41:22-1662,scalar,Ieee802154Showcase.sensor1.wlan[0].mac,packetDropRetryLimitReached:sum(packetBytes),,,0
EnergyEfficient-1-20260924-21:41:22-1662,attr,Ieee802154Showcase.sensor1.wlan[0].mac,packetDropRetryLimitReached:sum(packetBytes),interpolationmode,none,
EnergyEfficient-1-20260924-21:41:22-1662,attr,Ieee802154Showcase.sensor1.wlan[0].mac,packetDropRetryLimitReached:sum(packetBytes),recordingmode,sum(packetBytes),
EnergyEfficient-1-20260924-21:41:22-1662,attr,Ieee802154Showcase.sensor1.wlan[0].mac,packetDropRetryLimitReached:sum(packetBytes),source,packetDropReasonIsRetryLimitReached(packetDropped),
EnergyEfficient-1-20260924-21:41:22-1662,attr,Ieee802154Showcase.sensor1.wlan[0].mac,packetDropRetryLimitReached:sum(packetBytes),title,"packet drop: retry limit reached, sum(packetBytes)",
EnergyEfficient-1-20260924-21:41:22-1662,scalar,Ieee802154Showcase.sensor1.wlan[0].mac,packetDropBackoffLimitReached:count,,,0
EnergyEfficient-1-20260924-21:41:22-1662,attr,Ieee802154Showcase.sensor1.wlan[0].mac,packetDropBackoffLimitReached:count,interpolationmode,none,
EnergyEfficient-1-20260924-21:41:22-1662,attr,Ieee802154Showcase.sensor1.wlan[0].mac,packetDropBackoffLimitReached:count,recordingmode,count,
EnergyEfficient-1-20260924-21:41:22-1662,attr,Ieee802154Showcase.sensor1.wlan[0].mac,packetDropBackoffLimitReached:count,source,packetDropReasonIsCongestion(packetDropped),
EnergyEfficient-1-20260924-21:41:22-1662,attr,Ieee802154Showcase.sensor1.wlan[0].mac,packetDropBackoffLimitReached:count,title,"packet drop: backoff limit reached, count",
EnergyEfficient-1-20260924-21:41:22-1662,scalar,Ieee802154Showcase.sensor1.wlan[0].mac,packetDropBackoffLimitReached:sum(packetBytes),,,0
EnergyEfficient-1-20260924-21:41:22-1662,attr,Ieee802154Showcase.sensor1.wlan[0].mac,packetDropBackoffLimitReached:sum(packetBytes),interpolationmode,none,
EnergyEfficient-1-20260924-21:41:22-1662,attr,Ieee802154Showcase.sensor1.wlan[0].mac,packetDropBackoffLimitReached:sum(packetBytes),recordingmode,sum(packetBytes),
EnergyEfficient-1-20260924-21:41:22-1662,attr,Ieee802154Showcase.sensor1.wlan[0].mac,packetDropBackoffLimitReached:sum(packetBytes),source,packetDropReasonIsCongestion(packetDropped),
EnergyEfficient-1-20260924-21:41:22-1662,attr,Ieee802154Showcase.sensor1.wlan[0].mac,packetDropBackoffLimitReached:sum(packetBytes),title,"packet drop: backoff limit reached, sum(packetBytes)",
EnergyEfficient-1-20260924-21:41:22-1662,scalar,Ieee802154Showcase.sensor1.wlan[0].mac,linkBroken:count,,,0
EnergyEfficient-1-20260924-21:41:22-1662,attr,Ieee802154Showcase.sensor1.wlan[0].mac,linkBroken:count,interpolationmode,none,
EnergyEfficient-1-20260924-21:41:22-1662,attr,Ieee802154Showcase.sensor1.wlan[0].mac,linkBroken:count,recordingmode,count,
EnergyEfficient-1-20260924-21:41:22-1662,attr,Ieee802154Showcase.sensor1.wlan[0].mac,linkBroken:count,source,linkBroken,
EnergyEfficient-1-20260924-21:41:22-1662,attr,Ieee802154Showcase.sensor1.wlan[0].mac,linkBroken:count,title,"link break, count",
EnergyEfficient-2-20260924-21:41:22-1662,scalar,Ieee802154Showcase.sensor1.wlan[0].mac,nbTxFrames,,,149
EnergyEfficient-2-20260924-21:41:22-1662,scalar,Ieee802154Showcase.sensor1.wlan[0].mac,nbRxFrames,,,0
EnergyEfficient-2-20260924-21:41:22-1662,scalar,Ieee802154Showcase.sensor1.wlan[0].mac,nbDroppedFrames,,,1
EnergyEfficient-2-20260924-21:41:22-1662,scalar,Ieee802154Showcase.sensor1.wlan[0].mac,nbMissedAcks,,,51
EnergyEfficient-2-20260924-21:41:22-1662,scalar,Ieee802154Showcase.sensor1.wlan[0].mac,nbRecvdAcks,,,98
EnergyEfficient-2-20260924-21:41:22-1662,scalar,Ieee802154Showcase.sensor1.wlan[0].mac,nbTxAcks,,,0
EnergyEfficient-2-20260924-21:41:22-1662,scalar,Ieee802154Showcase.sensor1.wlan[0].mac,nbDuplicates,,,0
EnergyEfficient-2-20260924-21:41:22-1662,scalar,Ieee802154Showcase.sensor1.wlan[0].mac,meanBackoff,,,0.0025931707317073
EnergyEfficient-2-20260924-21:41:22-1662,scalar,Ieee802154Showcase.sensor1.wlan[0].mac,nbBackoffs,,,328
EnergyEfficient-2-20260924-21:41:22-1662,scalar,Ieee802154Showcase.sensor1.wlan[0].mac,backoffDurations,,,0.85056
EnergyEfficient-2-20260924-21:41:22-1662,scalar,Ieee802154Showcase.sensor1.wlan[0].mac,packetDropNotAddressToUs:count,,,975
EnergyEfficient-2-20260924-21:41:22-1662,attr,Ieee802154Showcase.sensor1.wlan[0].mac,packetDropNotAddressToUs:count,interpolationmode,none,
EnergyEfficient-2-20260924-21:41:22-1662,attr,Ieee802154Showcase.sensor1.wlan[0].mac,packetDropNotAddressToUs:count,recordingmode,count,
EnergyEfficient-2-20260924-21:41:22-1662,attr,Ieee802154Showcase.sensor1.wlan[0].mac,packetDropNotAddressToUs:count,source,packetDropReasonIsNotAddressedToUs(packetDropped),
EnergyEfficient-2-20260924-21:41:22-1662,attr,Ieee802154Showcase.sensor1.wlan[0].mac,packetDropNotAddressToUs:count,title,"packet drop: not addressed to us, count",
EnergyEfficient-2-20260924-21:41:22-1662,scalar,Ieee802154Showcase.sensor1.wlan[0].mac,packetDropNotAddressToUs:sum(packetBytes),,,25707
EnergyEfficient-2-20260924-21:41:22-1662,attr,Ieee802154Showcase.sensor1.wlan[0].mac,packetDropNotAddressToUs:sum(packetBytes),interpolationmode,none,
EnergyEfficient-2-20260924-21:41:22-1662,attr,Ieee802154Showcase.sensor1.wlan[0].mac,packetDropNotAddressToUs:sum(packetBytes),recordingmode,sum(packetBytes),
EnergyEfficient-2-20260924-21:41:22-1662,attr,Ieee802154Showcase.sensor1.wlan[0].mac,packetDropNotAddressToUs:sum(packetBytes),source,packetDropReasonIsNotAddressedToUs(packetDropped),
EnergyEfficient-2-20260924-21:41:22-1662,attr,Ieee802154Showcase.sensor1.wlan[0].mac,packetDropNotAddressToUs:sum(packetBytes),title,"packet drop: not addressed to us, sum(packetBytes)",
EnergyEfficient-2-20260924-21:41:22-1662,scalar,Ieee802154Showcase.sensor1.wlan[0].mac,packetDropIncorrectlyReceived:count,,,14
EnergyEfficient-2-20260924-21:41:22-1662,attr,Ieee802154Showcase.sensor1.wlan[0].mac,packetDropIncorrectlyReceived:count,interpolationmode,none,
EnergyEfficient-2-20260924-21:41:22-1662,attr,Ieee802154Showcase.sensor1.wlan[0].mac,packetDropIncorrectlyReceived:count,recordingmode,count,
EnergyEfficient-2-20260924-21:41:22-1662,attr,Ieee802154Showcase.sensor1.wlan[0].mac,packetDropIncorrectlyReceived:count,source,packetDropReasonIsIncorrectlyReceived(packetDropped),
EnergyEfficient-2-20260924-21:41:22-1662,attr,Ieee802154Showcase.sensor1.wlan[0].mac,packetDropIncorrectlyReceived:count,title,"packet drop: incorrectly received, count",
EnergyEfficient-2-20260924-21:41:22-1662,scalar,Ieee802154Showcase.sensor1.wlan[0].mac,packetDropIncorrectlyReceived:sum(packetBytes),,,406
EnergyEfficient-2-20260924-21:41:22-1662,attr,Ieee802154Showcase.sensor1.wlan[0].mac,packetDropIncorrectlyReceived:sum(packetBytes),interpolationmode,none,
EnergyEfficient-2-20260924-21:41:22-1662,attr,Ieee802154Showcase.sensor1.wlan[0].mac,packetDropIncorrectlyReceived:sum(packetBytes),recordingmode,sum(packetBytes),
EnergyEfficient-2-20260924-21:41:22-1662,attr,Ieee802154Showcase.sensor1.wlan[0].mac,packetDropIncorrectlyReceived:sum(packetBytes),source,packetDropReasonIsIncorrectlyReceived(packetDropped),
EnergyEfficient-2-20260924-21:41:22-1662,attr,Ieee802154Showcase.sensor1.wlan[0].mac,packetDropIncorrectlyReceived:sum(packetBytes),title,"packet drop: incorrectly received, sum(packetBytes)",
EnergyEfficient-2-20260924-21:41:22-1662,scalar,Ieee802154Showcase.sensor1.wlan[0].mac,packetDropQueueOverflow:count,,,0
EnergyEfficient-2-20260924-21:41:22-1662,attr,Ieee802154Showcase.sensor1.wlan[0].mac,packetDropQueueOverflow:count,interpolationmode,none,
EnergyEfficient-2-20260924-21:41:22-1662,attr,Ieee802154Showcase.sensor1.wlan[0].mac,packetDropQueueOverflow:count,recordingmode,count,
EnergyEfficient-2-20260924-21:41:22-1662,attr,Ieee802154Showcase.sensor1.wlan[0].mac,packetDropQueueOverflow:count,source,packetDropReasonIsQueueOverflow(packetDropped),
EnergyEfficient-2-20260924-21:41:22-1662,attr,Ieee802154Showcase.sensor1.wlan[0].mac,packetDropQueueOverflow:count,title,"packet drop: queue overflow, count",
EnergyEfficient-2-20260924-21:41:22-1662,scalar,Ieee802154Showcase.sensor1.wlan[0].mac,packetDropQueueOverflow:sum(packetBytes),,,0
EnergyEfficient-2-20260924-21:41:22-1662,attr,Ieee802154Showcase.sensor1.wlan[0].mac,packetDropQueueOverflow:sum(packetBytes),interpolationmode,none,
EnergyEfficient-2-20260924-21:41:22-1662,attr,Ieee802154Showcase.sensor1.wlan[0].mac,packetDropQueueOverflow:sum(packetBytes),recordingmode,sum(packetBytes),
EnergyEfficient-2-20260924-21:41:22-1662,attr,Ieee802154Showcase.sensor1.wlan[0].mac,packetDropQueueOverflow:sum(packetBytes),source,packetDropReasonIsQueueOverflow(packetDropped),
EnergyEfficient-2-20260924-21:41:22-1662,attr,Ieee802154Showcase.sensor1.wlan[0].mac,packetDropQueueOverflow:sum(packetBytes),title,"packet drop: queue overflow, sum(packetBytes)",
EnergyEfficient-2-20260924-21:41:22-1662,scalar,Ieee802154Showcase.sensor1.wlan[0].mac,packetDropRetryLimitReached:count,,,0
EnergyEfficient-2-20260924-21:41:22-1662,attr,Ieee802154Showcase.sensor1.wlan[0].mac,packetDropRetryLimitReached:count,interpolationmode,none,
EnergyEfficient-2-20260924-21:41:22-1662,attr,Ieee802154Showcase.sensor1.wlan[0].mac,packetDropRetryLimitReached:count,recordingmode,count,
EnergyEfficient-2-20260924-21:41:22-1662,attr,Ieee802154Showcase.sensor1.wlan[0].mac,packetDropRetryLimitReached:count,source,packetDropReasonIsRetryLimitReached(packetDropped),
EnergyEfficient-2-20260924-21:41:22-1662,attr,Ieee802154Showcase.sensor1.wlan[0].mac,packetDropRetryLimitReached:count,title,"packet drop: retry limit reached, count",
EnergyEfficient-2-20260924-21:41:22-1662,scalar,Ieee802154Showcase.sensor1.wlan[0].mac,packetDropRetryLimitReached:sum(packetBytes),,,0
EnergyEfficient-2-20260924-21:41:22-1662,attr,Ieee802154Showcase.sensor1.wlan[0].mac,packetDropRetryLimitReached:sum(packetBytes),interpolationmode,none,
EnergyEfficient-2-20260924-21:41:22-1662,attr,Ieee802154Showcase.sensor1.wlan[0].mac,packetDropRetryLimitReached:sum(packetBytes),recordingmode,sum(packetBytes),
EnergyEfficient-2-20260924-21:41:22-1662,attr,Ieee802154Showcase.sensor1.wlan[0].mac,packetDropRetryLimitReached:sum(packetBytes),source,packetDropReasonIsRetryLimitReached(packetDropped),
EnergyEfficient-2-20260924-21:41:22-1662,attr,Ieee802154Showcase.sensor1.wlan[0].mac,packetDropRetryLimitReached:sum(packetBytes),title,"packet drop: retry limit reached, sum(packetBytes)",
EnergyEfficient-2-20260924-21:41:22-1662,scalar,Ieee802154Showcase.sensor1.wlan[0].mac,packetDropBackoffLimitReached:count,,,1
EnergyEfficient-2-20260924-21:41:22-1662,attr,Ieee802154Showcase.sensor1.wlan[0].mac,packetDropBackoffLimitReached:count,interpolationmode,none,
EnergyEfficient-2-20260924-21:41:22-1662,attr,Ieee802154Showcase.sensor1.wlan[0].mac,packetDropBackoffLimitReached:count,recordingmode,count,
EnergyEfficient-2-20260924-21:41:22-1662,attr,Ieee802154Showcase.sensor1.wlan[0].mac,packetDropBackoffLimitReached:count,source,packetDropReasonIsCongestion(packetDropped),
EnergyEfficient-2-20260924-21:41:22-1662,attr,Ieee802154Showcase.sensor1.wlan[0].mac,packetDropBackoffLimitReached:count,title,"packet drop: backoff limit reached, count",
EnergyEfficient-2-20260924-21:41:22-1662,scalar,Ieee802154Showcase.sensor1.wlan[0].mac,packetDropBackoffLimitReached:sum(packetBytes),,,47
EnergyEfficient-2-20260924-21:41:22-1662,attr,Ieee802154Showcase.sensor1.wlan[0].mac,packetDropBackoffLimitReached:sum(packetBytes),interpolationmode,none,
EnergyEfficient-2-20260924-21:41:22-1662,attr,Ieee802154Showcase.sensor1.wlan[0].mac,packetDropBackoffLimitReached:sum(packetBytes),recordingmode,sum(packetBytes),
EnergyEfficient-2-20260924-21:41:22-1662,attr,Ieee802154Showcase.sensor1.wlan[0].mac,packetDropBackoffLimitReached:sum(packetBytes),source,packetDropReasonIsCongestion(packetDropped),
EnergyEfficient-2-20260924-21:41:22-1662,attr,Ieee802154Showcase.sensor1.wlan[0].mac,packetDropBackoffLimitReached:sum(packetBytes),title,"packet drop: backoff limit reached, sum(packetBytes)",
EnergyEfficient-2-20260924-21:41:22-1662,scalar,Ieee802154Showcase.sensor1.wlan[0].mac,linkBroken:count,,,0
EnergyEfficient-2-20260924-21:41:22-1662,attr,Ieee802154Showcase.sensor1.wlan[0].mac,linkBroken:count,interpolationmode,none,
EnergyEfficient-2-20260924-21:41:22-1662,attr,Ieee802154Showcase.sensor1.wlan[0].mac,linkBroken:count,recordingmode,count,
EnergyEfficient-2-20260924-21:41:22-1662,attr,Ieee802154Showcase.sensor1.wlan[0].mac,linkBroken:count,source,linkBroken,
EnergyEfficient-2-20260924-21:41:22-1662,attr,Ieee802154Showcase.sensor1.wlan[0].mac,linkBroken:count,title,"link break, count",
EnergyEfficient-3-20260924-21:41:23-1662,scalar,Ieee802154Showcase.sensor1.wlan[0].mac,nbTxFrames,,,158
EnergyEfficient-3-20260924-21:41:23-1662,scalar,Ieee802154Showcase.sensor1.wlan[0].mac,nbRxFrames,,,0
EnergyEfficient-3-20260924-21:41:23-1662,scalar,Ieee802154Showcase.sensor1.wlan[0].mac,nbDroppedFrames,,,0
EnergyEfficient-3-20260924-21:41:23-1662,scalar,Ieee802154Showcase.sensor1.wlan[0].mac,nbMissedAcks,,,62
EnergyEfficient-3-20260924-21:41:23-1662,scalar,Ieee802154Showcase.sensor1.wlan[0].mac,nbRecvdAcks,,,96
EnergyEfficient-3-20260924-21:41:23-1662,scalar,Ieee802154Showcase.sensor1.wlan[0].mac,nbTxAcks,,,0
EnergyEfficient-3-20260924-21:41:23-1662,scalar,Ieee802154Showcase.sensor1.wlan[0].mac,nbDuplicates,,,0
EnergyEfficient-3-20260924-21:41:23-1662,scalar,Ieee802154Showcase.sensor1.wlan[0].mac,meanBackoff,,,0.0024630588235294
EnergyEfficient-3-20260924-21:41:23-1662,scalar,Ieee802154Showcase.sensor1.wlan[0].mac,nbBackoffs,,,340
EnergyEfficient-3-20260924-21:41:23-1662,scalar,Ieee802154Showcase.sensor1.wlan[0].mac,backoffDurations,,,0.83744
EnergyEfficient-3-20260924-21:41:23-1662,scalar,Ieee802154Showcase.sensor1.wlan[0].mac,packetDropNotAddressToUs:count,,,957
EnergyEfficient-3-20260924-21:41:23-1662,attr,Ieee802154Showcase.sensor1.wlan[0].mac,packetDropNotAddressToUs:count,interpolationmode,none,
EnergyEfficient-3-20260924-21:41:23-1662,attr,Ieee802154Showcase.sensor1.wlan[0].mac,packetDropNotAddressToUs:count,recordingmode,count,
EnergyEfficient-3-20260924-21:41:23-1662,attr,Ieee802154Showcase.sensor1.wlan[0].mac,packetDropNotAddressToUs:count,source,packetDropReasonIsNotAddressedToUs(packetDropped),
EnergyEfficient-3-20260924-21:41:23-1662,attr,Ieee802154Showcase.sensor1.wlan[0].mac,packetDropNotAddressToUs:count,title,"packet drop: not addressed to us, count",
EnergyEfficient-3-20260924-21:41:23-1662,scalar,Ieee802154Showcase.sensor1.wlan[0].mac,packetDropNotAddressToUs:sum(packetBytes),,,24987
EnergyEfficient-3-20260924-21:41:23-1662,attr,Ieee802154Showcase.sensor1.wlan[0].mac,packetDropNotAddressToUs:sum(packetBytes),interpolationmode,none,
EnergyEfficient-3-20260924-21:41:23-1662,attr,Ieee802154Showcase.sensor1.wlan[0].mac,packetDropNotAddressToUs:sum(packetBytes),recordingmode,sum(packetBytes),
EnergyEfficient-3-20260924-21:41:23-1662,attr,Ieee802154Showcase.sensor1.wlan[0].mac,packetDropNotAddressToUs:sum(packetBytes),source,packetDropReasonIsNotAddressedToUs(packetDropped),
EnergyEfficient-3-20260924-21:41:23-1662,attr,Ieee802154Showcase.sensor1.wlan[0].mac,packetDropNotAddressToUs:sum(packetBytes),title,"packet drop: not addressed to us, sum(packetBytes)",
EnergyEfficient-3-20260924-21:41:23-1662,scalar,Ieee802154Showcase.sensor1.wlan[0].mac,packetDropIncorrectlyReceived:count,,,10
EnergyEfficient-3-20260924-21:41:23-1662,attr,Ieee802154Showcase.sensor1.wlan[0].mac,packetDropIncorrectlyReceived:count,interpolationmode,none,
EnergyEfficient-3-20260924-21:41:23-1662,attr,Ieee802154Showcase.sensor1.wlan[0].mac,packetDropIncorrectlyReceived:count,recordingmode,count,
EnergyEfficient-3-20260924-21:41:23-1662,attr,Ieee802154Showcase.sensor1.wlan[0].mac,packetDropIncorrectlyReceived:count,source,packetDropReasonIsIncorrectlyReceived(packetDropped),
EnergyEfficient-3-20260924-21:41:23-1662,attr,Ieee802154Showcase.sensor1.wlan[0].mac,packetDropIncorrectlyReceived:count,title,"packet drop: incorrectly received, count",
EnergyEfficient-3-20260924-21:41:23-1662,scalar,Ieee802154Showcase.sensor1.wlan[0].mac,packetDropIncorrectlyReceived:sum(packetBytes),,,428
EnergyEfficient-3-20260924-21:41:23-1662,attr,Ieee802154Showcase.sensor1.wlan[0].mac,packetDropIncorrectlyReceived:sum(packetBytes),interpolationmode,none,
EnergyEfficient-3-20260924-21:41:23-1662,attr,Ieee802154Showcase.sensor1.wlan[0].mac,packetDropIncorrectlyReceived:sum(packetBytes),recordingmode,sum(packetBytes),
EnergyEfficient-3-20260924-21:41:23-1662,attr,Ieee802154Showcase.sensor1.wlan[0].mac,packetDropIncorrectlyReceived:sum(packetBytes),source,packetDropReasonIsIncorrectlyReceived(packetDropped),
EnergyEfficient-3-20260924-21:41:23-1662,attr,Ieee802154Showcase.sensor1.wlan[0].mac,packetDropIncorrectlyReceived:sum(packetBytes),title,"packet drop: incorrectly received, sum(packetBytes)",
EnergyEfficient-3-20260924-21:41:23-1662,scalar,Ieee802154Showcase.sensor1.wlan[0].mac,packetDropQueueOverflow:count,,,0
EnergyEfficient-3-20260924-21:41:23-1662,attr,Ieee802154Showcase.sensor1.wlan[0].mac,packetDropQueueOverflow:count,interpolationmode,none,
EnergyEfficient-3-20260924-21:41:23-1662,attr,Ieee802154Showcase.sensor1.wlan[0].mac,packetDropQueueOverflow:count,recordingmode,count,
EnergyEfficient-3-20260924-21:41:23-1662,attr,Ieee802154Showcase.sensor1.wlan[0].mac,packetDropQueueOverflow:count,source,packetDropReasonIsQueueOverflow(packetDropped),
EnergyEfficient-3-20260924-21:41:23-1662,attr,Ieee802154Showcase.sensor1.wlan[0].mac,packetDropQueueOverflow:count,title,"packet drop: queue overflow, count",
EnergyEfficient-3-20260924-21:41:23-1662,scalar,Ieee802154Showcase.sensor1.wlan[0].mac,packetDropQueueOverflow:sum(packetBytes),,,0
EnergyEfficient-3-20260924-21:41:23-1662,attr,Ieee802154Showcase.sensor1.wlan[0].mac,packetDropQueueOverflow:sum(packetBytes),interpolationmode,none,
EnergyEfficient-3-20260924-21:41:23-1662,attr,Ieee802154Showcase.sensor1.wlan[0].mac,packetDropQueueOverflow:sum(packetBytes),recordingmode,sum(packetBytes),
EnergyEfficient-3-20260924-21:41:23-1662,attr,Ieee802154Showcase.sensor1.wlan[0].mac,packetDropQueueOverflow:sum(packetBytes),source,packetDropReasonIsQueueOverflow(packetDropped),
EnergyEfficient-3-20260924-21:41:23-1662,attr,Ieee802154Showcase.sensor1.wlan[0].mac,packetDropQueueOverflow:sum(packetBytes),title,"packet drop: queue overflow, sum(packetBytes)",
EnergyEfficient-3-20260924-21:41:23-1662,scalar,Ieee802154Showcase.sensor1.wlan[0].mac,packetDropRetryLimitReached:count,,,3
EnergyEfficient-3-20260924-21:41:23-1662,attr,Ieee802154Showcase.sensor1.wlan[0].mac,packetDropRetryLimitReached:count,interpolationmode,none,
EnergyEfficient-3-20260924-21:41:23-1662,attr,Ieee802154Showcase.sensor1.wlan[0].mac,packetDropRetryLimitReached:count,recordingmode,count,
EnergyEfficient-3-20260924-21:41:23-1662,attr,Ieee802154Showcase.sensor1.wlan[0].mac,packetDropRetryLimitReached:count,source,packetDropReasonIsRetryLimitReached(packetDropped),
EnergyEfficient-3-20260924-21:41:23-1662,attr,Ieee802154Showcase.sensor1.wlan[0].mac,packetDropRetryLimitReached:count,title,"packet drop: retry limit reached, count",
EnergyEfficient-3-20260924-21:41:23-1662,scalar,Ieee802154Showcase.sensor1.wlan[0].mac,packetDropRetryLimitReached:sum(packetBytes),,,141
EnergyEfficient-3-20260924-21:41:23-1662,attr,Ieee802154Showcase.sensor1.wlan[0].mac,packetDropRetryLimitReached:sum(packetBytes),interpolationmode,none,
EnergyEfficient-3-20260924-21:41:23-1662,attr,Ieee802154Showcase.sensor1.wlan[0].mac,packetDropRetryLimitReached:sum(packetBytes),recordingmode,sum(packetBytes),
EnergyEfficient-3-20260924-21:41:23-1662,attr,Ieee802154Showcase.sensor1.wlan[0].mac,packetDropRetryLimitReached:sum(packetBytes),source,packetDropReasonIsRetryLimitReached(packetDropped),
EnergyEfficient-3-20260924-21:41:23-1662,attr,Ieee802154Showcase.sensor1.wlan[0].mac,packetDropRetryLimitReached:sum(packetBytes),title,"packet drop: retry limit reached, sum(packetBytes)",
EnergyEfficient-3-20260924-21:41:23-1662,scalar,Ieee802154Showcase.sensor1.wlan[0].mac,packetDropBackoffLimitReached:count,,,0
EnergyEfficient-3-20260924-21:41:23-1662,attr,Ieee802154Showcase.sensor1.wlan[0].mac,packetDropBackoffLimitReached:count,interpolationmode,none,
EnergyEfficient-3-20260924-21:41:23-1662,attr,Ieee802154Showcase.sensor1.wlan[0].mac,packetDropBackoffLimitReached:count,recordingmode,count,
EnergyEfficient-3-20260924-21:41:23-1662,attr,Ieee802154Showcase.sensor1.wlan[0].mac,packetDropBackoffLimitReached:count,source,packetDropReasonIsCongestion(packetDropped),
EnergyEfficient-3-20260924-21:41:23-1662,attr,Ieee802154Showcase.sensor1.wlan[0].mac,packetDropBackoffLimitReached:count,title,"packet drop: backoff limit reached, count",
EnergyEfficient-3-20260924-21:41:23-1662,scalar,Ieee802154Showcase.sensor1.wlan[0].mac,packetDropBackoffLimitReached:sum(packetBytes),,,0
EnergyEfficient-3-20260924-21:41:23-1662,attr,Ieee802154Showcase.sensor1.wlan[0].mac,packetDropBackoffLimitReached:sum(packetBytes),interpolationmode,none,
EnergyEfficient-3-20260924-21:41:23-1662,attr,Ieee802154Showcase.sensor1.wlan[0].mac,packetDropBackoffLimitReached:sum(packetBytes),recordingmode,sum(packetBytes),
EnergyEfficient-3-20260924-21:41:23-1662,attr,Ieee802154Showcase.sensor1.wlan[0].mac,packetDropBackoffLimitReached:sum(packetBytes),source,packetDropReasonIsCongestion(packetDropped),
EnergyEfficient-3-20260924-21:41:23-1662,attr,Ieee802154Showcase.sensor1.wlan[0].mac,packetDropBackoffLimitReached:sum(packetBytes),title,"packet drop: backoff limit reached, sum(packetBytes)",
EnergyEfficient-3-20260924-21:41:23-1662,scalar,Ieee802154Showcase.sensor1.wlan[0].mac,linkBroken:count,,,3
EnergyEfficient-3-20260924-21:41:23-1662,attr,Ieee802154Showcase.sensor1.wlan[0].mac,linkBroken:count,interpolationmode,none,
EnergyEfficient-3-20260924-21:41:23-1662,attr,Ieee802154Showcase.sensor1.wlan[0].mac,linkBroken:count,recordingmode,count,
EnergyEfficient-3-20260924-21:41:23-1662,attr,Ieee802154Showcase.sensor1.wlan[0].mac,linkBroken:count,source,linkBroken,
EnergyEfficient-3-20260924-21:41:23-1662,attr,Ieee802154Showcase.sensor1.wlan[0].mac,linkBroken:count,title,"link break, count",
EnergyEfficient-4-20260924-21:41:23-1662,scalar,Ieee802154Showcase.sensor1.wlan[0].mac,nbTxFrames,,,147
EnergyEfficient-4-20260924-21:41:23-1662,scalar,Ieee802154Showcase.sensor1.wlan[0].mac,nbRxFrames,,,0
EnergyEfficient-4-20260924-21:41:23-1662,scalar,Ieee802154Showcase.sensor1.wlan[0].mac,nbDroppedFrames,,,0
EnergyEfficient-4-20260924-21:41:23-1662,scalar,Ieee802154Showcase.sensor1.wlan[0].mac,nbMissedAcks,,,48
EnergyEfficient-4-20260924-21:41:23-1662,scalar,Ieee802154Showcase.sensor1.wlan[0].mac,nbRecvdAcks,,,99
EnergyEfficient-4-20260924-21:41:23-1662,scalar,Ieee802154Showcase.sensor1.wlan[0].mac,nbTxAcks,,,0
EnergyEfficient-4-20260924-21:41:23-1662,scalar,Ieee802154Showcase.sensor1.wlan[0].mac,nbDuplicates,,,0
EnergyEfficient-4-20260924-21:41:23-1662,scalar,Ieee802154Showcase.sensor1.wlan[0].mac,meanBackoff,,,0.0025727635327635
EnergyEfficient-4-20260924-21:41:23-1662,scalar,Ieee802154Showcase.sensor1.wlan[0].mac,nbBackoffs,,,351
EnergyEfficient-4-20260924-21:41:23-1662,scalar,Ieee802154Showcase.sensor1.wlan[0].mac,backoffDurations,,,0.90304
EnergyEfficient-4-20260924-21:41:23-1662,scalar,Ieee802154Showcase.sensor1.wlan[0].mac,packetDropNotAddressToUs:count,,,961
EnergyEfficient-4-20260924-21:41:23-1662,attr,Ieee802154Showcase.sensor1.wlan[0].mac,packetDropNotAddressToUs:count,interpolationmode,none,
EnergyEfficient-4-20260924-21:41:23-1662,attr,Ieee802154Showcase.sensor1.wlan[0].mac,packetDropNotAddressToUs:count,recordingmode,count,
EnergyEfficient-4-20260924-21:41:23-1662,attr,Ieee802154Showcase.sensor1.wlan[0].mac,packetDropNotAddressToUs:count,source,packetDropReasonIsNotAddressedToUs(packetDropped),
EnergyEfficient-4-20260924-21:41:23-1662,attr,Ieee802154Showcase.sensor1.wlan[0].mac,packetDropNotAddressToUs:count,title,"packet drop: not addressed to us, count",
EnergyEfficient-4-20260924-21:41:23-1662,scalar,Ieee802154Showcase.sensor1.wlan[0].mac,packetDropNotAddressToUs:sum(packetBytes),,,25385
EnergyEfficient-4-20260924-21:41:23-1662,attr,Ieee802154Showcase.sensor1.wlan[0].mac,packetDropNotAddressToUs:sum(packetBytes),interpolationmode,none,
EnergyEfficient-4-20260924-21:41:23-1662,attr,Ieee802154Showcase.sensor1.wlan[0].mac,packetDropNotAddressToUs:sum(packetBytes),recordingmode,sum(packetBytes),
EnergyEfficient-4-20260924-21:41:23-1662,attr,Ieee802154Showcase.sensor1.wlan[0].mac,packetDropNotAddressToUs:sum(packetBytes),source,packetDropReasonIsNotAddressedToUs(packetDropped),
EnergyEfficient-4-20260924-21:41:23-1662,attr,Ieee802154Showcase.sensor1.wlan[0].mac,packetDropNotAddressToUs:sum(packetBytes),title,"packet drop: not addressed to us, sum(packetBytes)",
EnergyEfficient-4-20260924-21:41:23-1662,scalar,Ieee802154Showcase.sensor1.wlan[0].mac,packetDropIncorrectlyReceived:count,,,18
EnergyEfficient-4-20260924-21:41:23-1662,attr,Ieee802154Showcase.sensor1.wlan[0].mac,packetDropIncorrectlyReceived:count,interpolationmode,none,
EnergyEfficient-4-20260924-21:41:23-1662,attr,Ieee802154Showcase.sensor1.wlan[0].mac,packetDropIncorrectlyReceived:count,recordingmode,count,
EnergyEfficient-4-20260924-21:41:23-1662,attr,Ieee802154Showcase.sensor1.wlan[0].mac,packetDropIncorrectlyReceived:count,source,packetDropReasonIsIncorrectlyReceived(packetDropped),
EnergyEfficient-4-20260924-21:41:23-1662,attr,Ieee802154Showcase.sensor1.wlan[0].mac,packetDropIncorrectlyReceived:count,title,"packet drop: incorrectly received, count",
EnergyEfficient-4-20260924-21:41:23-1662,scalar,Ieee802154Showcase.sensor1.wlan[0].mac,packetDropIncorrectlyReceived:sum(packetBytes),,,594
EnergyEfficient-4-20260924-21:41:23-1662,attr,Ieee802154Showcase.sensor1.wlan[0].mac,packetDropIncorrectlyReceived:sum(packetBytes),interpolationmode,none,
EnergyEfficient-4-20260924-21:41:23-1662,attr,Ieee802154Showcase.sensor1.wlan[0].mac,packetDropIncorrectlyReceived:sum(packetBytes),recordingmode,sum(packetBytes),
EnergyEfficient-4-20260924-21:41:23-1662,attr,Ieee802154Showcase.sensor1.wlan[0].mac,packetDropIncorrectlyReceived:sum(packetBytes),source,packetDropReasonIsIncorrectlyReceived(packetDropped),
EnergyEfficient-4-20260924-21:41:23-1662,attr,Ieee802154Showcase.sensor1.wlan[0].mac,packetDropIncorrectlyReceived:sum(packetBytes),title,"packet drop: incorrectly received, sum(packetBytes)",
EnergyEfficient-4-20260924-21:41:23-1662,scalar,Ieee802154Showcase.sensor1.wlan[0].mac,packetDropQueueOverflow:count,,,0
EnergyEfficient-4-20260924-21:41:23-1662,attr,Ieee802154Showcase.sensor1.wlan[0].mac,packetDropQueueOverflow:count,interpolationmode,none,
EnergyEfficient-4-20260924-21:41:23-1662,attr,Ieee802154Showcase.sensor1.wlan[0].mac,packetDropQueueOverflow:count,recordingmode,count,
EnergyEfficient-4-20260924-21:41:23-1662,attr,Ieee802154Showcase.sensor1.wlan[0].mac,packetDropQueueOverflow:count,source,packetDropReasonIsQueueOverflow(packetDropped),
EnergyEfficient-4-20260924-21:41:23-1662,attr,Ieee802154Showcase.sensor1.wlan[0].mac,packetDropQueueOverflow:count,title,"packet drop: queue overflow, count",
EnergyEfficient-4-20260924-21:41:23-1662,scalar,Ieee802154Showcase.sensor1.wlan[0].mac,packetDropQueueOverflow:sum(packetBytes),,,0
EnergyEfficient-4-20260924-21:41:23-1662,attr,Ieee802154Showcase.sensor1.wlan[0].mac,packetDropQueueOverflow:sum(packetBytes),interpolationmode,none,
EnergyEfficient-4-20260924-21:41:23-1662,attr,Ieee802154Showcase.sensor1.wlan[0].mac,packetDropQueueOverflow:sum(packetBytes),recordingmode,sum(packetBytes),
EnergyEfficient-4-20260924-21:41:23-1662,attr,Ieee802154Showcase.sensor1.wlan[0].mac,packetDropQueueOverflow:sum(packetBytes),source,packetDropReasonIsQueueOverflow(packetDropped),
EnergyEfficient-4-20260924-21:41:23-1662,attr,Ieee802154Showcase.sensor1.wlan[0].mac,packetDropQueueOverflow:sum(packetBytes),title,"packet drop: queue overflow, sum(packetBytes)",
EnergyEfficient-4-20260924-21:41:23-1662,scalar,Ieee802154Showcase.sensor1.wlan[0].mac,packetDropRetryLimitReached:count,,,1
EnergyEfficient-4-20260924-21:41:23-1662,attr,Ieee802154Showcase.sensor1.wlan[0].mac,packetDropRetryLimitReached:count,interpolationmode,none,
EnergyEfficient-4-20260924-21:41:23-1662,attr,Ieee802154Showcase.sensor1.wlan[0].mac,packetDropRetryLimitReached:count,recordingmode,count,
EnergyEfficient-4-20260924-21:41:23-1662,attr,Ieee802154Showcase.sensor1.wlan[0].mac,packetDropRetryLimitReached:count,source,packetDropReasonIsRetryLimitReached(packetDropped),
EnergyEfficient-4-20260924-21:41:23-1662,attr,Ieee802154Showcase.sensor1.wlan[0].mac,packetDropRetryLimitReached:count,title,"packet drop: retry limit reached, count",
EnergyEfficient-4-20260924-21:41:23-1662,scalar,Ieee802154Showcase.sensor1.wlan[0].mac,packetDropRetryLimitReached:sum(packetBytes),,,47
EnergyEfficient-4-20260924-21:41:23-1662,attr,Ieee802154Showcase.sensor1.wlan[0].mac,packetDropRetryLimitReached:sum(packetBytes),interpolationmode,none,
EnergyEfficient-4-20260924-21:41:23-1662,attr,Ieee802154Showcase.sensor1.wlan[0].mac,packetDropRetryLimitReached:sum(packetBytes),recordingmode,sum(packetBytes),
EnergyEfficient-4-20260924-21:41:23-1662,attr,Ieee802154Showcase.sensor1.wlan[0].mac,packetDropRetryLimitReached:sum(packetBytes),source,packetDropReasonIsRetryLimitReached(packetDropped),
EnergyEfficient-4-20260924-21:41:23-1662,attr,Ieee802154Showcase.sensor1.wlan[0].mac,packetDropRetryLimitReached:sum(packetBytes),title,"packet drop: retry limit reached, sum(packetBytes)",
EnergyEfficient-4-20260924-21:41:23-1662,scalar,Ieee802154Showcase.sensor1.wlan[0].mac,packetDropBackoffLimitReached:count,,,0
EnergyEfficient-4-20260924-21:41:23-1662,attr,Ieee802154Showcase.sensor1.wlan[0].mac,packetDropBackoffLimitReached:count,interpolationmode,none,
EnergyEfficient-4-20260924-21:41:23-1662,attr,Ieee802154Showcase.sensor1.wlan[0].mac,packetDropBackoffLimitReached:count,recordingmode,count,
EnergyEfficient-4-20260924-21:41:23-1662,attr,Ieee802154Showcase.sensor1.wlan[0].mac,packetDropBackoffLimitReached:count,source,packetDropReasonIsCongestion(packetDropped),
EnergyEfficient-4-20260924-21:41:23-1662,attr,Ieee802154Showcase.sensor1.wlan[0].mac,packetDropBackoffLimitReached:count,title,"packet drop: backoff limit reached, count",
EnergyEfficient-4-20260924-21:41:23-1662,scalar,Ieee802154Showcase.sensor1.wlan[0].mac,packetDropBackoffLimitReached:sum(packetBytes),,,0
EnergyEfficient-4-20260924-21:41:23-1662,attr,Ieee802154Showcase.sensor1.wlan[0].mac,packetDropBackoffLimitReached:sum(packetBytes),interpolationmode,none,
EnergyEfficient-4-20260924-21:41:23-1662,attr,Ieee802154Showcase.sensor1.wlan[0].mac,packetDropBackoffLimitReached:sum(packetBytes),recordingmode,sum(packetBytes),
EnergyEfficient-4-20260924-21:41:23-1662,attr,Ieee802154Showcase.sensor1.wlan[0].mac,packetDropBackoffLimitReached:sum(packetBytes),source,packetDropReasonIsCongestion(packetDropped),
EnergyEfficient-4-20260924-21:41:23-1662,attr,Ieee802154Showcase.sensor1.wlan[0].mac,packetDropBackoffLimitReached:sum(packetBytes),title,"packet drop: backoff limit reached, sum(packetBytes)",
EnergyEfficient-4-20260924-21:41:23-1662,scalar,Ieee802154Showcase.sensor1.wlan[0].mac,linkBroken:count,,,1
EnergyEfficient-4-20260924-21:41:23-1662,attr,Ieee802154Showcase.sensor1.wlan[0].mac,linkBroken:count,interpolationmode,none,
EnergyEfficient-4-20260924-21:41:23-1662,attr,Ieee802154Showcase.sensor1.wlan[0].mac,linkBroken:count,recordingmode,count,
EnergyEfficient-4-20260924-21:41:23-1662,attr,Ieee802154Showcase.sensor1.wlan[0].mac,linkBroken:count,source,linkBroken,
EnergyEfficient-4-20260924-21:41:23-1662,attr,Ieee802154Showcase.sensor1.wlan[0].mac,linkBroken:count,title,"link break, count",
EnergyEfficient-5-20260924-21:41:24-1662,scalar,Ieee802154Showcase.sensor1.wlan[0].mac,nbTxFrames,,,137
EnergyEfficient-5-20260924-21:41:24-1662,scalar,Ieee802154Showcase.sensor1.wlan[0].mac,nbRxFrames,,,0
EnergyEfficient-5-20260924-21:41:24-1662,scalar,Ieee802154Showcase.sensor1.wlan[0].mac,nbDroppedFrames,,,0
EnergyEfficient-5-20260924-21:41:24-1662,scalar,Ieee802154Showcase.sensor1.wlan[0].mac,nbMissedAcks,,,39
EnergyEfficient-5-20260924-21:41:24-1662,scalar,Ieee802154Showcase.sensor1.wlan[0].mac,nbRecvdAcks,,,98
EnergyEfficient-5-20260924-21:41:24-1662,scalar,Ieee802154Showcase.sensor1.wlan[0].mac,nbTxAcks,,,0
EnergyEfficient-5-20260924-21:41:24-1662,scalar,Ieee802154Showcase.sensor1.wlan[0].mac,nbDuplicates,,,0
EnergyEfficient-5-20260924-21:41:24-1662,scalar,Ieee802154Showcase.sensor1.wlan[0].mac,meanBackoff,,,0.0025926315789474
EnergyEfficient-5-20260924-21:41:24-1662,scalar,Ieee802154Showcase.sensor1.wlan[0].mac,nbBackoffs,,,304
EnergyEfficient-5-20260924-21:41:24-1662,scalar,Ieee802154Showcase.sensor1.wlan[0].mac,backoffDurations,,,0.78816
EnergyEfficient-5-20260924-21:41:24-1662,scalar,Ieee802154Showcase.sensor1.wlan[0].mac,packetDropNotAddressToUs:count,,,962
EnergyEfficient-5-20260924-21:41:24-1662,attr,Ieee802154Showcase.sensor1.wlan[0].mac,packetDropNotAddressToUs:count,interpolationmode,none,
EnergyEfficient-5-20260924-21:41:24-1662,attr,Ieee802154Showcase.sensor1.wlan[0].mac,packetDropNotAddressToUs:count,recordingmode,count,
EnergyEfficient-5-20260924-21:41:24-1662,attr,Ieee802154Showcase.sensor1.wlan[0].mac,packetDropNotAddressToUs:count,source,packetDropReasonIsNotAddressedToUs(packetDropped),
EnergyEfficient-5-20260924-21:41:24-1662,attr,Ieee802154Showcase.sensor1.wlan[0].mac,packetDropNotAddressToUs:count,title,"packet drop: not addressed to us, count",
EnergyEfficient-5-20260924-21:41:24-1662,scalar,Ieee802154Showcase.sensor1.wlan[0].mac,packetDropNotAddressToUs:sum(packetBytes),,,25348
EnergyEfficient-5-20260924-21:41:24-1662,attr,Ieee802154Showcase.sensor1.wlan[0].mac,packetDropNotAddressToUs:sum(packetBytes),interpolationmode,none,
EnergyEfficient-5-20260924-21:41:24-1662,attr,Ieee802154Showcase.sensor1.wlan[0].mac,packetDropNotAddressToUs:sum(packetBytes),recordingmode,sum(packetBytes),
EnergyEfficient-5-20260924-21:41:24-1662,attr,Ieee802154Showcase.sensor1.wlan[0].mac,packetDropNotAddressToUs:sum(packetBytes),source,packetDropReasonIsNotAddressedToUs(packetDropped),
EnergyEfficient-5-20260924-21:41:24-1662,attr,Ieee802154Showcase.sensor1.wlan[0].mac,packetDropNotAddressToUs:sum(packetBytes),title,"packet drop: not addressed to us, sum(packetBytes)",
EnergyEfficient-5-20260924-21:41:24-1662,scalar,Ieee802154Showcase.sensor1.wlan[0].mac,packetDropIncorrectlyReceived:count,,,16
EnergyEfficient-5-20260924-21:41:24-1662,attr,Ieee802154Showcase.sensor1.wlan[0].mac,packetDropIncorrectlyReceived:count,interpolationmode,none,
EnergyEfficient-5-20260924-21:41:24-1662,attr,Ieee802154Showcase.sensor1.wlan[0].mac,packetDropIncorrectlyReceived:count,recordingmode,count,
EnergyEfficient-5-20260924-21:41:24-1662,attr,Ieee802154Showcase.sensor1.wlan[0].mac,packetDropIncorrectlyReceived:count,source,packetDropReasonIsIncorrectlyReceived(packetDropped),
EnergyEfficient-5-20260924-21:41:24-1662,attr,Ieee802154Showcase.sensor1.wlan[0].mac,packetDropIncorrectlyReceived:count,title,"packet drop: incorrectly received, count",
EnergyEfficient-5-20260924-21:41:24-1662,scalar,Ieee802154Showcase.sensor1.wlan[0].mac,packetDropIncorrectlyReceived:sum(packetBytes),,,584
EnergyEfficient-5-20260924-21:41:24-1662,attr,Ieee802154Showcase.sensor1.wlan[0].mac,packetDropIncorrectlyReceived:sum(packetBytes),interpolationmode,none,
EnergyEfficient-5-20260924-21:41:24-1662,attr,Ieee802154Showcase.sensor1.wlan[0].mac,packetDropIncorrectlyReceived:sum(packetBytes),recordingmode,sum(packetBytes),
EnergyEfficient-5-20260924-21:41:24-1662,attr,Ieee802154Showcase.sensor1.wlan[0].mac,packetDropIncorrectlyReceived:sum(packetBytes),source,packetDropReasonIsIncorrectlyReceived(packetDropped),
EnergyEfficient-5-20260924-21:41:24-1662,attr,Ieee802154Showcase.sensor1.wlan[0].mac,packetDropIncorrectlyReceived:sum(packetBytes),title,"packet drop: incorrectly received, sum(packetBytes)",
EnergyEfficient-5-20260924-21:41:24-1662,scalar,Ieee802154Showcase.sensor1.wlan[0].mac,packetDropQueueOverflow:count,,,0
EnergyEfficient-5-20260924-21:41:24-1662,attr,Ieee802154Showcase.sensor1.wlan[0].mac,packetDropQueueOverflow:count,interpolationmode,none,
EnergyEfficient-5-20260924-21:41:24-1662,attr,Ieee802154Showcase.sensor1.wlan[0].mac,packetDropQueueOverflow:count,recordingmode,count,
EnergyEfficient-5-20260924-21:41:24-1662,attr,Ieee802154Showcase.sensor1.wlan[0].mac,packetDropQueueOverflow:count,source,packetDropReasonIsQueueOverflow(packetDropped),
EnergyEfficient-5-20260924-21:41:24-1662,attr,Ieee802154Showcase.sensor1.wlan[0].mac,packetDropQueueOverflow:count,title,"packet drop: queue overflow, count",
EnergyEfficient-5-20260924-21:41:24-1662,scalar,Ieee802154Showcase.sensor1.wlan[0].mac,packetDropQueueOverflow:sum(packetBytes),,,0
EnergyEfficient-5-20260924-21:41:24-1662,attr,Ieee802154Showcase.sensor1.wlan[0].mac,packetDropQueueOverflow:sum(packetBytes),interpolationmode,none,
EnergyEfficient-5-20260924-21:41:24-1662,attr,Ieee802154Showcase.sensor1.wlan[0].mac,packetDropQueueOverflow:sum(packetBytes),recordingmode,sum(packetBytes),
EnergyEfficient-5-20260924-21:41:24-1662,attr,Ieee802154Showcase.sensor1.wlan[0].mac,packetDropQueueOverflow:sum(packetBytes),source,packetDropReasonIsQueueOverflow(packetDropped),
EnergyEfficient-5-20260924-21:41:24-1662,attr,Ieee802154Showcase.sensor1.wlan[0].mac,packetDropQueueOverflow:sum(packetBytes),title,"packet drop: queue overflow, sum(packetBytes)",
EnergyEfficient-5-20260924-21:41:24-1662,scalar,Ieee802154Showcase.sensor1.wlan[0].mac,packetDropRetryLimitReached:count,,,1
EnergyEfficient-5-20260924-21:41:24-1662,attr,Ieee802154Showcase.sensor1.wlan[0].mac,packetDropRetryLimitReached:count,interpolationmode,none,
EnergyEfficient-5-20260924-21:41:24-1662,attr,Ieee802154Showcase.sensor1.wlan[0].mac,packetDropRetryLimitReached:count,recordingmode,count,
EnergyEfficient-5-20260924-21:41:24-1662,attr,Ieee802154Showcase.sensor1.wlan[0].mac,packetDropRetryLimitReached:count,source,packetDropReasonIsRetryLimitReached(packetDropped),
EnergyEfficient-5-20260924-21:41:24-1662,attr,Ieee802154Showcase.sensor1.wlan[0].mac,packetDropRetryLimitReached:count,title,"packet drop: retry limit reached, count",
EnergyEfficient-5-20260924-21:41:24-1662,scalar,Ieee802154Showcase.sensor1.wlan[0].mac,packetDropRetryLimitReached:sum(packetBytes),,,47
EnergyEfficient-5-20260924-21:41:24-1662,attr,Ieee802154Showcase.sensor1.wlan[0].mac,packetDropRetryLimitReached:sum(packetBytes),interpolationmode,none,
EnergyEfficient-5-20260924-21:41:24-1662,attr,Ieee802154Showcase.sensor1.wlan[0].mac,packetDropRetryLimitReached:sum(packetBytes),recordingmode,sum(packetBytes),
EnergyEfficient-5-20260924-21:41:24-1662,attr,Ieee802154Showcase.sensor1.wlan[0].mac,packetDropRetryLimitReached:sum(packetBytes),source,packetDropReasonIsRetryLimitReached(packetDropped),
EnergyEfficient-5-20260924-21:41:24-1662,attr,Ieee802154Showcase.sensor1.wlan[0].mac,packetDropRetryLimitReached:sum(packetBytes),title,"packet drop: retry limit reached, sum(packetBytes)",
EnergyEfficient-5-20260924-21:41:24-1662,scalar,Ieee802154Showcase.sensor1.wlan[0].mac,packetDropBackoffLimitReached:count,,,0
EnergyEfficient-5-20260924-21:41:24-1662,attr,Ieee802154Showcase.sensor1.wlan[0].mac,packetDropBackoffLimitReached:count,interpolationmode,none,
EnergyEfficient-5-20260924-21:41:24-1662,attr,Ieee802154Showcase.sensor1.wlan[0].mac,packetDropBackoffLimitReached:count,recordingmode,count,
EnergyEfficient-5-20260924-21:41:24-1662,attr,Ieee802154Showcase.sensor1.wlan[0].mac,packetDropBackoffLimitReached:count,source,packetDropReasonIsCongestion(packetDropped),
EnergyEfficient-5-20260924-21:41:24-1662,attr,Ieee802154Showcase.sensor1.wlan[0].mac,packetDropBackoffLimitReached:count,title,"packet drop: backoff limit reached, count",
EnergyEfficient-5-20260924-21:41:24-1662,scalar,Ieee802154Showcase.sensor1.wlan[0].mac,packetDropBackoffLimitReached:sum(packetBytes),,,0
EnergyEfficient-5-20260924-21:41:24-1662,attr,Ieee802154Showcase.sensor1.wlan[0].mac,packetDropBackoffLimitReached:sum(packetBytes),interpolationmode,none,
EnergyEfficient-5-20260924-21:41:24-1662,attr,Ieee802154Showcase.sensor1.wlan[0].mac,packetDropBackoffLimitReached:sum(packetBytes),recordingmode,sum(packetBytes),
EnergyEfficient-5-20260924-21:41:24-1662,attr,Ieee802154Showcase.sensor1.wlan[0].mac,packetDropBackoffLimitReached:sum(packetBytes),source,packetDropReasonIsCongestion(packetDropped),
EnergyEfficient-5-20260924-21:41:24-1662,attr,Ieee802154Showcase.sensor1.wlan[0].mac,packetDropBackoffLimitReached:sum(packetBytes),title,"packet drop: backoff limit reached, sum(packetBytes)",
EnergyEfficient-5-20260924-21:41:24-1662,scalar,Ieee802154Showcase.sensor1.wlan[0].mac,linkBroken:count,,,1
EnergyEfficient-5-20260924-21:41:24-1662,attr,Ieee802154Showcase.sensor1.wlan[0].mac,linkBroken:count,interpolationmode,none,
EnergyEfficient-5-20260924-21:41:24-1662,attr,Ieee802154Showcase.sensor1.wlan[0].mac,linkBroken:count,recordingmode,count,
EnergyEfficient-5-20260924-21:41:24-1662,attr,Ieee802154Showcase.sensor1.wlan[0].mac,linkBroken:count,source,linkBroken,
EnergyEfficient-5-20260924-21:41:24-1662,attr,Ieee802154Showcase.sensor1.wlan[0].mac,linkBroken:count,title,"link break, count",
EnergyEfficient-6-20260924-21:41:24-1662,scalar,Ieee802154Showcase.sensor1.wlan[0].mac,nbTxFrames,,,144
EnergyEfficient-6-20260924-21:41:24-1662,scalar,Ieee802154Showcase.sensor1.wlan[0].mac,nbRxFrames,,,0
EnergyEfficient-6-20260924-21:41:24-1662,scalar,Ieee802154Showcase.sensor1.wlan[0].mac,nbDroppedFrames,,,1
EnergyEfficient-6-20260924-21:41:24-1662,scalar,Ieee802154Showcase.sensor1.wlan[0].mac,nbMissedAcks,,,45
EnergyEfficient-6-20260924-21:41:24-1662,scalar,Ieee802154Showcase.sensor1.wlan[0].mac,nbRecvdAcks,,,99
EnergyEfficient-6-20260924-21:41:24-1662,scalar,Ieee802154Showcase.sensor1.wlan[0].mac,nbTxAcks,,,0
EnergyEfficient-6-20260924-21:41:24-1662,scalar,Ieee802154Showcase.sensor1.wlan[0].mac,nbDuplicates,,,0
EnergyEfficient-6-20260924-21:41:24-1662,scalar,Ieee802154Showcase.sensor1.wlan[0].mac,meanBackoff,,,0.0026493854748603
EnergyEfficient-6-20260924-21:41:24-1662,scalar,Ieee802154Showcase.sensor1.wlan[0].mac,nbBackoffs,,,358
EnergyEfficient-6-20260924-21:41:24-1662,scalar,Ieee802154Showcase.sensor1.wlan[0].mac,backoffDurations,,,0.94848
EnergyEfficient-6-20260924-21:41:24-1662,scalar,Ieee802154Showcase.sensor1.wlan[0].mac,packetDropNotAddressToUs:count,,,954
EnergyEfficient-6-20260924-21:41:24-1662,attr,Ieee802154Showcase.sensor1.wlan[0].mac,packetDropNotAddressToUs:count,interpolationmode,none,
EnergyEfficient-6-20260924-21:41:24-1662,attr,Ieee802154Showcase.sensor1.wlan[0].mac,packetDropNotAddressToUs:count,recordingmode,count,
EnergyEfficient-6-20260924-21:41:24-1662,attr,Ieee802154Showcase.sensor1.wlan[0].mac,packetDropNotAddressToUs:count,source,packetDropReasonIsNotAddressedToUs(packetDropped),
EnergyEfficient-6-20260924-21:41:24-1662,attr,Ieee802154Showcase.sensor1.wlan[0].mac,packetDropNotAddressToUs:count,title,"packet drop: not addressed to us, count",
EnergyEfficient-6-20260924-21:41:24-1662,scalar,Ieee802154Showcase.sensor1.wlan[0].mac,packetDropNotAddressToUs:sum(packetBytes),,,25224
EnergyEfficient-6-20260924-21:41:24-1662,attr,Ieee802154Showcase.sensor1.wlan[0].mac,packetDropNotAddressToUs:sum(packetBytes),interpolationmode,none,
EnergyEfficient-6-20260924-21:41:24-1662,attr,Ieee802154Showcase.sensor1.wlan[0].mac,packetDropNotAddressToUs:sum(packetBytes),recordingmode,sum(packetBytes),
EnergyEfficient-6-20260924-21:41:24-1662,attr,Ieee802154Showcase.sensor1.wlan[0].mac,packetDropNotAddressToUs:sum(packetBytes),source,packetDropReasonIsNotAddressedToUs(packetDropped),
EnergyEfficient-6-20260924-21:41:24-1662,attr,Ieee802154Showcase.sensor1.wlan[0].mac,packetDropNotAddressToUs:sum(packetBytes),title,"packet drop: not addressed to us, sum(packetBytes)",
EnergyEfficient-6-20260924-21:41:24-1662,scalar,Ieee802154Showcase.sensor1.wlan[0].mac,packetDropIncorrectlyReceived:count,,,25
EnergyEfficient-6-20260924-21:41:24-1662,attr,Ieee802154Showcase.sensor1.wlan[0].mac,packetDropIncorrectlyReceived:count,interpolationmode,none,
EnergyEfficient-6-20260924-21:41:24-1662,attr,Ieee802154Showcase.sensor1.wlan[0].mac,packetDropIncorrectlyReceived:count,recordingmode,count,
EnergyEfficient-6-20260924-21:41:24-1662,attr,Ieee802154Showcase.sensor1.wlan[0].mac,packetDropIncorrectlyReceived:count,source,packetDropReasonIsIncorrectlyReceived(packetDropped),
EnergyEfficient-6-20260924-21:41:24-1662,attr,Ieee802154Showcase.sensor1.wlan[0].mac,packetDropIncorrectlyReceived:count,title,"packet drop: incorrectly received, count",
EnergyEfficient-6-20260924-21:41:24-1662,scalar,Ieee802154Showcase.sensor1.wlan[0].mac,packetDropIncorrectlyReceived:sum(packetBytes),,,881
EnergyEfficient-6-20260924-21:41:24-1662,attr,Ieee802154Showcase.sensor1.wlan[0].mac,packetDropIncorrectlyReceived:sum(packetBytes),interpolationmode,none,
EnergyEfficient-6-20260924-21:41:24-1662,attr,Ieee802154Showcase.sensor1.wlan[0].mac,packetDropIncorrectlyReceived:sum(packetBytes),recordingmode,sum(packetBytes),
EnergyEfficient-6-20260924-21:41:24-1662,attr,Ieee802154Showcase.sensor1.wlan[0].mac,packetDropIncorrectlyReceived:sum(packetBytes),source,packetDropReasonIsIncorrectlyReceived(packetDropped),
EnergyEfficient-6-20260924-21:41:24-1662,attr,Ieee802154Showcase.sensor1.wlan[0].mac,packetDropIncorrectlyReceived:sum(packetBytes),title,"packet drop: incorrectly received, sum(packetBytes)",
EnergyEfficient-6-20260924-21:41:24-1662,scalar,Ieee802154Showcase.sensor1.wlan[0].mac,packetDropQueueOverflow:count,,,0
EnergyEfficient-6-20260924-21:41:24-1662,attr,Ieee802154Showcase.sensor1.wlan[0].mac,packetDropQueueOverflow:count,interpolationmode,none,
EnergyEfficient-6-20260924-21:41:24-1662,attr,Ieee802154Showcase.sensor1.wlan[0].mac,packetDropQueueOverflow:count,recordingmode,count,
EnergyEfficient-6-20260924-21:41:24-1662,attr,Ieee802154Showcase.sensor1.wlan[0].mac,packetDropQueueOverflow:count,source,packetDropReasonIsQueueOverflow(packetDropped),
EnergyEfficient-6-20260924-21:41:24-1662,attr,Ieee802154Showcase.sensor1.wlan[0].mac,packetDropQueueOverflow:count,title,"packet drop: queue overflow, count",
EnergyEfficient-6-20260924-21:41:24-1662,scalar,Ieee802154Showcase.sensor1.wlan[0].mac,packetDropQueueOverflow:sum(packetBytes),,,0
EnergyEfficient-6-20260924-21:41:24-1662,attr,Ieee802154Showcase.sensor1.wlan[0].mac,packetDropQueueOverflow:sum(packetBytes),interpolationmode,none,
EnergyEfficient-6-20260924-21:41:24-1662,attr,Ieee802154Showcase.sensor1.wlan[0].mac,packetDropQueueOverflow:sum(packetBytes),recordingmode,sum(packetBytes),
EnergyEfficient-6-20260924-21:41:24-1662,attr,Ieee802154Showcase.sensor1.wlan[0].mac,packetDropQueueOverflow:sum(packetBytes),source,packetDropReasonIsQueueOverflow(packetDropped),
EnergyEfficient-6-20260924-21:41:24-1662,attr,Ieee802154Showcase.sensor1.wlan[0].mac,packetDropQueueOverflow:sum(packetBytes),title,"packet drop: queue overflow, sum(packetBytes)",
EnergyEfficient-6-20260924-21:41:24-1662,scalar,Ieee802154Showcase.sensor1.wlan[0].mac,packetDropRetryLimitReached:count,,,0
EnergyEfficient-6-20260924-21:41:24-1662,attr,Ieee802154Showcase.sensor1.wlan[0].mac,packetDropRetryLimitReached:count,interpolationmode,none,
EnergyEfficient-6-20260924-21:41:24-1662,attr,Ieee802154Showcase.sensor1.wlan[0].mac,packetDropRetryLimitReached:count,recordingmode,count,
EnergyEfficient-6-20260924-21:41:24-1662,attr,Ieee802154Showcase.sensor1.wlan[0].mac,packetDropRetryLimitReached:count,source,packetDropReasonIsRetryLimitReached(packetDropped),
EnergyEfficient-6-20260924-21:41:24-1662,attr,Ieee802154Showcase.sensor1.wlan[0].mac,packetDropRetryLimitReached:count,title,"packet drop: retry limit reached, count",
EnergyEfficient-6-20260924-21:41:24-1662,scalar,Ieee802154Showcase.sensor1.wlan[0].mac,packetDropRetryLimitReached:sum(packetBytes),,,0
EnergyEfficient-6-20260924-21:41:24-1662,attr,Ieee802154Showcase.sensor1.wlan[0].mac,packetDropRetryLimitReached:sum(packetBytes),interpolationmode,none,
EnergyEfficient-6-20260924-21:41:24-1662,attr,Ieee802154Showcase.sensor1.wlan[0].mac,packetDropRetryLimitReached:sum(packetBytes),recordingmode,sum(packetBytes),
EnergyEfficient-6-20260924-21:41:24-1662,attr,Ieee802154Showcase.sensor1.wlan[0].mac,packetDropRetryLimitReached:sum(packetBytes),source,packetDropReasonIsRetryLimitReached(packetDropped),
EnergyEfficient-6-20260924-21:41:24-1662,attr,Ieee802154Showcase.sensor1.wlan[0].mac,packetDropRetryLimitReached:sum(packetBytes),title,"packet drop: retry limit reached, sum(packetBytes)",
EnergyEfficient-6-20260924-21:41:24-1662,scalar,Ieee802154Showcase.sensor1.wlan[0].mac,packetDropBackoffLimitReached:count,,,1
EnergyEfficient-6-20260924-21:41:24-1662,attr,Ieee802154Showcase.sensor1.wlan[0].mac,packetDropBackoffLimitReached:count,interpolationmode,none,
EnergyEfficient-6-20260924-21:41:24-1662,attr,Ieee802154Showcase.sensor1.wlan[0].mac,packetDropBackoffLimitReached:count,recordingmode,count,
EnergyEfficient-6-20260924-21:41:24-1662,attr,Ieee802154Showcase.sensor1.wlan[0].mac,packetDropBackoffLimitReached:count,source,packetDropReasonIsCongestion(packetDropped),
EnergyEfficient-6-20260924-21:41:24-1662,attr,Ieee802154Showcase.sensor1.wlan[0].mac,packetDropBackoffLimitReached:count,title,"packet drop: backoff limit reached, count",
EnergyEfficient-6-20260924-21:41:24-1662,scalar,Ieee802154Showcase.sensor1.wlan[0].mac,packetDropBackoffLimitReached:sum(packetBytes),,,47
EnergyEfficient-6-20260924-21:41:24-1662,attr,Ieee802154Showcase.sensor1.wlan[0].mac,packetDropBackoffLimitReached:sum(packetBytes),interpolationmode,none,
EnergyEfficient-6-20260924-21:41:24-1662,attr,Ieee802154Showcase.sensor1.wlan[0].mac,packetDropBackoffLimitReached:sum(packetBytes),recordingmode,sum(packetBytes),
EnergyEfficient-6-20260924-21:41:24-1662,attr,Ieee802154Showcase.sensor1.wlan[0].mac,packetDropBackoffLimitReached:sum(packetBytes),source,packetDropReasonIsCongestion(packetDropped),
EnergyEfficient-6-20260924-21:41:24-1662,attr,Ieee802154Showcase.sensor1.wlan[0].mac,packetDropBackoffLimitReached:sum(packetBytes),title,"packet drop: backoff limit reached, sum(packetBytes)",
EnergyEfficient-6-20260924-21:41:24-1662,scalar,Ieee802154Showcase.sensor1.wlan[0].mac,linkBroken:count,,,0
EnergyEfficient-6-20260924-21:41:24-1662,attr,Ieee802154Showcase.sensor1.wlan[0].mac,linkBroken:count,interpolationmode,none,
EnergyEfficient-6-20260924-21:41:24-1662,attr,Ieee802154Showcase.sensor1.wlan[0].mac,linkBroken:count,recordingmode,count,
EnergyEfficient-6-20260924-21:41:24-1662,attr,Ieee802154Showcase.sensor1.wlan[0].mac,linkBroken:count,source,linkBroken,
EnergyEfficient-6-20260924-21:41:24-1662,attr,Ieee802154Showcase.sensor1.wlan[0].mac,linkBroken:count,title,"link break, count",
EnergyEfficient-7-20260924-21:41:25-1662,scalar,Ieee802154Showcase.sensor1.wlan[0].mac,nbTxFrames,,,155
EnergyEfficient-7-20260924-21:41:25-1662,scalar,Ieee802154Showcase.sensor1.wlan[0].mac,nbRxFrames,,,0
EnergyEfficient-7-20260924-21:41:25-1662,scalar,Ieee802154Showcase.sensor1.wlan[0].mac,nbDroppedFrames,,,1
EnergyEfficient-7-20260924-21:41:25-1662,scalar,Ieee802154Showcase.sensor1.wlan[0].mac,nbMissedAcks,,,56
EnergyEfficient-7-20260924-21:41:25-1662,scalar,Ieee802154Showcase.sensor1.wlan[0].mac,nbRecvdAcks,,,99
EnergyEfficient-7-20260924-21:41:25-1662,scalar,Ieee802154Showcase.sensor1.wlan[0].mac,nbTxAcks,,,0
EnergyEfficient-7-20260924-21:41:25-1662,scalar,Ieee802154Showcase.sensor1.wlan[0].mac,nbDuplicates,,,0
EnergyEfficient-7-20260924-21:41:25-1662,scalar,Ieee802154Showcase.sensor1.wlan[0].mac,meanBackoff,,,0.0026138138138138
EnergyEfficient-7-20260924-21:41:25-1662,scalar,Ieee802154Showcase.sensor1.wlan[0].mac,nbBackoffs,,,333
EnergyEfficient-7-20260924-21:41:25-1662,scalar,Ieee802154Showcase.sensor1.wlan[0].mac,backoffDurations,,,0.8704
EnergyEfficient-7-20260924-21:41:25-1662,scalar,Ieee802154Showcase.sensor1.wlan[0].mac,packetDropNotAddressToUs:count,,,951
EnergyEfficient-7-20260924-21:41:25-1662,attr,Ieee802154Showcase.sensor1.wlan[0].mac,packetDropNotAddressToUs:count,interpolationmode,none,
EnergyEfficient-7-20260924-21:41:25-1662,attr,Ieee802154Showcase.sensor1.wlan[0].mac,packetDropNotAddressToUs:count,recordingmode,count,
EnergyEfficient-7-20260924-21:41:25-1662,attr,Ieee802154Showcase.sensor1.wlan[0].mac,packetDropNotAddressToUs:count,source,packetDropReasonIsNotAddressedToUs(packetDropped),
EnergyEfficient-7-20260924-21:41:25-1662,attr,Ieee802154Showcase.sensor1.wlan[0].mac,packetDropNotAddressToUs:count,title,"packet drop: not addressed to us, count",
EnergyEfficient-7-20260924-21:41:25-1662,scalar,Ieee802154Showcase.sensor1.wlan[0].mac,packetDropNotAddressToUs:sum(packetBytes),,,24957
EnergyEfficient-7-20260924-21:41:25-1662,attr,Ieee802154Showcase.sensor1.wlan[0].mac,packetDropNotAddressToUs:sum(packetBytes),interpolationmode,none,
EnergyEfficient-7-20260924-21:41:25-1662,attr,Ieee802154Showcase.sensor1.wlan[0].mac,packetDropNotAddressToUs:sum(packetBytes),recordingmode,sum(packetBytes),
EnergyEfficient-7-20260924-21:41:25-1662,attr,Ieee802154Showcase.sensor1.wlan[0].mac,packetDropNotAddressToUs:sum(packetBytes),source,packetDropReasonIsNotAddressedToUs(packetDropped),
EnergyEfficient-7-20260924-21:41:25-1662,attr,Ieee802154Showcase.sensor1.wlan[0].mac,packetDropNotAddressToUs:sum(packetBytes),title,"packet drop: not addressed to us, sum(packetBytes)",
EnergyEfficient-7-20260924-21:41:25-1662,scalar,Ieee802154Showcase.sensor1.wlan[0].mac,packetDropIncorrectlyReceived:count,,,12
EnergyEfficient-7-20260924-21:41:25-1662,attr,Ieee802154Showcase.sensor1.wlan[0].mac,packetDropIncorrectlyReceived:count,interpolationmode,none,
EnergyEfficient-7-20260924-21:41:25-1662,attr,Ieee802154Showcase.sensor1.wlan[0].mac,packetDropIncorrectlyReceived:count,recordingmode,count,
EnergyEfficient-7-20260924-21:41:25-1662,attr,Ieee802154Showcase.sensor1.wlan[0].mac,packetDropIncorrectlyReceived:count,source,packetDropReasonIsIncorrectlyReceived(packetDropped),
EnergyEfficient-7-20260924-21:41:25-1662,attr,Ieee802154Showcase.sensor1.wlan[0].mac,packetDropIncorrectlyReceived:count,title,"packet drop: incorrectly received, count",
EnergyEfficient-7-20260924-21:41:25-1662,scalar,Ieee802154Showcase.sensor1.wlan[0].mac,packetDropIncorrectlyReceived:sum(packetBytes),,,396
EnergyEfficient-7-20260924-21:41:25-1662,attr,Ieee802154Showcase.sensor1.wlan[0].mac,packetDropIncorrectlyReceived:sum(packetBytes),interpolationmode,none,
EnergyEfficient-7-20260924-21:41:25-1662,attr,Ieee802154Showcase.sensor1.wlan[0].mac,packetDropIncorrectlyReceived:sum(packetBytes),recordingmode,sum(packetBytes),
EnergyEfficient-7-20260924-21:41:25-1662,attr,Ieee802154Showcase.sensor1.wlan[0].mac,packetDropIncorrectlyReceived:sum(packetBytes),source,packetDropReasonIsIncorrectlyReceived(packetDropped),
EnergyEfficient-7-20260924-21:41:25-1662,attr,Ieee802154Showcase.sensor1.wlan[0].mac,packetDropIncorrectlyReceived:sum(packetBytes),title,"packet drop: incorrectly received, sum(packetBytes)",
EnergyEfficient-7-20260924-21:41:25-1662,scalar,Ieee802154Showcase.sensor1.wlan[0].mac,packetDropQueueOverflow:count,,,0
EnergyEfficient-7-20260924-21:41:25-1662,attr,Ieee802154Showcase.sensor1.wlan[0].mac,packetDropQueueOverflow:count,interpolationmode,none,
EnergyEfficient-7-20260924-21:41:25-1662,attr,Ieee802154Showcase.sensor1.wlan[0].mac,packetDropQueueOverflow:count,recordingmode,count,
EnergyEfficient-7-20260924-21:41:25-1662,attr,Ieee802154Showcase.sensor1.wlan[0].mac,packetDropQueueOverflow:count,source,packetDropReasonIsQueueOverflow(packetDropped),
EnergyEfficient-7-20260924-21:41:25-1662,attr,Ieee802154Showcase.sensor1.wlan[0].mac,packetDropQueueOverflow:count,title,"packet drop: queue overflow, count",
EnergyEfficient-7-20260924-21:41:25-1662,scalar,Ieee802154Showcase.sensor1.wlan[0].mac,packetDropQueueOverflow:sum(packetBytes),,,0
EnergyEfficient-7-20260924-21:41:25-1662,attr,Ieee802154Showcase.sensor1.wlan[0].mac,packetDropQueueOverflow:sum(packetBytes),interpolationmode,none,
EnergyEfficient-7-20260924-21:41:25-1662,attr,Ieee802154Showcase.sensor1.wlan[0].mac,packetDropQueueOverflow:sum(packetBytes),recordingmode,sum(packetBytes),
EnergyEfficient-7-20260924-21:41:25-1662,attr,Ieee802154Showcase.sensor1.wlan[0].mac,packetDropQueueOverflow:sum(packetBytes),source,packetDropReasonIsQueueOverflow(packetDropped),
EnergyEfficient-7-20260924-21:41:25-1662,attr,Ieee802154Showcase.sensor1.wlan[0].mac,packetDropQueueOverflow:sum(packetBytes),title,"packet drop: queue overflow, sum(packetBytes)",
EnergyEfficient-7-20260924-21:41:25-1662,scalar,Ieee802154Showcase.sensor1.wlan[0].mac,packetDropRetryLimitReached:count,,,0
EnergyEfficient-7-20260924-21:41:25-1662,attr,Ieee802154Showcase.sensor1.wlan[0].mac,packetDropRetryLimitReached:count,interpolationmode,none,
EnergyEfficient-7-20260924-21:41:25-1662,attr,Ieee802154Showcase.sensor1.wlan[0].mac,packetDropRetryLimitReached:count,recordingmode,count,
EnergyEfficient-7-20260924-21:41:25-1662,attr,Ieee802154Showcase.sensor1.wlan[0].mac,packetDropRetryLimitReached:count,source,packetDropReasonIsRetryLimitReached(packetDropped),
EnergyEfficient-7-20260924-21:41:25-1662,attr,Ieee802154Showcase.sensor1.wlan[0].mac,packetDropRetryLimitReached:count,title,"packet drop: retry limit reached, count",
EnergyEfficient-7-20260924-21:41:25-1662,scalar,Ieee802154Showcase.sensor1.wlan[0].mac,packetDropRetryLimitReached:sum(packetBytes),,,0
EnergyEfficient-7-20260924-21:41:25-1662,attr,Ieee802154Showcase.sensor1.wlan[0].mac,packetDropRetryLimitReached:sum(packetBytes),interpolationmode,none,
EnergyEfficient-7-20260924-21:41:25-1662,attr,Ieee802154Showcase.sensor1.wlan[0].mac,packetDropRetryLimitReached:sum(packetBytes),recordingmode,sum(packetBytes),
EnergyEfficient-7-20260924-21:41:25-1662,attr,Ieee802154Showcase.sensor1.wlan[0].mac,packetDropRetryLimitReached:sum(packetBytes),source,packetDropReasonIsRetryLimitReached(packetDropped),
EnergyEfficient-7-20260924-21:41:25-1662,attr,Ieee802154Showcase.sensor1.wlan[0].mac,packetDropRetryLimitReached:sum(packetBytes),title,"packet drop: retry limit reached, sum(packetBytes)",
EnergyEfficient-7-20260924-21:41:25-1662,scalar,Ieee802154Showcase.sensor1.wlan[0].mac,packetDropBackoffLimitReached:count,,,1
EnergyEfficient-7-20260924-21:41:25-1662,attr,Ieee802154Showcase.sensor1.wlan[0].mac,packetDropBackoffLimitReached:count,interpolationmode,none,
EnergyEfficient-7-20260924-21:41:25-1662,attr,Ieee802154Showcase.sensor1.wlan[0].mac,packetDropBackoffLimitReached:count,recordingmode,count,
EnergyEfficient-7-20260924-21:41:25-1662,attr,Ieee802154Showcase.sensor1.wlan[0].mac,packetDropBackoffLimitReached:count,source,packetDropReasonIsCongestion(packetDropped),
EnergyEfficient-7-20260924-21:41:25-1662,attr,Ieee802154Showcase.sensor1.wlan[0].mac,packetDropBackoffLimitReached:count,title,"packet drop: backoff limit reached, count",
EnergyEfficient-7-20260924-21:41:25-1662,scalar,Ieee802154Showcase.sensor1.wlan[0].mac,packetDropBackoffLimitReached:sum(packetBytes),,,47
EnergyEfficient-7-20260924-21:41:25-1662,attr,Ieee802154Showcase.sensor1.wlan[0].mac,packetDropBackoffLimitReached:sum(packetBytes),interpolationmode,none,
EnergyEfficient-7-20260924-21:41:25-1662,attr,Ieee802154Showcase.sensor1.wlan[0].mac,packetDropBackoffLimitReached:sum(packetBytes),recordingmode,sum(packetBytes),
EnergyEfficient-7-20260924-21:41:25-1662,attr,Ieee802154Showcase.sensor1.wlan[0].mac,packetDropBackoffLimitReached:sum(packetBytes),source,packetDropReasonIsCongestion(packetDropped),
EnergyEfficient-7-20260924-21:41:25-1662,attr,Ieee802154Showcase.sensor1.wlan[0].mac,packetDropBackoffLimitReached:sum(packetBytes),title,"packet drop: backoff limit reached, sum(packetBytes)",
EnergyEfficient-7-20260924-21:41:25-1662,scalar,Ieee802154Showcase.sensor1.wlan[0].mac,linkBroken:count,,,0
EnergyEfficient-7-20260924-21:41:25-1662,attr,Ieee802154Showcase.sensor1.wlan[0].mac,linkBroken:count,interpolationmode,none,
EnergyEfficient-7-20260924-21:41:25-1662,attr,Ieee802154Showcase.sensor1.wlan[0].mac,linkBroken:count,recordingmode,count,
EnergyEfficient-7-20260924-21:41:25-1662,attr,Ieee802154Showcase.sensor1.wlan[0].mac,linkBroken:count,source,linkBroken,
EnergyEfficient-7-20260924-21:41:25-1662,attr,Ieee802154Showcase.sensor1.wlan[0].mac,linkBroken:count,title,"link break, count",
EnergyEfficient-8-20260924-21:41:26-1662,scalar,Ieee802154Showcase.sensor1.wlan[0].mac,nbTxFrames,,,142
EnergyEfficient-8-20260924-21:41:26-1662,scalar,Ieee802154Showcase.sensor1.wlan[0].mac,nbRxFrames,,,0
EnergyEfficient-8-20260924-21:41:26-1662,scalar,Ieee802154Showcase.sensor1.wlan[0].mac,nbDroppedFrames,,,0
EnergyEfficient-8-20260924-21:41:26-1662,scalar,Ieee802154Showcase.sensor1.wlan[0].mac,nbMissedAcks,,,42
EnergyEfficient-8-20260924-21:41:26-1662,scalar,Ieee802154Showcase.sensor1.wlan[0].mac,nbRecvdAcks,,,100
EnergyEfficient-8-20260924-21:41:26-1662,scalar,Ieee802154Showcase.sensor1.wlan[0].mac,nbTxAcks,,,0
EnergyEfficient-8-20260924-21:41:26-1662,scalar,Ieee802154Showcase.sensor1.wlan[0].mac,nbDuplicates,,,0
EnergyEfficient-8-20260924-21:41:26-1662,scalar,Ieee802154Showcase.sensor1.wlan[0].mac,meanBackoff,,,0.0026789123867069
EnergyEfficient-8-20260924-21:41:26-1662,scalar,Ieee802154Showcase.sensor1.wlan[0].mac,nbBackoffs,,,331
EnergyEfficient-8-20260924-21:41:26-1662,scalar,Ieee802154Showcase.sensor1.wlan[0].mac,backoffDurations,,,0.88672
EnergyEfficient-8-20260924-21:41:26-1662,scalar,Ieee802154Showcase.sensor1.wlan[0].mac,packetDropNotAddressToUs:count,,,960
EnergyEfficient-8-20260924-21:41:26-1662,attr,Ieee802154Showcase.sensor1.wlan[0].mac,packetDropNotAddressToUs:count,interpolationmode,none,
EnergyEfficient-8-20260924-21:41:26-1662,attr,Ieee802154Showcase.sensor1.wlan[0].mac,packetDropNotAddressToUs:count,recordingmode,count,
EnergyEfficient-8-20260924-21:41:26-1662,attr,Ieee802154Showcase.sensor1.wlan[0].mac,packetDropNotAddressToUs:count,source,packetDropReasonIsNotAddressedToUs(packetDropped),
EnergyEfficient-8-20260924-21:41:26-1662,attr,Ieee802154Showcase.sensor1.wlan[0].mac,packetDropNotAddressToUs:count,title,"packet drop: not addressed to us, count",
EnergyEfficient-8-20260924-21:41:26-1662,scalar,Ieee802154Showcase.sensor1.wlan[0].mac,packetDropNotAddressToUs:sum(packetBytes),,,25212
EnergyEfficient-8-20260924-21:41:26-1662,attr,Ieee802154Showcase.sensor1.wlan[0].mac,packetDropNotAddressToUs:sum(packetBytes),interpolationmode,none,
EnergyEfficient-8-20260924-21:41:26-1662,attr,Ieee802154Showcase.sensor1.wlan[0].mac,packetDropNotAddressToUs:sum(packetBytes),recordingmode,sum(packetBytes),
EnergyEfficient-8-20260924-21:41:26-1662,attr,Ieee802154Showcase.sensor1.wlan[0].mac,packetDropNotAddressToUs:sum(packetBytes),source,packetDropReasonIsNotAddressedToUs(packetDropped),
EnergyEfficient-8-20260924-21:41:26-1662,attr,Ieee802154Showcase.sensor1.wlan[0].mac,packetDropNotAddressToUs:sum(packetBytes),title,"packet drop: not addressed to us, sum(packetBytes)",
EnergyEfficient-8-20260924-21:41:26-1662,scalar,Ieee802154Showcase.sensor1.wlan[0].mac,packetDropIncorrectlyReceived:count,,,17
EnergyEfficient-8-20260924-21:41:26-1662,attr,Ieee802154Showcase.sensor1.wlan[0].mac,packetDropIncorrectlyReceived:count,interpolationmode,none,
EnergyEfficient-8-20260924-21:41:26-1662,attr,Ieee802154Showcase.sensor1.wlan[0].mac,packetDropIncorrectlyReceived:count,recordingmode,count,
EnergyEfficient-8-20260924-21:41:26-1662,attr,Ieee802154Showcase.sensor1.wlan[0].mac,packetDropIncorrectlyReceived:count,source,packetDropReasonIsIncorrectlyReceived(packetDropped),
EnergyEfficient-8-20260924-21:41:26-1662,attr,Ieee802154Showcase.sensor1.wlan[0].mac,packetDropIncorrectlyReceived:count,title,"packet drop: incorrectly received, count",
EnergyEfficient-8-20260924-21:41:26-1662,scalar,Ieee802154Showcase.sensor1.wlan[0].mac,packetDropIncorrectlyReceived:sum(packetBytes),,,547
EnergyEfficient-8-20260924-21:41:26-1662,attr,Ieee802154Showcase.sensor1.wlan[0].mac,packetDropIncorrectlyReceived:sum(packetBytes),interpolationmode,none,
EnergyEfficient-8-20260924-21:41:26-1662,attr,Ieee802154Showcase.sensor1.wlan[0].mac,packetDropIncorrectlyReceived:sum(packetBytes),recordingmode,sum(packetBytes),
EnergyEfficient-8-20260924-21:41:26-1662,attr,Ieee802154Showcase.sensor1.wlan[0].mac,packetDropIncorrectlyReceived:sum(packetBytes),source,packetDropReasonIsIncorrectlyReceived(packetDropped),
EnergyEfficient-8-20260924-21:41:26-1662,attr,Ieee802154Showcase.sensor1.wlan[0].mac,packetDropIncorrectlyReceived:sum(packetBytes),title,"packet drop: incorrectly received, sum(packetBytes)",
EnergyEfficient-8-20260924-21:41:26-1662,scalar,Ieee802154Showcase.sensor1.wlan[0].mac,packetDropQueueOverflow:count,,,0
EnergyEfficient-8-20260924-21:41:26-1662,attr,Ieee802154Showcase.sensor1.wlan[0].mac,packetDropQueueOverflow:count,interpolationmode,none,
EnergyEfficient-8-20260924-21:41:26-1662,attr,Ieee802154Showcase.sensor1.wlan[0].mac,packetDropQueueOverflow:count,recordingmode,count,
EnergyEfficient-8-20260924-21:41:26-1662,attr,Ieee802154Showcase.sensor1.wlan[0].mac,packetDropQueueOverflow:count,source,packetDropReasonIsQueueOverflow(packetDropped),
EnergyEfficient-8-20260924-21:41:26-1662,attr,Ieee802154Showcase.sensor1.wlan[0].mac,packetDropQueueOverflow:count,title,"packet drop: queue overflow, count",
EnergyEfficient-8-20260924-21:41:26-1662,scalar,Ieee802154Showcase.sensor1.wlan[0].mac,packetDropQueueOverflow:sum(packetBytes),,,0
EnergyEfficient-8-20260924-21:41:26-1662,attr,Ieee802154Showcase.sensor1.wlan[0].mac,packetDropQueueOverflow:sum(packetBytes),interpolationmode,none,
EnergyEfficient-8-20260924-21:41:26-1662,attr,Ieee802154Showcase.sensor1.wlan[0].mac,packetDropQueueOverflow:sum(packetBytes),recordingmode,sum(packetBytes),
EnergyEfficient-8-20260924-21:41:26-1662,attr,Ieee802154Showcase.sensor1.wlan[0].mac,packetDropQueueOverflow:sum(packetBytes),source,packetDropReasonIsQueueOverflow(packetDropped),
EnergyEfficient-8-20260924-21:41:26-1662,attr,Ieee802154Showcase.sensor1.wlan[0].mac,packetDropQueueOverflow:sum(packetBytes),title,"packet drop: queue overflow, sum(packetBytes)",
EnergyEfficient-8-20260924-21:41:26-1662,scalar,Ieee802154Showcase.sensor1.wlan[0].mac,packetDropRetryLimitReached:count,,,0
EnergyEfficient-8-20260924-21:41:26-1662,attr,Ieee802154Showcase.sensor1.wlan[0].mac,packetDropRetryLimitReached:count,interpolationmode,none,
EnergyEfficient-8-20260924-21:41:26-1662,attr,Ieee802154Showcase.sensor1.wlan[0].mac,packetDropRetryLimitReached:count,recordingmode,count,
EnergyEfficient-8-20260924-21:41:26-1662,attr,Ieee802154Showcase.sensor1.wlan[0].mac,packetDropRetryLimitReached:count,source,packetDropReasonIsRetryLimitReached(packetDropped),
EnergyEfficient-8-20260924-21:41:26-1662,attr,Ieee802154Showcase.sensor1.wlan[0].mac,packetDropRetryLimitReached:count,title,"packet drop: retry limit reached, count",
EnergyEfficient-8-20260924-21:41:26-1662,scalar,Ieee802154Showcase.sensor1.wlan[0].mac,packetDropRetryLimitReached:sum(packetBytes),,,0
EnergyEfficient-8-20260924-21:41:26-1662,attr,Ieee802154Showcase.sensor1.wlan[0].mac,packetDropRetryLimitReached:sum(packetBytes),interpolationmode,none,
EnergyEfficient-8-20260924-21:41:26-1662,attr,Ieee802154Showcase.sensor1.wlan[0].mac,packetDropRetryLimitReached:sum(packetBytes),recordingmode,sum(packetBytes),
EnergyEfficient-8-20260924-21:41:26-1662,attr,Ieee802154Showcase.sensor1.wlan[0].mac,packetDropRetryLimitReached:sum(packetBytes),source,packetDropReasonIsRetryLimitReached(packetDropped),
EnergyEfficient-8-20260924-21:41:26-1662,attr,Ieee802154Showcase.sensor1.wlan[0].mac,packetDropRetryLimitReached:sum(packetBytes),title,"packet drop: retry limit reached, sum(packetBytes)",
EnergyEfficient-8-20260924-21:41:26-1662,scalar,Ieee802154Showcase.sensor1.wlan[0].mac,packetDropBackoffLimitReached:count,,,0
EnergyEfficient-8-20260924-21:41:26-1662,attr,Ieee802154Showcase.sensor1.wlan[0].mac,packetDropBackoffLimitReached:count,interpolationmode,none,
EnergyEfficient-8-20260924-21:41:26-1662,attr,Ieee802154Showcase.sensor1.wlan[0].mac,packetDropBackoffLimitReached:count,recordingmode,count,
EnergyEfficient-8-20260924-21:41:26-1662,attr,Ieee802154Showcase.sensor1.wlan[0].mac,packetDropBackoffLimitReached:count,source,packetDropReasonIsCongestion(packetDropped),
EnergyEfficient-8-20260924-21:41:26-1662,attr,Ieee802154Showcase.sensor1.wlan[0].mac,packetDropBackoffLimitReached:count,title,"packet drop: backoff limit reached, count",
EnergyEfficient-8-20260924-21:41:26-1662,scalar,Ieee802154Showcase.sensor1.wlan[0].mac,packetDropBackoffLimitReached:sum(packetBytes),,,0
EnergyEfficient-8-20260924-21:41:26-1662,attr,Ieee802154Showcase.sensor1.wlan[0].mac,packetDropBackoffLimitReached:sum(packetBytes),interpolationmode,none,
EnergyEfficient-8-20260924-21:41:26-1662,attr,Ieee802154Showcase.sensor1.wlan[0].mac,packetDropBackoffLimitReached:sum(packetBytes),recordingmode,sum(packetBytes),
EnergyEfficient-8-20260924-21:41:26-1662,attr,Ieee802154Showcase.sensor1.wlan[0].mac,packetDropBackoffLimitReached:sum(packetBytes),source,packetDropReasonIsCongestion(packetDropped),
EnergyEfficient-8-20260924-21:41:26-1662,attr,Ieee802154Showcase.sensor1.wlan[0].mac,packetDropBackoffLimitReached:sum(packetBytes),title,"packet drop: backoff limit reached, sum(packetBytes)",
EnergyEfficient-8-20260924-21:41:26-1662,scalar,Ieee802154Showcase.sensor1.wlan[0].mac,linkBroken:count,,,0
EnergyEfficient-8-20260924-21:41:26-1662,attr,Ieee802154Showcase.sensor1.wlan[0].mac,linkBroken:count,interpolationmode,none,
EnergyEfficient-8-20260924-21:41:26-1662,attr,Ieee802154Showcase.sensor1.wlan[0].mac,linkBroken:count,recordingmode,count,
EnergyEfficient-8-20260924-21:41:26-1662,attr,Ieee802154Showcase.sensor1.wlan[0].mac,linkBroken:count,source,linkBroken,
EnergyEfficient-8-20260924-21:41:26-1662,attr,Ieee802154Showcase.sensor1.wlan[0].mac,linkBroken:count,title,"link break, count",
EnergyEfficient-9-20260924-21:41:27-1662,scalar,Ieee802154Showcase.sensor1.wlan[0].mac,nbTxFrames,,,150
EnergyEfficient-9-20260924-21:41:27-1662,scalar,Ieee802154Showcase.sensor1.wlan[0].mac,nbRxFrames,,,0
EnergyEfficient-9-20260924-21:41:27-1662,scalar,Ieee802154Showcase.sensor1.wlan[0].mac,nbDroppedFrames,,,3
EnergyEfficient-9-20260924-21:41:27-1662,scalar,Ieee802154Showcase.sensor1.wlan[0].mac,nbMissedAcks,,,56
EnergyEfficient-9-20260924-21:41:27-1662,scalar,Ieee802154Showcase.sensor1.wlan[0].mac,nbRecvdAcks,,,94
EnergyEfficient-9-20260924-21:41:27-1662,scalar,Ieee802154Showcase.sensor1.wlan[0].mac,nbTxAcks,,,0
EnergyEfficient-9-20260924-21:41:27-1662,scalar,Ieee802154Showcase.sensor1.wlan[0].mac,nbDuplicates,,,0
EnergyEfficient-9-20260924-21:41:27-1662,scalar,Ieee802154Showcase.sensor1.wlan[0].mac,meanBackoff,,,0.0024958192090395
EnergyEfficient-9-20260924-21:41:27-1662,scalar,Ieee802154Showcase.sensor1.wlan[0].mac,nbBackoffs,,,354
EnergyEfficient-9-20260924-21:41:27-1662,scalar,Ieee802154Showcase.sensor1.wlan[0].mac,backoffDurations,,,0.88352
EnergyEfficient-9-20260924-21:41:27-1662,scalar,Ieee802154Showcase.sensor1.wlan[0].mac,packetDropNotAddressToUs:count,,,975
EnergyEfficient-9-20260924-21:41:27-1662,attr,Ieee802154Showcase.sensor1.wlan[0].mac,packetDropNotAddressToUs:count,interpolationmode,none,
EnergyEfficient-9-20260924-21:41:27-1662,attr,Ieee802154Showcase.sensor1.wlan[0].mac,packetDropNotAddressToUs:count,recordingmode,count,
EnergyEfficient-9-20260924-21:41:27-1662,attr,Ieee802154Showcase.sensor1.wlan[0].mac,packetDropNotAddressToUs:count,source,packetDropReasonIsNotAddressedToUs(packetDropped),
EnergyEfficient-9-20260924-21:41:27-1662,attr,Ieee802154Showcase.sensor1.wlan[0].mac,packetDropNotAddressToUs:count,title,"packet drop: not addressed to us, count",
EnergyEfficient-9-20260924-21:41:27-1662,scalar,Ieee802154Showcase.sensor1.wlan[0].mac,packetDropNotAddressToUs:sum(packetBytes),,,25539
EnergyEfficient-9-20260924-21:41:27-1662,attr,Ieee802154Showcase.sensor1.wlan[0].mac,packetDropNotAddressToUs:sum(packetBytes),interpolationmode,none,
EnergyEfficient-9-20260924-21:41:27-1662,attr,Ieee802154Showcase.sensor1.wlan[0].mac,packetDropNotAddressToUs:sum(packetBytes),recordingmode,sum(packetBytes),
EnergyEfficient-9-20260924-21:41:27-1662,attr,Ieee802154Showcase.sensor1.wlan[0].mac,packetDropNotAddressToUs:sum(packetBytes),source,packetDropReasonIsNotAddressedToUs(packetDropped),
EnergyEfficient-9-20260924-21:41:27-1662,attr,Ieee802154Showcase.sensor1.wlan[0].mac,packetDropNotAddressToUs:sum(packetBytes),title,"packet drop: not addressed to us, sum(packetBytes)",
EnergyEfficient-9-20260924-21:41:27-1662,scalar,Ieee802154Showcase.sensor1.wlan[0].mac,packetDropIncorrectlyReceived:count,,,24
EnergyEfficient-9-20260924-21:41:27-1662,attr,Ieee802154Showcase.sensor1.wlan[0].mac,packetDropIncorrectlyReceived:count,interpolationmode,none,
EnergyEfficient-9-20260924-21:41:27-1662,attr,Ieee802154Showcase.sensor1.wlan[0].mac,packetDropIncorrectlyReceived:count,recordingmode,count,
EnergyEfficient-9-20260924-21:41:27-1662,attr,Ieee802154Showcase.sensor1.wlan[0].mac,packetDropIncorrectlyReceived:count,source,packetDropReasonIsIncorrectlyReceived(packetDropped),
EnergyEfficient-9-20260924-21:41:27-1662,attr,Ieee802154Showcase.sensor1.wlan[0].mac,packetDropIncorrectlyReceived:count,title,"packet drop: incorrectly received, count",
EnergyEfficient-9-20260924-21:41:27-1662,scalar,Ieee802154Showcase.sensor1.wlan[0].mac,packetDropIncorrectlyReceived:sum(packetBytes),,,792
EnergyEfficient-9-20260924-21:41:27-1662,attr,Ieee802154Showcase.sensor1.wlan[0].mac,packetDropIncorrectlyReceived:sum(packetBytes),interpolationmode,none,
EnergyEfficient-9-20260924-21:41:27-1662,attr,Ieee802154Showcase.sensor1.wlan[0].mac,packetDropIncorrectlyReceived:sum(packetBytes),recordingmode,sum(packetBytes),
EnergyEfficient-9-20260924-21:41:27-1662,attr,Ieee802154Showcase.sensor1.wlan[0].mac,packetDropIncorrectlyReceived:sum(packetBytes),source,packetDropReasonIsIncorrectlyReceived(packetDropped),
EnergyEfficient-9-20260924-21:41:27-1662,attr,Ieee802154Showcase.sensor1.wlan[0].mac,packetDropIncorrectlyReceived:sum(packetBytes),title,"packet drop: incorrectly received, sum(packetBytes)",
EnergyEfficient-9-20260924-21:41:27-1662,scalar,Ieee802154Showcase.sensor1.wlan[0].mac,packetDropQueueOverflow:count,,,0
EnergyEfficient-9-20260924-21:41:27-1662,attr,Ieee802154Showcase.sensor1.wlan[0].mac,packetDropQueueOverflow:count,interpolationmode,none,
EnergyEfficient-9-20260924-21:41:27-1662,attr,Ieee802154Showcase.sensor1.wlan[0].mac,packetDropQueueOverflow:count,recordingmode,count,
EnergyEfficient-9-20260924-21:41:27-1662,attr,Ieee802154Showcase.sensor1.wlan[0].mac,packetDropQueueOverflow:count,source,packetDropReasonIsQueueOverflow(packetDropped),
EnergyEfficient-9-20260924-21:41:27-1662,attr,Ieee802154Showcase.sensor1.wlan[0].mac,packetDropQueueOverflow:count,title,"packet drop: queue overflow, count",
EnergyEfficient-9-20260924-21:41:27-1662,scalar,Ieee802154Showcase.sensor1.wlan[0].mac,packetDropQueueOverflow:sum(packetBytes),,,0
EnergyEfficient-9-20260924-21:41:27-1662,attr,Ieee802154Showcase.sensor1.wlan[0].mac,packetDropQueueOverflow:sum(packetBytes),interpolationmode,none,
EnergyEfficient-9-20260924-21:41:27-1662,attr,Ieee802154Showcase.sensor1.wlan[0].mac,packetDropQueueOverflow:sum(packetBytes),recordingmode,sum(packetBytes),
EnergyEfficient-9-20260924-21:41:27-1662,attr,Ieee802154Showcase.sensor1.wlan[0].mac,packetDropQueueOverflow:sum(packetBytes),source,packetDropReasonIsQueueOverflow(packetDropped),
EnergyEfficient-9-20260924-21:41:27-1662,attr,Ieee802154Showcase.sensor1.wlan[0].mac,packetDropQueueOverflow:sum(packetBytes),title,"packet drop: queue overflow, sum(packetBytes)",
EnergyEfficient-9-20260924-21:41:27-1662,scalar,Ieee802154Showcase.sensor1.wlan[0].mac,packetDropRetryLimitReached:count,,,2
EnergyEfficient-9-20260924-21:41:27-1662,attr,Ieee802154Showcase.sensor1.wlan[0].mac,packetDropRetryLimitReached:count,interpolationmode,none,
EnergyEfficient-9-20260924-21:41:27-1662,attr,Ieee802154Showcase.sensor1.wlan[0].mac,packetDropRetryLimitReached:count,recordingmode,count,
EnergyEfficient-9-20260924-21:41:27-1662,attr,Ieee802154Showcase.sensor1.wlan[0].mac,packetDropRetryLimitReached:count,source,packetDropReasonIsRetryLimitReached(packetDropped),
EnergyEfficient-9-20260924-21:41:27-1662,attr,Ieee802154Showcase.sensor1.wlan[0].mac,packetDropRetryLimitReached:count,title,"packet drop: retry limit reached, count",
EnergyEfficient-9-20260924-21:41:27-1662,scalar,Ieee802154Showcase.sensor1.wlan[0].mac,packetDropRetryLimitReached:sum(packetBytes),,,94
EnergyEfficient-9-20260924-21:41:27-1662,attr,Ieee802154Showcase.sensor1.wlan[0].mac,packetDropRetryLimitReached:sum(packetBytes),interpolationmode,none,
EnergyEfficient-9-20260924-21:41:27-1662,attr,Ieee802154Showcase.sensor1.wlan[0].mac,packetDropRetryLimitReached:sum(packetBytes),recordingmode,sum(packetBytes),
EnergyEfficient-9-20260924-21:41:27-1662,attr,Ieee802154Showcase.sensor1.wlan[0].mac,packetDropRetryLimitReached:sum(packetBytes),source,packetDropReasonIsRetryLimitReached(packetDropped),
EnergyEfficient-9-20260924-21:41:27-1662,attr,Ieee802154Showcase.sensor1.wlan[0].mac,packetDropRetryLimitReached:sum(packetBytes),title,"packet drop: retry limit reached, sum(packetBytes)",
EnergyEfficient-9-20260924-21:41:27-1662,scalar,Ieee802154Showcase.sensor1.wlan[0].mac,packetDropBackoffLimitReached:count,,,3
EnergyEfficient-9-20260924-21:41:27-1662,attr,Ieee802154Showcase.sensor1.wlan[0].mac,packetDropBackoffLimitReached:count,interpolationmode,none,
EnergyEfficient-9-20260924-21:41:27-1662,attr,Ieee802154Showcase.sensor1.wlan[0].mac,packetDropBackoffLimitReached:count,recordingmode,count,
EnergyEfficient-9-20260924-21:41:27-1662,attr,Ieee802154Showcase.sensor1.wlan[0].mac,packetDropBackoffLimitReached:count,source,packetDropReasonIsCongestion(packetDropped),
EnergyEfficient-9-20260924-21:41:27-1662,attr,Ieee802154Showcase.sensor1.wlan[0].mac,packetDropBackoffLimitReached:count,title,"packet drop: backoff limit reached, count",
EnergyEfficient-9-20260924-21:41:27-1662,scalar,Ieee802154Showcase.sensor1.wlan[0].mac,packetDropBackoffLimitReached:sum(packetBytes),,,141
EnergyEfficient-9-20260924-21:41:27-1662,attr,Ieee802154Showcase.sensor1.wlan[0].mac,packetDropBackoffLimitReached:sum(packetBytes),interpolationmode,none,
EnergyEfficient-9-20260924-21:41:27-1662,attr,Ieee802154Showcase.sensor1.wlan[0].mac,packetDropBackoffLimitReached:sum(packetBytes),recordingmode,sum(packetBytes),
EnergyEfficient-9-20260924-21:41:27-1662,attr,Ieee802154Showcase.sensor1.wlan[0].mac,packetDropBackoffLimitReached:sum(packetBytes),source,packetDropReasonIsCongestion(packetDropped),
EnergyEfficient-9-20260924-21:41:27-1662,attr,Ieee802154Showcase.sensor1.wlan[0].mac,packetDropBackoffLimitReached:sum(packetBytes),title,"packet drop: backoff limit reached, sum(packetBytes)",
EnergyEfficient-9-20260924-21:41:27-1662,scalar,Ieee802154Showcase.sensor1.wlan[0].mac,linkBroken:count,,,2
EnergyEfficient-9-20260924-21:41:27-1662,attr,Ieee802154Showcase.sensor1.wlan[0].mac,linkBroken:count,interpolationmode,none,
EnergyEfficient-9-20260924-21:41:27-1662,attr,Ieee802154Showcase.sensor1.wlan[0].mac,linkBroken:count,recordingmode,count,
EnergyEfficient-9-20260924-21:41:27-1662,attr,Ieee802154Showcase.sensor1.wlan[0].mac,linkBroken:count,source,linkBroken,
EnergyEfficient-9-20260924-21:41:27-1662,attr,Ieee802154Showcase.sensor1.wlan[0].mac,linkBroken:count,title,"link break, count",
EnergyEfficient-0-20260924-21:41:21-1662,param,Ieee802154Showcase.sensor1.wlan[0].mac,typename,,,"""inet.linklayer.ieee802154.EnergyEfficientIeee802154Mac"""
EnergyEfficient-0-20260924-21:41:21-1662,param,Ieee802154Showcase.sensor1.wlan[0].mac,displayStringTextFormat,,,""""""
EnergyEfficient-0-20260924-21:41:21-1662,attr,Ieee802154Showcase.sensor1.wlan[0].mac,displayStringTextFormat,mutable,,
EnergyEfficient-0-20260924-21:41:21-1662,param,Ieee802154Showcase.sensor1.wlan[0].mac,interfaceTableModule,,,"""Ieee802154Showcase.sensor1.interfaceTable"""
EnergyEfficient-0-20260924-21:41:21-1662,param,Ieee802154Showcase.sensor1.wlan[0].mac,address,,,"""auto"""
EnergyEfficient-0-20260924-21:41:21-1662,attr,Ieee802154Showcase.sensor1.wlan[0].mac,address,mutable,,
EnergyEfficient-0-20260924-21:41:21-1662,param,Ieee802154Showcase.sensor1.wlan[0].mac,headerLength,,,72b
EnergyEfficient-0-20260924-21:41:21-1662,attr,Ieee802154Showcase.sensor1.wlan[0].mac,headerLength,unit,b,
EnergyEfficient-0-20260924-21:41:21-1662,param,Ieee802154Showcase.sensor1.wlan[0].mac,mtu,,,118B
EnergyEfficient-0-20260924-21:41:21-1662,attr,Ieee802154Showcase.sensor1.wlan[0].mac,mtu,unit,B,
EnergyEfficient-0-20260924-21:41:21-1662,param,Ieee802154Showcase.sensor1.wlan[0].mac,bitrate,,,250000bps
EnergyEfficient-0-20260924-21:41:21-1662,attr,Ieee802154Showcase.sensor1.wlan[0].mac,bitrate,unit,bps,
EnergyEfficient-0-20260924-21:41:21-1662,param,Ieee802154Showcase.sensor1.wlan[0].mac,ccaDetectionTime,,,0.000128s
EnergyEfficient-0-20260924-21:41:21-1662,attr,Ieee802154Showcase.sensor1.wlan[0].mac,ccaDetectionTime,unit,s,
EnergyEfficient-0-20260924-21:41:21-1662,param,Ieee802154Showcase.sensor1.wlan[0].mac,rxSetupTime,,,0s
EnergyEfficient-0-20260924-21:41:21-1662,attr,Ieee802154Showcase.sensor1.wlan[0].mac,rxSetupTime,unit,s,
EnergyEfficient-0-20260924-21:41:21-1662,param,Ieee802154Showcase.sensor1.wlan[0].mac,aTurnaroundTime,,,0.000192s
EnergyEfficient-0-20260924-21:41:21-1662,attr,Ieee802154Showcase.sensor1.wlan[0].mac,aTurnaroundTime,unit,s,
EnergyEfficient-0-20260924-21:41:21-1662,param,Ieee802154Showcase.sensor1.wlan[0].mac,useMACAcks,,,true
EnergyEfficient-0-20260924-21:41:21-1662,param,Ieee802154Showcase.sensor1.wlan[0].mac,macMaxFrameRetries,,,3
EnergyEfficient-0-20260924-21:41:21-1662,param,Ieee802154Showcase.sensor1.wlan[0].mac,macAckWaitDuration,,,0.00056s
EnergyEfficient-0-20260924-21:41:21-1662,attr,Ieee802154Showcase.sensor1.wlan[0].mac,macAckWaitDuration,unit,s,
EnergyEfficient-0-20260924-21:41:21-1662,param,Ieee802154Showcase.sensor1.wlan[0].mac,ackLength,,,40b
EnergyEfficient-0-20260924-21:41:21-1662,attr,Ieee802154Showcase.sensor1.wlan[0].mac,ackLength,unit,b,
EnergyEfficient-0-20260924-21:41:21-1662,param,Ieee802154Showcase.sensor1.wlan[0].mac,sifs,,,0.000192s
EnergyEfficient-0-20260924-21:41:21-1662,attr,Ieee802154Showcase.sensor1.wlan[0].mac,sifs,unit,s,
EnergyEfficient-0-20260924-21:41:21-1662,param,Ieee802154Showcase.sensor1.wlan[0].mac,backoffMethod,,,"""exponential"""
EnergyEfficient-0-20260924-21:41:21-1662,param,Ieee802154Showcase.sensor1.wlan[0].mac,macMaxCSMABackoffs,,,4
EnergyEfficient-0-20260924-21:41:21-1662,param,Ieee802154Showcase.sensor1.wlan[0].mac,aUnitBackoffPeriod,,,0.00032s
EnergyEfficient-0-20260924-21:41:21-1662,attr,Ieee802154Showcase.sensor1.wlan[0].mac,aUnitBackoffPeriod,unit,s,
EnergyEfficient-0-20260924-21:41:21-1662,param,Ieee802154Showcase.sensor1.wlan[0].mac,contentionWindow,,,2
EnergyEfficient-0-20260924-21:41:21-1662,param,Ieee802154Showcase.sensor1.wlan[0].mac,macMinBE,,,3
EnergyEfficient-0-20260924-21:41:21-1662,param,Ieee802154Showcase.sensor1.wlan[0].mac,macMaxBE,,,5
EnergyEfficient-0-20260924-21:41:21-1662,param,Ieee802154Showcase.sensor1.wlan[0].mac,radioModule,,,"""^.radio"""
EnergyEfficient-0-20260924-21:41:21-1662,param,Ieee802154Showcase.sensor1.wlan[0].mac,beaconOrder,,,6
EnergyEfficient-0-20260924-21:41:21-1662,param,Ieee802154Showcase.sensor1.wlan[0].mac,superframeOrder,,,2
EnergyEfficient-0-20260924-21:41:21-1662,param,Ieee802154Showcase.sensor1.wlan[0].mac,beaconGuardTime,,,0.001s
EnergyEfficient-0-20260924-21:41:21-1662,attr,Ieee802154Showcase.sensor1.wlan[0].mac,beaconGuardTime,unit,s,
EnergyEfficient-0-20260924-21:41:21-1662,param,Ieee802154Showcase.sensor1.wlan[0].mac,coordinator,,,false
EnergyEfficient-1-20260924-21:41:22-1662,param,Ieee802154Showcase.sensor1.wlan[0].mac,typename,,,"""inet.linklayer.ieee802154.EnergyEfficientIeee802154Mac"""
EnergyEfficient-1-20260924-21:41:22-1662,param,Ieee802154Showcase.sensor1.wlan[0].mac,displayStringTextFormat,,,""""""
EnergyEfficient-1-20260924-21:41:22-1662,attr,Ieee802154Showcase.sensor1.wlan[0].mac,displayStringTextFormat,mutable,,
EnergyEfficient-1-20260924-21:41:22-1662,param,Ieee802154Showcase.sensor1.wlan[0].mac,interfaceTableModule,,,"""Ieee802154Showcase.sensor1.interfaceTable"""
EnergyEfficient-1-20260924-21:41:22-1662,param,Ieee802154Showcase.sensor1.wlan[0].mac,address,,,"""auto"""
EnergyEfficient-1-20260924-21:41:22-1662,attr,Ieee802154Showcase.sensor1.wlan[0].mac,address,mutable,,
EnergyEfficient-1-20260924-21:41:22-1662,param,Ieee802154Showcase.sensor1.wlan[0].mac,headerLength,,,72b
EnergyEfficient-1-20260924-21:41:22-1662,attr,Ieee802154Showcase.sensor1.wlan[0].mac,headerLength,unit,b,
EnergyEfficient-1-20260924-21:41:22-1662,param,Ieee802154Showcase.sensor1.wlan[0].mac,mtu,,,118B
EnergyEfficient-1-20260924-21:41:22-1662,attr,Ieee802154Showcase.sensor1.wlan[0].mac,mtu,unit,B,
EnergyEfficient-1-20260924-21:41:22-1662,param,Ieee802154Showcase.sensor1.wlan[0].mac,bitrate,,,250000bps
EnergyEfficient-1-20260924-21:41:22-1662,attr,Ieee802154Showcase.sensor1.wlan[0].mac,bitrate,unit,bps,
EnergyEfficient-1-20260924-21:41:22-1662,param,Ieee802154Showcase.sensor1.wlan[0].mac,ccaDetectionTime,,,0.000128s
EnergyEfficient-1-20260924-21:41:22-1662,attr,Ieee802154Showcase.sensor1.wlan[0].mac,ccaDetectionTime,unit,s,
EnergyEfficient-1-20260924-21:41:22-1662,param,Ieee802154Showcase.sensor1.wlan[0].mac,rxSetupTime,,,0s
EnergyEfficient-1-20260924-21:41:22-1662,attr,Ieee802154Showcase.sensor1.wlan[0].mac,rxSetupTime,unit,s,
EnergyEfficient-1-20260924-21:41:22-1662,param,Ieee802154Showcase.sensor1.wlan[0].mac,aTurnaroundTime,,,0.000192s
EnergyEfficient-1-20260924-21:41:22-1662,attr,Ieee802154Showcase.sensor1.wlan[0].mac,aTurnaroundTime,unit,s,
EnergyEfficient-1-20260924-21:41:22-1662,param,Ieee802154Showcase.sensor1.wlan[0].mac,useMACAcks,,,true
EnergyEfficient-1-20260924-21:41:22-1662,param,Ieee802154Showcase.sensor1.wlan[0].mac,macMaxFrameRetries,,,3
EnergyEfficient-1-20260924-21:41:22-1662,param,Ieee802154Showcase.sensor1.wlan[0].mac,macAckWaitDuration,,,0.00056s
EnergyEfficient-1-20260924-21:41:22-1662,attr,Ieee802154Showcase.sensor1.wlan[0].mac,macAckWaitDuration,unit,s,
EnergyEfficient-1-20260924-21:41:22-1662,param,Ieee802154Showcase.sensor1.wlan[0].mac,ackLength,,,40b
EnergyEfficient-1-20260924-21:41:22-1662,attr,Ieee802154Showcase.sensor1.wlan[0].mac,ackLength,unit,b,
EnergyEfficient-1-20260924-21:41:22-1662,param,Ieee802154Showcase.sensor1.wlan[0].mac,sifs,,,0.000192s
EnergyEfficient-1-20260924-21:41:22-1662,attr,Ieee802154Showcase.sensor1.wlan[0].mac,sifs,unit,s,
EnergyEfficient-1-20260924-21:41:22-1662,param,Ieee802154Showcase.sensor1.wlan[0].mac,backoffMethod,,,"""exponential"""
EnergyEfficient-1-20260924-21:41:22-1662,param,Ieee802154Showcase.sensor1.wlan[0].mac,macMaxCSMABackoffs,,,4
EnergyEfficient-1-20260924-21:41:22-1662,param,Ieee802154Showcase.sensor1.wlan[0].mac,aUnitBackoffPeriod,,,0.00032s
EnergyEfficient-1-20260924-21:41:22-1662,attr,Ieee802154Showcase.sensor1.wlan[0].mac,aUnitBackoffPeriod,unit,s,
EnergyEfficient-1-20260924-21:41:22-1662,param,Ieee802154Showcase.sensor1.wlan[0].mac,contentionWindow,,,2
EnergyEfficient-1-20260924-21:41:22-1662,param,Ieee802154Showcase.sensor1.wlan[0].mac,macMinBE,,,3
EnergyEfficient-1-20260924-21:41:22-1662,param,Ieee802154Showcase.sensor1.wlan[0].mac,macMaxBE,,,5
EnergyEfficient-1-20260924-21:41:22-1662,param,Ieee802154Showcase.sensor1.wlan[0].mac,radioModule,,,"""^.radio"""
EnergyEfficient-1-20260924-21:41:22-1662,param,Ieee802154Showcase.sensor1.wlan[0].mac,beaconOrder,,,6
EnergyEfficient-1-20260924-21:41:22-1662,param,Ieee802154Showcase.sensor1.wlan[0].mac,superframeOrder,,,2
EnergyEfficient-1-20260924-21:41:22-1662,param,Ieee802154Showcase.sensor1.wlan[0].mac,beaconGuardTime,,,0.001s
EnergyEfficient-1-20260924-21:41:22-1662,attr,Ieee802154Showcase.sensor1.wlan[0].mac,beaconGuardTime,unit,s,
EnergyEfficient-1-20260924-21:41:22-1662,param,Ieee802154Showcase.sensor1.wlan[0].mac,coordinator,,,false
EnergyEfficient-2-20260924-21:41:22-1662,param,Ieee802154Showcase.sensor1.wlan[0].mac,typename,,,"""inet.linklayer.ieee802154.EnergyEfficientIeee802154Mac"""
EnergyEfficient-2-20260924-21:41:22-1662,param,Ieee802154Showcase.sensor1.wlan[0].mac,displayStringTextFormat,,,""""""
EnergyEfficient-2-20260924-21:41:22-1662,attr,Ieee802154Showcase.sensor1.wlan[0].mac,displayStringTextFormat,mutable,,
EnergyEfficient-2-20260924-21:41:22-1662,param,Ieee802154Showcase.sensor1.wlan[0].mac,interfaceTableModule,,,"""Ieee802154Showcase.sensor1.interfaceTable"""
EnergyEfficient-2-20260924-21:41:22-1662,param,Ieee802154Showcase.sensor1.wlan[0].mac,address,,,"""auto"""
EnergyEfficient-2-20260924-21:41:22-1662,attr,Ieee802154Showcase.sensor1.wlan[0].mac,address,mutable,,
EnergyEfficient-2-20260924-21:41:22-1662,param,Ieee802154Showcase.sensor1.wlan[0].mac,headerLength,,,72b
EnergyEfficient-2-20260924-21:41:22-1662,attr,Ieee802154Showcase.sensor1.wlan[0].mac,headerLength,unit,b,
EnergyEfficient-2-20260924-21:41:22-1662,param,Ieee802154Showcase.sensor1.wlan[0].mac,mtu,,,118B
EnergyEfficient-2-20260924-21:41:22-1662,attr,Ieee802154Showcase.sensor1.wlan[0].mac,mtu,unit,B,
EnergyEfficient-2-20260924-21:41:22-1662,param,Ieee802154Showcase.sensor1.wlan[0].mac,bitrate,,,250000bps
EnergyEfficient-2-20260924-21:41:22-1662,attr,Ieee802154Showcase.sensor1.wlan[0].mac,bitrate,unit,bps,
EnergyEfficient-2-20260924-21:41:22-1662,param,Ieee802154Showcase.sensor1.wlan[0].mac,ccaDetectionTime,,,0.000128s
EnergyEfficient-2-20260924-21:41:22-1662,attr,Ieee802154Showcase.sensor1.wlan[0].mac,ccaDetectionTime,unit,s,
EnergyEfficient-2-20260924-21:41:22-1662,param,Ieee802154Showcase.sensor1.wlan[0].mac,rxSetupTime,,,0s
EnergyEfficient-2-20260924-21:41:22-1662,attr,Ieee802154Showcase.sensor1.wlan[0].mac,rxSetupTime,unit,s,
EnergyEfficient-2-20260924-21:41:22-1662,param,Ieee802154Showcase.sensor1.wlan[0].mac,aTurnaroundTime,,,0.000192s
EnergyEfficient-2-20260924-21:41:22-1662,attr,Ieee802154Showcase.sensor1.wlan[0].mac,aTurnaroundTime,unit,s,
EnergyEfficient-2-20260924-21:41:22-1662,param,Ieee802154Showcase.sensor1.wlan[0].mac,useMACAcks,,,true
EnergyEfficient-2-20260924-21:41:22-1662,param,Ieee802154Showcase.sensor1.wlan[0].mac,macMaxFrameRetries,,,3
EnergyEfficient-2-20260924-21:41:22-1662,param,Ieee802154Showcase.sensor1.wlan[0].mac,macAckWaitDuration,,,0.00056s
EnergyEfficient-2-20260924-21:41:22-1662,attr,Ieee802154Showcase.sensor1.wlan[0].mac,macAckWaitDuration,unit,s,
EnergyEfficient-2-20260924-21:41:22-1662,param,Ieee802154Showcase.sensor1.wlan[0].mac,ackLength,,,40b
EnergyEfficient-2-20260924-21:41:22-1662,attr,Ieee802154Showcase.sensor1.wlan[0].mac,ackLength,unit,b,
EnergyEfficient-2-20260924-21:41:22-1662,param,Ieee802154Showcase.sensor1.wlan[0].mac,sifs,,,0.000192s
EnergyEfficient-2-20260924-21:41:22-1662,attr,Ieee802154Showcase.sensor1.wlan[0].mac,sifs,unit,s,
EnergyEfficient-2-20260924-21:41:22-1662,param,Ieee802154Showcase.sensor1.wlan[0].mac,backoffMethod,,,"""exponential"""
EnergyEfficient-2-20260924-21:41:22-1662,param,Ieee802154Showcase.sensor1.wlan[0].mac,macMaxCSMABackoffs,,,4
EnergyEfficient-2-20260924-21:41:22-1662,param,Ieee802154Showcase.sensor1.wlan[0].mac,aUnitBackoffPeriod,,,0.00032s
EnergyEfficient-2-20260924-21:41:22-1662,attr,Ieee802154Showcase.sensor1.wlan[0].mac,aUnitBackoffPeriod,unit,s,
EnergyEfficient-2-20260924-21:41:22-1662,param,Ieee802154Showcase.sensor1.wlan[0].mac,contentionWindow,,,2
EnergyEfficient-2-20260924-21:41:22-1662,param,Ieee802154Showcase.sensor1.wlan[0].mac,macMinBE,,,3
EnergyEfficient-2-20260924-21:41:22-1662,param,Ieee802154Showcase.sensor1.wlan[0].mac,macMaxBE,,,5
EnergyEfficient-2-20260924-21:41:22-1662,param,Ieee802154Showcase.sensor1.wlan[0].mac,radioModule,,,"""^.radio"""
EnergyEfficient-2-20260924-21:41:22-1662,param,Ieee802154Showcase.sensor1.wlan[0].mac,beaconOrder,,,6
EnergyEfficient-2-20260924-21:41:22-1662,param,Ieee802154Showcase.sensor1.wlan[0].mac,superframeOrder,,,2
EnergyEfficient-2-20260924-21:41:22-1662,param,Ieee802154Showcase.sensor1.wlan[0].mac,beaconGuardTime,,,0.001s
EnergyEfficient-2-20260924-21:41:22-1662,attr,Ieee802154Showcase.sensor1.wlan[0].mac,beaconGuardTime,unit,s,
EnergyEfficient-2-20260924-21:41:22-1662,param,Ieee802154Showcase.sensor1.wlan[0].mac,coordinator,,,false
EnergyEfficient-3-20260924-21:41:23-1662,param,Ieee802154Showcase.sensor1.wlan[0].mac,typename,,,"""inet.linklayer.ieee802154.EnergyEfficientIeee802154Mac"""
EnergyEfficient-3-20260924-21:41:23-1662,param,Ieee802154Showcase.sensor1.wlan[0].mac,displayStringTextFormat,,,""""""
EnergyEfficient-3-20260924-21:41:23-1662,attr,Ieee802154Showcase.sensor1.wlan[0].mac,displayStringTextFormat,mutable,,
EnergyEfficient-3-20260924-21:41:23-1662,param,Ieee802154Showcase.sensor1.wlan[0].mac,interfaceTableModule,,,"""Ieee802154Showcase.sensor1.interfaceTable"""
EnergyEfficient-3-20260924-21:41:23-1662,param,Ieee802154Showcase.sensor1.wlan[0].mac,address,,,"""auto"""
EnergyEfficient-3-20260924-21:41:23-1662,attr,Ieee802154Showcase.sensor1.wlan[0].mac,address,mutable,,
EnergyEfficient-3-20260924-21:41:23-1662,param,Ieee802154Showcase.sensor1.wlan[0].mac,headerLength,,,72b
EnergyEfficient-3-20260924-21:41:23-1662,attr,Ieee802154Showcase.sensor1.wlan[0].mac,headerLength,unit,b,
EnergyEfficient-3-20260924-21:41:23-1662,param,Ieee802154Showcase.sensor1.wlan[0].mac,mtu,,,118B
EnergyEfficient-3-20260924-21:41:23-1662,attr,Ieee802154Showcase.sensor1.wlan[0].mac,mtu,unit,B,
EnergyEfficient-3-20260924-21:41:23-1662,param,Ieee802154Showcase.sensor1.wlan[0].mac,bitrate,,,250000bps
EnergyEfficient-3-20260924-21:41:23-1662,attr,Ieee802154Showcase.sensor1.wlan[0].mac,bitrate,unit,bps,
EnergyEfficient-3-20260924-21:41:23-1662,param,Ieee802154Showcase.sensor1.wlan[0].mac,ccaDetectionTime,,,0.000128s
EnergyEfficient-3-20260924-21:41:23-1662,attr,Ieee802154Showcase.sensor1.wlan[0].mac,ccaDetectionTime,unit,s,
EnergyEfficient-3-20260924-21:41:23-1662,param,Ieee802154Showcase.sensor1.wlan[0].mac,rxSetupTime,,,0s
EnergyEfficient-3-20260924-21:41:23-1662,attr,Ieee802154Showcase.sensor1.wlan[0].mac,rxSetupTime,unit,s,
EnergyEfficient-3-20260924-21:41:23-1662,param,Ieee802154Showcase.sensor1.wlan[0].mac,aTurnaroundTime,,,0.000192s
EnergyEfficient-3-20260924-21:41:23-1662,attr,Ieee802154Showcase.sensor1.wlan[0].mac,aTurnaroundTime,unit,s,
EnergyEfficient-3-20260924-21:41:23-1662,param,Ieee802154Showcase.sensor1.wlan[0].mac,useMACAcks,,,true
EnergyEfficient-3-20260924-21:41:23-1662,param,Ieee802154Showcase.sensor1.wlan[0].mac,macMaxFrameRetries,,,3
EnergyEfficient-3-20260924-21:41:23-1662,param,Ieee802154Showcase.sensor1.wlan[0].mac,macAckWaitDuration,,,0.00056s
EnergyEfficient-3-20260924-21:41:23-1662,attr,Ieee802154Showcase.sensor1.wlan[0].mac,macAckWaitDuration,unit,s,
EnergyEfficient-3-20260924-21:41:23-1662,param,Ieee802154Showcase.sensor1.wlan[0].mac,ackLength,,,40b
EnergyEfficient-3-20260924-21:41:23-1662,attr,Ieee802154Showcase.sensor1.wlan[0].mac,ackLength,unit,b,
EnergyEfficient-3-20260924-21:41:23-1662,param,Ieee802154Showcase.sensor1.wlan[0].mac,sifs,,,0.000192s
EnergyEfficient-3-20260924-21:41:23-1662,attr,Ieee802154Showcase.sensor1.wlan[0].mac,sifs,unit,s,
EnergyEfficient-3-20260924-21:41:23-1662,param,Ieee802154Showcase.sensor1.wlan[0].mac,backoffMethod,,,"""exponential"""
EnergyEfficient-3-20260924-21:41:23-1662,param,Ieee802154Showcase.sensor1.wlan[0].mac,macMaxCSMABackoffs,,,4
EnergyEfficient-3-20260924-21:41:23-1662,param,Ieee802154Showcase.sensor1.wlan[0].mac,aUnitBackoffPeriod,,,0.00032s
EnergyEfficient-3-20260924-21:41:23-1662,attr,Ieee802154Showcase.sensor1.wlan[0].mac,aUnitBackoffPeriod,unit,s,
EnergyEfficient-3-20260924-21:41:23-1662,param,Ieee802154Showcase.sensor1.wlan[0].mac,contentionWindow,,,2
EnergyEfficient-3-20260924-21:41:23-1662,param,Ieee802154Showcase.sensor1.wlan[0].mac,macMinBE,,,3
EnergyEfficient-3-20260924-21:41:23-1662,param,Ieee802154Showcase.sensor1.wlan[0].mac,macMaxBE,,,5
EnergyEfficient-3-20260924-21:41:23-1662,param,Ieee802154Showcase.sensor1.wlan[0].mac,radioModule,,,"""^.radio"""
EnergyEfficient-3-20260924-21:41:23-1662,param,Ieee802154Showcase.sensor1.wlan[0].mac,beaconOrder,,,6
EnergyEfficient-3-20260924-21:41:23-1662,param,Ieee802154Showcase.sensor1.wlan[0].mac,superframeOrder,,,2
EnergyEfficient-3-20260924-21:41:23-1662,param,Ieee802154Showcase.sensor1.wlan[0].mac,beaconGuardTime,,,0.001s
EnergyEfficient-3-20260924-21:41:23-1662,attr,Ieee802154Showcase.sensor1.wlan[0].mac,beaconGuardTime,unit,s,
EnergyEfficient-3-20260924-21:41:23-1662,param,Ieee802154Showcase.sensor1.wlan[0].mac,coordinator,,,false
EnergyEfficient-4-20260924-21:41:23-1662,param,Ieee802154Showcase.sensor1.wlan[0].mac,typename,,,"""inet.linklayer.ieee802154.EnergyEfficientIeee802154Mac"""
EnergyEfficient-4-20260924-21:41:23-1662,param,Ieee802154Showcase.sensor1.wlan[0].mac,displayStringTextFormat,,,""""""
EnergyEfficient-4-20260924-21:41:23-1662,attr,Ieee802154Showcase.sensor1.wlan[0].mac,displayStringTextFormat,mutable,,
EnergyEfficient-4-20260924-21:41:23-1662,param,Ieee802154Showcase.sensor1.wlan[0].mac,interfaceTableModule,,,"""Ieee802154Showcase.sensor1.interfaceTable"""
EnergyEfficient-4-20260924-21:41:23-1662,param,Ieee802154Showcase.sensor1.wlan[0].mac,address,,,"""auto"""
EnergyEfficient-4-20260924-21:41:23-1662,attr,Ieee802154Showcase.sensor1.wlan[0].mac,address,mutable,,
EnergyEfficient-4-20260924-21:41:23-1662,param,Ieee802154Showcase.sensor1.wlan[0].mac,headerLength,,,72b
EnergyEfficient-4-20260924-21:41:23-1662,attr,Ieee802154Showcase.sensor1.wlan[0].mac,headerLength,unit,b,
EnergyEfficient-4-20260924-21:41:23-1662,param,Ieee802154Showcase.sensor1.wlan[0].mac,mtu,,,118B
EnergyEfficient-4-20260924-21:41:23-1662,attr,Ieee802154Showcase.sensor1.wlan[0].mac,mtu,unit,B,
EnergyEfficient-4-20260924-21:41:23-1662,param,Ieee802154Showcase.sensor1.wlan[0].mac,bitrate,,,250000bps
EnergyEfficient-4-20260924-21:41:23-1662,attr,Ieee802154Showcase.sensor1.wlan[0].mac,bitrate,unit,bps,
EnergyEfficient-4-20260924-21:41:23-1662,param,Ieee802154Showcase.sensor1.wlan[0].mac,ccaDetectionTime,,,0.000128s
EnergyEfficient-4-20260924-21:41:23-1662,attr,Ieee802154Showcase.sensor1.wlan[0].mac,ccaDetectionTime,unit,s,
EnergyEfficient-4-20260924-21:41:23-1662,param,Ieee802154Showcase.sensor1.wlan[0].mac,rxSetupTime,,,0s
EnergyEfficient-4-20260924-21:41:23-1662,attr,Ieee802154Showcase.sensor1.wlan[0].mac,rxSetupTime,unit,s,
EnergyEfficient-4-20260924-21:41:23-1662,param,Ieee802154Showcase.sensor1.wlan[0].mac,aTurnaroundTime,,,0.000192s
EnergyEfficient-4-20260924-21:41:23-1662,attr,Ieee802154Showcase.sensor1.wlan[0].mac,aTurnaroundTime,unit,s,
EnergyEfficient-4-20260924-21:41:23-1662,param,Ieee802154Showcase.sensor1.wlan[0].mac,useMACAcks,,,true
EnergyEfficient-4-20260924-21:41:23-1662,param,Ieee802154Showcase.sensor1.wlan[0].mac,macMaxFrameRetries,,,3
EnergyEfficient-4-20260924-21:41:23-1662,param,Ieee802154Showcase.sensor1.wlan[0].mac,macAckWaitDuration,,,0.00056s
EnergyEfficient-4-20260924-21:41:23-1662,attr,Ieee802154Showcase.sensor1.wlan[0].mac,macAckWaitDuration,unit,s,
EnergyEfficient-4-20260924-21:41:23-1662,param,Ieee802154Showcase.sensor1.wlan[0].mac,ackLength,,,40b
EnergyEfficient-4-20260924-21:41:23-1662,attr,Ieee802154Showcase.sensor1.wlan[0].mac,ackLength,unit,b,
EnergyEfficient-4-20260924-21:41:23-1662,param,Ieee802154Showcase.sensor1.wlan[0].mac,sifs,,,0.000192s
EnergyEfficient-4-20260924-21:41:23-1662,attr,Ieee802154Showcase.sensor1.wlan[0].mac,sifs,unit,s,
EnergyEfficient-4-20260924-21:41:23-1662,param,Ieee802154Showcase.sensor1.wlan[0].mac,backoffMethod,,,"""exponential"""
EnergyEfficient-4-20260924-21:41:23-1662,param,Ieee802154Showcase.sensor1.wlan[0].mac,macMaxCSMABackoffs,,,4
EnergyEfficient-4-20260924-21:41:23-1662,param,Ieee802154Showcase.sensor1.wlan[0].mac,aUnitBackoffPeriod,,,0.00032s
EnergyEfficient-4-20260924-21:41:23-1662,attr,Ieee802154Showcase.sensor1.wlan[0].mac,aUnitBackoffPeriod,unit,s,
EnergyEfficient-4-20260924-21:41:23-1662,param,Ieee802154Showcase.sensor1.wlan[0].mac,contentionWindow,,,2
EnergyEfficient-4-20260924-21:41:23-1662,param,Ieee802154Showcase.sensor1.wlan[0].mac,macMinBE,,,3
EnergyEfficient-4-20260924-21:41:23-1662,param,Ieee802154Showcase.sensor1.wlan[0].mac,macMaxBE,,,5
EnergyEfficient-4-20260924-21:41:23-1662,param,Ieee802154Showcase.sensor1.wlan[0].mac,radioModule,,,"""^.radio"""
EnergyEfficient-4-20260924-21:41:23-1662,param,Ieee802154Showcase.sensor1.wlan[0].mac,beaconOrder,,,6
EnergyEfficient-4-20260924-21:41:23-1662,param,Ieee802154Showcase.sensor1.wlan[0].mac,superframeOrder,,,2
EnergyEfficient-4-20260924-21:41:23-1662,param,Ieee802154Showcase.sensor1.wlan[0].mac,beaconGuardTime,,,0.001s
EnergyEfficient-4-20260924-21:41:23-1662,attr,Ieee802154Showcase.sensor1.wlan[0].mac,beaconGuardTime,unit,s,
EnergyEfficient-4-20260924-21:41:23-1662,param,Ieee802154Showcase.sensor1.wlan[0].mac,coordinator,,,false
EnergyEfficient-5-20260924-21:41:24-1662,param,Ieee802154Showcase.sensor1.wlan[0].mac,typename,,,"""inet.linklayer.ieee802154.EnergyEfficientIeee802154Mac"""
EnergyEfficient-5-20260924-21:41:24-1662,param,Ieee802154Showcase.sensor1.wlan[0].mac,displayStringTextFormat,,,""""""
EnergyEfficient-5-20260924-21:41:24-1662,attr,Ieee802154Showcase.sensor1.wlan[0].mac,displayStringTextFormat,mutable,,
EnergyEfficient-5-20260924-21:41:24-1662,param,Ieee802154Showcase.sensor1.wlan[0].mac,interfaceTableModule,,,"""Ieee802154Showcase.sensor1.interfaceTable"""
EnergyEfficient-5-20260924-21:41:24-1662,param,Ieee802154Showcase.sensor1.wlan[0].mac,address,,,"""auto"""
EnergyEfficient-5-20260924-21:41:24-1662,attr,Ieee802154Showcase.sensor1.wlan[0].mac,address,mutable,,
EnergyEfficient-5-20260924-21:41:24-1662,param,Ieee802154Showcase.sensor1.wlan[0].mac,headerLength,,,72b
EnergyEfficient-5-20260924-21:41:24-1662,attr,Ieee802154Showcase.sensor1.wlan[0].mac,headerLength,unit,b,
EnergyEfficient-5-20260924-21:41:24-1662,param,Ieee802154Showcase.sensor1.wlan[0].mac,mtu,,,118B
EnergyEfficient-5-20260924-21:41:24-1662,attr,Ieee802154Showcase.sensor1.wlan[0].mac,mtu,unit,B,
EnergyEfficient-5-20260924-21:41:24-1662,param,Ieee802154Showcase.sensor1.wlan[0].mac,bitrate,,,250000bps
EnergyEfficient-5-20260924-21:41:24-1662,attr,Ieee802154Showcase.sensor1.wlan[0].mac,bitrate,unit,bps,
EnergyEfficient-5-20260924-21:41:24-1662,param,Ieee802154Showcase.sensor1.wlan[0].mac,ccaDetectionTime,,,0.000128s
EnergyEfficient-5-20260924-21:41:24-1662,attr,Ieee802154Showcase.sensor1.wlan[0].mac,ccaDetectionTime,unit,s,
EnergyEfficient-5-20260924-21:41:24-1662,param,Ieee802154Showcase.sensor1.wlan[0].mac,rxSetupTime,,,0s
EnergyEfficient-5-20260924-21:41:24-1662,attr,Ieee802154Showcase.sensor1.wlan[0].mac,rxSetupTime,unit,s,
EnergyEfficient-5-20260924-21:41:24-1662,param,Ieee802154Showcase.sensor1.wlan[0].mac,aTurnaroundTime,,,0.000192s
EnergyEfficient-5-20260924-21:41:24-1662,attr,Ieee802154Showcase.sensor1.wlan[0].mac,aTurnaroundTime,unit,s,
EnergyEfficient-5-20260924-21:41:24-1662,param,Ieee802154Showcase.sensor1.wlan[0].mac,useMACAcks,,,true
EnergyEfficient-5-20260924-21:41:24-1662,param,Ieee802154Showcase.sensor1.wlan[0].mac,macMaxFrameRetries,,,3
EnergyEfficient-5-20260924-21:41:24-1662,param,Ieee802154Showcase.sensor1.wlan[0].mac,macAckWaitDuration,,,0.00056s
EnergyEfficient-5-20260924-21:41:24-1662,attr,Ieee802154Showcase.sensor1.wlan[0].mac,macAckWaitDuration,unit,s,
EnergyEfficient-5-20260924-21:41:24-1662,param,Ieee802154Showcase.sensor1.wlan[0].mac,ackLength,,,40b
EnergyEfficient-5-20260924-21:41:24-1662,attr,Ieee802154Showcase.sensor1.wlan[0].mac,ackLength,unit,b,
EnergyEfficient-5-20260924-21:41:24-1662,param,Ieee802154Showcase.sensor1.wlan[0].mac,sifs,,,0.000192s
EnergyEfficient-5-20260924-21:41:24-1662,attr,Ieee802154Showcase.sensor1.wlan[0].mac,sifs,unit,s,
EnergyEfficient-5-20260924-21:41:24-1662,param,Ieee802154Showcase.sensor1.wlan[0].mac,backoffMethod,,,"""exponential"""
EnergyEfficient-5-20260924-21:41:24-1662,param,Ieee802154Showcase.sensor1.wlan[0].mac,macMaxCSMABackoffs,,,4
EnergyEfficient-5-20260924-21:41:24-1662,param,Ieee802154Showcase.sensor1.wlan[0].mac,aUnitBackoffPeriod,,,0.00032s
EnergyEfficient-5-20260924-21:41:24-1662,attr,Ieee802154Showcase.sensor1.wlan[0].mac,aUnitBackoffPeriod,unit,s,
EnergyEfficient-5-20260924-21:41:24-1662,param,Ieee802154Showcase.sensor1.wlan[0].mac,contentionWindow,,,2
EnergyEfficient-5-20260924-21:41:24-1662,param,Ieee802154Showcase.sensor1.wlan[0].mac,macMinBE,,,3
EnergyEfficient-5-20260924-21:41:24-1662,param,Ieee802154Showcase.sensor1.wlan[0].mac,macMaxBE,,,5
EnergyEfficient-5-20260924-21:41:24-1662,param,Ieee802154Showcase.sensor1.wlan[0].mac,radioModule,,,"""^.radio"""
EnergyEfficient-5-20260924-21:41:24-1662,param,Ieee802154Showcase.sensor1.wlan[0].mac,beaconOrder,,,6
EnergyEfficient-5-20260924-21:41:24-1662,param,Ieee802154Showcase.sensor1.wlan[0].mac,superframeOrder,,,2
EnergyEfficient-5-20260924-21:41:24-1662,param,Ieee802154Showcase.sensor1.wlan[0].mac,beaconGuardTime,,,0.001s
EnergyEfficient-5-20260924-21:41:24-1662,attr,Ieee802154Showcase.sensor1.wlan[0].mac,beaconGuardTime,unit,s,
EnergyEfficient-5-20260924-21:41:24-1662,param,Ieee802154Showcase.sensor1.wlan[0].mac,coordinator,,,false
EnergyEfficient-6-20260924-21:41:24-1662,param,Ieee802154Showcase.sensor1.wlan[0].mac,typename,,,"""inet.linklayer.ieee802154.EnergyEfficientIeee802154Mac"""
EnergyEfficient-6-20260924-21:41:24-1662,param,Ieee802154Showcase.sensor1.wlan[0].mac,displayStringTextFormat,,,""""""
EnergyEfficient-6-20260924-21:41:24-1662,attr,Ieee802154Showcase.sensor1.wlan[0].mac,displayStringTextFormat,mutable,,
EnergyEfficient-6-20260924-21:41:24-1662,param,Ieee802154Showcase.sensor1.wlan[0].mac,interfaceTableModule,,,"""Ieee802154Showcase.sensor1.interfaceTable"""
EnergyEfficient-6-20260924-21:41:24-1662,param,Ieee802154Showcase.sensor1.wlan[0].mac,address,,,"""auto"""
EnergyEfficient-6-20260924-21:41:24-1662,attr,Ieee802154Showcase.sensor1.wlan[0].mac,address,mutable,,
EnergyEfficient-6-20260924-21:41:24-1662,param,Ieee802154Showcase.sensor1.wlan[0].mac,headerLength,,,72b
EnergyEfficient-6-20260924-21:41:24-1662,attr,Ieee802154Showcase.sensor1.wlan[0].mac,headerLength,unit,b,
EnergyEfficient-6-20260924-21:41:24-1662,param,Ieee802154Showcase.sensor1.wlan[0].mac,mtu,,,118B
EnergyEfficient-6-20260924-21:41:24-1662,attr,Ieee802154Showcase.sensor1.wlan[0].mac,mtu,unit,B,
EnergyEfficient-6-20260924-21:41:24-1662,param,Ieee802154Showcase.sensor1.wlan[0].mac,bitrate,,,250000bps
EnergyEfficient-6-20260924-21:41:24-1662,attr,Ieee802154Showcase.sensor1.wlan[0].mac,bitrate,unit,bps,
EnergyEfficient-6-20260924-21:41:24-1662,param,Ieee802154Showcase.sensor1.wlan[0].mac,ccaDetectionTime,,,0.000128s
EnergyEfficient-6-20260924-21:41:24-1662,attr,Ieee802154Showcase.sensor1.wlan[0].mac,ccaDetectionTime,unit,s,
EnergyEfficient-6-20260924-21:41:24-1662,param,Ieee802154Showcase.sensor1.wlan[0].mac,rxSetupTime,,,0s
EnergyEfficient-6-20260924-21:41:24-1662,attr,Ieee802154Showcase.sensor1.wlan[0].mac,rxSetupTime,unit,s,
EnergyEfficient-6-20260924-21:41:24-1662,param,Ieee802154Showcase.sensor1.wlan[0].mac,aTurnaroundTime,,,0.000192s
EnergyEfficient-6-20260924-21:41:24-1662,attr,Ieee802154Showcase.sensor1.wlan[0].mac,aTurnaroundTime,unit,s,
EnergyEfficient-6-20260924-21:41:24-1662,param,Ieee802154Showcase.sensor1.wlan[0].mac,useMACAcks,,,true
EnergyEfficient-6-20260924-21:41:24-1662,param,Ieee802154Showcase.sensor1.wlan[0].mac,macMaxFrameRetries,,,3
EnergyEfficient-6-20260924-21:41:24-1662,param,Ieee802154Showcase.sensor1.wlan[0].mac,macAckWaitDuration,,,0.00056s
EnergyEfficient-6-20260924-21:41:24-1662,attr,Ieee802154Showcase.sensor1.wlan[0].mac,macAckWaitDuration,unit,s,
EnergyEfficient-6-20260924-21:41:24-1662,param,Ieee802154Showcase.sensor1.wlan[0].mac,ackLength,,,40b
EnergyEfficient-6-20260924-21:41:24-1662,attr,Ieee802154Showcase.sensor1.wlan[0].mac,ackLength,unit,b,
EnergyEfficient-6-20260924-21:41:24-1662,param,Ieee802154Showcase.sensor1.wlan[0].mac,sifs,,,0.000192s
EnergyEfficient-6-20260924-21:41:24-1662,attr,Ieee802154Showcase.sensor1.wlan[0].mac,sifs,unit,s,
EnergyEfficient-6-20260924-21:41:24-1662,param,Ieee802154Showcase.sensor1.wlan[0].mac,backoffMethod,,,"""exponential"""
EnergyEfficient-6-20260924-21:41:24-1662,param,Ieee802154Showcase.sensor1.wlan[0].mac,macMaxCSMABackoffs,,,4
EnergyEfficient-6-20260924-21:41:24-1662,param,Ieee802154Showcase.sensor1.wlan[0].mac,aUnitBackoffPeriod,,,0.00032s
EnergyEfficient-6-20260924-21:41:24-1662,attr,Ieee802154Showcase.sensor1.wlan[0].mac,aUnitBackoffPeriod,unit,s,
EnergyEfficient-6-20260924-21:41:24-1662,param,Ieee802154Showcase.sensor1.wlan[0].mac,contentionWindow,,,2
EnergyEfficient-6-20260924-21:41:24-1662,param,Ieee802154Showcase.sensor1.wlan[0].mac,macMinBE,,,3
EnergyEfficient-6-20260924-21:41:24-1662,param,Ieee802154Showcase.sensor1.wlan[0].mac,macMaxBE,,,5
EnergyEfficient-6-20260924-21:41:24-1662,param,Ieee802154Showcase.sensor1.wlan[0].mac,radioModule,,,"""^.radio"""
EnergyEfficient-6-20260924-21:41:24-1662,param,Ieee802154Showcase.sensor1.wlan[0].mac,beaconOrder,,,6
EnergyEfficient-6-20260924-21:41:24-1662,param,Ieee802154Showcase.sensor1.wlan[0].mac,superframeOrder,,,2
EnergyEfficient-6-20260924-21:41:24-1662,param,Ieee802154Showcase.sensor1.wlan[0].mac,beaconGuardTime,,,0.001s
EnergyEfficient-6-20260924-21:41:24-1662,attr,Ieee802154Showcase.sensor1.wlan[0].mac,beaconGuardTime,unit,s,
EnergyEfficient-6-20260924-21:41:24-1662,param,Ieee802154Showcase.sensor1.wlan[0].mac,coordinator,,,false
EnergyEfficient-7-20260924-21:41:25-1662,param,Ieee802154Showcase.sensor1.wlan[0].mac,typename,,,"""inet.linklayer.ieee802154.EnergyEfficientIeee802154Mac"""
EnergyEfficient-7-20260924-21:41:25-1662,param,Ieee802154Showcase.sensor1.wlan[0].mac,displayStringTextFormat,,,""""""
EnergyEfficient-7-20260924-21:41:25-1662,attr,Ieee802154Showcase.sensor1.wlan[0].mac,displayStringTextFormat,mutable,,
EnergyEfficient-7-20260924-21:41:25-1662,param,Ieee802154Showcase.sensor1.wlan[0].mac,interfaceTableModule,,,"""Ieee802154Showcase.sensor1.interfaceTable"""
EnergyEfficient-7-20260924-21:41:25-1662,param,Ieee802154Showcase.sensor1.wlan[0].mac,address,,,"""auto"""
EnergyEfficient-7-20260924-21:41:25-1662,attr,Ieee802154Showcase.sensor1.wlan[0].mac,address,mutable,,
EnergyEfficient-7-20260924-21:41:25-1662,param,Ieee802154Showcase.sensor1.wlan[0].mac,headerLength,,,72b
EnergyEfficient-7-20260924-21:41:25-1662,attr,Ieee802154Showcase.sensor1.wlan[0].mac,headerLength,unit,b,
EnergyEfficient-7-20260924-21:41:25-1662,param,Ieee802154Showcase.sensor1.wlan[0].mac,mtu,,,118B
EnergyEfficient-7-20260924-21:41:25-1662,attr,Ieee802154Showcase.sensor1.wlan[0].mac,mtu,unit,B,
EnergyEfficient-7-20260924-21:41:25-1662,param,Ieee802154Showcase.sensor1.wlan[0].mac,bitrate,,,250000bps
EnergyEfficient-7-20260924-21:41:25-1662,attr,Ieee802154Showcase.sensor1.wlan[0].mac,bitrate,unit,bps,
EnergyEfficient-7-20260924-21:41:25-1662,param,Ieee802154Showcase.sensor1.wlan[0].mac,ccaDetectionTime,,,0.000128s
EnergyEfficient-7-20260924-21:41:25-1662,attr,Ieee802154Showcase.sensor1.wlan[0].mac,ccaDetectionTime,unit,s,
EnergyEfficient-7-20260924-21:41:25-1662,param,Ieee802154Showcase.sensor1.wlan[0].mac,rxSetupTime,,,0s
EnergyEfficient-7-20260924-21:41:25-1662,attr,Ieee802154Showcase.sensor1.wlan[0].mac,rxSetupTime,unit,s,
EnergyEfficient-7-20260924-21:41:25-1662,param,Ieee802154Showcase.sensor1.wlan[0].mac,aTurnaroundTime,,,0.000192s
EnergyEfficient-7-20260924-21:41:25-1662,attr,Ieee802154Showcase.sensor1.wlan[0].mac,aTurnaroundTime,unit,s,
EnergyEfficient-7-20260924-21:41:25-1662,param,Ieee802154Showcase.sensor1.wlan[0].mac,useMACAcks,,,true
EnergyEfficient-7-20260924-21:41:25-1662,param,Ieee802154Showcase.sensor1.wlan[0].mac,macMaxFrameRetries,,,3
EnergyEfficient-7-20260924-21:41:25-1662,param,Ieee802154Showcase.sensor1.wlan[0].mac,macAckWaitDuration,,,0.00056s
EnergyEfficient-7-20260924-21:41:25-1662,attr,Ieee802154Showcase.sensor1.wlan[0].mac,macAckWaitDuration,unit,s,
EnergyEfficient-7-20260924-21:41:25-1662,param,Ieee802154Showcase.sensor1.wlan[0].mac,ackLength,,,40b
EnergyEfficient-7-20260924-21:41:25-1662,attr,Ieee802154Showcase.sensor1.wlan[0].mac,ackLength,unit,b,
EnergyEfficient-7-20260924-21:41:25-1662,param,Ieee802154Showcase.sensor1.wlan[0].mac,sifs,,,0.000192s
EnergyEfficient-7-20260924-21:41:25-1662,attr,Ieee802154Showcase.sensor1.wlan[0].mac,sifs,unit,s,
EnergyEfficient-7-20260924-21:41:25-1662,param,Ieee802154Showcase.sensor1.wlan[0].mac,backoffMethod,,,"""exponential"""
EnergyEfficient-7-20260924-21:41:25-1662,param,Ieee802154Showcase.sensor1.wlan[0].mac,macMaxCSMABackoffs,,,4
EnergyEfficient-7-20260924-21:41:25-1662,param,Ieee802154Showcase.sensor1.wlan[0].mac,aUnitBackoffPeriod,,,0.00032s
EnergyEfficient-7-20260924-21:41:25-1662,attr,Ieee802154Showcase.sensor1.wlan[0].mac,aUnitBackoffPeriod,unit,s,
EnergyEfficient-7-20260924-21:41:25-1662,param,Ieee802154Showcase.sensor1.wlan[0].mac,contentionWindow,,,2
EnergyEfficient-7-20260924-21:41:25-1662,param,Ieee802154Showcase.sensor1.wlan[0].mac,macMinBE,,,3
EnergyEfficient-7-20260924-21:41:25-1662,param,Ieee802154Showcase.sensor1.wlan[0].mac,macMaxBE,,,5
EnergyEfficient-7-20260924-21:41:25-1662,param,Ieee802154Showcase.sensor1.wlan[0].mac,radioModule,,,"""^.radio"""
EnergyEfficient-7-20260924-21:41:25-1662,param,Ieee802154Showcase.sensor1.wlan[0].mac,beaconOrder,,,6
EnergyEfficient-7-20260924-21:41:25-1662,param,Ieee802154Showcase.sensor1.wlan[0].mac,superframeOrder,,,2
EnergyEfficient-7-20260924-21:41:25-1662,param,Ieee802154Showcase.sensor1.wlan[0].mac,beaconGuardTime,,,0.001s
EnergyEfficient-7-20260924-21:41:25-1662,attr,Ieee802154Showcase.sensor1.wlan[0].mac,beaconGuardTime,unit,s,
EnergyEfficient-7-20260924-21:41:25-1662,param,Ieee802154Showcase.sensor1.wlan[0].mac,coordinator,,,false
EnergyEfficient-8-20260924-21:41:26-1662,param,Ieee802154Showcase.sensor1.wlan[0].mac,typename,,,"""inet.linklayer.ieee802154.EnergyEfficientIeee802154Mac"""
EnergyEfficient-8-20260924-21:41:26-1662,param,Ieee802154Showcase.sensor1.wlan[0].mac,displayStringTextFormat,,,""""""
EnergyEfficient-8-20260924-21:41:26-1662,attr,Ieee802154Showcase.sensor1.wlan[0].mac,displayStringTextFormat,mutable,,
EnergyEfficient-8-20260924-21:41:26-1662,param,Ieee802154Showcase.sensor1.wlan[0].mac,interfaceTableModule,,,"""Ieee802154Showcase.sensor1.interfaceTable"""
EnergyEfficient-8-20260924-21:41:26-1662,param,Ieee802154Showcase.sensor1.wlan[0].mac,address,,,"""auto"""
EnergyEfficient-8-20260924-21:41:26-1662,attr,Ieee802154Showcase.sensor1.wlan[0].mac,address,mutable,,
EnergyEfficient-8-20260924-21:41:26-1662,param,Ieee802154Showcase.sensor1.wlan[0].mac,headerLength,,,72b
EnergyEfficient-8-20260924-21:41:26-1662,attr,Ieee802154Showcase.sensor1.wlan[0].mac,headerLength,unit,b,
EnergyEfficient-8-20260924-21:41:26-1662,param,Ieee802154Showcase.sensor1.wlan[0].mac,mtu,,,118B
EnergyEfficient-8-20260924-21:41:26-1662,attr,Ieee802154Showcase.sensor1.wlan[0].mac,mtu,unit,B,
EnergyEfficient-8-20260924-21:41:26-1662,param,Ieee802154Showcase.sensor1.wlan[0].mac,bitrate,,,250000bps
EnergyEfficient-8-20260924-21:41:26-1662,attr,Ieee802154Showcase.sensor1.wlan[0].mac,bitrate,unit,bps,
EnergyEfficient-8-20260924-21:41:26-1662,param,Ieee802154Showcase.sensor1.wlan[0].mac,ccaDetectionTime,,,0.000128s
EnergyEfficient-8-20260924-21:41:26-1662,attr,Ieee802154Showcase.sensor1.wlan[0].mac,ccaDetectionTime,unit,s,
EnergyEfficient-8-20260924-21:41:26-1662,param,Ieee802154Showcase.sensor1.wlan[0].mac,rxSetupTime,,,0s
EnergyEfficient-8-20260924-21:41:26-1662,attr,Ieee802154Showcase.sensor1.wlan[0].mac,rxSetupTime,unit,s,
EnergyEfficient-8-20260924-21:41:26-1662,param,Ieee802154Showcase.sensor1.wlan[0].mac,aTurnaroundTime,,,0.000192s
EnergyEfficient-8-20260924-21:41:26-1662,attr,Ieee802154Showcase.sensor1.wlan[0].mac,aTurnaroundTime,unit,s,
EnergyEfficient-8-20260924-21:41:26-1662,param,Ieee802154Showcase.sensor1.wlan[0].mac,useMACAcks,,,true
EnergyEfficient-8-20260924-21:41:26-1662,param,Ieee802154Showcase.sensor1.wlan[0].mac,macMaxFrameRetries,,,3
EnergyEfficient-8-20260924-21:41:26-1662,param,Ieee802154Showcase.sensor1.wlan[0].mac,macAckWaitDuration,,,0.00056s
EnergyEfficient-8-20260924-21:41:26-1662,attr,Ieee802154Showcase.sensor1.wlan[0].mac,macAckWaitDuration,unit,s,
EnergyEfficient-8-20260924-21:41:26-1662,param,Ieee802154Showcase.sensor1.wlan[0].mac,ackLength,,,40b
EnergyEfficient-8-20260924-21:41:26-1662,attr,Ieee802154Showcase.sensor1.wlan[0].mac,ackLength,unit,b,
EnergyEfficient-8-20260924-21:41:26-1662,param,Ieee802154Showcase.sensor1.wlan[0].mac,sifs,,,0.000192s
EnergyEfficient-8-20260924-21:41:26-1662,attr,Ieee802154Showcase.sensor1.wlan[0].mac,sifs,unit,s,
EnergyEfficient-8-20260924-21:41:26-1662,param,Ieee802154Showcase.sensor1.wlan[0].mac,backoffMethod,,,"""exponential"""
EnergyEfficient-8-20260924-21:41:26-1662,param,Ieee802154Showcase.sensor1.wlan[0].mac,macMaxCSMABackoffs,,,4
EnergyEfficient-8-20260924-21:41:26-1662,param,Ieee802154Showcase.sensor1.wlan[0].mac,aUnitBackoffPeriod,,,0.00032s
EnergyEfficient-8-20260924-21:41:26-1662,attr,Ieee802154Showcase.sensor1.wlan[0].mac,aUnitBackoffPeriod,unit,s,
EnergyEfficient-8-20260924-21:41:26-1662,param,Ieee802154Showcase.sensor1.wlan[0].mac,contentionWindow,,,2
EnergyEfficient-8-20260924-21:41:26-1662,param,Ieee802154Showcase.sensor1.wlan[0].mac,macMinBE,,,3
EnergyEfficient-8-20260924-21:41:26-1662,param,Ieee802154Showcase.sensor1.wlan[0].mac,macMaxBE,,,5
EnergyEfficient-8-20260924-21:41:26-1662,param,Ieee802154Showcase.sensor1.wlan[0].mac,radioModule,,,"""^.radio"""
EnergyEfficient-8-20260924-21:41:26-1662,param,Ieee802154Showcase.sensor1.wlan[0].mac,beaconOrder,,,6
EnergyEfficient-8-20260924-21:41:26-1662,param,Ieee802154Showcase.sensor1.wlan[0].mac,superframeOrder,,,2
EnergyEfficient-8-20260924-21:41:26-1662,param,Ieee802154Showcase.sensor1.wlan[0].mac,beaconGuardTime,,,0.001s
EnergyEfficient-8-20260924-21:41:26-1662,attr,Ieee802154Showcase.sensor1.wlan[0].mac,beaconGuardTime,unit,s,
EnergyEfficient-8-20260924-21:41:26-1662,param,Ieee802154Showcase.sensor1.wlan[0].mac,coordinator,,,false
EnergyEfficient-9-20260924-21:41:27-1662,param,Ieee802154Showcase.sensor1.wlan[0].mac,typename,,,"""inet.linklayer.ieee802154.EnergyEfficientIeee802154Mac"""
EnergyEfficient-9-20260924-21:41:27-1662,param,Ieee802154Showcase.sensor1.wlan[0].mac,displayStringTextFormat,,,""""""
EnergyEfficient-9-20260924-21:41:27-1662,attr,Ieee802154Showcase.sensor1.wlan[0].mac,displayStringTextFormat,mutable,,
EnergyEfficient-9-20260924-21:41:27-1662,param,Ieee802154Showcase.sensor1.wlan[0].mac,interfaceTableModule,,,"""Ieee802154Showcase.sensor1.interfaceTable"""
EnergyEfficient-9-20260924-21:41:27-1662,param,Ieee802154Showcase.sensor1.wlan[0].mac,address,,,"""auto"""
EnergyEfficient-9-20260924-21:41:27-1662,attr,Ieee802154Showcase.sensor1.wlan[0].mac,address,mutable,,
EnergyEfficient-9-20260924-21:41:27-1662,param,Ieee802154Showcase.sensor1.wlan[0].mac,headerLength,,,72b
EnergyEfficient-9-20260924-21:41:27-1662,attr,Ieee802154Showcase.sensor1.wlan[0].mac,headerLength,unit,b,
EnergyEfficient-9-20260924-21:41:27-1662,param,Ieee802154Showcase.sensor1.wlan[0].mac,mtu,,,118B
EnergyEfficient-9-20260924-21:41:27-1662,attr,Ieee802154Showcase.sensor1.wlan[0].mac,mtu,unit,B,
EnergyEfficient-9-20260924-21:41:27-1662,param,Ieee802154Showcase.sensor1.wlan[0].mac,bitrate,,,250000bps
EnergyEfficient-9-20260924-21:41:27-1662,attr,Ieee802154Showcase.sensor1.wlan[0].mac,bitrate,unit,bps,
EnergyEfficient-9-20260924-21:41:27-1662,param,Ieee802154Showcase.sensor1.wlan[0].mac,ccaDetectionTime,,,0.000128s
EnergyEfficient-9-20260924-21:41:27-1662,attr,Ieee802154Showcase.sensor1.wlan[0].mac,ccaDetectionTime,unit,s,
EnergyEfficient-9-20260924-21:41:27-1662,param,Ieee802154Showcase.sensor1.wlan[0].mac,rxSetupTime,,,0s
EnergyEfficient-9-20260924-21:41:27-1662,attr,Ieee802154Showcase.sensor1.wlan[0].mac,rxSetupTime,unit,s,
EnergyEfficient-9-20260924-21:41:27-1662,param,Ieee802154Showcase.sensor1.wlan[0].mac,aTurnaroundTime,,,0.000192s
EnergyEfficient-9-20260924-21:41:27-1662,attr,Ieee802154Showcase.sensor1.wlan[0].mac,aTurnaroundTime,unit,s,
EnergyEfficient-9-20260924-21:41:27-1662,param,Ieee802154Showcase.sensor1.wlan[0].mac,useMACAcks,,,true
EnergyEfficient-9-20260924-21:41:27-1662,param,Ieee802154Showcase.sensor1.wlan[0].mac,macMaxFrameRetries,,,3
EnergyEfficient-9-20260924-21:41:27-1662,param,Ieee802154Showcase.sensor1.wlan[0].mac,macAckWaitDuration,,,0.00056s
EnergyEfficient-9-20260924-21:41:27-1662,attr,Ieee802154Showcase.sensor1.wlan[0].mac,macAckWaitDuration,unit,s,
EnergyEfficient-9-20260924-21:41:27-1662,param,Ieee802154Showcase.sensor1.wlan[0].mac,ackLength,,,40b
EnergyEfficient-9-20260924-21:41:27-1662,attr,Ieee802154Showcase.sensor1.wlan[0].mac,ackLength,unit,b,
EnergyEfficient-9-20260924-21:41:27-1662,param,Ieee802154Showcase.sensor1.wlan[0].mac,sifs,,,0.000192s
EnergyEfficient-9-20260924-21:41:27-1662,attr,Ieee802154Showcase.sensor1.wlan[0].mac,sifs,unit,s,
EnergyEfficient-9-20260924-21:41:27-1662,param,Ieee802154Showcase.sensor1.wlan[0].mac,backoffMethod,,,"""exponential"""
EnergyEfficient-9-20260924-21:41:27-1662,param,Ieee802154Showcase.sensor1.wlan[0].mac,macMaxCSMABackoffs,,,4
EnergyEfficient-9-20260924-21:41:27-1662,param,Ieee802154Showcase.sensor1.wlan[0].mac,aUnitBackoffPeriod,,,0.00032s
EnergyEfficient-9-20260924-21:41:27-1662,attr,Ieee802154Showcase.sensor1.wlan[0].mac,aUnitBackoffPeriod,unit,s,
EnergyEfficient-9-20260924-21:41:27-1662,param,Ieee802154Showcase.sensor1.wlan[0].mac,contentionWindow,,,2
EnergyEfficient-9-20260924-21:41:27-1662,param,Ieee802154Showcase.sensor1.wlan[0].mac,macMinBE,,,3
EnergyEfficient-9-20260924-21:41:27-1662,param,Ieee802154Showcase.sensor1.wlan[0].mac,macMaxBE,,,5
EnergyEfficient-9-20260924-21:41:27-1662,param,Ieee802154Showcase.sensor1.wlan[0].mac,radioModule,,,"""^.radio"""
EnergyEfficient-9-20260924-21:41:27-1662,param,Ieee802154Showcase.sensor1.wlan[0].mac,beaconOrder,,,6
EnergyEfficient-9-20260924-21:41:27-1662,param,Ieee802154Showcase.sensor1.wlan[0].mac,superframeOrder,,,2
EnergyEfficient-9-20260924-21:41:27-1662,param,Ieee802154Showcase.sensor1.wlan[0].mac,beaconGuardTime,,,0.001s
EnergyEfficient-9-20260924-21:41:27-1662,attr,Ieee802154Showcase.sensor1.wlan[0].mac,beaconGuardTime,unit,s,
EnergyEfficient-9-20260924-21:41:27-1662,param,Ieee802154Showcase.sensor1.wlan[0].mac,coordinator,,,false
