run,type,module,name,attrname,attrvalue,value
EnergyEfficient-0-20260924-21:41:21-1662,runattr,,,configname,EnergyEfficient,
EnergyEfficient-0-20260924-21:41:21-1662,runattr,,,datetime,20260924-21:41:21,
EnergyEfficient-0-20260924-21:41:21-1662,runattr,,,datetimef,20260924-214121,
EnergyEfficient-0-20260924-21:41:21-1662,runattr,,,experiment,EnergyEfficient,
EnergyEfficient-0-20260924-21:41:21-1662,runattr,,,inifile,omnetpp.ini,
EnergyEfficient-0-20260924-21:41:21-1662,runattr,,,iterationvars,,
EnergyEfficient-0-20260924-21:41:21-1662,runattr,,,iterationvarsd,,
EnergyEfficient-0-20260924-21:41:21-1662,runattr,,,iterationvarsf,,
EnergyEfficient-0-20260924-21:41:21-1662,runattr,,,measurement,,
EnergyEfficient-0-20260924-21:41:21-1662,runattr,,,network,Ieee802154Showcase,
EnergyEfficient-0-20260924-21:41:21-1662,runattr,,,processid,1662,
EnergyEfficient-0-20260924-21:41:21-1662,runattr,,,repetition,0,
EnergyEfficient-0-20260924-21:41:21-1662,runattr,,,replication,#0,
EnergyEfficient-0-20260924-21:41:21-1662,runattr,,,resultdir,results,
EnergyEfficient-0-20260924-21:41:21-1662,runattr,,,runnumber,0,
EnergyEfficient-0-20260924-21:41:21-1662,runattr,,,seedset,0,
EnergyEfficient-0-20260924-21:41:21-1662,config,,,extends,Ieee802154Power,
EnergyEfficient-0-20260924-21:41:21-1662,config,,,sim-time-limit,100s,
EnergyEfficient-0-20260924-21:41:21-1662,config,,,repeat,10,
EnergyEfficient-0-20260924-21:41:21-1662,config,,,**.wlan[*].typename,EnergyEfficientIeee802154Interface,
EnergyEfficient-0-20260924-21:41:21-1662,config,,,**.wlan[*].mac.beaconOrder,6,
EnergyEfficient-0-20260924-21:41:21-1662,config,,,**.wlan[*].mac.superframeOrder,2,
EnergyEfficient-0-20260924-21:41:21-1662,config,,,*.controller.wlan[*].mac.coordinator,true,
EnergyEfficient-0-20260924-21:41:21-1662,config,,,*.sensor*.wlan[*].mac.coordinator,false,
EnergyEfficient-0-20260924-21:41:21-1662,config,,,*.lamp*.wlan[*].mac.coordinator,false,
EnergyEfficient-0-20260924-21:41:21-1662,config,,,extends,Ieee802154,
EnergyEfficient-0-20260924-21:41:21-1662,config,,,sim-time-limit,100s,
EnergyEfficient-0-20260924-21:41:21-1662,config,,,repeat,10,
EnergyEfficient-0-20260924-21:41:21-1662,config,,,**.energyStorage.residualEnergyCapacity.result-recording-modes,+last,
EnergyEfficient-0-20260924-21:41:21-1662,config,,,network,Ieee802154Showcase,
EnergyEfficient-0-20260924-21:41:21-1662,config,,,**.arp.typename,GlobalArp,
EnergyEfficient-0-20260924-21:41:21-1662,config,,,**.netmaskRoutes,"""""",
EnergyEfficient-0-20260924-21:41:21-1662,config,,,*.radioMedium.backgroundNoise.power,-110dBm,
EnergyEfficient-0-20260924-21:41:21-1662,config,,,*.configurator.config,"xmldoc(""startopology.xml"")",
EnergyEfficient-0-20260924-21:41:21-1662,config,,,*.configurator.addStaticRoutes,false,
EnergyEfficient-0-20260924-21:41:21-1662,config,,,*.sensor*.numApps,1,
EnergyEfficient-0-20260924-21:41:21-1662,config,,,*.sensor*.app[*].typename,UdpBasicApp,
EnergyEfficient-0-20260924-21:41:21-1662,config,,,*.sensor*.app[*].destAddresses,"""controller""",
EnergyEfficient-0-20260924-21:41:21-1662,config,,,*.sensor*.app[*].destPort,1000,
EnergyEfficient-0-20260924-21:41:21-1662,config,,,*.sensor*.app[*].sendInterval,1s,
EnergyEfficient-0-20260924-21:41:21-1662,config,,,*.sensor*.app[*].startTime,"uniform(0s,1s)",
EnergyEfficient-0-20260924-21:41:21-1662,config,,,*.sensor*.app[*].messageLength,10Byte,
EnergyEfficient-0-20260924-21:41:21-1662,config,,,*.sensor*.app[*].packetName,"""SensorData""",
EnergyEfficient-0-20260924-21:41:21-1662,config,,,*.controller.numApps,2,
EnergyEfficient-0-20260924-21:41:21-1662,config,,,*.controller.app[0].typename,UdpBasicApp,
EnergyEfficient-0-20260924-21:41:21-1662,config,,,*.controller.app[0].destAddresses,"""lamp1 lamp2 lamp3 lamp4 lamp5 lamp6 lamp7 lamp8""",
EnergyEfficient-0-20260924-21:41:21-1662,config,,,*.controller.app[0].destPort,1000,
EnergyEfficient-0-20260924-21:41:21-1662,config,,,*.controller.app[0].sendInterval,1s,
EnergyEfficient-0-20260924-21:41:21-1662,config,,,*.controller.app[0].startTime,exponential(1s),
EnergyEfficient-0-20260924-21:41:21-1662,config,,,*.controller.app[0].messageLength,10Byte,
EnergyEfficient-0-20260924-21:41:21-1662,config,,,*.controller.app[0].packetName,"""ControlData""",
EnergyEfficient-0-20260924-21:41:21-1662,config,,,*.controller.app[1].typename,UdpSink,
EnergyEfficient-0-20260924-21:41:21-1662,config,,,*.controller.app[1].localPort,1000,
EnergyEfficient-0-20260924-21:41:21-1662,config,,,*.lamp*.numApps,1,
EnergyEfficient-0-20260924-21:41:21-1662,config,,,*.lamp*.app[0].typename,UdpSink,
EnergyEfficient-0-20260924-21:41:21-1662,config,,,*.lamp*.app[0].localPort,1000,
EnergyEfficient-0-20260924-21:41:21-1662,config,,,*.visualizer.routingTableVisualizer[0].displayRoutingTables,false,
EnergyEfficient-0-20260924-21:41:21-1662,config,,,*.visualizer.routingTableVisualizer[0].displayRoutesIndividually,false,
EnergyEfficient-0-20260924-21:41:21-1662,config,,,*.visualizer.routingTableVisualizer[0].lineShift,0,
EnergyEfficient-0-20260924-21:41:21-1662,config,,,*.visualizer.routingTableVisualizer[0].displayLabels,false,
EnergyEfficient-0-20260924-21:41:21-1662,config,,,*.visualizer.interfaceTableVisualizer[0].displayInterfaceTables,false,
EnergyEfficient-0-20260924-21:41:21-1662,config,,,*.visualizer.numDataLinkVisualizers,2,
EnergyEfficient-0-20260924-21:41:21-1662,config,,,*.visualizer.dataLinkVisualizer[*].displayLinks,true,
EnergyEfficient-0-20260924-21:41:21-1662,config,,,*.visualizer.dataLinkVisualizer[0].nodeFilter,"""sensor* or controller""",
EnergyEfficient-0-20260924-21:41:21-1662,config,,,*.visualizer.dataLinkVisualizer[1].*Color,"""blue""",
EnergyEfficient-0-20260924-21:41:21-1662,config,,,*.visualizer.dataLinkVisualizer[1].nodeFilter,"""lamp* or controller""",
EnergyEfficient-0-20260924-21:41:21-1662,config,,,*.visualizer.numStatisticVisualizers,2,
EnergyEfficient-0-20260924-21:41:21-1662,config,,,*.visualizer.statisticVisualizer[*].zIndex,1,
EnergyEfficient-0-20260924-21:41:21-1662,config,,,*.visualizer.statisticVisualizer[0].displayStatistics,true,
EnergyEfficient-0-20260924-21:41:21-1662,config,,,*.visualizer.statisticVisualizer[0].signalName,"""packetSent""",
EnergyEfficient-0-20260924-21:41:21-1662,config,,,*.visualizer.statisticVisualizer[0].statisticExpression,"""count""",
EnergyEfficient-0-20260924-21:41:21-1662,config,,,*.visualizer.statisticVisualizer[0].sourceFilter,"""**.controller.udp OR **.sensor*.udp""",
EnergyEfficient-0-20260924-21:41:21-1662,config,,,*.visualizer.statisticVisualizer[0].format,"""sent: %v pks""",
EnergyEfficient-0-20260924-21:41:21-1662,config,,,*.visualizer.statisticVisualizer[1].displayStatistics,true,
EnergyEfficient-0-20260924-21:41:21-1662,config,,,*.visualizer.statisticVisualizer[1].signalName,"""packetReceived""",
EnergyEfficient-0-20260924-21:41:21-1662,config,,,*.visualizer.statisticVisualizer[1].statisticExpression,"""count""",
EnergyEfficient-0-20260924-21:41:21-1662,config,,,*.visualizer.statisticVisualizer[1].sourceFilter,"""**.controller.udp OR **.lamp*.udp""",
EnergyEfficient-0-20260924-21:41:21-1662,config,,,*.visualizer.statisticVisualizer[1].format,"""rcvd: %v pks""",
EnergyEfficient-1-20260924-21:41:22-1662,runattr,,,configname,EnergyEfficient,
EnergyEfficient-1-20260924-21:41:22-1662,runattr,,,datetime,20260924-21:41:22,
EnergyEfficient-1-20260924-21:41:22-1662,runattr,,,datetimef,20260924-214122,
EnergyEfficient-1-20260924-21:41:22-1662,runattr,,,experiment,EnergyEfficient,
EnergyEfficient-1-20260924-21:41:22-1662,runattr,,,inifile,omnetpp.ini,
EnergyEfficient-1-20260924-21:41:22-1662,runattr,,,iterationvars,,
EnergyEfficient-1-20260924-21:41:22-1662,runattr,,,iterationvarsd,,
EnergyEfficient-1-20260924-21:41:22-1662,runattr,,,iterationvarsf,,
EnergyEfficient-1-20260924-21:41:22-1662,runattr,,,measurement,,
EnergyEfficient-1-20260924-21:41:22-1662,runattr,,,network,Ieee802154Showcase,
EnergyEfficient-1-20260924-21:41:22-1662,runattr,,,processid,1662,
EnergyEfficient-1-20260924-21:41:22-1662,runattr,,,repetition,1,
EnergyEfficient-1-20260924-21:41:22-1662,runattr,,,replication,#1,
EnergyEfficient-1-20260924-21:41:22-1662,runattr,,,resultdir,results,
EnergyEfficient-1-20260924-21:41:22-1662,runattr,,,runnumber,1,
EnergyEfficient-1-20260924-21:41:22-1662,runattr,,,seedset,1,
EnergyEfficient-1-20260924-21:41:22-1662,config,,,extends,Ieee802154Power,
EnergyEfficient-1-20260924-21:41:22-1662,config,,,sim-time-limit,100s,
EnergyEfficient-1-20260924-21:41:22-1662,config,,,repeat,10,
EnergyEfficient-1-20260924-21:41:22-1662,config,,,**.wlan[*].typename,EnergyEfficientIeee802154Interface,
EnergyEfficient-1-20260924-21:41:22-1662,config,,,**.wlan[*].mac.beaconOrder,6,
EnergyEfficient-1-20260924-21:41:22-1662,config,,,**.wlan[*].mac.superframeOrder,2,
EnergyEfficient-1-20260924-21:41:22-1662,config,,,*.controller.wlan[*].mac.coordinator,true,
EnergyEfficient-1-20260924-21:41:22-1662,config,,,*.sensor*.wlan[*].mac.coordinator,false,
EnergyEfficient-1-20260924-21:41:22-1662,config,,,*.lamp*.wlan[*].mac.coordinator,false,
EnergyEfficient-1-20260924-21:41:22-1662,config,,,extends,Ieee802154,
EnergyEfficient-1-20260924-21:41:22-1662,config,,,sim-time-limit,100s,
EnergyEfficient-1-20260924-21:41:22-1662,config,,,repeat,10,
EnergyEfficient-1-20260924-21:41:22-1662,config,,,**.energyStorage.residualEnergyCapacity.result-recording-modes,+last,
EnergyEfficient-1-20260924-21:41:22-1662,config,,,network,Ieee802154Showcase,
EnergyEfficient-1-20260924-21:41:22-1662,config,,,**.arp.typename,GlobalArp,
EnergyEfficient-1-20260924-21:41:22-1662,config,,,**.netmaskRoutes,"""""",
EnergyEfficient-1-20260924-21:41:22-1662,config,,,*.radioMedium.backgroundNoise.power,-110dBm,
EnergyEfficient-1-20260924-21:41:22-1662,config,,,*.configurator.config,"xmldoc(""startopology.xml"")",
EnergyEfficient-1-20260924-21:41:22-1662,config,,,*.configurator.addStaticRoutes,false,
EnergyEfficient-1-20260924-21:41:22-1662,config,,,*.sensor*.numApps,1,
EnergyEfficient-1-20260924-21:41:22-1662,config,,,*.sensor*.app[*].typename,UdpBasicApp,
EnergyEfficient-1-20260924-21:41:22-1662,config,,,*.sensor*.app[*].destAddresses,"""controller""",
EnergyEfficient-1-20260924-21:41:22-1662,config,,,*.sensor*.app[*].destPort,1000,
EnergyEfficient-1-20260924-21:41:22-1662,config,,,*.sensor*.app[*].sendInterval,1s,
EnergyEfficient-1-20260924-21:41:22-1662,config,,,*.sensor*.app[*].startTime,"uniform(0s,1s)",
EnergyEfficient-1-20260924-21:41:22-1662,config,,,*.sensor*.app[*].messageLength,10Byte,
EnergyEfficient-1-20260924-21:41:22-1662,config,,,*.sensor*.app[*].packetName,"""SensorData""",
EnergyEfficient-1-20260924-21:41:22-1662,config,,,*.controller.numApps,2,
EnergyEfficient-1-20260924-21:41:22-1662,config,,,*.controller.app[0].typename,UdpBasicApp,
EnergyEfficient-1-20260924-21:41:22-1662,config,,,*.controller.app[0].destAddresses,"""lamp1 lamp2 lamp3 lamp4 lamp5 lamp6 lamp7 lamp8""",
EnergyEfficient-1-20260924-21:41:22-1662,config,,,*.controller.app[0].destPort,1000,
EnergyEfficient-1-20260924-21:41:22-1662,config,,,*.controller.app[0].sendInterval,1s,
EnergyEfficient-1-20260924-21:41:22-1662,config,,,*.controller.app[0].startTime,exponential(1s),
EnergyEfficient-1-20260924-21:41:22-1662,config,,,*.controller.app[0].messageLength,10Byte,
EnergyEfficient-1-20260924-21:41:22-1662,config,,,*.controller.app[0].packetName,"""ControlData""",
EnergyEfficient-1-20260924-21:41:22-1662,config,,,*.controller.app[1].typename,UdpSink,
EnergyEfficient-1-20260924-21:41:22-1662,config,,,*.controller.app[1].localPort,1000,
EnergyEfficient-1-20260924-21:41:22-1662,config,,,*.lamp*.numApps,1,
EnergyEfficient-1-20260924-21:41:22-1662,config,,,*.lamp*.app[0].typename,UdpSink,
EnergyEfficient-1-20260924-21:41:22-1662,config,,,*.lamp*.app[0].localPort,1000,
EnergyEfficient-1-20260924-21:41:22-1662,config,,,*.visualizer.routingTableVisualizer[0].displayRoutingTables,false,
EnergyEfficient-1-20260924-21:41:22-1662,config,,,*.visualizer.routingTableVisualizer[0].displayRoutesIndividually,false,
EnergyEfficient-1-20260924-21:41:22-1662,config,,,*.visualizer.routingTableVisualizer[0].lineShift,0,
EnergyEfficient-1-20260924-21:41:22-1662,config,,,*.visualizer.routingTableVisualizer[0].displayLabels,false,
EnergyEfficient-1-20260924-21:41:22-1662,config,,,*.visualizer.interfaceTableVisualizer[0].displayInterfaceTables,false,
EnergyEfficient-1-20260924-21:41:22-1662,config,,,*.visualizer.numDataLinkVisualizers,2,
EnergyEfficient-1-20260924-21:41:22-1662,config,,,*.visualizer.dataLinkVisualizer[*].displayLinks,true,
EnergyEfficient-1-20260924-21:41:22-1662,config,,,*.visualizer.dataLinkVisualizer[0].nodeFilter,"""sensor* or controller""",
EnergyEfficient-1-20260924-21:41:22-1662,config,,,*.visualizer.dataLinkVisualizer[1].*Color,"""blue""",
EnergyEfficient-1-20260924-21:41:22-1662,config,,,*.visualizer.dataLinkVisualizer[1].nodeFilter,"""lamp* or controller""",
EnergyEfficient-1-20260924-21:41:22-1662,config,,,*.visualizer.numStatisticVisualizers,2,
EnergyEfficient-1-20260924-21:41:22-1662,config,,,*.visualizer.statisticVisualizer[*].zIndex,1,
EnergyEfficient-1-20260924-21:41:22-1662,config,,,*.visualizer.statisticVisualizer[0].displayStatistics,true,
EnergyEfficient-1-20260924-21:41:22-1662,config,,,*.visualizer.statisticVisualizer[0].signalName,"""packetSent""",
EnergyEfficient-1-20260924-21:41:22-1662,config,,,*.visualizer.statisticVisualizer[0].statisticExpression,"""count""",
EnergyEfficient-1-20260924-21:41:22-1662,config,,,*.visualizer.statisticVisualizer[0].sourceFilter,"""**.controller.udp OR **.sensor*.udp""",
EnergyEfficient-1-20260924-21:41:22-1662,config,,,*.visualizer.statisticVisualizer[0].format,"""sent: %v pks""",
EnergyEfficient-1-20260924-21:41:22-1662,config,,,*.visualizer.statisticVisualizer[1].displayStatistics,true,
EnergyEfficient-1-20260924-21:41:22-1662,config,,,*.visualizer.statisticVisualizer[1].signalName,"""packetReceived""",
EnergyEfficient-1-20260924-21:41:22-1662,config,,,*.visualizer.statisticVisualizer[1].statisticExpression,"""count""",
EnergyEfficient-1-20260924-21:41:22-1662,config,,,*.visualizer.statisticVisualizer[1].sourceFilter,"""**.controller.udp OR **.lamp*.udp""",
EnergyEfficient-1-20260924-21:41:22-1662,config,,,*.visualizer.statisticVisualizer[1].format,"""rcvd: %v pks""",
EnergyEfficient-2-20260924-21:41:22-1662,runattr,,,configname,EnergyEfficient,
EnergyEfficient-2-20260924-21:41:22-1662,runattr,,,datetime,20260924-21:41:22,
EnergyEfficient-2-20260924-21:41:22-1662,runattr,,,datetimef,20260924-214122,
EnergyEfficient-2-20260924-21:41:22-1662,runattr,,,experiment,EnergyEfficient,
EnergyEfficient-2-20260924-21:41:22-1662,runattr,,,inifile,omnetpp.ini,
EnergyEfficient-2-20260924-21:41:22-1662,runattr,,,iterationvars,,
EnergyEfficient-2-20260924-21:41:22-1662,runattr,,,iterationvarsd,,
EnergyEfficient-2-20260924-21:41:22-1662,runattr,,,iterationvarsf,,
EnergyEfficient-2-20260924-21:41:22-1662,runattr,,,measurement,,
EnergyEfficient-2-20260924-21:41:22-1662,runattr,,,network,Ieee802154Showcase,
EnergyEfficient-2-20260924-21:41:22-1662,runattr,,,processid,1662,
EnergyEfficient-2-20260924-21:41:22-1662,runattr,,,repetition,2,
EnergyEfficient-2-20260924-21:41:22-1662,runattr,,,replication,#2,
EnergyEfficient-2-20260924-21:41:22-1662,runattr,,,resultdir,results,
EnergyEfficient-2-20260924-21:41:22-1662,runattr,,,runnumber,2,
EnergyEfficient-2-20260924-21:41:22-1662,runattr,,,seedset,2,
EnergyEfficient-2-20260924-21:41:22-1662,config,,,extends,Ieee802154Power,
EnergyEfficient-2-20260924-21:41:22-1662,config,,,sim-time-limit,100s,
EnergyEfficient-2-20260924-21:41:22-1662,config,,,repeat,10,
EnergyEfficient-2-20260924-21:41:22-1662,config,,,**.wlan[*].typename,EnergyEfficientIeee802154Interface,
EnergyEfficient-2-20260924-21:41:22-1662,config,,,**.wlan[*].mac.beaconOrder,6,
EnergyEfficient-2-20260924-21:41:22-1662,config,,,**.wlan[*].mac.superframeOrder,2,
EnergyEfficient-2-20260924-21:41:22-1662,config,,,*.controller.wlan[*].mac.coordinator,true,
EnergyEfficient-2-20260924-21:41:22-1662,config,,,*.sensor*.wlan[*].mac.coordinator,false,
EnergyEfficient-2-20260924-21:41:22-1662,config,,,*.lamp*.wlan[*].mac.coordinator,false,
EnergyEfficient-2-20260924-21:41:22-1662,config,,,extends,Ieee802154,
EnergyEfficient-2-20260924-21:41:22-1662,config,,,sim-time-limit,100s,
EnergyEfficient-2-20260924-21:41:22-1662,config,,,repeat,10,
EnergyEfficient-2-20260924-21:41:22-1662,config,,,**.energyStorage.residualEnergyCapacity.result-recording-modes,+last,
EnergyEfficient-2-20260924-21:41:22-1662,config,,,network,Ieee802154Showcase,
EnergyEfficient-2-20260924-21:41:22-1662,config,,,**.arp.typename,GlobalArp,
EnergyEfficient-2-20260924-21:41:22-1662,config,,,**.netmaskRoutes,"""""",
EnergyEfficient-2-20260924-21:41:22-1662,config,,,*.radioMedium.backgroundNoise.power,-110dBm,
EnergyEfficient-2-20260924-21:41:22-1662,config,,,*.configurator.config,"xmldoc(""startopology.xml"")",
EnergyEfficient-2-20260924-21:41:22-1662,config,,,*.configurator.addStaticRoutes,false,
EnergyEfficient-2-20260924-21:41:22-1662,config,,,*.sensor*.numApps,1,
EnergyEfficient-2-20260924-21:41:22-1662,config,,,*.sensor*.app[*].typename,UdpBasicApp,
EnergyEfficient-2-20260924-21:41:22-1662,config,,,*.sensor*.app[*].destAddresses,"""controller""",
EnergyEfficient-2-20260924-21:41:22-1662,config,,,*.sensor*.app[*].destPort,1000,
EnergyEfficient-2-20260924-21:41:22-1662,config,,,*.sensor*.app[*].sendInterval,1s,
EnergyEfficient-2-20260924-21:41:22-1662,config,,,*.sensor*.app[*].startTime,"uniform(0s,1s)",
EnergyEfficient-2-20260924-21:41:22-1662,config,,,*.sensor*.app[*].messageLength,10Byte,
EnergyEfficient-2-20260924-21:41:22-1662,config,,,*.sensor*.app[*].packetName,"""SensorData""",
EnergyEfficient-2-20260924-21:41:22-1662,config,,,*.controller.numApps,2,
EnergyEfficient-2-20260924-21:41:22-1662,config,,,*.controller.app[0].typename,UdpBasicApp,
EnergyEfficient-2-20260924-21:41:22-1662,config,,,*.controller.app[0].destAddresses,"""lamp1 lamp2 lamp3 lamp4 lamp5 lamp6 lamp7 lamp8""",
EnergyEfficient-2-20260924-21:41:22-1662,config,,,*.controller.app[0].destPort,1000,
EnergyEfficient-2-20260924-21:41:22-1662,config,,,*.controller.app[0].sendInterval,1s,
EnergyEfficient-2-20260924-21:41:22-1662,config,,,*.controller.app[0].startTime,exponential(1s),
EnergyEfficient-2-20260924-21:41:22-1662,config,,,*.controller.app[0].messageLength,10Byte,
EnergyEfficient-2-20260924-21:41:22-1662,config,,,*.controller.app[0].packetName,"""ControlData""",
EnergyEfficient-2-20260924-21:41:22-1662,config,,,*.controller.app[1].typename,UdpSink,
EnergyEfficient-2-20260924-21:41:22-1662,config,,,*.controller.app[1].localPort,1000,
EnergyEfficient-2-20260924-21:41:22-1662,config,,,*.lamp*.numApps,1,
EnergyEfficient-2-20260924-21:41:22-1662,config,,,*.lamp*.app[0].typename,UdpSink,
EnergyEfficient-2-20260924-21:41:22-1662,config,,,*.lamp*.app[0].localPort,1000,
EnergyEfficient-2-20260924-21:41:22-1662,config,,,*.visualizer.routingTableVisualizer[0].displayRoutingTables,false,
EnergyEfficient-2-20260924-21:41:22-1662,config,,,*.visualizer.routingTableVisualizer[0].displayRoutesIndividually,false,
EnergyEfficient-2-20260924-21:41:22-1662,config,,,*.visualizer.routingTableVisualizer[0].lineShift,0,
EnergyEfficient-2-20260924-21:41:22-1662,config,,,*.visualizer.routingTableVisualizer[0].displayLabels,false,
EnergyEfficient-2-20260924-21:41:22-1662,config,,,*.visualizer.interfaceTableVisualizer[0].displayInterfaceTables,false,
EnergyEfficient-2-20260924-21:41:22-1662,config,,,*.visualizer.numDataLinkVisualizers,2,
EnergyEfficient-2-20260924-21:41:22-1662,config,,,*.visualizer.dataLinkVisualizer[*].displayLinks,true,
EnergyEfficient-2-20260924-21:41:22-1662,config,,,*.visualizer.dataLinkVisualizer[0].nodeFilter,"""sensor* or controller""",
EnergyEfficient-2-20260924-21:41:22-1662,config,,,*.visualizer.dataLinkVisualizer[1].*Color,"""blue""",
EnergyEfficient-2-20260924-21:41:22-1662,config,,,*.visualizer.dataLinkVisualizer[1].nodeFilter,"""lamp* or controller""",
EnergyEfficient-2-20260924-21:41:22-1662,config,,,*.visualizer.numStatisticVisualizers,2,
EnergyEfficient-2-20260924-21:41:22-1662,config,,,*.visualizer.statisticVisualizer[*].zIndex,1,
EnergyEfficient-2-20260924-21:41:22-1662,config,,,*.visualizer.statisticVisualizer[0].displayStatistics,true,
EnergyEfficient-2-20260924-21:41:22-1662,config,,,*.visualizer.statisticVisualizer[0].signalName,"""packetSent""",
EnergyEfficient-2-20260924-21:41:22-1662,config,,,*.visualizer.statisticVisualizer[0].statisticExpression,"""count""",
EnergyEfficient-2-20260924-21:41:22-1662,config,,,*.visualizer.statisticVisualizer[0].sourceFilter,"""**.controller.udp OR **.sensor*.udp""",
EnergyEfficient-2-20260924-21:41:22-1662,config,,,*.visualizer.statisticVisualizer[0].format,"""sent: %v pks""",
EnergyEfficient-2-20260924-21:41:22-1662,config,,,*.visualizer.statisticVisualizer[1].displayStatistics,true,
EnergyEfficient-2-20260924-21:41:22-1662,config,,,*.visualizer.statisticVisualizer[1].signalName,"""packetReceived""",
EnergyEfficient-2-20260924-21:41:22-1662,config,,,*.visualizer.statisticVisualizer[1].statisticExpression,"""count""",
EnergyEfficient-2-20260924-21:41:22-1662,config,,,*.visualizer.statisticVisualizer[1].sourceFilter,"""**.controller.udp OR **.lamp*.udp""",
EnergyEfficient-2-20260924-21:41:22-1662,config,,,*.visualizer.statisticVisualizer[1].format,"""rcvd: %v pks""",
EnergyEfficient-3-20260924-21:41:23-1662,runattr,,,configname,EnergyEfficient,
EnergyEfficient-3-20260924-21:41:23-1662,runattr,,,datetime,20260924-21:41:23,
EnergyEfficient-3-20260924-21:41:23-1662,runattr,,,datetimef,20260924-214123,
EnergyEfficient-3-20260924-21:41:23-1662,runattr,,,experiment,EnergyEfficient,
EnergyEfficient-3-20260924-21:41:23-1662,runattr,,,inifile,omnetpp.ini,
EnergyEfficient-3-20260924-21:41:23-1662,runattr,,,iterationvars,,
EnergyEfficient-3-20260924-21:41:23-1662,runattr,,,iterationvarsd,,
EnergyEfficient-3-20260924-21:41:23-1662,runattr,,,iterationvarsf,,
EnergyEfficient-3-20260924-21:41:23-1662,runattr,,,measurement,,
EnergyEfficient-3-20260924-21:41:23-1662,runattr,,,network,Ieee802154Showcase,
EnergyEfficient-3-20260924-21:41:23-1662,runattr,,,processid,1662,
EnergyEfficient-3-20260924-21:41:23-1662,runattr,,,repetition,3,
EnergyEfficient-3-20260924-21:41:23-1662,runattr,,,replication,#3,
EnergyEfficient-3-20260924-21:41:23-1662,runattr,,,resultdir,results,
EnergyEfficient-3-20260924-21:41:23-1662,runattr,,,runnumber,3,
EnergyEfficient-3-20260924-21:41:23-1662,runattr,,,seedset,3,
EnergyEfficient-3-20260924-21:41:23-1662,config,,,extends,Ieee802154Power,
EnergyEfficient-3-20260924-21:41:23-1662,config,,,sim-time-limit,100s,
EnergyEfficient-3-20260924-21:41:23-1662,config,,,repeat,10,
EnergyEfficient-3-20260924-21:41:23-1662,config,,,**.wlan[*].typename,EnergyEfficientIeee802154Interface,
EnergyEfficient-3-20260924-21:41:23-1662,config,,,**.wlan[*].mac.beaconOrder,6,
EnergyEfficient-3-20260924-21:41:23-1662,config,,,**.wlan[*].mac.superframeOrder,2,
EnergyEfficient-3-20260924-21:41:23-1662,config,,,*.controller.wlan[*].mac.coordinator,true,
EnergyEfficient-3-20260924-21:41:23-1662,config,,,*.sensor*.wlan[*].mac.coordinator,false,
EnergyEfficient-3-20260924-21:41:23-1662,config,,,*.lamp*.wlan[*].mac.coordinator,false,
EnergyEfficient-3-20260924-21:41:23-1662,config,,,extends,Ieee802154,
EnergyEfficient-3-20260924-21:41:23-1662,config,,,sim-time-limit,100s,
EnergyEfficient-3-20260924-21:41:23-1662,config,,,repeat,10,
EnergyEfficient-3-20260924-21:41:23-1662,config,,,**.energyStorage.residualEnergyCapacity.result-recording-modes,+last,
EnergyEfficient-3-20260924-21:41:23-1662,config,,,network,Ieee802154Showcase,
EnergyEfficient-3-20260924-21:41:23-1662,config,,,**.arp.typename,GlobalArp,
EnergyEfficient-3-20260924-21:41:23-1662,config,,,**.netmaskRoutes,"""""",
EnergyEfficient-3-20260924-21:41:23-1662,config,,,*.radioMedium.backgroundNoise.power,-110dBm,
EnergyEfficient-3-20260924-21:41:23-1662,config,,,*.configurator.config,"xmldoc(""startopology.xml"")",
EnergyEfficient-3-20260924-21:41:23-1662,config,,,*.configurator.addStaticRoutes,false,
EnergyEfficient-3-20260924-21:41:23-1662,config,,,*.sensor*.numApps,1,
EnergyEfficient-3-20260924-21:41:23-1662,config,,,*.sensor*.app[*].typename,UdpBasicApp,
EnergyEfficient-3-20260924-21:41:23-1662,config,,,*.sensor*.app[*].destAddresses,"""controller""",
EnergyEfficient-3-20260924-21:41:23-1662,config,,,*.sensor*.app[*].destPort,1000,
EnergyEfficient-3-20260924-21:41:23-1662,config,,,*.sensor*.app[*].sendInterval,1s,
EnergyEfficient-3-20260924-21:41:23-1662,config,,,*.sensor*.app[*].startTime,"uniform(0s,1s)",
EnergyEfficient-3-20260924-21:41:23-1662,config,,,*.sensor*.app[*].messageLength,10Byte,
EnergyEfficient-3-20260924-21:41:23-1662,config,,,*.sensor*.app[*].packetName,"""SensorData""",
EnergyEfficient-3-20260924-21:41:23-1662,config,,,*.controller.numApps,2,
EnergyEfficient-3-20260924-21:41:23-1662,config,,,*.controller.app[0].typename,UdpBasicApp,
EnergyEfficient-3-20260924-21:41:23-1662,config,,,*.controller.app[0].destAddresses,"""lamp1 lamp2 lamp3 lamp4 lamp5 lamp6 lamp7 lamp8""",
EnergyEfficient-3-20260924-21:41:23-1662,config,,,*.controller.app[0].destPort,1000,
EnergyEfficient-3-20260924-21:41:23-1662,config,,,*.controller.app[0].sendInterval,1s,
EnergyEfficient-3-20260924-21:41:23-1662,config,,,*.controller.app[0].startTime,exponential(1s),
EnergyEfficient-3-20260924-21:41:23-1662,config,,,*.controller.app[0].messageLength,10Byte,
EnergyEfficient-3-20260924-21:41:23-1662,config,,,*.controller.app[0].packetName,"""ControlData""",
EnergyEfficient-3-20260924-21:41:23-1662,config,,,*.controller.app[1].typename,UdpSink,
EnergyEfficient-3-20260924-21:41:23-1662,config,,,*.controller.app[1].localPort,1000,
EnergyEfficient-3-20260924-21:41:23-1662,config,,,*.lamp*.numApps,1,
EnergyEfficient-3-20260924-21:41:23-1662,config,,,*.lamp*.app[0].typename,UdpSink,
EnergyEfficient-3-20260924-21:41:23-1662,config,,,*.lamp*.app[0].localPort,1000,
EnergyEfficient-3-20260924-21:41:23-1662,config,,,*.visualizer.routingTableVisualizer[0].displayRoutingTables,false,
EnergyEfficient-3-20260924-21:41:23-1662,config,,,*.visualizer.routingTableVisualizer[0].displayRoutesIndividually,false,
EnergyEfficient-3-20260924-21:41:23-1662,config,,,*.visualizer.routingTableVisualizer[0].lineShift,0,
EnergyEfficient-3-20260924-21:41:23-1662,config,,,*.visualizer.routingTableVisualizer[0].displayLabels,false,
EnergyEfficient-3-20260924-21:41:23-1662,config,,,*.visualizer.interfaceTableVisualizer[0].displayInterfaceTables,false,
EnergyEfficient-3-20260924-21:41:23-1662,config,,,*.visualizer.numDataLinkVisualizers,2,
EnergyEfficient-3-20260924-21:41:23-1662,config,,,*.visualizer.dataLinkVisualizer[*].displayLinks,true,
EnergyEfficient-3-20260924-21:41:23-1662,config,,,*.visualizer.dataLinkVisualizer[0].nodeFilter,"""sensor* or controller""",
EnergyEfficient-3-20260924-21:41:23-1662,config,,,*.visualizer.dataLinkVisualizer[1].*Color,"""blue""",
EnergyEfficient-3-20260924-21:41:23-1662,config,,,*.visualizer.dataLinkVisualizer[1].nodeFilter,"""lamp* or controller""",
EnergyEfficient-3-20260924-21:41:23-1662,config,,,*.visualizer.numStatisticVisualizers,2,
EnergyEfficient-3-20260924-21:41:23-1662,config,,,*.visualizer.statisticVisualizer[*].zIndex,1,
EnergyEfficient-3-20260924-21:41:23-1662,config,,,*.visualizer.statisticVisualizer[0].displayStatistics,true,
EnergyEfficient-3-20260924-21:41:23-1662,config,,,*.visualizer.statisticVisualizer[0].signalName,"""packetSent""",
EnergyEfficient-3-20260924-21:41:23-1662,config,,,*.visualizer.statisticVisualizer[0].statisticExpression,"""count""",
EnergyEfficient-3-20260924-21:41:23-1662,config,,,*.visualizer.statisticVisualizer[0].sourceFilter,"""**.controller.udp OR **.sensor*.udp""",
EnergyEfficient-3-20260924-21:41:23-1662,config,,,*.visualizer.statisticVisualizer[0].format,"""sent: %v pks""",
EnergyEfficient-3-20260924-21:41:23-1662,config,,,*.visualizer.statisticVisualizer[1].displayStatistics,true,
EnergyEfficient-3-20260924-21:41:23-1662,config,,,*.visualizer.statisticVisualizer[1].signalName,"""packetReceived""",
EnergyEfficient-3-20260924-21:41:23-1662,config,,,*.visualizer.statisticVisualizer[1].statisticExpression,"""count""",
EnergyEfficient-3-20260924-21:41:23-1662,config,,,*.visualizer.statisticVisualizer[1].sourceFilter,"""**.controller.udp OR **.lamp*.udp""",
EnergyEfficient-3-20260924-21:41:23-1662,config,,,*.visualizer.statisticVisualizer[1].format,"""rcvd: %v pks""",
EnergyEfficient-4-20260924-21:41:23-1662,runattr,,,configname,EnergyEfficient,
EnergyEfficient-4-20260924-21:41:23-1662,runattr,,,datetime,20260924-21:41:23,
EnergyEfficient-4-20260924-21:41:23-1662,runattr,,,datetimef,20260924-214123,
EnergyEfficient-4-20260924-21:41:23-1662,runattr,,,experiment,EnergyEfficient,
EnergyEfficient-4-20260924-21:41:23-1662,runattr,,,inifile,omnetpp.ini,
EnergyEfficient-4-20260924-21:41:23-1662,runattr,,,iterationvars,,
EnergyEfficient-4-20260924-21:41:23-1662,runattr,,,iterationvarsd,,
EnergyEfficient-4-20260924-21:41:23-1662,runattr,,,iterationvarsf,,
EnergyEfficient-4-20260924-21:41:23-1662,runattr,,,measurement,,
EnergyEfficient-4-20260924-21:41:23-1662,runattr,,,network,Ieee802154Showcase,
EnergyEfficient-4-20260924-21:41:23-1662,runattr,,,processid,1662,
EnergyEfficient-4-20260924-21:41:23-1662,runattr,,,repetition,4,
EnergyEfficient-4-20260924-21:41:23-1662,runattr,,,replication,#4,
EnergyEfficient-4-20260924-21:41:23-1662,runattr,,,resultdir,results,
EnergyEfficient-4-20260924-21:41:23-1662,runattr,,,runnumber,4,
EnergyEfficient-4-20260924-21:41:23-1662,runattr,,,seedset,4,
EnergyEfficient-4-20260924-21:41:23-1662,config,,,extends,Ieee802154Power,
EnergyEfficient-4-20260924-21:41:23-1662,config,,,sim-time-limit,100s,
EnergyEfficient-4-20260924-21:41:23-1662,config,,,repeat,10,
EnergyEfficient-4-20260924-21:41:23-1662,config,,,**.wlan[*].typename,EnergyEfficientIeee802154Interface,
EnergyEfficient-4-20260924-21:41:23-1662,config,,,**.wlan[*].mac.beaconOrder,6,
EnergyEfficient-4-20260924-21:41:23-1662,config,,,**.wlan[*].mac.superframeOrder,2,
EnergyEfficient-4-20260924-21:41:23-1662,config,,,*.controller.wlan[*].mac.coordinator,true,
EnergyEfficient-4-20260924-21:41:23-1662,config,,,*.sensor*.wlan[*].mac.coordinator,false,
EnergyEfficient-4-20260924-21:41:23-1662,config,,,*.lamp*.wlan[*].mac.coordinator,false,
EnergyEfficient-4-20260924-21:41:23-1662,config,,,extends,Ieee802154,
EnergyEfficient-4-20260924-21:41:23-1662,config,,,sim-time-limit,100s,
EnergyEfficient-4-20260924-21:41:23-1662,config,,,repeat,10,
EnergyEfficient-4-20260924-21:41:23-1662,config,,,**.energyStorage.residualEnergyCapacity.result-recording-modes,+last,
EnergyEfficient-4-20260924-21:41:23-1662,config,,,network,Ieee802154Showcase,
EnergyEfficient-4-20260924-21:41:23-1662,config,,,**.arp.typename,GlobalArp,
EnergyEfficient-4-20260924-21:41:23-1662,config,,,**.netmaskRoutes,"""""",
EnergyEfficient-4-20260924-21:41:23-1662,config,,,*.radioMedium.backgroundNoise.power,-110dBm,
EnergyEfficient-4-20260924-21:41:23-1662,config,,,*.configurator.config,"xmldoc(""startopology.xml"")",
EnergyEfficient-4-20260924-21:41:23-1662,config,,,*.configurator.addStaticRoutes,false,
EnergyEfficient-4-20260924-21:41:23-1662,config,,,*.sensor*.numApps,1,
EnergyEfficient-4-20260924-21:41:23-1662,config,,,*.sensor*.app[*].typename,UdpBasicApp,
EnergyEfficient-4-20260924-21:41:23-1662,config,,,*.sensor*.app[*].destAddresses,"""controller""",
EnergyEfficient-4-20260924-21:41:23-1662,config,,,*.sensor*.app[*].destPort,1000,
EnergyEfficient-4-20260924-21:41:23-1662,config,,,*.sensor*.app[*].sendInterval,1s,
EnergyEfficient-4-20260924-21:41:23-1662,config,,,*.sensor*.app[*].startTime,"uniform(0s,1s)",
EnergyEfficient-4-20260924-21:41:23-1662,config,,,*.sensor*.app[*].messageLength,10Byte,
EnergyEfficient-4-20260924-21:41:23-1662,config,,,*.sensor*.app[*].packetName,"""SensorData""",
EnergyEfficient-4-20260924-21:41:23-1662,config,,,*.controller.numApps,2,
EnergyEfficient-4-20260924-21:41:23-1662,config,,,*.controller.app[0].typename,UdpBasicApp,
EnergyEfficient-4-20260924-21:41:23-1662,config,,,*.controller.app[0].destAddresses,"""lamp1 lamp2 lamp3 lamp4 lamp5 lamp6 lamp7 lamp8""",
EnergyEfficient-4-20260924-21:41:23-1662,config,,,*.controller.app[0].destPort,1000,
EnergyEfficient-4-20260924-21:41:23-1662,config,,,*.controller.app[0].sendInterval,1s,
EnergyEfficient-4-20260924-21:41:23-1662,config,,,*.controller.app[0].startTime,exponential(1s),
EnergyEfficient-4-20260924-21:41:23-1662,config,,,*.controller.app[0].messageLength,10Byte,
EnergyEfficient-4-20260924-21:41:23-1662,config,,,*.controller.app[0].packetName,"""ControlData""",
EnergyEfficient-4-20260924-21:41:23-1662,config,,,*.controller.app[1].typename,UdpSink,
EnergyEfficient-4-20260924-21:41:23-1662,config,,,*.controller.app[1].localPort,1000,
EnergyEfficient-4-20260924-21:41:23-1662,config,,,*.lamp*.numApps,1,
EnergyEfficient-4-20260924-21:41:23-1662,config,,,*.lamp*.app[0].typename,UdpSink,
EnergyEfficient-4-20260924-21:41:23-1662,config,,,*.lamp*.app[0].localPort,1000,
EnergyEfficient-4-20260924-21:41:23-1662,config,,,*.visualizer.routingTableVisualizer[0].displayRoutingTables,false,
EnergyEfficient-4-20260924-21:41:23-1662,config,,,*.visualizer.routingTableVisualizer[0].displayRoutesIndividually,false,
EnergyEfficient-4-20260924-21:41:23-1662,config,,,*.visualizer.routingTableVisualizer[0].lineShift,0,
EnergyEfficient-4-20260924-21:41:23-1662,config,,,*.visualizer.routingTableVisualizer[0].displayLabels,false,
EnergyEfficient-4-20260924-21:41:23-1662,config,,,*.visualizer.interfaceTableVisualizer[0].displayInterfaceTables,false,
EnergyEfficient-4-20260924-21:41:23-1662,config,,,*.visualizer.numDataLinkVisualizers,2,
EnergyEfficient-4-20260924-21:41:23-1662,config,,,*.visualizer.dataLinkVisualizer[*].displayLinks,true,
EnergyEfficient-4-20260924-21:41:23-1662,config,,,*.visualizer.dataLinkVisualizer[0].nodeFilter,"""sensor* or controller""",
EnergyEfficient-4-20260924-21:41:23-1662,config,,,*.visualizer.dataLinkVisualizer[1].*Color,"""blue""",
EnergyEfficient-4-20260924-21:41:23-1662,config,,,*.visualizer.dataLinkVisualizer[1].nodeFilter,"""lamp* or controller""",
EnergyEfficient-4-20260924-21:41:23-1662,config,,,*.visualizer.numStatisticVisualizers,2,
EnergyEfficient-4-20260924-21:41:23-1662,config,,,*.visualizer.statisticVisualizer[*].zIndex,1,
EnergyEfficient-4-20260924-21:41:23-1662,config,,,*.visualizer.statisticVisualizer[0].displayStatistics,true,
EnergyEfficient-4-20260924-21:41:23-1662,config,,,*.visualizer.statisticVisualizer[0].signalName,"""packetSent""",
EnergyEfficient-4-20260924-21:41:23-1662,config,,,*.visualizer.statisticVisualizer[0].statisticExpression,"""count""",
EnergyEfficient-4-20260924-21:41:23-1662,config,,,*.visualizer.statisticVisualizer[0].sourceFilter,"""**.controller.udp OR **.sensor*.udp""",
EnergyEfficient-4-20260924-21:41:23-1662,config,,,*.visualizer.statisticVisualizer[0].format,"""sent: %v pks""",
EnergyEfficient-4-20260924-21:41:23-1662,config,,,*.visualizer.statisticVisualizer[1].displayStatistics,true,
EnergyEfficient-4-20260924-21:41:23-1662,config,,,*.visualizer.statisticVisualizer[1].signalName,"""packetReceived""",
EnergyEfficient-4-20260924-21:41:23-1662,config,,,*.visualizer.statisticVisualizer[1].statisticExpression,"""count""",
EnergyEfficient-4-20260924-21:41:23-1662,config,,,*.visualizer.statisticVisualizer[1].sourceFilter,"""**.controller.udp OR **.lamp*.udp""",
EnergyEfficient-4-20260924-21:41:23-1662,config,,,*.visualizer.statisticVisualizer[1].format,"""rcvd: %v pks""",
EnergyEfficient-5-20260924-21:41:24-1662,runattr,,,configname,EnergyEfficient,
EnergyEfficient-5-20260924-21:41:24-1662,runattr,,,datetime,20260924-21:41:24,
EnergyEfficient-5-20260924-21:41:24-1662,runattr,,,datetimef,20260924-214124,
EnergyEfficient-5-20260924-21:41:24-1662,runattr,,,experiment,EnergyEfficient,
EnergyEfficient-5-20260924-21:41:24-1662,runattr,,,inifile,omnetpp.ini,
EnergyEfficient-5-20260924-21:41:24-1662,runattr,,,iterationvars,,
EnergyEfficient-5-20260924-21:41:24-1662,runattr,,,iterationvarsd,,
EnergyEfficient-5-20260924-21:41:24-1662,runattr,,,iterationvarsf,,
EnergyEfficient-5-20260924-21:41:24-1662,runattr,,,measurement,,
EnergyEfficient-5-20260924-21:41:24-1662,runattr,,,network,Ieee802154Showcase,
EnergyEfficient-5-20260924-21:41:24-1662,runattr,,,processid,1662,
EnergyEfficient-5-20260924-21:41:24-1662,runattr,,,repetition,5,
EnergyEfficient-5-20260924-21:41:24-1662,runattr,,,replication,#5,
EnergyEfficient-5-20260924-21:41:24-1662,runattr,,,resultdir,results,
EnergyEfficient-5-20260924-21:41:24-1662,runattr,,,runnumber,5,
EnergyEfficient-5-20260924-21:41:24-1662,runattr,,,seedset,5,
EnergyEfficient-5-20260924-21:41:24-1662,config,,,extends,Ieee802154Power,
EnergyEfficient-5-20260924-21:41:24-1662,config,,,sim-time-limit,100s,
EnergyEfficient-5-20260924-21:41:24-1662,config,,,repeat,10,
EnergyEfficient-5-20260924-21:41:24-1662,config,,,**.wlan[*].typename,EnergyEfficientIeee802154Interface,
EnergyEfficient-5-20260924-21:41:24-1662,config,,,**.wlan[*].mac.beaconOrder,6,
EnergyEfficient-5-20260924-21:41:24-1662,config,,,**.wlan[*].mac.superframeOrder,2,
EnergyEfficient-5-20260924-21:41:24-1662,config,,,*.controller.wlan[*].mac.coordinator,true,
EnergyEfficient-5-20260924-21:41:24-1662,config,,,*.sensor*.wlan[*].mac.coordinator,false,
EnergyEfficient-5-20260924-21:41:24-1662,config,,,*.lamp*.wlan[*].mac.coordinator,false,
EnergyEfficient-5-20260924-21:41:24-1662,config,,,extends,Ieee802154,
EnergyEfficient-5-20260924-21:41:24-1662,config,,,sim-time-limit,100s,
EnergyEfficient-5-20260924-21:41:24-1662,config,,,repeat,10,
EnergyEfficient-5-20260924-21:41:24-1662,config,,,**.energyStorage.residualEnergyCapacity.result-recording-modes,+last,
EnergyEfficient-5-20260924-21:41:24-1662,config,,,network,Ieee802154Showcase,
EnergyEfficient-5-20260924-21:41:24-1662,config,,,**.arp.typename,GlobalArp,
EnergyEfficient-5-20260924-21:41:24-1662,config,,,**.netmaskRoutes,"""""",
EnergyEfficient-5-20260924-21:41:24-1662,config,,,*.radioMedium.backgroundNoise.power,-110dBm,
EnergyEfficient-5-20260924-21:41:24-1662,config,,,*.configurator.config,"xmldoc(""startopology.xml"")",
EnergyEfficient-5-20260924-21:41:24-1662,config,,,*.configurator.addStaticRoutes,false,
EnergyEfficient-5-20260924-21:41:24-1662,config,,,*.sensor*.numApps,1,
EnergyEfficient-5-20260924-21:41:24-1662,config,,,*.sensor*.app[*].typename,UdpBasicApp,
EnergyEfficient-5-20260924-21:41:24-1662,config,,,*.sensor*.app[*].destAddresses,"""controller""",
EnergyEfficient-5-20260924-21:41:24-1662,config,,,*.sensor*.app[*].destPort,1000,
EnergyEfficient-5-20260924-21:41:24-1662,config,,,*.sensor*.app[*].sendInterval,1s,
EnergyEfficient-5-20260924-21:41:24-1662,config,,,*.sensor*.app[*].startTime,"uniform(0s,1s)",
EnergyEfficient-5-20260924-21:41:24-1662,config,,,*.sensor*.app[*].messageLength,10Byte,
EnergyEfficient-5-20260924-21:41:24-1662,config,,,*.sensor*.app[*].packetName,"""SensorData""",
EnergyEfficient-5-20260924-21:41:24-1662,config,,,*.controller.numApps,2,
EnergyEfficient-5-20260924-21:41:24-1662,config,,,*.controller.app[0].typename,UdpBasicApp,
EnergyEfficient-5-20260924-21:41:24-1662,config,,,*.controller.app[0].destAddresses,"""lamp1 lamp2 lamp3 lamp4 lamp5 lamp6 lamp7 lamp8""",
EnergyEfficient-5-20260924-21:41:24-1662,config,,,*.controller.app[0].destPort,1000,
EnergyEfficient-5-20260924-21:41:24-1662,config,,,*.controller.app[0].sendInterval,1s,
EnergyEfficient-5-20260924-21:41:24-1662,config,,,*.controller.app[0].startTime,exponential(1s),
EnergyEfficient-5-20260924-21:41:24-1662,config,,,*.controller.app[0].messageLength,10Byte,
EnergyEfficient-5-20260924-21:41:24-1662,config,,,*.controller.app[0].packetName,"""ControlData""",
EnergyEfficient-5-20260924-21:41:24-1662,config,,,*.controller.app[1].typename,UdpSink,
EnergyEfficient-5-20260924-21:41:24-1662,config,,,*.controller.app[1].localPort,1000,
EnergyEfficient-5-20260924-21:41:24-1662,config,,,*.lamp*.numApps,1,
EnergyEfficient-5-20260924-21:41:24-1662,config,,,*.lamp*.app[0].typename,UdpSink,
EnergyEfficient-5-20260924-21:41:24-1662,config,,,*.lamp*.app[0].localPort,1000,
EnergyEfficient-5-20260924-21:41:24-1662,config,,,*.visualizer.routingTableVisualizer[0].displayRoutingTables,false,
EnergyEfficient-5-20260924-21:41:24-1662,config,,,*.visualizer.routingTableVisualizer[0].displayRoutesIndividually,false,
EnergyEfficient-5-20260924-21:41:24-1662,config,,,*.visualizer.routingTableVisualizer[0].lineShift,0,
EnergyEfficient-5-20260924-21:41:24-1662,config,,,*.visualizer.routingTableVisualizer[0].displayLabels,false,
EnergyEfficient-5-20260924-21:41:24-1662,config,,,*.visualizer.interfaceTableVisualizer[0].displayInterfaceTables,false,
EnergyEfficient-5-20260924-21:41:24-1662,config,,,*.visualizer.numDataLinkVisualizers,2,
EnergyEfficient-5-20260924-21:41:24-1662,config,,,*.visualizer.dataLinkVisualizer[*].displayLinks,true,
EnergyEfficient-5-20260924-21:41:24-1662,config,,,*.visualizer.dataLinkVisualizer[0].nodeFilter,"""sensor* or controller""",
EnergyEfficient-5-20260924-21:41:24-1662,config,,,*.visualizer.dataLinkVisualizer[1].*Color,"""blue""",
EnergyEfficient-5-20260924-21:41:24-1662,config,,,*.visualizer.dataLinkVisualizer[1].nodeFilter,"""lamp* or controller""",
EnergyEfficient-5-20260924-21:41:24-1662,config,,,*.visualizer.numStatisticVisualizers,2,
EnergyEfficient-5-20260924-21:41:24-1662,config,,,*.visualizer.statisticVisualizer[*].zIndex,1,
EnergyEfficient-5-20260924-21:41:24-1662,config,,,*.visualizer.statisticVisualizer[0].displayStatistics,true,
EnergyEfficient-5-20260924-21:41:24-1662,config,,,*.visualizer.statisticVisualizer[0].signalName,"""packetSent""",
EnergyEfficient-5-20260924-21:41:24-1662,config,,,*.visualizer.statisticVisualizer[0].statisticExpression,"""count""",
EnergyEfficient-5-20260924-21:41:24-1662,config,,,*.visualizer.statisticVisualizer[0].sourceFilter,"""**.controller.udp OR **.sensor*.udp""",
EnergyEfficient-5-20260924-21:41:24-1662,config,,,*.visualizer.statisticVisualizer[0].format,"""sent: %v pks""",
EnergyEfficient-5-20260924-21:41:24-1662,config,,,*.visualizer.statisticVisualizer[1].displayStatistics,true,
EnergyEfficient-5-20260924-21:41:24-1662,config,,,*.visualizer.statisticVisualizer[1].signalName,"""packetReceived""",
EnergyEfficient-5-20260924-21:41:24-1662,config,,,*.visualizer.statisticVisualizer[1].statisticExpression,"""count""",
EnergyEfficient-5-20260924-21:41:24-1662,config,,,*.visualizer.statisticVisualizer[1].sourceFilter,"""**.controller.udp OR **.lamp*.udp""",
EnergyEfficient-5-20260924-21:41:24-1662,config,,,*.visualizer.statisticVisualizer[1].format,"""rcvd: %v pks""",
EnergyEfficient-6-20260924-21:41:24-1662,runattr,,,configname,EnergyEfficient,
EnergyEfficient-6-20260924-21:41:24-1662,runattr,,,datetime,20260924-21:41:24,
EnergyEfficient-6-20260924-21:41:24-1662,runattr,,,datetimef,20260924-214124,
EnergyEfficient-6-20260924-21:41:24-1662,runattr,,,experiment,EnergyEfficient,
EnergyEfficient-6-20260924-21:41:24-1662,runattr,,,inifile,omnetpp.ini,
EnergyEfficient-6-20260924-21:41:24-1662,runattr,,,iterationvars,,
EnergyEfficient-6-20260924-21:41:24-1662,runattr,,,iterationvarsd,,
EnergyEfficient-6-20260924-21:41:24-1662,runattr,,,iterationvarsf,,
EnergyEfficient-6-20260924-21:41:24-1662,runattr,,,measurement,,
EnergyEfficient-6-20260924-21:41:24-1662,runattr,,,network,Ieee802154Showcase,
EnergyEfficient-6-20260924-21:41:24-1662,runattr,,,processid,1662,
EnergyEfficient-6-20260924-21:41:24-1662,runattr,,,repetition,6,
EnergyEfficient-6-20260924-21:41:24-1662,runattr,,,replication,#6,
EnergyEfficient-6-20260924-21:41:24-1662,runattr,,,resultdir,results,
EnergyEfficient-6-20260924-21:41:24-1662,runattr,,,runnumber,6,
EnergyEfficient-6-20260924-21:41:24-1662,runattr,,,seedset,6,
EnergyEfficient-6-20260924-21:41:24-1662,config,,,extends,Ieee802154Power,
EnergyEfficient-6-20260924-21:41:24-1662,config,,,sim-time-limit,100s,
EnergyEfficient-6-20260924-21:41:24-1662,config,,,repeat,10,
EnergyEfficient-6-20260924-21:41:24-1662,config,,,**.wlan[*].typename,EnergyEfficientIeee802154Interface,
EnergyEfficient-6-20260924-21:41:24-1662,config,,,**.wlan[*].mac.beaconOrder,6,
EnergyEfficient-6-20260924-21:41:24-1662,config,,,**.wlan[*].mac.superframeOrder,2,
EnergyEfficient-6-20260924-21:41:24-1662,config,,,*.controller.wlan[*].mac.coordinator,true,
EnergyEfficient-6-20260924-21:41:24-1662,config,,,*.sensor*.wlan[*].mac.coordinator,false,
EnergyEfficient-6-20260924-21:41:24-1662,config,,,*.lamp*.wlan[*].mac.coordinator,false,
EnergyEfficient-6-20260924-21:41:24-1662,config,,,extends,Ieee802154,
EnergyEfficient-6-20260924-21:41:24-1662,config,,,sim-time-limit,100s,
EnergyEfficient-6-20260924-21:41:24-1662,config,,,repeat,10,
EnergyEfficient-6-20260924-21:41:24-1662,config,,,**.energyStorage.residualEnergyCapacity.result-recording-modes,+last,
EnergyEfficient-6-20260924-21:41:24-1662,config,,,network,Ieee802154Showcase,
EnergyEfficient-6-20260924-21:41:24-1662,config,,,**.arp.typename,GlobalArp,
EnergyEfficient-6-20260924-21:41:24-1662,config,,,**.netmaskRoutes,"""""",
EnergyEfficient-6-20260924-21:41:24-1662,config,,,*.radioMedium.backgroundNoise.power,-110dBm,
EnergyEfficient-6-20260924-21:41:24-1662,config,,,*.configurator.config,"xmldoc(""startopology.xml"")",
EnergyEfficient-6-20260924-21:41:24-1662,config,,,*.configurator.addStaticRoutes,false,
EnergyEfficient-6-20260924-21:41:24-1662,config,,,*.sensor*.numApps,1,
EnergyEfficient-6-20260924-21:41:24-1662,config,,,*.sensor*.app[*].typename,UdpBasicApp,
EnergyEfficient-6-20260924-21:41:24-1662,config,,,*.sensor*.app[*].destAddresses,"""controller""",
EnergyEfficient-6-20260924-21:41:24-1662,config,,,*.sensor*.app[*].destPort,1000,
EnergyEfficient-6-20260924-21:41:24-1662,config,,,*.sensor*.app[*].sendInterval,1s,
EnergyEfficient-6-20260924-21:41:24-1662,config,,,*.sensor*.app[*].startTime,"uniform(0s,1s)",
EnergyEfficient-6-20260924-21:41:24-1662,config,,,*.sensor*.app[*].messageLength,10Byte,
EnergyEfficient-6-20260924-21:41:24-1662,config,,,*.sensor*.app[*].packetName,"""SensorData""",
EnergyEfficient-6-20260924-21:41:24-1662,config,,,*.controller.numApps,2,
EnergyEfficient-6-20260924-21:41:24-1662,config,,,*.controller.app[0].typename,UdpBasicApp,
EnergyEfficient-6-20260924-21:41:24-1662,config,,,*.controller.app[0].destAddresses,"""lamp1 lamp2 lamp3 lamp4 lamp5 lamp6 lamp7 lamp8""",
EnergyEfficient-6-20260924-21:41:24-1662,config,,,*.controller.app[0].destPort,1000,
EnergyEfficient-6-20260924-21:41:24-1662,config,,,*.controller.app[0].sendInterval,1s,
EnergyEfficient-6-20260924-21:41:24-1662,config,,,*.controller.app[0].startTime,exponential(1s),
EnergyEfficient-6-20260924-21:41:24-1662,config,,,*.controller.app[0].messageLength,10Byte,
EnergyEfficient-6-20260924-21:41:24-1662,config,,,*.controller.app[0].packetName,"""ControlData""",
EnergyEfficient-6-20260924-21:41:24-1662,config,,,*.controller.app[1].typename,UdpSink,
EnergyEfficient-6-20260924-21:41:24-1662,config,,,*.controller.app[1].localPort,1000,
EnergyEfficient-6-20260924-21:41:24-1662,config,,,*.lamp*.numApps,1,
EnergyEfficient-6-20260924-21:41:24-1662,config,,,*.lamp*.app[0].typename,UdpSink,
EnergyEfficient-6-20260924-21:41:24-1662,config,,,*.lamp*.app[0].localPort,1000,
EnergyEfficient-6-20260924-21:41:24-1662,config,,,*.visualizer.routingTableVisualizer[0].displayRoutingTables,false,
EnergyEfficient-6-20260924-21:41:24-1662,config,,,*.visualizer.routingTableVisualizer[0].displayRoutesIndividually,false,
EnergyEfficient-6-20260924-21:41:24-1662,config,,,*.visualizer.routingTableVisualizer[0].lineShift,0,
EnergyEfficient-6-20260924-21:41:24-1662,config,,,*.visualizer.routingTableVisualizer[0].displayLabels,false,
EnergyEfficient-6-20260924-21:41:24-1662,config,,,*.visualizer.interfaceTableVisualizer[0].displayInterfaceTables,false,
EnergyEfficient-6-20260924-21:41:24-1662,config,,,*.visualizer.numDataLinkVisualizers,2,
EnergyEfficient-6-20260924-21:41:24-1662,config,,,*.visualizer.dataLinkVisualizer[*].displayLinks,true,
EnergyEfficient-6-20260924-21:41:24-1662,config,,,*.visualizer.dataLinkVisualizer[0].nodeFilter,"""sensor* or controller""",
EnergyEfficient-6-20260924-21:41:24-1662,config,,,*.visualizer.dataLinkVisualizer[1].*Color,"""blue""",
EnergyEfficient-6-20260924-21:41:24-1662,config,,,*.visualizer.dataLinkVisualizer[1].nodeFilter,"""lamp* or controller""",
EnergyEfficient-6-20260924-21:41:24-1662,config,,,*.visualizer.numStatisticVisualizers,2,
EnergyEfficient-6-20260924-21:41:24-1662,config,,,*.visualizer.statisticVisualizer[*].zIndex,1,
EnergyEfficient-6-20260924-21:41:24-1662,config,,,*.visualizer.statisticVisualizer[0].displayStatistics,true,
EnergyEfficient-6-20260924-21:41:24-1662,config,,,*.visualizer.statisticVisualizer[0].signalName,"""packetSent""",
EnergyEfficient-6-20260924-21:41:24-1662,config,,,*.visualizer.statisticVisualizer[0].statisticExpression,"""count""",
EnergyEfficient-6-20260924-21:41:24-1662,config,,,*.visualizer.statisticVisualizer[0].sourceFilter,"""**.controller.udp OR **.sensor*.udp""",
EnergyEfficient-6-20260924-21:41:24-1662,config,,,*.visualizer.statisticVisualizer[0].format,"""sent: %v pks""",
EnergyEfficient-6-20260924-21:41:24-1662,config,,,*.visualizer.statisticVisualizer[1].displayStatistics,true,
EnergyEfficient-6-20260924-21:41:24-1662,config,,,*.visualizer.statisticVisualizer[1].signalName,"""packetReceived""",
EnergyEfficient-6-20260924-21:41:24-1662,config,,,*.visualizer.statisticVisualizer[1].statisticExpression,"""count""",
EnergyEfficient-6-20260924-21:41:24-1662,config,,,*.visualizer.statisticVisualizer[1].sourceFilter,"""**.controller.udp OR **.lamp*.udp""",
EnergyEfficient-6-20260924-21:41:24-1662,config,,,*.visualizer.statisticVisualizer[1].format,"""rcvd: %v pks""",
EnergyEfficient-7-20260924-21:41:25-1662,runattr,,,configname,EnergyEfficient,
EnergyEfficient-7-20260924-21:41:25-1662,runattr,,,datetime,20260924-21:41:25,
EnergyEfficient-7-20260924-21:41:25-1662,runattr,,,datetimef,20260924-214125,
EnergyEfficient-7-20260924-21:41:25-1662,runattr,,,experiment,EnergyEfficient,
EnergyEfficient-7-20260924-21:41:25-1662,runattr,,,inifile,omnetpp.ini,
EnergyEfficient-7-20260924-21:41:25-1662,runattr,,,iterationvars,,
EnergyEfficient-7-20260924-21:41:25-1662,runattr,,,iterationvarsd,,
EnergyEfficient-7-20260924-21:41:25-1662,runattr,,,iterationvarsf,,
EnergyEfficient-7-20260924-21:41:25-1662,runattr,,,measurement,,
EnergyEfficient-7-20260924-21:41:25-1662,runattr,,,network,Ieee802154Showcase,
EnergyEfficient-7-20260924-21:41:25-1662,runattr,,,processid,1662,
EnergyEfficient-7-20260924-21:41:25-1662,runattr,,,repetition,7,
EnergyEfficient-7-20260924-21:41:25-1662,runattr,,,replication,#7,
EnergyEfficient-7-20260924-21:41:25-1662,runattr,,,resultdir,results,
EnergyEfficient-7-20260924-21:41:25-1662,runattr,,,runnumber,7,
EnergyEfficient-7-20260924-21:41:25-1662,runattr,,,seedset,7,
EnergyEfficient-7-20260924-21:41:25-1662,config,,,extends,Ieee802154Power,
EnergyEfficient-7-20260924-21:41:25-1662,config,,,sim-time-limit,100s,
EnergyEfficient-7-20260924-21:41:25-1662,config,,,repeat,10,
EnergyEfficient-7-20260924-21:41:25-1662,config,,,**.wlan[*].typename,EnergyEfficientIeee802154Interface,
EnergyEfficient-7-20260924-21:41:25-1662,config,,,**.wlan[*].mac.beaconOrder,6,
EnergyEfficient-7-20260924-21:41:25-1662,config,,,**.wlan[*].mac.superframeOrder,2,
EnergyEfficient-7-20260924-21:41:25-1662,config,,,*.controller.wlan[*].mac.coordinator,true,
EnergyEfficient-7-20260924-21:41:25-1662,config,,,*.sensor*.wlan[*].mac.coordinator,false,
EnergyEfficient-7-20260924-21:41:25-1662,config,,,*.lamp*.wlan[*].mac.coordinator,false,
EnergyEfficient-7-20260924-21:41:25-1662,config,,,extends,Ieee802154,
EnergyEfficient-7-20260924-21:41:25-1662,config,,,sim-time-limit,100s,
EnergyEfficient-7-20260924-21:41:25-1662,config,,,repeat,10,
EnergyEfficient-7-20260924-21:41:25-1662,config,,,**.energyStorage.residualEnergyCapacity.result-recording-modes,+last,
EnergyEfficient-7-20260924-21:41:25-1662,config,,,network,Ieee802154Showcase,
EnergyEfficient-7-20260924-21:41:25-1662,config,,,**.arp.typename,GlobalArp,
EnergyEfficient-7-20260924-21:41:25-1662,config,,,**.netmaskRoutes,"""""",
EnergyEfficient-7-20260924-21:41:25-1662,config,,,*.radioMedium.backgroundNoise.power,-110dBm,
EnergyEfficient-7-20260924-21:41:25-1662,config,,,*.configurator.config,"xmldoc(""startopology.xml"")",
EnergyEfficient-7-20260924-21:41:25-1662,config,,,*.configurator.addStaticRoutes,false,
EnergyEfficient-7-20260924-21:41:25-1662,config,,,*.sensor*.numApps,1,
EnergyEfficient-7-20260924-21:41:25-1662,config,,,*.sensor*.app[*].typename,UdpBasicApp,
EnergyEfficient-7-20260924-21:41:25-1662,config,,,*.sensor*.app[*].destAddresses,"""controller""",
EnergyEfficient-7-20260924-21:41:25-1662,config,,,*.sensor*.app[*].destPort,1000,
EnergyEfficient-7-20260924-21:41:25-1662,config,,,*.sensor*.app[*].sendInterval,1s,
EnergyEfficient-7-20260924-21:41:25-1662,config,,,*.sensor*.app[*].startTime,"uniform(0s,1s)",
EnergyEfficient-7-20260924-21:41:25-1662,config,,,*.sensor*.app[*].messageLength,10Byte,
EnergyEfficient-7-20260924-21:41:25-1662,config,,,*.sensor*.app[*].packetName,"""SensorData""",
EnergyEfficient-7-20260924-21:41:25-1662,config,,,*.controller.numApps,2,
EnergyEfficient-7-20260924-21:41:25-1662,config,,,*.controller.app[0].typename,UdpBasicApp,
EnergyEfficient-7-20260924-21:41:25-1662,config,,,*.controller.app[0].destAddresses,"""lamp1 lamp2 lamp3 lamp4 lamp5 lamp6 lamp7 lamp8""",
EnergyEfficient-7-20260924-21:41:25-1662,config,,,*.controller.app[0].destPort,1000,
EnergyEfficient-7-20260924-21:41:25-1662,config,,,*.controller.app[0].sendInterval,1s,
EnergyEfficient-7-20260924-21:41:25-1662,config,,,*.controller.app[0].startTime,exponential(1s),
EnergyEfficient-7-20260924-21:41:25-1662,config,,,*.controller.app[0].messageLength,10Byte,
EnergyEfficient-7-20260924-21:41:25-1662,config,,,*.controller.app[0].packetName,"""ControlData""",
EnergyEfficient-7-20260924-21:41:25-1662,config,,,*.controller.app[1].typename,UdpSink,
EnergyEfficient-7-20260924-21:41:25-1662,config,,,*.controller.app[1].localPort,1000,
EnergyEfficient-7-20260924-21:41:25-1662,config,,,*.lamp*.numApps,1,
EnergyEfficient-7-20260924-21:41:25-1662,config,,,*.lamp*.app[0].typename,UdpSink,
EnergyEfficient-7-20260924-21:41:25-1662,config,,,*.lamp*.app[0].localPort,1000,
EnergyEfficient-7-20260924-21:41:25-1662,config,,,*.visualizer.routingTableVisualizer[0].displayRoutingTables,false,
EnergyEfficient-7-20260924-21:41:25-1662,config,,,*.visualizer.routingTableVisualizer[0].displayRoutesIndividually,false,
EnergyEfficient-7-20260924-21:41:25-1662,config,,,*.visualizer.routingTableVisualizer[0].lineShift,0,
EnergyEfficient-7-20260924-21:41:25-1662,config,,,*.visualizer.routingTableVisualizer[0].displayLabels,false,
EnergyEfficient-7-20260924-21:41:25-1662,config,,,*.visualizer.interfaceTableVisualizer[0].displayInterfaceTables,false,
EnergyEfficient-7-20260924-21:41:25-1662,config,,,*.visualizer.numDataLinkVisualizers,2,
EnergyEfficient-7-20260924-21:41:25-1662,config,,,*.visualizer.dataLinkVisualizer[*].displayLinks,true,
EnergyEfficient-7-20260924-21:41:25-1662,config,,,*.visualizer.dataLinkVisualizer[0].nodeFilter,"""sensor* or controller""",
EnergyEfficient-7-20260924-21:41:25-1662,config,,,*.visualizer.dataLinkVisualizer[1].*Color,"""blue""",
EnergyEfficient-7-20260924-21:41:25-1662,config,,,*.visualizer.dataLinkVisualizer[1].nodeFilter,"""lamp* or controller""",
EnergyEfficient-7-20260924-21:41:25-1662,config,,,*.visualizer.numStatisticVisualizers,2,
EnergyEfficient-7-20260924-21:41:25-1662,config,,,*.visualizer.statisticVisualizer[*].zIndex,1,
EnergyEfficient-7-20260924-21:41:25-1662,config,,,*.visualizer.statisticVisualizer[0].displayStatistics,true,
EnergyEfficient-7-20260924-21:41:25-1662,config,,,*.visualizer.statisticVisualizer[0].signalName,"""packetSent""",
EnergyEfficient-7-20260924-21:41:25-1662,config,,,*.visualizer.statisticVisualizer[0].statisticExpression,"""count""",
EnergyEfficient-7-20260924-21:41:25-1662,config,,,*.visualizer.statisticVisualizer[0].sourceFilter,"""**.controller.udp OR **.sensor*.udp""",
EnergyEfficient-7-20260924-21:41:25-1662,config,,,*.visualizer.statisticVisualizer[0].format,"""sent: %v pks""",
EnergyEfficient-7-20260924-21:41:25-1662,config,,,*.visualizer.statisticVisualizer[1].displayStatistics,true,
EnergyEfficient-7-20260924-21:41:25-1662,config,,,*.visualizer.statisticVisualizer[1].signalName,"""packetReceived""",
EnergyEfficient-7-20260924-21:41:25-1662,config,,,*.visualizer.statisticVisualizer[1].statisticExpression,"""count""",
EnergyEfficient-7-20260924-21:41:25-1662,config,,,*.visualizer.statisticVisualizer[1].sourceFilter,"""**.controller.udp OR **.lamp*.udp""",
EnergyEfficient-7-20260924-21:41:25-1662,config,,,*.visualizer.statisticVisualizer[1].format,"""rcvd: %v pks""",
EnergyEfficient-8-20260924-21:41:26-1662,runattr,,,configname,EnergyEfficient,
EnergyEfficient-8-20260924-21:41:26-1662,runattr,,,datetime,20260924-21:41:26,
EnergyEfficient-8-20260924-21:41:26-1662,runattr,,,datetimef,20260924-214126,
EnergyEfficient-8-20260924-21:41:26-1662,runattr,,,experiment,EnergyEfficient,
EnergyEfficient-8-20260924-21:41:26-1662,runattr,,,inifile,omnetpp.ini,
EnergyEfficient-8-20260924-21:41:26-1662,runattr,,,iterationvars,,
EnergyEfficient-8-20260924-21:41:26-1662,runattr,,,iterationvarsd,,
EnergyEfficient-8-20260924-21:41:26-1662,runattr,,,iterationvarsf,,
EnergyEfficient-8-20260924-21:41:26-1662,runattr,,,measurement,,
EnergyEfficient-8-20260924-21:41:26-1662,runattr,,,network,Ieee802154Showcase,
EnergyEfficient-8-20260924-21:41:26-1662,runattr,,,processid,1662,
EnergyEfficient-8-20260924-21:41:26-1662,runattr,,,repetition,8,
EnergyEfficient-8-20260924-21:41:26-1662,runattr,,,replication,#8,
EnergyEfficient-8-20260924-21:41:26-1662,runattr,,,resultdir,results,
EnergyEfficient-8-20260924-21:41:26-1662,runattr,,,runnumber,8,
EnergyEfficient-8-20260924-21:41:26-1662,runattr,,,seedset,8,
EnergyEfficient-8-20260924-21:41:26-1662,config,,,extends,Ieee802154Power,
EnergyEfficient-8-20260924-21:41:26-1662,config,,,sim-time-limit,100s,
EnergyEfficient-8-20260924-21:41:26-1662,config,,,repeat,10,
EnergyEfficient-8-20260924-21:41:26-1662,config,,,**.wlan[*].typename,EnergyEfficientIeee802154Interface,
EnergyEfficient-8-20260924-21:41:26-1662,config,,,**.wlan[*].mac.beaconOrder,6,
EnergyEfficient-8-20260924-21:41:26-1662,config,,,**.wlan[*].mac.superframeOrder,2,
EnergyEfficient-8-20260924-21:41:26-1662,config,,,*.controller.wlan[*].mac.coordinator,true,
EnergyEfficient-8-20260924-21:41:26-1662,config,,,*.sensor*.wlan[*].mac.coordinator,false,
EnergyEfficient-8-20260924-21:41:26-1662,config,,,*.lamp*.wlan[*].mac.coordinator,false,
EnergyEfficient-8-20260924-21:41:26-1662,config,,,extends,Ieee802154,
EnergyEfficient-8-20260924-21:41:26-1662,config,,,sim-time-limit,100s,
EnergyEfficient-8-20260924-21:41:26-1662,config,,,repeat,10,
EnergyEfficient-8-20260924-21:41:26-1662,config,,,**.energyStorage.residualEnergyCapacity.result-recording-modes,+last,
EnergyEfficient-8-20260924-21:41:26-1662,config,,,network,Ieee802154Showcase,
EnergyEfficient-8-20260924-21:41:26-1662,config,,,**.arp.typename,GlobalArp,
EnergyEfficient-8-20260924-21:41:26-1662,config,,,**.netmaskRoutes,"""""",
EnergyEfficient-8-20260924-21:41:26-1662,config,,,*.radioMedium.backgroundNoise.power,-110dBm,
EnergyEfficient-8-20260924-21:41:26-1662,config,,,*.configurator.config,"xmldoc(""startopology.xml"")",
EnergyEfficient-8-20260924-21:41:26-1662,config,,,*.configurator.addStaticRoutes,false,
EnergyEfficient-8-20260924-21:41:26-1662,config,,,*.sensor*.numApps,1,
EnergyEfficient-8-20260924-21:41:26-1662,config,,,*.sensor*.app[*].typename,UdpBasicApp,
EnergyEfficient-8-20260924-21:41:26-1662,config,,,*.sensor*.app[*].destAddresses,"""controller""",
EnergyEfficient-8-20260924-21:41:26-1662,config,,,*.sensor*.app[*].destPort,1000,
EnergyEfficient-8-20260924-21:41:26-1662,config,,,*.sensor*.app[*].sendInterval,1s,
EnergyEfficient-8-20260924-21:41:26-1662,config,,,*.sensor*.app[*].startTime,"uniform(0s,1s)",
EnergyEfficient-8-20260924-21:41:26-1662,config,,,*.sensor*.app[*].messageLength,10Byte,
EnergyEfficient-8-20260924-21:41:26-1662,config,,,*.sensor*.app[*].packetName,"""SensorData""",
EnergyEfficient-8-20260924-21:41:26-1662,config,,,*.controller.numApps,2,
EnergyEfficient-8-20260924-21:41:26-1662,config,,,*.controller.app[0].typename,UdpBasicApp,
EnergyEfficient-8-20260924-21:41:26-1662,config,,,*.controller.app[0].destAddresses,"""lamp1 lamp2 lamp3 lamp4 lamp5 lamp6 lamp7 lamp8""",
EnergyEfficient-8-20260924-21:41:26-1662,config,,,*.controller.app[0].destPort,1000,
EnergyEfficient-8-20260924-21:41:26-1662,config,,,*.controller.app[0].sendInterval,1s,
EnergyEfficient-8-20260924-21:41:26-1662,config,,,*.controller.app[0].startTime,exponential(1s),
EnergyEfficient-8-20260924-21:41:26-1662,config,,,*.controller.app[0].messageLength,10Byte,
EnergyEfficient-8-20260924-21:41:26-1662,config,,,*.controller.app[0].packetName,"""ControlData""",
EnergyEfficient-8-20260924-21:41:26-1662,config,,,*.controller.app[1].typename,UdpSink,
EnergyEfficient-8-20260924-21:41:26-1662,config,,,*.controller.app[1].localPort,1000,
EnergyEfficient-8-20260924-21:41:26-1662,config,,,*.lamp*.numApps,1,
EnergyEfficient-8-20260924-21:41:26-1662,config,,,*.lamp*.app[0].typename,UdpSink,
EnergyEfficient-8-20260924-21:41:26-1662,config,,,*.lamp*.app[0].localPort,1000,
EnergyEfficient-8-20260924-21:41:26-1662,config,,,*.visualizer.routingTableVisualizer[0].displayRoutingTables,false,
EnergyEfficient-8-20260924-21:41:26-1662,config,,,*.visualizer.routingTableVisualizer[0].displayRoutesIndividually,false,
EnergyEfficient-8-20260924-21:41:26-1662,config,,,*.visualizer.routingTableVisualizer[0].lineShift,0,
EnergyEfficient-8-20260924-21:41:26-1662,config,,,*.visualizer.routingTableVisualizer[0].displayLabels,false,
EnergyEfficient-8-20260924-21:41:26-1662,config,,,*.visualizer.interfaceTableVisualizer[0].displayInterfaceTables,false,
EnergyEfficient-8-20260924-21:41:26-1662,config,,,*.visualizer.numDataLinkVisualizers,2,
EnergyEfficient-8-20260924-21:41:26-1662,config,,,*.visualizer.dataLinkVisualizer[*].displayLinks,true,
EnergyEfficient-8-20260924-21:41:26-1662,config,,,*.visualizer.dataLinkVisualizer[0].nodeFilter,"""sensor* or controller""",
EnergyEfficient-8-20260924-21:41:26-1662,config,,,*.visualizer.dataLinkVisualizer[1].*Color,"""blue""",
EnergyEfficient-8-20260924-21:41:26-1662,config,,,*.visualizer.dataLinkVisualizer[1].nodeFilter,"""lamp* or controller""",
EnergyEfficient-8-20260924-21:41:26-1662,config,,,*.visualizer.numStatisticVisualizers,2,
EnergyEfficient-8-20260924-21:41:26-1662,config,,,*.visualizer.statisticVisualizer[*].zIndex,1,
EnergyEfficient-8-20260924-21:41:26-1662,config,,,*.visualizer.statisticVisualizer[0].displayStatistics,true,
EnergyEfficient-8-20260924-21:41:26-1662,config,,,*.visualizer.statisticVisualizer[0].signalName,"""packetSent""",
EnergyEfficient-8-20260924-21:41:26-1662,config,,,*.visualizer.statisticVisualizer[0].statisticExpression,"""count""",
EnergyEfficient-8-20260924-21:41:26-1662,config,,,*.visualizer.statisticVisualizer[0].sourceFilter,"""**.controller.udp OR **.sensor*.udp""",
EnergyEfficient-8-20260924-21:41:26-1662,config,,,*.visualizer.statisticVisualizer[0].format,"""sent: %v pks""",
EnergyEfficient-8-20260924-21:41:26-1662,config,,,*.visualizer.statisticVisualizer[1].displayStatistics,true,
EnergyEfficient-8-20260924-21:41:26-1662,config,,,*.visualizer.statisticVisualizer[1].signalName,"""packetReceived""",
EnergyEfficient-8-20260924-21:41:26-1662,config,,,*.visualizer.statisticVisualizer[1].statisticExpression,"""count""",
EnergyEfficient-8-20260924-21:41:26-1662,config,,,*.visualizer.statisticVisualizer[1].sourceFilter,"""**.controller.udp OR **.lamp*.udp""",
EnergyEfficient-8-20260924-21:41:26-1662,config,,,*.visualizer.statisticVisualizer[1].format,"""rcvd: %v pks""",
EnergyEfficient-9-20260924-21:41:27-1662,runattr,,,configname,EnergyEfficient,
EnergyEfficient-9-20260924-21:41:27-1662,runattr,,,datetime,20260924-21:41:27,
EnergyEfficient-9-20260924-21:41:27-1662,runattr,,,datetimef,20260924-214127,
EnergyEfficient-9-20260924-21:41:27-1662,runattr,,,experiment,EnergyEfficient,
EnergyEfficient-9-20260924-21:41:27-1662,runattr,,,inifile,omnetpp.ini,
EnergyEfficient-9-20260924-21:41:27-1662,runattr,,,iterationvars,,
EnergyEfficient-9-20260924-21:41:27-1662,runattr,,,iterationvarsd,,
EnergyEfficient-9-20260924-21:41:27-1662,runattr,,,iterationvarsf,,
EnergyEfficient-9-20260924-21:41:27-1662,runattr,,,measurement,,
EnergyEfficient-9-20260924-21:41:27-1662,runattr,,,network,Ieee802154Showcase,
EnergyEfficient-9-20260924-21:41:27-1662,runattr,,,processid,1662,
EnergyEfficient-9-20260924-21:41:27-1662,runattr,,,repetition,9,
EnergyEfficient-9-20260924-21:41:27-1662,runattr,,,replication,#9,
EnergyEfficient-9-20260924-21:41:27-1662,runattr,,,resultdir,results,
EnergyEfficient-9-20260924-21:41:27-1662,runattr,,,runnumber,9,
EnergyEfficient-9-20260924-21:41:27-1662,runattr,,,seedset,9,
EnergyEfficient-9-20260924-21:41:27-1662,config,,,extends,Ieee802154Power,
EnergyEfficient-9-20260924-21:41:27-1662,config,,,sim-time-limit,100s,
EnergyEfficient-9-20260924-21:41:27-1662,config,,,repeat,10,
EnergyEfficient-9-20260924-21:41:27-1662,config,,,**.wlan[*].typename,EnergyEfficientIeee802154Interface,
EnergyEfficient-9-20260924-21:41:27-1662,config,,,**.wlan[*].mac.beaconOrder,6,
EnergyEfficient-9-20260924-21:41:27-1662,config,,,**.wlan[*].mac.superframeOrder,2,
EnergyEfficient-9-20260924-21:41:27-1662,config,,,*.controller.wlan[*].mac.coordinator,true,
EnergyEfficient-9-20260924-21:41:27-1662,config,,,*.sensor*.wlan[*].mac.coordinator,false,
EnergyEfficient-9-20260924-21:41:27-1662,config,,,*.lamp*.wlan[*].mac.coordinator,false,
EnergyEfficient-9-20260924-21:41:27-1662,config,,,extends,Ieee802154,
EnergyEfficient-9-20260924-21:41:27-1662,config,,,sim-time-limit,100s,
EnergyEfficient-9-20260924-21:41:27-1662,config,,,repeat,10,
EnergyEfficient-9-20260924-21:41:27-1662,config,,,**.energyStorage.residualEnergyCapacity.result-recording-modes,+last,
EnergyEfficient-9-20260924-21:41:27-1662,config,,,network,Ieee802154Showcase,
EnergyEfficient-9-20260924-21:41:27-1662,config,,,**.arp.typename,GlobalArp,
EnergyEfficient-9-20260924-21:41:27-1662,config,,,**.netmaskRoutes,"""""",
EnergyEfficient-9-20260924-21:41:27-1662,config,,,*.radioMedium.backgroundNoise.power,-110dBm,
EnergyEfficient-9-20260924-21:41:27-1662,config,,,*.configurator.config,"xmldoc(""startopology.xml"")",
EnergyEfficient-9-20260924-21:41:27-1662,config,,,*.configurator.addStaticRoutes,false,
EnergyEfficient-9-20260924-21:41:27-1662,config,,,*.sensor*.numApps,1,
EnergyEfficient-9-20260924-21:41:27-1662,config,,,*.sensor*.app[*].typename,UdpBasicApp,
EnergyEfficient-9-20260924-21:41:27-1662,config,,,*.sensor*.app[*].destAddresses,"""controller""",
EnergyEfficient-9-20260924-21:41:27-1662,config,,,*.sensor*.app[*].destPort,1000,
EnergyEfficient-9-20260924-21:41:27-1662,config,,,*.sensor*.app[*].sendInterval,1s,
EnergyEfficient-9-20260924-21:41:27-1662,config,,,*.sensor*.app[*].startTime,"uniform(0s,1s)",
EnergyEfficient-9-20260924-21:41:27-1662,config,,,*.sensor*.app[*].messageLength,10Byte,
EnergyEfficient-9-20260924-21:41:27-1662,config,,,*.sensor*.app[*].packetName,"""SensorData""",
EnergyEfficient-9-20260924-21:41:27-1662,config,,,*.controller.numApps,2,
EnergyEfficient-9-20260924-21:41:27-1662,config,,,*.controller.app[0].typename,UdpBasicApp,
EnergyEfficient-9-20260924-21:41:27-1662,config,,,*.controller.app[0].destAddresses,"""lamp1 lamp2 lamp3 lamp4 lamp5 lamp6 lamp7 lamp8""",
EnergyEfficient-9-20260924-21:41:27-1662,config,,,*.controller.app[0].destPort,1000,
EnergyEfficient-9-20260924-21:41:27-1662,config,,,*.controller.app[0].sendInterval,1s,
EnergyEfficient-9-20260924-21:41:27-1662,config,,,*.controller.app[0].startTime,exponential(1s),
EnergyEfficient-9-20260924-21:41:27-1662,config,,,*.controller.app[0].messageLength,10Byte,
EnergyEfficient-9-20260924-21:41:27-1662,config,,,*.controller.app[0].packetName,"""ControlData""",
EnergyEfficient-9-20260924-21:41:27-1662,config,,,*.controller.app[1].typename,UdpSink,
EnergyEfficient-9-20260924-21:41:27-1662,config,,,*.controller.app[1].localPort,1000,
EnergyEfficient-9-20260924-21:41:27-1662,config,,,*.lamp*.numApps,1,
EnergyEfficient-9-20260924-21:41:27-1662,config,,,*.lamp*.app[0].typename,UdpSink,
EnergyEfficient-9-20260924-21:41:27-1662,config,,,*.lamp*.app[0].localPort,1000,
EnergyEfficient-9-20260924-21:41:27-1662,config,,,*.visualizer.routingTableVisualizer[0].displayRoutingTables,false,
EnergyEfficient-9-20260924-21:41:27-1662,config,,,*.visualizer.routingTableVisualizer[0].displayRoutesIndividually,false,
EnergyEfficient-9-20260924-21:41:27-1662,config,,,*.visualizer.routingTableVisualizer[0].lineShift,0,
EnergyEfficient-9-20260924-21:41:27-1662,config,,,*.visualizer.routingTableVisualizer[0].displayLabels,false,
EnergyEfficient-9-20260924-21:41:27-1662,config,,,*.visualizer.interfaceTableVisualizer[0].displayInterfaceTables,false,
EnergyEfficient-9-20260924-21:41:27-1662,config,,,*.visualizer.numDataLinkVisualizers,2,
EnergyEfficient-9-20260924-21:41:27-1662,config,,,*.visualizer.dataLinkVisualizer[*].displayLinks,true,
EnergyEfficient-9-20260924-21:41:27-1662,config,,,*.visualizer.dataLinkVisualizer[0].nodeFilter,"""sensor* or controller""",
EnergyEfficient-9-20260924-21:41:27-1662,config,,,*.visualizer.dataLinkVisualizer[1].*Color,"""blue""",
EnergyEfficient-9-20260924-21:41:27-1662,config,,,*.visualizer.dataLinkVisualizer[1].nodeFilter,"""lamp* or controller""",
EnergyEfficient-9-20260924-21:41:27-1662,config,,,*.visualizer.numStatisticVisualizers,2,
EnergyEfficient-9-20260924-21:41:27-1662,config,,,*.visualizer.statisticVisualizer[*].zIndex,1,
EnergyEfficient-9-20260924-21:41:27-1662,config,,,*.visualizer.statisticVisualizer[0].displayStatistics,true,
EnergyEfficient-9-20260924-21:41:27-1662,config,,,*.visualizer.statisticVisualizer[0].signalName,"""packetSent""",
EnergyEfficient-9-20260924-21:41:27-1662,config,,,*.visualizer.statisticVisualizer[0].statisticExpression,"""count""",
EnergyEfficient-9-20260924-21:41:27-1662,config,,,*.visualizer.statisticVisualizer[0].sourceFilter,"""**.controller.udp OR **.sensor*.udp""",
EnergyEfficient-9-20260924-21:41:27-1662,config,,,*.visualizer.statisticVisualizer[0].format,"""sent: %v pks""",
EnergyEfficient-9-20260924-21:41:27-1662,config,,,*.visualizer.statisticVisualizer[1].displayStatistics,true,
EnergyEfficient-9-20260924-21:41:27-1662,config,,,*.visualizer.statisticVisualizer[1].signalName,"""packetReceived""",
EnergyEfficient-9-20260924-21:41:27-1662,config,,,*.visualizer.statisticVisualizer[1].statisticExpression,"""count""",
EnergyEfficient-9-20260924-21:41:27-1662,config,,,*.visualizer.statisticVisualizer[1].sourceFilter,"""**.controller.udp OR **.lamp*.udp""",
EnergyEfficient-9-20260924-21:41:27-1662,config,,,*.visualizer.statisticVisualizer[1].format,"""rcvd: %v pks""",
EnergyEfficient-0-20260924-21:41:21-1662,scalar,Ieee802154Showcase.sensor1.energyStorage,residualEnergyCapacity:last,,,-0.076147874273837
EnergyEfficient-0-20260924-21:41:21-1662,attr,Ieee802154Showcase.sensor1.energyStorage,residualEnergyCapacity:last,interpolationmode,linear,
EnergyEfficient-0-20260924-21:41:21-1662,attr,Ieee802154Showcase.sensor1.energyStorage,residualEnergyCapacity:last,recordingmode,last,
EnergyEfficient-0-20260924-21:41:21-1662,attr,Ieee802154Showcase.sensor1.energyStorage,residualEnergyCapacity:last,source,residualEnergyCapacityChanged,
EnergyEfficient-0-20260924-21:41:21-1662,attr,Ieee802154Showcase.sensor1.energyStorage,residualEnergyCapacity:last,title,"Residual energy capacity, last",
EnergyEfficient-0-20260924-21:41:21-1662,attr,Ieee802154Showcase.sensor1.energyStorage,residualEnergyCapacity:last,unit,J,
EnergyEfficient-0-20260924-21:41:21-1662,scalar,Ieee802154Showcase.sensor2.energyStorage,residualEnergyCapacity:last,,,-0.075911522884224
EnergyEfficient-0-20260924-21:41:21-1662,attr,Ieee802154Showcase.sensor2.energyStorage,residualEnergyCapacity:last,interpolationmode,linear,
EnergyEfficient-0-20260924-21:41:21-1662,attr,Ieee802154Showcase.sensor2.energyStorage,residualEnergyCapacity:last,recordingmode,last,
EnergyEfficient-0-20260924-21:41:21-1662,attr,Ieee802154Showcase.sensor2.energyStorage,residualEnergyCapacity:last,source,residualEnergyCapacityChanged,
EnergyEfficient-0-20260924-21:41:21-1662,attr,Ieee802154Showcase.sensor2.energyStorage,residualEnergyCapacity:last,title,"Residual energy capacity, last",
EnergyEfficient-0-20260924-21:41:21-1662,attr,Ieee802154Showcase.sensor2.energyStorage,residualEnergyCapacity:last,unit,J,
EnergyEfficient-0-20260924-21:41:21-1662,scalar,Ieee802154Showcase.sensor3.energyStorage,residualEnergyCapacity:last,,,-0.074767948201115
EnergyEfficient-0-20260924-21:41:21-1662,attr,Ieee802154Showcase.sensor3.energyStorage,residualEnergyCapacity:last,interpolationmode,linear,
EnergyEfficient-0-20260924-21:41:21-1662,attr,Ieee802154Showcase.sensor3.energyStorage,residualEnergyCapacity:last,recordingmode,last,
EnergyEfficient-0-20260924-21:41:21-1662,attr,Ieee802154Showcase.sensor3.energyStorage,residualEnergyCapacity:last,source,residualEnergyCapacityChanged,
EnergyEfficient-0-20260924-21:41:21-1662,attr,Ieee802154Showcase.sensor3.energyStorage,residualEnergyCapacity:last,title,"Residual energy capacity, last",
EnergyEfficient-0-20260924-21:41:21-1662,attr,Ieee802154Showcase.sensor3.energyStorage,residualEnergyCapacity:last,unit,J,
EnergyEfficient-0-20260924-21:41:21-1662,scalar,Ieee802154Showcase.sensor4.energyStorage,residualEnergyCapacity:last,,,-0.075658896269632
EnergyEfficient-0-20260924-21:41:21-1662,attr,Ieee802154Showcase.sensor4.energyStorage,residualEnergyCapacity:last,interpolationmode,linear,
EnergyEfficient-0-20260924-21:41:21-1662,attr,Ieee802154Showcase.sensor4.energyStorage,residualEnergyCapacity:last,recordingmode,last,
EnergyEfficient-0-20260924-21:41:21-1662,attr,Ieee802154Showcase.sensor4.energyStorage,residualEnergyCapacity:last,source,residualEnergyCapacityChanged,
EnergyEfficient-0-20260924-21:41:21-1662,attr,Ieee802154Showcase.sensor4.energyStorage,residualEnergyCapacity:last,title,"Residual energy capacity, last",
EnergyEfficient-0-20260924-21:41:21-1662,attr,Ieee802154Showcase.sensor4.energyStorage,residualEnergyCapacity:last,unit,J,
EnergyEfficient-0-20260924-21:41:21-1662,scalar,Ieee802154Showcase.sensor5.energyStorage,residualEnergyCapacity:last,,,-0.075686553632551
EnergyEfficient-0-20260924-21:41:21-1662,attr,Ieee802154Showcase.sensor5.energyStorage,residualEnergyCapacity:last,interpolationmode,linear,
EnergyEfficient-0-20260924-21:41:21-1662,attr,Ieee802154Showcase.sensor5.energyStorage,residualEnergyCapacity:last,recordingmode,last,
EnergyEfficient-0-20260924-21:41:21-1662,attr,Ieee802154Showcase.sensor5.energyStorage,residualEnergyCapacity:last,source,residualEnergyCapacityChanged,
EnergyEfficient-0-20260924-21:41:21-1662,attr,Ieee802154Showcase.sensor5.energyStorage,residualEnergyCapacity:last,title,"Residual energy capacity, last",
EnergyEfficient-0-20260924-21:41:21-1662,attr,Ieee802154Showcase.sensor5.energyStorage,residualEnergyCapacity:last,unit,J,
EnergyEfficient-1-20260924-21:41:22-1662,scalar,Ieee802154Showcase.sensor1.energyStorage,residualEnergyCapacity:last,,,-0.073704526855787
EnergyEfficient-1-20260924-21:41:22-1662,attr,Ieee802154Showcase.sensor1.energyStorage,residualEnergyCapacity:last,interpolationmode,linear,
EnergyEfficient-1-20260924-21:41:22-1662,attr,Ieee802154Showcase.sensor1.energyStorage,residualEnergyCapacity:last,recordingmode,last,
EnergyEfficient-1-20260924-21:41:22-1662,attr,Ieee802154Showcase.sensor1.energyStorage,residualEnergyCapacity:last,source,residualEnergyCapacityChanged,
EnergyEfficient-1-20260924-21:41:22-1662,attr,Ieee802154Showcase.sensor1.energyStorage,residualEnergyCapacity:last,title,"Residual energy capacity, last",
EnergyEfficient-1-20260924-21:41:22-1662,attr,Ieee802154Showcase.sensor1.energyStorage,residualEnergyCapacity:last,unit,J,
EnergyEfficient-1-20260924-21:41:22-1662,scalar,Ieee802154Showcase.sensor2.energyStorage,residualEnergyCapacity:last,,,-0.073420627535625
EnergyEfficient-1-20260924-21:41:22-1662,attr,Ieee802154Showcase.sensor2.energyStorage,residualEnergyCapacity:last,interpolationmode,linear,
EnergyEfficient-1-20260924-21:41:22-1662,attr,Ieee802154Showcase.sensor2.energyStorage,residualEnergyCapacity:last,recordingmode,last,
EnergyEfficient-1-20260924-21:41:22-1662,attr,Ieee802154Showcase.sensor2.energyStorage,residualEnergyCapacity:last,source,residualEnergyCapacityChanged,
EnergyEfficient-1-20260924-21:41:22-1662,attr,Ieee802154Showcase.sensor2.energyStorage,residualEnergyCapacity:last,title,"Residual energy capacity, last",
EnergyEfficient-1-20260924-21:41:22-1662,attr,Ieee802154Showcase.sensor2.energyStorage,residualEnergyCapacity:last,unit,J,
EnergyEfficient-1-20260924-21:41:22-1662,scalar,Ieee802154Showcase.sensor3.energyStorage,residualEnergyCapacity:last,,,-0.073716650967057
EnergyEfficient-1-20260924-21:41:22-1662,attr,Ieee802154Showcase.sensor3.energyStorage,residualEnergyCapacity:last,interpolationmode,linear,
EnergyEfficient-1-20260924-21:41:22-1662,attr,Ieee802154Showcase.sensor3.energyStorage,residualEnergyCapacity:last,recordingmode,last,
EnergyEfficient-1-20260924-21:41:22-1662,attr,Ieee802154Showcase.sensor3.energyStorage,residualEnergyCapacity:last,source,residualEnergyCapacityChanged,
EnergyEfficient-1-20260924-21:41:22-1662,attr,Ieee802154Showcase.sensor3.energyStorage,residualEnergyCapacity:last,title,"Residual energy capacity, last",
EnergyEfficient-1-20260924-21:41:22-1662,attr,Ieee802154Showcase.sensor3.energyStorage,residualEnergyCapacity:last,unit,J,
EnergyEfficient-1-20260924-21:41:22-1662,scalar,Ieee802154Showcase.sensor4.energyStorage,residualEnergyCapacity:last,,,-0.074208363432456
EnergyEfficient-1-20260924-21:41:22-1662,attr,Ieee802154Showcase.sensor4.energyStorage,residualEnergyCapacity:last,interpolationmode,linear,
EnergyEfficient-1-20260924-21:41:22-1662,attr,Ieee802154Showcase.sensor4.energyStorage,residualEnergyCapacity:last,recordingmode,last,
EnergyEfficient-1-20260924-21:41:22-1662,attr,Ieee802154Showcase.sensor4.energyStorage,residualEnergyCapacity:last,source,residualEnergyCapacityChanged,
EnergyEfficient-1-20260924-21:41:22-1662,attr,Ieee802154Showcase.sensor4.energyStorage,residualEnergyCapacity:last,title,"Residual energy capacity, last",
EnergyEfficient-1-20260924-21:41:22-1662,attr,Ieee802154Showcase.sensor4.energyStorage,residualEnergyCapacity:last,unit,J,
EnergyEfficient-1-20260924-21:41:22-1662,scalar,Ieee802154Showcase.sensor5.energyStorage,residualEnergyCapacity:last,,,-0.072920068239625
EnergyEfficient-1-20260924-21:41:22-1662,attr,Ieee802154Showcase.sensor5.energyStorage,residualEnergyCapacity:last,interpolationmode,linear,
EnergyEfficient-1-20260924-21:41:22-1662,attr,Ieee802154Showcase.sensor5.energyStorage,residualEnergyCapacity:last,recordingmode,last,
EnergyEfficient-1-20260924-21:41:22-1662,attr,Ieee802154Showcase.sensor5.energyStorage,residualEnergyCapacity:last,source,residualEnergyCapacityChanged,
EnergyEfficient-1-20260924-21:41:22-1662,attr,Ieee802154Showcase.sensor5.energyStorage,residualEnergyCapacity:last,title,"Residual energy capacity, last",
EnergyEfficient-1-20260924-21:41:22-1662,attr,Ieee802154Showcase.sensor5.energyStorage,residualEnergyCapacity:last,unit,J,
EnergyEfficient-2-20260924-21:41:22-1662,scalar,Ieee802154Showcase.sensor1.energyStorage,residualEnergyCapacity:last,,,-0.075840530691704
EnergyEfficient-2-20260924-21:41:22-1662,attr,Ieee802154Showcase.sensor1.energyStorage,residualEnergyCapacity:last,interpolationmode,linear,
EnergyEfficient-2-20260924-21:41:22-1662,attr,Ieee802154Showcase.sensor1.energyStorage,residualEnergyCapacity:last,recordingmode,last,
EnergyEfficient-2-20260924-21:41:22-1662,attr,Ieee802154Showcase.sensor1.energyStorage,residualEnergyCapacity:last,source,residualEnergyCapacityChanged,
EnergyEfficient-2-20260924-21:41:22-1662,attr,Ieee802154Showcase.sensor1.energyStorage,residualEnergyCapacity:last,title,"Residual energy capacity, last",
EnergyEfficient-2-20260924-21:41:22-1662,attr,Ieee802154Showcase.sensor1.energyStorage,residualEnergyCapacity:last,unit,J,
EnergyEfficient-2-20260924-21:41:22-1662,scalar,Ieee802154Showcase.sensor2.energyStorage,residualEnergyCapacity:last,,,-0.075398858801995
EnergyEfficient-2-20260924-21:41:22-1662,attr,Ieee802154Showcase.sensor2.energyStorage,residualEnergyCapacity:last,interpolationmode,linear,
EnergyEfficient-2-20260924-21:41:22-1662,attr,Ieee802154Showcase.sensor2.energyStorage,residualEnergyCapacity:last,recordingmode,last,
EnergyEfficient-2-20260924-21:41:22-1662,attr,Ieee802154Showcase.sensor2.energyStorage,residualEnergyCapacity:last,source,residualEnergyCapacityChanged,
EnergyEfficient-2-20260924-21:41:22-1662,attr,Ieee802154Showcase.sensor2.energyStorage,residualEnergyCapacity:last,title,"Residual energy capacity, last",
EnergyEfficient-2-20260924-21:41:22-1662,attr,Ieee802154Showcase.sensor2.energyStorage,residualEnergyCapacity:last,unit,J,
EnergyEfficient-2-20260924-21:41:22-1662,scalar,Ieee802154Showcase.sensor3.energyStorage,residualEnergyCapacity:last,,,-0.075742187568144
EnergyEfficient-2-20260924-21:41:22-1662,attr,Ieee802154Showcase.sensor3.energyStorage,residualEnergyCapacity:last,interpolationmode,linear,
EnergyEfficient-2-20260924-21:41:22-1662,attr,Ieee802154Showcase.sensor3.energyStorage,residualEnergyCapacity:last,recordingmode,last,
EnergyEfficient-2-20260924-21:41:22-1662,attr,Ieee802154Showcase.sensor3.energyStorage,residualEnergyCapacity:last,source,residualEnergyCapacityChanged,
EnergyEfficient-2-20260924-21:41:22-1662,attr,Ieee802154Showcase.sensor3.energyStorage,residualEnergyCapacity:last,title,"Residual energy capacity, last",
EnergyEfficient-2-20260924-21:41:22-1662,attr,Ieee802154Showcase.sensor3.energyStorage,residualEnergyCapacity:last,unit,J,
EnergyEfficient-2-20260924-21:41:22-1662,scalar,Ieee802154Showcase.sensor4.energyStorage,residualEnergyCapacity:last,,,-0.075840475511029
EnergyEfficient-2-20260924-21:41:22-1662,attr,Ieee802154Showcase.sensor4.energyStorage,residualEnergyCapacity:last,interpolationmode,linear,
EnergyEfficient-2-20260924-21:41:22-1662,attr,Ieee802154Showcase.sensor4.energyStorage,residualEnergyCapacity:last,recordingmode,last,
EnergyEfficient-2-20260924-21:41:22-1662,attr,Ieee802154Showcase.sensor4.energyStorage,residualEnergyCapacity:last,source,residualEnergyCapacityChanged,
EnergyEfficient-2-20260924-21:41:22-1662,attr,Ieee802154Showcase.sensor4.energyStorage,residualEnergyCapacity:last,title,"Residual energy capacity, last",
EnergyEfficient-2-20260924-21:41:22-1662,attr,Ieee802154Showcase.sensor4.energyStorage,residualEnergyCapacity:last,unit,J,
EnergyEfficient-2-20260924-21:41:22-1662,scalar,Ieee802154Showcase.sensor5.energyStorage,residualEnergyCapacity:last,,,-0.075166468714216
EnergyEfficient-2-20260924-21:41:22-1662,attr,Ieee802154Showcase.sensor5.energyStorage,residualEnergyCapacity:last,interpolationmode,linear,
EnergyEfficient-2-20260924-21:41:22-1662,attr,Ieee802154Showcase.sensor5.energyStorage,residualEnergyCapacity:last,recordingmode,last,
EnergyEfficient-2-20260924-21:41:22-1662,attr,Ieee802154Showcase.sensor5.energyStorage,residualEnergyCapacity:last,source,residualEnergyCapacityChanged,
EnergyEfficient-2-20260924-21:41:22-1662,attr,Ieee802154Showcase.sensor5.energyStorage,residualEnergyCapacity:last,title,"Residual energy capacity, last",
EnergyEfficient-2-20260924-21:41:22-1662,attr,Ieee802154Showcase.sensor5.energyStorage,residualEnergyCapacity:last,unit,J,
EnergyEfficient-3-20260924-21:41:23-1662,scalar,Ieee802154Showcase.sensor1.energyStorage,residualEnergyCapacity:last,,,-0.075615984708072
EnergyEfficient-3-20260924-21:41:23-1662,attr,Ieee802154Showcase.sensor1.energyStorage,residualEnergyCapacity:last,interpolationmode,linear,
EnergyEfficient-3-20260924-21:41:23-1662,attr,Ieee802154Showcase.sensor1.energyStorage,residualEnergyCapacity:last,recordingmode,last,
EnergyEfficient-3-20260924-21:41:23-1662,attr,Ieee802154Showcase.sensor1.energyStorage,residualEnergyCapacity:last,source,residualEnergyCapacityChanged,
EnergyEfficient-3-20260924-21:41:23-1662,attr,Ieee802154Showcase.sensor1.energyStorage,residualEnergyCapacity:last,title,"Residual energy capacity, last",
EnergyEfficient-3-20260924-21:41:23-1662,attr,Ieee802154Showcase.sensor1.energyStorage,residualEnergyCapacity:last,unit,J,
EnergyEfficient-3-20260924-21:41:23-1662,scalar,Ieee802154Showcase.sensor2.energyStorage,residualEnergyCapacity:last,,,-0.073898568305788
EnergyEfficient-3-20260924-21:41:23-1662,attr,Ieee802154Showcase.sensor2.energyStorage,residualEnergyCapacity:last,interpolationmode,linear,
EnergyEfficient-3-20260924-21:41:23-1662,attr,Ieee802154Showcase.sensor2.energyStorage,residualEnergyCapacity:last,recordingmode,last,
EnergyEfficient-3-20260924-21:41:23-1662,attr,Ieee802154Showcase.sensor2.energyStorage,residualEnergyCapacity:last,source,residualEnergyCapacityChanged,
EnergyEfficient-3-20260924-21:41:23-1662,attr,Ieee802154Showcase.sensor2.energyStorage,residualEnergyCapacity:last,title,"Residual energy capacity, last",
EnergyEfficient-3-20260924-21:41:23-1662,attr,Ieee802154Showcase.sensor2.energyStorage,residualEnergyCapacity:last,unit,J,
EnergyEfficient-3-20260924-21:41:23-1662,scalar,Ieee802154Showcase.sensor3.energyStorage,residualEnergyCapacity:last,,,-0.073417562223235
EnergyEfficient-3-20260924-21:41:23-1662,attr,Ieee802154Showcase.sensor3.energyStorage,residualEnergyCapacity:last,interpolationmode,linear,
EnergyEfficient-3-20260924-21:41:23-1662,attr,Ieee802154Showcase.sensor3.energyStorage,residualEnergyCapacity:last,recordingmode,last,
EnergyEfficient-3-20260924-21:41:23-1662,attr,Ieee802154Showcase.sensor3.energyStorage,residualEnergyCapacity:last,source,residualEnergyCapacityChanged,
EnergyEfficient-3-20260924-21:41:23-1662,attr,Ieee802154Showcase.sensor3.energyStorage,residualEnergyCapacity:last,title,"Residual energy capacity, last",
EnergyEfficient-3-20260924-21:41:23-1662,attr,Ieee802154Showcase.sensor3.energyStorage,residualEnergyCapacity:last,unit,J,
EnergyEfficient-3-20260924-21:41:23-1662,scalar,Ieee802154Showcase.sensor4.energyStorage,residualEnergyCapacity:last,,,-0.074229872246846
EnergyEfficient-3-20260924-21:41:23-1662,attr,Ieee802154Showcase.sensor4.energyStorage,residualEnergyCapacity:last,interpolationmode,linear,
EnergyEfficient-3-20260924-21:41:23-1662,attr,Ieee802154Showcase.sensor4.energyStorage,residualEnergyCapacity:last,recordingmode,last,
EnergyEfficient-3-20260924-21:41:23-1662,attr,Ieee802154Showcase.sensor4.energyStorage,residualEnergyCapacity:last,source,residualEnergyCapacityChanged,
EnergyEfficient-3-20260924-21:41:23-1662,attr,Ieee802154Showcase.sensor4.energyStorage,residualEnergyCapacity:last,title,"Residual energy capacity, last",
EnergyEfficient-3-20260924-21:41:23-1662,attr,Ieee802154Showcase.sensor4.energyStorage,residualEnergyCapacity:last,unit,J,
EnergyEfficient-3-20260924-21:41:23-1662,scalar,Ieee802154Showcase.sensor5.energyStorage,residualEnergyCapacity:last,,,-0.073173070242139
EnergyEfficient-3-20260924-21:41:23-1662,attr,Ieee802154Showcase.sensor5.energyStorage,residualEnergyCapacity:last,interpolationmode,linear,
EnergyEfficient-3-20260924-21:41:23-1662,attr,Ieee802154Showcase.sensor5.energyStorage,residualEnergyCapacity:last,recordingmode,last,
EnergyEfficient-3-20260924-21:41:23-1662,attr,Ieee802154Showcase.sensor5.energyStorage,residualEnergyCapacity:last,source,residualEnergyCapacityChanged,
EnergyEfficient-3-20260924-21:41:23-1662,attr,Ieee802154Showcase.sensor5.energyStorage,residualEnergyCapacity:last,title,"Residual energy capacity, last",
EnergyEfficient-3-20260924-21:41:23-1662,attr,Ieee802154Showcase.sensor5.energyStorage,residualEnergyCapacity:last,unit,J,
EnergyEfficient-4-20260924-21:41:23-1662,scalar,Ieee802154Showcase.sensor1.energyStorage,residualEnergyCapacity:last,,,-0.075280096205341
EnergyEfficient-4-20260924-21:41:23-1662,attr,Ieee802154Showcase.sensor1.energyStorage,residualEnergyCapacity:last,interpolationmode,linear,
EnergyEfficient-4-20260924-21:41:23-1662,attr,Ieee802154Showcase.sensor1.energyStorage,residualEnergyCapacity:last,recordingmode,last,
EnergyEfficient-4-20260924-21:41:23-1662,attr,Ieee802154Showcase.sensor1.energyStorage,residualEnergyCapacity:last,source,residualEnergyCapacityChanged,
EnergyEfficient-4-20260924-21:41:23-1662,attr,Ieee802154Showcase.sensor1.energyStorage,residualEnergyCapacity:last,title,"Residual energy capacity, last",
EnergyEfficient-4-20260924-21:41:23-1662,attr,Ieee802154Showcase.sensor1.energyStorage,residualEnergyCapacity:last,unit,J,
EnergyEfficient-4-20260924-21:41:23-1662,scalar,Ieee802154Showcase.sensor2.energyStorage,residualEnergyCapacity:last,,,-0.074921162563384
EnergyEfficient-4-20260924-21:41:23-1662,attr,Ieee802154Showcase.sensor2.energyStorage,residualEnergyCapacity:last,interpolationmode,linear,
EnergyEfficient-4-20260924-21:41:23-1662,attr,Ieee802154Showcase.sensor2.energyStorage,residualEnergyCapacity:last,recordingmode,last,
EnergyEfficient-4-20260924-21:41:23-1662,attr,Ieee802154Showcase.sensor2.energyStorage,residualEnergyCapacity:last,source,residualEnergyCapacityChanged,
EnergyEfficient-4-20260924-21:41:23-1662,attr,Ieee802154Showcase.sensor2.energyStorage,residualEnergyCapacity:last,title,"Residual energy capacity, last",
EnergyEfficient-4-20260924-21:41:23-1662,attr,Ieee802154Showcase.sensor2.energyStorage,residualEnergyCapacity:last,unit,J,
EnergyEfficient-4-20260924-21:41:23-1662,scalar,Ieee802154Showcase.sensor3.energyStorage,residualEnergyCapacity:last,,,-0.074274823468942
EnergyEfficient-4-20260924-21:41:23-1662,attr,Ieee802154Showcase.sensor3.energyStorage,residualEnergyCapacity:last,interpolationmode,linear,
EnergyEfficient-4-20260924-21:41:23-1662,attr,Ieee802154Showcase.sensor3.energyStorage,residualEnergyCapacity:last,recordingmode,last,
EnergyEfficient-4-20260924-21:41:23-1662,attr,Ieee802154Showcase.sensor3.energyStorage,residualEnergyCapacity:last,source,residualEnergyCapacityChanged,
EnergyEfficient-4-20260924-21:41:23-1662,attr,Ieee802154Showcase.sensor3.energyStorage,residualEnergyCapacity:last,title,"Residual energy capacity, last",
EnergyEfficient-4-20260924-21:41:23-1662,attr,Ieee802154Showcase.sensor3.energyStorage,residualEnergyCapacity:last,unit,J,
EnergyEfficient-4-20260924-21:41:23-1662,scalar,Ieee802154Showcase.sensor4.energyStorage,residualEnergyCapacity:last,,,-0.075453654503593
EnergyEfficient-4-20260924-21:41:23-1662,attr,Ieee802154Showcase.sensor4.energyStorage,residualEnergyCapacity:last,interpolationmode,linear,
EnergyEfficient-4-20260924-21:41:23-1662,attr,Ieee802154Showcase.sensor4.energyStorage,residualEnergyCapacity:last,recordingmode,last,
EnergyEfficient-4-20260924-21:41:23-1662,attr,Ieee802154Showcase.sensor4.energyStorage,residualEnergyCapacity:last,source,residualEnergyCapacityChanged,
EnergyEfficient-4-20260924-21:41:23-1662,attr,Ieee802154Showcase.sensor4.energyStorage,residualEnergyCapacity:last,title,"Residual energy capacity, last",
EnergyEfficient-4-20260924-21:41:23-1662,attr,Ieee802154Showcase.sensor4.energyStorage,residualEnergyCapacity:last,unit,J,
EnergyEfficient-4-20260924-21:41:23-1662,scalar,Ieee802154Showcase.sensor5.energyStorage,residualEnergyCapacity:last,,,-0.075063340949955
EnergyEfficient-4-20260924-21:41:23-1662,attr,Ieee802154Showcase.sensor5.energyStorage,residualEnergyCapacity:last,interpolationmode,linear,
EnergyEfficient-4-20260924-21:41:23-1662,attr,Ieee802154Showcase.sensor5.energyStorage,residualEnergyCapacity:last,recordingmode,last,
EnergyEfficient-4-20260924-21:41:23-1662,attr,Ieee802154Showcase.sensor5.energyStorage,residualEnergyCapacity:last,source,residualEnergyCapacityChanged,
EnergyEfficient-4-20260924-21:41:23-1662,attr,Ieee802154Showcase.sensor5.energyStorage,residualEnergyCapacity:last,title,"Residual energy capacity, last",
EnergyEfficient-4-20260924-21:41:23-1662,attr,Ieee802154Showcase.sensor5.energyStorage,residualEnergyCapacity:last,unit,J,
EnergyEfficient-5-20260924-21:41:24-1662,scalar,Ieee802154Showcase.sensor1.energyStorage,residualEnergyCapacity:last,,,-0.073955513971369
EnergyEfficient-5-20260924-21:41:24-1662,attr,Ieee802154Showcase.sensor1.energyStorage,residualEnergyCapacity:last,interpolationmode,linear,
EnergyEfficient-5-20260924-21:41:24-1662,attr,Ieee802154Showcase.sensor1.energyStorage,residualEnergyCapacity:last,recordingmode,last,
EnergyEfficient-5-20260924-21:41:24-1662,attr,Ieee802154Showcase.sensor1.energyStorage,residualEnergyCapacity:last,source,residualEnergyCapacityChanged,
EnergyEfficient-5-20260924-21:41:24-1662,attr,Ieee802154Showcase.sensor1.energyStorage,residualEnergyCapacity:last,title,"Residual energy capacity, last",
EnergyEfficient-5-20260924-21:41:24-1662,attr,Ieee802154Showcase.sensor1.energyStorage,residualEnergyCapacity:last,unit,J,
EnergyEfficient-5-20260924-21:41:24-1662,scalar,Ieee802154Showcase.sensor2.energyStorage,residualEnergyCapacity:last,,,-0.073730604669922
EnergyEfficient-5-20260924-21:41:24-1662,attr,Ieee802154Showcase.sensor2.energyStorage,residualEnergyCapacity:last,interpolationmode,linear,
EnergyEfficient-5-20260924-21:41:24-1662,attr,Ieee802154Showcase.sensor2.energyStorage,residualEnergyCapacity:last,recordingmode,last,
EnergyEfficient-5-20260924-21:41:24-1662,attr,Ieee802154Showcase.sensor2.energyStorage,residualEnergyCapacity:last,source,residualEnergyCapacityChanged,
EnergyEfficient-5-20260924-21:41:24-1662,attr,Ieee802154Showcase.sensor2.energyStorage,residualEnergyCapacity:last,title,"Residual energy capacity, last",
EnergyEfficient-5-20260924-21:41:24-1662,attr,Ieee802154Showcase.sensor2.energyStorage,residualEnergyCapacity:last,unit,J,
EnergyEfficient-5-20260924-21:41:24-1662,scalar,Ieee802154Showcase.sensor3.energyStorage,residualEnergyCapacity:last,,,-0.074049602215436
EnergyEfficient-5-20260924-21:41:24-1662,attr,Ieee802154Showcase.sensor3.energyStorage,residualEnergyCapacity:last,interpolationmode,linear,
EnergyEfficient-5-20260924-21:41:24-1662,attr,Ieee802154Showcase.sensor3.energyStorage,residualEnergyCapacity:last,recordingmode,last,
EnergyEfficient-5-20260924-21:41:24-1662,attr,Ieee802154Showcase.sensor3.energyStorage,residualEnergyCapacity:last,source,residualEnergyCapacityChanged,
EnergyEfficient-5-20260924-21:41:24-1662,attr,Ieee802154Showcase.sensor3.energyStorage,residualEnergyCapacity:last,title,"Residual energy capacity, last",
EnergyEfficient-5-20260924-21:41:24-1662,attr,Ieee802154Showcase.sensor3.energyStorage,residualEnergyCapacity:last,unit,J,
EnergyEfficient-5-20260924-21:41:24-1662,scalar,Ieee802154Showcase.sensor4.energyStorage,residualEnergyCapacity:last,,,-0.075130243439143
EnergyEfficient-5-20260924-21:41:24-1662,attr,Ieee802154Showcase.sensor4.energyStorage,residualEnergyCapacity:last,interpolationmode,linear,
EnergyEfficient-5-20260924-21:41:24-1662,attr,Ieee802154Showcase.sensor4.energyStorage,residualEnergyCapacity:last,recordingmode,last,
EnergyEfficient-5-20260924-21:41:24-1662,attr,Ieee802154Showcase.sensor4.energyStorage,residualEnergyCapacity:last,source,residualEnergyCapacityChanged,
EnergyEfficient-5-20260924-21:41:24-1662,attr,Ieee802154Showcase.sensor4.energyStorage,residualEnergyCapacity:last,title,"Residual energy capacity, last",
EnergyEfficient-5-20260924-21:41:24-1662,attr,Ieee802154Showcase.sensor4.energyStorage,residualEnergyCapacity:last,unit,J,
EnergyEfficient-5-20260924-21:41:24-1662,scalar,Ieee802154Showcase.sensor5.energyStorage,residualEnergyCapacity:last,,,-0.074862575949503
EnergyEfficient-5-20260924-21:41:24-1662,attr,Ieee802154Showcase.sensor5.energyStorage,residualEnergyCapacity:last,interpolationmode,linear,
EnergyEfficient-5-20260924-21:41:24-1662,attr,Ieee802154Showcase.sensor5.energyStorage,residualEnergyCapacity:last,recordingmode,last,
EnergyEfficient-5-20260924-21:41:24-1662,attr,Ieee802154Showcase.sensor5.energyStorage,residualEnergyCapacity:last,source,residualEnergyCapacityChanged,
EnergyEfficient-5-20260924-21:41:24-1662,attr,Ieee802154Showcase.sensor5.energyStorage,residualEnergyCapacity:last,title,"Residual energy capacity, last",
EnergyEfficient-5-20260924-21:41:24-1662,attr,Ieee802154Showcase.sensor5.energyStorage,residualEnergyCapacity:last,unit,J,
EnergyEfficient-6-20260924-21:41:24-1662,scalar,Ieee802154Showcase.sensor1.energyStorage,residualEnergyCapacity:last,,,-0.075139023114058
EnergyEfficient-6-20260924-21:41:24-1662,attr,Ieee802154Showcase.sensor1.energyStorage,residualEnergyCapacity:last,interpolationmode,linear,
EnergyEfficient-6-20260924-21:41:24-1662,attr,Ieee802154Showcase.sensor1.energyStorage,residualEnergyCapacity:last,recordingmode,last,
EnergyEfficient-6-20260924-21:41:24-1662,attr,Ieee802154Showcase.sensor1.energyStorage,residualEnergyCapacity:last,source,residualEnergyCapacityChanged,
EnergyEfficient-6-20260924-21:41:24-1662,attr,Ieee802154Showcase.sensor1.energyStorage,residualEnergyCapacity:last,title,"Residual energy capacity, last",
EnergyEfficient-6-20260924-21:41:24-1662,attr,Ieee802154Showcase.sensor1.energyStorage,residualEnergyCapacity:last,unit,J,
EnergyEfficient-6-20260924-21:41:24-1662,scalar,Ieee802154Showcase.sensor2.energyStorage,residualEnergyCapacity:last,,,-0.074918253200646
EnergyEfficient-6-20260924-21:41:24-1662,attr,Ieee802154Showcase.sensor2.energyStorage,residualEnergyCapacity:last,interpolationmode,linear,
EnergyEfficient-6-20260924-21:41:24-1662,attr,Ieee802154Showcase.sensor2.energyStorage,residualEnergyCapacity:last,recordingmode,last,
EnergyEfficient-6-20260924-21:41:24-1662,attr,Ieee802154Showcase.sensor2.energyStorage,residualEnergyCapacity:last,source,residualEnergyCapacityChanged,
EnergyEfficient-6-20260924-21:41:24-1662,attr,Ieee802154Showcase.sensor2.energyStorage,residualEnergyCapacity:last,title,"Residual energy capacity, last",
EnergyEfficient-6-20260924-21:41:24-1662,attr,Ieee802154Showcase.sensor2.energyStorage,residualEnergyCapacity:last,unit,J,
EnergyEfficient-6-20260924-21:41:24-1662,scalar,Ieee802154Showcase.sensor3.energyStorage,residualEnergyCapacity:last,,,-0.074658039408507
EnergyEfficient-6-20260924-21:41:24-1662,attr,Ieee802154Showcase.sensor3.energyStorage,residualEnergyCapacity:last,interpolationmode,linear,
EnergyEfficient-6-20260924-21:41:24-1662,attr,Ieee802154Showcase.sensor3.energyStorage,residualEnergyCapacity:last,recordingmode,last,
EnergyEfficient-6-20260924-21:41:24-1662,attr,Ieee802154Showcase.sensor3.energyStorage,residualEnergyCapacity:last,source,residualEnergyCapacityChanged,
EnergyEfficient-6-20260924-21:41:24-1662,attr,Ieee802154Showcase.sensor3.energyStorage,residualEnergyCapacity:last,title,"Residual energy capacity, last",
EnergyEfficient-6-20260924-21:41:24-1662,attr,Ieee802154Showcase.sensor3.energyStorage,residualEnergyCapacity:last,unit,J,
EnergyEfficient-6-20260924-21:41:24-1662,scalar,Ieee802154Showcase.sensor4.energyStorage,residualEnergyCapacity:last,,,-0.076037981042737
EnergyEfficient-6-20260924-21:41:24-1662,attr,Ieee802154Showcase.sensor4.energyStorage,residualEnergyCapacity:last,interpolationmode,linear,
EnergyEfficient-6-20260924-21:41:24-1662,attr,Ieee802154Showcase.sensor4.energyStorage,residualEnergyCapacity:last,recordingmode,last,
EnergyEfficient-6-20260924-21:41:24-1662,attr,Ieee802154Showcase.sensor4.energyStorage,residualEnergyCapacity:last,source,residualEnergyCapacityChanged,
EnergyEfficient-6-20260924-21:41:24-1662,attr,Ieee802154Showcase.sensor4.energyStorage,residualEnergyCapacity:last,title,"Residual energy capacity, last",
EnergyEfficient-6-20260924-21:41:24-1662,attr,Ieee802154Showcase.sensor4.energyStorage,residualEnergyCapacity:last,unit,J,
EnergyEfficient-6-20260924-21:41:24-1662,scalar,Ieee802154Showcase.sensor5.energyStorage,residualEnergyCapacity:last,,,-0.074216369225784
EnergyEfficient-6-20260924-21:41:24-1662,attr,Ieee802154Showcase.sensor5.energyStorage,residualEnergyCapacity:last,interpolationmode,linear,
EnergyEfficient-6-20260924-21:41:24-1662,attr,Ieee802154Showcase.sensor5.energyStorage,residualEnergyCapacity:last,recordingmode,last,
EnergyEfficient-6-20260924-21:41:24-1662,attr,Ieee802154Showcase.sensor5.energyStorage,residualEnergyCapacity:last,source,residualEnergyCapacityChanged,
EnergyEfficient-6-20260924-21:41:24-1662,attr,Ieee802154Showcase.sensor5.energyStorage,residualEnergyCapacity:last,title,"Residual energy capacity, last",
EnergyEfficient-6-20260924-21:41:24-1662,attr,Ieee802154Showcase.sensor5.energyStorage,residualEnergyCapacity:last,unit,J,
EnergyEfficient-7-20260924-21:41:25-1662,scalar,Ieee802154Showcase.sensor1.energyStorage,residualEnergyCapacity:last,,,-0.075150713038527
EnergyEfficient-7-20260924-21:41:25-1662,attr,Ieee802154Showcase.sensor1.energyStorage,residualEnergyCapacity:last,interpolationmode,linear,
EnergyEfficient-7-20260924-21:41:25-1662,attr,Ieee802154Showcase.sensor1.energyStorage,residualEnergyCapacity:last,recordingmode,last,
EnergyEfficient-7-20260924-21:41:25-1662,attr,Ieee802154Showcase.sensor1.energyStorage,residualEnergyCapacity:last,source,residualEnergyCapacityChanged,
EnergyEfficient-7-20260924-21:41:25-1662,attr,Ieee802154Showcase.sensor1.energyStorage,residualEnergyCapacity:last,title,"Residual energy capacity, last",
EnergyEfficient-7-20260924-21:41:25-1662,attr,Ieee802154Showcase.sensor1.energyStorage,residualEnergyCapacity:last,unit,J,
EnergyEfficient-7-20260924-21:41:25-1662,scalar,Ieee802154Showcase.sensor2.energyStorage,residualEnergyCapacity:last,,,-0.074078371043869
EnergyEfficient-7-20260924-21:41:25-1662,attr,Ieee802154Showcase.sensor2.energyStorage,residualEnergyCapacity:last,interpolationmode,linear,
EnergyEfficient-7-20260924-21:41:25-1662,attr,Ieee802154Showcase.sensor2.energyStorage,residualEnergyCapacity:last,recordingmode,last,
EnergyEfficient-7-20260924-21:41:25-1662,attr,Ieee802154Showcase.sensor2.energyStorage,residualEnergyCapacity:last,source,residualEnergyCapacityChanged,
EnergyEfficient-7-20260924-21:41:25-1662,attr,Ieee802154Showcase.sensor2.energyStorage,residualEnergyCapacity:last,title,"Residual energy capacity, last",
EnergyEfficient-7-20260924-21:41:25-1662,attr,Ieee802154Showcase.sensor2.energyStorage,residualEnergyCapacity:last,unit,J,
EnergyEfficient-7-20260924-21:41:25-1662,scalar,Ieee802154Showcase.sensor3.energyStorage,residualEnergyCapacity:last,,,-0.073514762848942
EnergyEfficient-7-20260924-21:41:25-1662,attr,Ieee802154Showcase.sensor3.energyStorage,residualEnergyCapacity:last,interpolationmode,linear,
EnergyEfficient-7-20260924-21:41:25-1662,attr,Ieee802154Showcase.sensor3.energyStorage,residualEnergyCapacity:last,recordingmode,last,
EnergyEfficient-7-20260924-21:41:25-1662,attr,Ieee802154Showcase.sensor3.energyStorage,residualEnergyCapacity:last,source,residualEnergyCapacityChanged,
EnergyEfficient-7-20260924-21:41:25-1662,attr,Ieee802154Showcase.sensor3.energyStorage,residualEnergyCapacity:last,title,"Residual energy capacity, last",
EnergyEfficient-7-20260924-21:41:25-1662,attr,Ieee802154Showcase.sensor3.energyStorage,residualEnergyCapacity:last,unit,J,
EnergyEfficient-7-20260924-21:41:25-1662,scalar,Ieee802154Showcase.sensor4.energyStorage,residualEnergyCapacity:last,,,-0.075154821826901
EnergyEfficient-7-20260924-21:41:25-1662,attr,Ieee802154Showcase.sensor4.energyStorage,residualEnergyCapacity:last,interpolationmode,linear,
EnergyEfficient-7-20260924-21:41:25-1662,attr,Ieee802154Showcase.sensor4.energyStorage,residualEnergyCapacity:last,recordingmode,last,
EnergyEfficient-7-20260924-21:41:25-1662,attr,Ieee802154Showcase.sensor4.energyStorage,residualEnergyCapacity:last,source,residualEnergyCapacityChanged,
EnergyEfficient-7-20260924-21:41:25-1662,attr,Ieee802154Showcase.sensor4.energyStorage,residualEnergyCapacity:last,title,"Residual energy capacity, last",
EnergyEfficient-7-20260924-21:41:25-1662,attr,Ieee802154Showcase.sensor4.energyStorage,residualEnergyCapacity:last,unit,J,
EnergyEfficient-7-20260924-21:41:25-1662,scalar,Ieee802154Showcase.sensor5.energyStorage,residualEnergyCapacity:last,,,-0.074106166663694
EnergyEfficient-7-20260924-21:41:25-1662,attr,Ieee802154Showcase.sensor5.energyStorage,residualEnergyCapacity:last,interpolationmode,linear,
EnergyEfficient-7-20260924-21:41:25-1662,attr,Ieee802154Showcase.sensor5.energyStorage,residualEnergyCapacity:last,recordingmode,last,
EnergyEfficient-7-20260924-21:41:25-1662,attr,Ieee802154Showcase.sensor5.energyStorage,residualEnergyCapacity:last,source,residualEnergyCapacityChanged,
EnergyEfficient-7-20260924-21:41:25-1662,attr,Ieee802154Showcase.sensor5.energyStorage,residualEnergyCapacity:last,title,"Residual energy capacity, last",
EnergyEfficient-7-20260924-21:41:25-1662,attr,Ieee802154Showcase.sensor5.energyStorage,residualEnergyCapacity:last,unit,J,
EnergyEfficient-8-20260924-21:41:26-1662,scalar,Ieee802154Showcase.sensor1.energyStorage,residualEnergyCapacity:last,,,-0.074286433167797
EnergyEfficient-8-20260924-21:41:26-1662,attr,Ieee802154Showcase.sensor1.energyStorage,residualEnergyCapacity:last,interpolationmode,linear,
EnergyEfficient-8-20260924-21:41:26-1662,attr,Ieee802154Showcase.sensor1.energyStorage,residualEnergyCapacity:last,recordingmode,last,
EnergyEfficient-8-20260924-21:41:26-1662,attr,Ieee802154Showcase.sensor1.energyStorage,residualEnergyCapacity:last,source,residualEnergyCapacityChanged,
EnergyEfficient-8-20260924-21:41:26-1662,attr,Ieee802154Showcase.sensor1.energyStorage,residualEnergyCapacity:last,title,"Residual energy capacity, last",
EnergyEfficient-8-20260924-21:41:26-1662,attr,Ieee802154Showcase.sensor1.energyStorage,residualEnergyCapacity:last,unit,J,
EnergyEfficient-8-20260924-21:41:26-1662,scalar,Ieee802154Showcase.sensor2.energyStorage,residualEnergyCapacity:last,,,-0.074132679259712
EnergyEfficient-8-20260924-21:41:26-1662,attr,Ieee802154Showcase.sensor2.energyStorage,residualEnergyCapacity:last,interpolationmode,linear,
EnergyEfficient-8-20260924-21:41:26-1662,attr,Ieee802154Showcase.sensor2.energyStorage,residualEnergyCapacity:last,recordingmode,last,
EnergyEfficient-8-20260924-21:41:26-1662,attr,Ieee802154Showcase.sensor2.energyStorage,residualEnergyCapacity:last,source,residualEnergyCapacityChanged,
EnergyEfficient-8-20260924-21:41:26-1662,attr,Ieee802154Showcase.sensor2.energyStorage,residualEnergyCapacity:last,title,"Residual energy capacity, last",
EnergyEfficient-8-20260924-21:41:26-1662,attr,Ieee802154Showcase.sensor2.energyStorage,residualEnergyCapacity:last,unit,J,
EnergyEfficient-8-20260924-21:41:26-1662,scalar,Ieee802154Showcase.sensor3.energyStorage,residualEnergyCapacity:last,,,-0.073770228554534
EnergyEfficient-8-20260924-21:41:26-1662,attr,Ieee802154Showcase.sensor3.energyStorage,residualEnergyCapacity:last,interpolationmode,linear,
EnergyEfficient-8-20260924-21:41:26-1662,attr,Ieee802154Showcase.sensor3.energyStorage,residualEnergyCapacity:last,recordingmode,last,
EnergyEfficient-8-20260924-21:41:26-1662,attr,Ieee802154Showcase.sensor3.energyStorage,residualEnergyCapacity:last,source,residualEnergyCapacityChanged,
EnergyEfficient-8-20260924-21:41:26-1662,attr,Ieee802154Showcase.sensor3.energyStorage,residualEnergyCapacity:last,title,"Residual energy capacity, last",
EnergyEfficient-8-20260924-21:41:26-1662,attr,Ieee802154Showcase.sensor3.energyStorage,residualEnergyCapacity:last,unit,J,
EnergyEfficient-8-20260924-21:41:26-1662,scalar,Ieee802154Showcase.sensor4.energyStorage,residualEnergyCapacity:last,,,-0.074617670582093
EnergyEfficient-8-20260924-21:41:26-1662,attr,Ieee802154Showcase.sensor4.energyStorage,residualEnergyCapacity:last,interpolationmode,linear,
EnergyEfficient-8-20260924-21:41:26-1662,attr,Ieee802154Showcase.sensor4.energyStorage,residualEnergyCapacity:last,recordingmode,last,
EnergyEfficient-8-20260924-21:41:26-1662,attr,Ieee802154Showcase.sensor4.energyStorage,residualEnergyCapacity:last,source,residualEnergyCapacityChanged,
EnergyEfficient-8-20260924-21:41:26-1662,attr,Ieee802154Showcase.sensor4.energyStorage,residualEnergyCapacity:last,title,"Residual energy capacity, last",
EnergyEfficient-8-20260924-21:41:26-1662,attr,Ieee802154Showcase.sensor4.energyStorage,residualEnergyCapacity:last,unit,J,
EnergyEfficient-8-20260924-21:41:26-1662,scalar,Ieee802154Showcase.sensor5.energyStorage,residualEnergyCapacity:last,,,-0.074049979457369
EnergyEfficient-8-20260924-21:41:26-1662,attr,Ieee802154Showcase.sensor5.energyStorage,residualEnergyCapacity:last,interpolationmode,linear,
EnergyEfficient-8-20260924-21:41:26-1662,attr,Ieee802154Showcase.sensor5.energyStorage,residualEnergyCapacity:last,recordingmode,last,
EnergyEfficient-8-20260924-21:41:26-1662,attr,Ieee802154Showcase.sensor5.energyStorage,residualEnergyCapacity:last,source,residualEnergyCapacityChanged,
EnergyEfficient-8-20260924-21:41:26-1662,attr,Ieee802154Showcase.sensor5.energyStorage,residualEnergyCapacity:last,title,"Residual energy capacity, last",
EnergyEfficient-8-20260924-21:41:26-1662,attr,Ieee802154Showcase.sensor5.energyStorage,residualEnergyCapacity:last,unit,J,
EnergyEfficient-9-20260924-21:41:27-1662,scalar,Ieee802154Showcase.sensor1.energyStorage,residualEnergyCapacity:last,,,-0.076418151569489
EnergyEfficient-9-20260924-21:41:27-1662,attr,Ieee802154Showcase.sensor1.energyStorage,residualEnergyCapacity:last,interpolationmode,linear,
EnergyEfficient-9-20260924-21:41:27-1662,attr,Ieee802154Showcase.sensor1.energyStorage,residualEnergyCapacity:last,recordingmode,last,
EnergyEfficient-9-20260924-21:41:27-1662,attr,Ieee802154Showcase.sensor1.energyStorage,residualEnergyCapacity:last,source,residualEnergyCapacityChanged,
EnergyEfficient-9-20260924-21:41:27-1662,attr,Ieee802154Showcase.sensor1.energyStorage,residualEnergyCapacity:last,title,"Residual energy capacity, last",
EnergyEfficient-9-20260924-21:41:27-1662,attr,Ieee802154Showcase.sensor1.energyStorage,residualEnergyCapacity:last,unit,J,
EnergyEfficient-9-20260924-21:41:27-1662,scalar,Ieee802154Showcase.sensor2.energyStorage,residualEnergyCapacity:last,,,-0.076324799712465
EnergyEfficient-9-20260924-21:41:27-1662,attr,Ieee802154Showcase.sensor2.energyStorage,residualEnergyCapacity:last,interpolationmode,linear,
EnergyEfficient-9-20260924-21:41:27-1662,attr,Ieee802154Showcase.sensor2.energyStorage,residualEnergyCapacity:last,recordingmode,last,
EnergyEfficient-9-20260924-21:41:27-1662,attr,Ieee802154Showcase.sensor2.energyStorage,residualEnergyCapacity:last,source,residualEnergyCapacityChanged,
EnergyEfficient-9-20260924-21:41:27-1662,attr,Ieee802154Showcase.sensor2.energyStorage,residualEnergyCapacity:last,title,"Residual energy capacity, last",
EnergyEfficient-9-20260924-21:41:27-1662,attr,Ieee802154Showcase.sensor2.energyStorage,residualEnergyCapacity:last,unit,J,
EnergyEfficient-9-20260924-21:41:27-1662,scalar,Ieee802154Showcase.sensor3.energyStorage,residualEnergyCapacity:last,,,-0.077220203395206
EnergyEfficient-9-20260924-21:41:27-1662,attr,Ieee802154Showcase.sensor3.energyStorage,residualEnergyCapacity:last,interpolationmode,linear,
EnergyEfficient-9-20260924-21:41:27-1662,attr,Ieee802154Showcase.sensor3.energyStorage,residualEnergyCapacity:last,recordingmode,last,
EnergyEfficient-9-20260924-21:41:27-1662,attr,Ieee802154Showcase.sensor3.energyStorage,residualEnergyCapacity:last,source,residualEnergyCapacityChanged,
EnergyEfficient-9-20260924-21:41:27-1662,attr,Ieee802154Showcase.sensor3.energyStorage,residualEnergyCapacity:last,title,"Residual energy capacity, last",
EnergyEfficient-9-20260924-21:41:27-1662,attr,Ieee802154Showcase.sensor3.energyStorage,residualEnergyCapacity:last,unit,J,
EnergyEfficient-9-20260924-21:41:27-1662,scalar,Ieee802154Showcase.sensor4.energyStorage,residualEnergyCapacity:last,,,-0.076403405723428
EnergyEfficient-9-20260924-21:41:27-1662,attr,Ieee802154Showcase.sensor4.energyStorage,residualEnergyCapacity:last,interpolationmode,linear,
EnergyEfficient-9-20260924-21:41:27-1662,attr,Ieee802154Showcase.sensor4.energyStorage,residualEnergyCapacity:last,recordingmode,last,
EnergyEfficient-9-20260924-21:41:27-1662,attr,Ieee802154Showcase.sensor4.energyStorage,residualEnergyCapacity:last,source,residualEnergyCapacityChanged,
EnergyEfficient-9-20260924-21:41:27-1662,attr,Ieee802154Showcase.sensor4.energyStorage,residualEnergyCapacity:last,title,"Residual energy capacity, last",
EnergyEfficient-9-20260924-21:41:27-1662,attr,Ieee802154Showcase.sensor4.energyStorage,residualEnergyCapacity:last,unit,J,
EnergyEfficient-9-20260924-21:41:27-1662,scalar,Ieee802154Showcase.sensor5.energyStorage,residualEnergyCapacity:last,,,-0.074940813537575
EnergyEfficient-9-20260924-21:41:27-1662,attr,Ieee802154Showcase.sensor5.energyStorage,residualEnergyCapacity:last,interpolationmode,linear,
EnergyEfficient-9-20260924-21:41:27-1662,attr,Ieee802154Showcase.sensor5.energyStorage,residualEnergyCapacity:last,recordingmode,last,
EnergyEfficient-9-20260924-21:41:27-1662,attr,Ieee802154Showcase.sensor5.energyStorage,residualEnergyCapacity:last,source,residualEnergyCapacityChanged,
EnergyEfficient-9-20260924-21:41:27-1662,attr,Ieee802154Showcase.sensor5.energyStorage,residualEnergyCapacity:last,title,"Residual energy capacity, last",
EnergyEfficient-9-20260924-21:41:27-1662,attr,Ieee802154Showcase.sensor5.energyStorage,residualEnergyCapacity:last,unit,J,
